timeindex,heat-pump
2012-01-01T00:00:00Z,3.7415616225580965
2012-01-01T01:00:00Z,3.7133878809439076
2012-01-01T02:00:00Z,3.713057655254185
2012-01-01T03:00:00Z,3.7308631679275615
2012-01-01T04:00:00Z,3.7468218120905763
2012-01-01T05:00:00Z,3.76619862292913
2012-01-01T06:00:00Z,3.7895564833303106
2012-01-01T07:00:00Z,3.8105378437576034
2012-01-01T08:00:00Z,3.7463735606400475
2012-01-01T09:00:00Z,3.7023024857387727
2012-01-01T10:00:00Z,3.744805524828842
2012-01-01T11:00:00Z,3.7672180451127817
2012-01-01T12:00:00Z,3.7632567222472555
2012-01-01T13:00:00Z,3.726423514012021
2012-01-01T14:00:00Z,3.6477474591572263
2012-01-01T15:00:00Z,3.57967535436671
2012-01-01T16:00:00Z,3.5440244454504306
2012-01-01T17:00:00Z,3.5209129750393497
2012-01-01T18:00:00Z,3.4855441467011703
2012-01-01T19:00:00Z,3.4533524481693876
2012-01-01T20:00:00Z,3.4636655237252527
2012-01-01T21:00:00Z,3.5431222244222544
2012-01-01T22:00:00Z,3.614068495917367
2012-01-01T23:00:00Z,3.6027381500230122
2012-01-02T00:00:00Z,3.531534579491951
2012-01-02T01:00:00Z,3.4879705947872597
2012-01-02T02:00:00Z,3.4571649370721986
2012-01-02T03:00:00Z,3.4163371062320995
2012-01-02T04:00:00Z,3.3824800172823517
2012-01-02T05:00:00Z,3.3750067360025886
2012-01-02T06:00:00Z,3.3762803234501324
2012-01-02T07:00:00Z,3.337507660334123
2012-01-02T08:00:00Z,3.338041305796138
2012-01-02T09:00:00Z,3.366118456411911
2012-01-02T10:00:00Z,3.365485370375346
2012-01-02T11:00:00Z,3.34383342231714
2012-01-02T12:00:00Z,3.3148966575806513
2012-01-02T13:00:00Z,3.2785426372821007
2012-01-02T14:00:00Z,3.2223708582012747
2012-01-02T15:00:00Z,3.1315
2012-01-02T16:00:00Z,3.1315
2012-01-02T17:00:00Z,3.1315
2012-01-02T18:00:00Z,3.1315
2012-01-02T19:00:00Z,3.1315
2012-01-02T20:00:00Z,3.1315
2012-01-02T21:00:00Z,3.1315
2012-01-02T22:00:00Z,3.033223556760946
2012-01-02T23:00:00Z,3.0249462677195784
2012-01-03T00:00:00Z,3.0272125283967335
2012-01-03T01:00:00Z,3.0443553287155196
2012-01-03T02:00:00Z,3.1315
2012-01-03T03:00:00Z,3.1315
2012-01-03T04:00:00Z,3.1315
2012-01-03T05:00:00Z,3.1315
2012-01-03T06:00:00Z,3.1315
2012-01-03T07:00:00Z,3.217074173001851
2012-01-03T08:00:00Z,3.275884614378741
2012-01-03T09:00:00Z,3.35179684782318
2012-01-03T10:00:00Z,3.4155918523164175
2012-01-03T11:00:00Z,3.432909449682087
2012-01-03T12:00:00Z,3.4060256689145083
2012-01-03T13:00:00Z,3.320696694149147
2012-01-03T14:00:00Z,3.1315
2012-01-03T15:00:00Z,3.0436895563007242
2012-01-03T16:00:00Z,3.032709488414885
2012-01-03T17:00:00Z,2.9870036961964943
2012-01-03T18:00:00Z,2.9870036961964943
2012-01-03T19:00:00Z,3.006071659987042
2012-01-03T20:00:00Z,3.0360908451899067
2012-01-03T21:00:00Z,3.055121951219512
2012-01-03T22:00:00Z,3.055121951219512
2012-01-03T23:00:00Z,3.0353551263721616
2012-01-04T00:00:00Z,3.055121951219512
2012-01-04T01:00:00Z,3.1315
2012-01-04T02:00:00Z,3.1315
2012-01-04T03:00:00Z,3.1315
2012-01-04T04:00:00Z,3.2231171036718727
2012-01-04T05:00:00Z,3.2534219890392473
2012-01-04T06:00:00Z,3.277170216105909
2012-01-04T07:00:00Z,3.29423521986114
2012-01-04T08:00:00Z,3.322722690858933
2012-01-04T09:00:00Z,3.3566471045368056
2012-01-04T10:00:00Z,3.4014011839461227
2012-01-04T11:00:00Z,3.4469853325628113
2012-01-04T12:00:00Z,3.4818624044475306
2012-01-04T13:00:00Z,3.4868054782318247
2012-01-04T14:00:00Z,3.4261487964989055
2012-01-04T15:00:00Z,3.3327125182918733
2012-01-04T16:00:00Z,3.331471581691003
2012-01-04T17:00:00Z,3.36992198009147
2012-01-04T18:00:00Z,3.4341329677861525
2012-01-04T19:00:00Z,3.5033842367287553
2012-01-04T20:00:00Z,3.5605457646389986
2012-01-04T21:00:00Z,3.590140441387218
2012-01-04T22:00:00Z,3.6051230392862275
2012-01-04T23:00:00Z,3.6139642238892065
2012-01-05T00:00:00Z,3.6210684551341363
2012-01-05T01:00:00Z,3.628095582910936
2012-01-05T02:00:00Z,3.6271500550182436
2012-01-05T03:00:00Z,3.6215919276028576
2012-01-05T04:00:00Z,3.619708134662619
2012-01-05T05:00:00Z,3.6122966893528674
2012-01-05T06:00:00Z,3.599528722089717
2012-01-05T07:00:00Z,3.5813129002744737
2012-01-05T08:00:00Z,3.578345950578489
2012-01-05T09:00:00Z,3.599528722089717
2012-01-05T10:00:00Z,3.64562414505661
2012-01-05T11:00:00Z,3.694767270367531
2012-01-05T12:00:00Z,3.6995687872880847
2012-01-05T13:00:00Z,3.638529018764888
2012-01-05T14:00:00Z,3.4639528774093633
2012-01-05T15:00:00Z,3.3552984035144116
2012-01-05T16:00:00Z,3.3122669698812692
2012-01-05T17:00:00Z,3.2547745875016227
2012-01-05T18:00:00Z,3.1315
2012-01-05T19:00:00Z,3.1315
2012-01-05T20:00:00Z,3.1315
2012-01-05T21:00:00Z,3.030581631665538
2012-01-05T22:00:00Z,3.003908966641885
2012-01-05T23:00:00Z,2.9853663186996497
2012-01-06T00:00:00Z,2.9884289633782637
2012-01-06T01:00:00Z,3.0041250959324612
2012-01-06T02:00:00Z,3.0135931673282808
2012-01-06T03:00:00Z,3.0175861238255846
2012-01-06T04:00:00Z,3.016932007032924
2012-01-06T05:00:00Z,3.017876933455406
2012-01-06T06:00:00Z,3.014608553344084
2012-01-06T07:00:00Z,3.0258962218571828
2012-01-06T08:00:00Z,3.1315
2012-01-06T09:00:00Z,3.279830326516721
2012-01-06T10:00:00Z,3.3500936079165564
2012-01-06T11:00:00Z,3.3801068595175137
2012-01-06T12:00:00Z,3.3755524415220433
2012-01-06T13:00:00Z,3.304054232280868
2012-01-06T14:00:00Z,3.237278060631123
2012-01-06T15:00:00Z,3.1315
2012-01-06T16:00:00Z,3.1315
2012-01-06T17:00:00Z,3.1315
2012-01-06T18:00:00Z,3.1315
2012-01-06T19:00:00Z,3.0502861317423595
2012-01-06T20:00:00Z,3.0422111040948185
2012-01-06T21:00:00Z,3.042506679621082
2012-01-06T22:00:00Z,3.1315
2012-01-06T23:00:00Z,3.1315
2012-01-07T00:00:00Z,3.1315
2012-01-07T01:00:00Z,3.1315
2012-01-07T02:00:00Z,3.1315
2012-01-07T03:00:00Z,3.1315
2012-01-07T04:00:00Z,3.2295158046717884
2012-01-07T05:00:00Z,3.251648408701522
2012-01-07T06:00:00Z,3.2722048066875673
2012-01-07T07:00:00Z,3.2964892889099433
2012-01-07T08:00:00Z,3.3525145197120145
2012-01-07T09:00:00Z,3.407230095476432
2012-01-07T10:00:00Z,3.444520830468856
2012-01-07T11:00:00Z,3.4720181833300994
2012-01-07T12:00:00Z,3.4864172790024495
2012-01-07T13:00:00Z,3.464719387049482
2012-01-07T14:00:00Z,3.400385481988219
2012-01-07T15:00:00Z,3.3370630861040063
2012-01-07T16:00:00Z,3.3142826903741347
2012-01-07T17:00:00Z,3.3737341090282276
2012-01-07T18:00:00Z,3.447934157284813
2012-01-07T19:00:00Z,3.5078973899406267
2012-01-07T20:00:00Z,3.4999580876805734
2012-01-07T21:00:00Z,3.4738476898330473
2012-01-07T22:00:00Z,3.471537054487002
2012-01-07T23:00:00Z,3.5101583298304604
2012-01-08T00:00:00Z,3.5588260363099122
2012-01-08T01:00:00Z,3.597151226236287
2012-01-08T02:00:00Z,3.5725286635103517
2012-01-08T03:00:00Z,3.536420101637491
2012-01-08T04:00:00Z,3.522596248488425
2012-01-08T05:00:00Z,3.529345467865094
2012-01-08T06:00:00Z,3.5319328915832533
2012-01-08T07:00:00Z,3.5148862137665904
2012-01-08T08:00:00Z,3.5094699092233546
2012-01-08T09:00:00Z,3.5648016392509554
2012-01-08T10:00:00Z,3.6279904999131074
2012-01-08T11:00:00Z,3.6163640038109532
2012-01-08T12:00:00Z,3.5802892585605677
2012-01-08T13:00:00Z,3.5419199773787633
2012-01-08T14:00:00Z,3.480121134665074
2012-01-08T15:00:00Z,3.404451933791753
2012-01-08T16:00:00Z,3.346781735111014
2012-01-08T17:00:00Z,3.3263403882412312
2012-01-08T18:00:00Z,3.3214011083711164
2012-01-08T19:00:00Z,3.3206086633794616
2012-01-08T20:00:00Z,3.3189369651042644
2012-01-08T21:00:00Z,3.313844281594753
2012-01-08T22:00:00Z,3.302050930563608
2012-01-08T23:00:00Z,3.2972702624443935
2012-01-09T00:00:00Z,3.294581799053131
2012-01-09T01:00:00Z,3.2876640419947485
2012-01-09T02:00:00Z,3.2735730712941655
2012-01-09T03:00:00Z,3.256805595278333
2012-01-09T04:00:00Z,3.2411312650399777
2012-01-09T05:00:00Z,3.229266029028849
2012-01-09T06:00:00Z,3.225607086756107
2012-01-09T07:00:00Z,3.2217906839167654
2012-01-09T08:00:00Z,3.2293492832834887
2012-01-09T09:00:00Z,3.2453299479234152
2012-01-09T10:00:00Z,3.256466917977384
2012-01-09T11:00:00Z,3.2718629192351902
2012-01-09T12:00:00Z,3.280517507791426
2012-01-09T13:00:00Z,3.285852941948009
2012-01-09T14:00:00Z,3.2894771396307667
2012-01-09T15:00:00Z,3.293628881701769
2012-01-09T16:00:00Z,3.2842160461457794
2012-01-09T17:00:00Z,3.2625739067017445
2012-01-09T18:00:00Z,3.2369434323074135
2012-01-09T19:00:00Z,3.2126186201590143
2012-01-09T20:00:00Z,3.1315
2012-01-09T21:00:00Z,3.1315
2012-01-09T22:00:00Z,3.1315
2012-01-09T23:00:00Z,3.1315
2012-01-10T00:00:00Z,3.1315
2012-01-10T01:00:00Z,3.1315
2012-01-10T02:00:00Z,3.0360172572591995
2012-01-10T03:00:00Z,3.021152408287305
2012-01-10T04:00:00Z,3.0188224519798523
2012-01-10T05:00:00Z,2.9917837011560144
2012-01-10T06:00:00Z,2.9887854927224984
2012-01-10T07:00:00Z,2.9882150865976422
2012-01-10T08:00:00Z,3.1315
2012-01-10T09:00:00Z,3.1315
2012-01-10T10:00:00Z,3.2127010182359146
2012-01-10T11:00:00Z,3.2154225279802837
2012-01-10T12:00:00Z,3.1315
2012-01-10T13:00:00Z,3.1315
2012-01-10T14:00:00Z,3.1315
2012-01-10T15:00:00Z,3.1315
2012-01-10T16:00:00Z,3.1315
2012-01-10T17:00:00Z,3.1315
2012-01-10T18:00:00Z,3.1315
2012-01-10T19:00:00Z,3.0532602071907387
2012-01-10T20:00:00Z,3.1315
2012-01-10T21:00:00Z,3.1315
2012-01-10T22:00:00Z,3.1315
2012-01-10T23:00:00Z,3.1315
2012-01-11T00:00:00Z,3.1315
2012-01-11T01:00:00Z,3.1315
2012-01-11T02:00:00Z,3.1315
2012-01-11T03:00:00Z,3.1315
2012-01-11T04:00:00Z,3.1315
2012-01-11T05:00:00Z,3.1315
2012-01-11T06:00:00Z,3.1315
2012-01-11T07:00:00Z,3.2412151322258436
2012-01-11T08:00:00Z,3.278199424234495
2012-01-11T09:00:00Z,3.3465134918514554
2012-01-11T10:00:00Z,3.4286809186215184
2012-01-11T11:00:00Z,3.4940027894002763
2012-01-11T12:00:00Z,3.5489446097180886
2012-01-11T13:00:00Z,3.5822346784110746
2012-01-11T14:00:00Z,3.581005746304927
2012-01-11T15:00:00Z,3.5700849341617724
2012-01-11T16:00:00Z,3.5268611330104718
2012-01-11T17:00:00Z,3.432250993286751
2012-01-11T18:00:00Z,3.3733706775826775
2012-01-11T19:00:00Z,3.3762803234501324
2012-01-11T20:00:00Z,3.3739158541184096
2012-01-11T21:00:00Z,3.3655757966575295
2012-01-11T22:00:00Z,3.3559276624246492
2012-01-11T23:00:00Z,3.3408011948578413
2012-01-12T00:00:00Z,3.3333333333333353
2012-01-12T01:00:00Z,3.343654903635685
2012-01-12T02:00:00Z,3.350004011660558
2012-01-12T03:00:00Z,3.3435656514427547
2012-01-12T04:00:00Z,3.336974185470338
2012-01-12T05:00:00Z,3.337774461735236
2012-01-12T06:00:00Z,3.3411576420378757
2012-01-12T07:00:00Z,3.341870764633688
2012-01-12T08:00:00Z,3.3761893210425593
2012-01-12T09:00:00Z,3.4347921465394298
2012-01-12T10:00:00Z,3.5049527113996306
2012-01-12T11:00:00Z,3.5653089687757964
2012-01-12T12:00:00Z,3.577732712576045
2012-01-12T13:00:00Z,3.540918727915194
2012-01-12T14:00:00Z,3.4999580876805734
2012-01-12T15:00:00Z,3.5069152808107935
2012-01-12T16:00:00Z,3.551359473788663
2012-01-12T17:00:00Z,3.5785504099648615
2012-01-12T18:00:00Z,3.5580173270842224
2012-01-12T19:00:00Z,3.5381182385673506
2012-01-12T20:00:00Z,3.532032483645387
2012-01-12T21:00:00Z,3.5079956311087463
2012-01-12T22:00:00Z,3.48070136438158
2012-01-12T23:00:00Z,3.5057374755107733
2012-01-13T00:00:00Z,3.5579162642731332
2012-01-13T01:00:00Z,3.5741596758545917
2012-01-13T02:00:00Z,3.566933394082636
2012-01-13T03:00:00Z,3.5648016392509554
2012-01-13T04:00:00Z,3.56947452410806
2012-01-13T05:00:00Z,3.5887004354801744
2012-01-13T06:00:00Z,3.6132344881299243
2012-01-13T07:00:00Z,3.620754444283853
2012-01-13T08:00:00Z,3.6320932525299363
2012-01-13T09:00:00Z,3.6359941944847614
2012-01-13T10:00:00Z,3.635466550573213
2012-01-13T11:00:00Z,3.639586238958624
2012-01-13T12:00:00Z,3.6685801312089965
2012-01-13T13:00:00Z,3.74189693801344
2012-01-13T14:00:00Z,3.784861761595404
2012-01-13T15:00:00Z,3.778126319599445
2012-01-13T16:00:00Z,3.7543460016784582
2012-01-13T17:00:00Z,3.719783809467247
2012-01-13T18:00:00Z,3.676116687210188
2012-01-13T19:00:00Z,3.6533862217814845
2012-01-13T20:00:00Z,3.6458363652239685
2012-01-13T21:00:00Z,3.6165728309513505
2012-01-13T22:00:00Z,3.5663240611565077
2012-01-13T23:00:00Z,3.4895252952975246
2012-01-14T00:00:00Z,3.4268049134133998
2012-01-14T01:00:00Z,3.3521556453555257
2012-01-14T02:00:00Z,3.3193767224931108
2012-01-14T03:00:00Z,3.304054232280868
2012-01-14T04:00:00Z,3.256890275611026
2012-01-14T05:00:00Z,3.1315
2012-01-14T06:00:00Z,3.1315
2012-01-14T07:00:00Z,3.1315
2012-01-14T08:00:00Z,3.1315
2012-01-14T09:00:00Z,3.234853571613038
2012-01-14T10:00:00Z,3.2653806047966616
2012-01-14T11:00:00Z,3.264614662878884
2012-01-14T12:00:00Z,3.270923097010052
2012-01-14T13:00:00Z,3.2612997292230768
2012-01-14T14:00:00Z,3.2125362263086363
2012-01-14T15:00:00Z,3.1315
2012-01-14T16:00:00Z,3.1315
2012-01-14T17:00:00Z,3.1315
2012-01-14T18:00:00Z,3.1315
2012-01-14T19:00:00Z,3.1315
2012-01-14T20:00:00Z,3.1315
2012-01-14T21:00:00Z,3.1315
2012-01-14T22:00:00Z,3.1315
2012-01-14T23:00:00Z,3.1315
2012-01-15T00:00:00Z,3.1315
2012-01-15T01:00:00Z,3.1315
2012-01-15T02:00:00Z,3.1315
2012-01-15T03:00:00Z,3.1315
2012-01-15T04:00:00Z,3.1315
2012-01-15T05:00:00Z,3.1315
2012-01-15T06:00:00Z,3.2757132770208446
2012-01-15T07:00:00Z,3.414195377235064
2012-01-15T08:00:00Z,3.4956604247481344
2012-01-15T09:00:00Z,3.5101583298304604
2012-01-15T10:00:00Z,3.5067189249720014
2012-01-15T11:00:00Z,3.4976125987769815
2012-01-15T12:00:00Z,3.485641139804098
2012-01-15T13:00:00Z,3.497026717663808
2012-01-15T14:00:00Z,3.57977765711183
2012-01-15T15:00:00Z,3.6262050198303553
2012-01-15T16:00:00Z,3.6546653439925305
2012-01-15T17:00:00Z,3.6839009470031163
2012-01-15T18:00:00Z,3.704930639770472
2012-01-15T19:00:00Z,3.709758625795944
2012-01-15T20:00:00Z,3.6962936732766782
2012-01-15T21:00:00Z,3.6926977388638313
2012-01-15T22:00:00Z,3.678059666431761
2012-01-15T23:00:00Z,3.634939059779456
2012-01-16T00:00:00Z,3.6091742061891297
2012-01-16T01:00:00Z,3.615528936354454
2012-01-16T02:00:00Z,3.6491289401619738
2012-01-16T03:00:00Z,3.669977439864056
2012-01-16T04:00:00Z,3.6543454794760346
2012-01-16T05:00:00Z,3.6414907843479245
2012-01-16T06:00:00Z,3.635783118541739
2012-01-16T07:00:00Z,3.638846120326525
2012-01-16T08:00:00Z,3.6635371881489305
2012-01-16T09:00:00Z,3.6974938749003736
2012-01-16T10:00:00Z,3.7252044609665425
2012-01-16T11:00:00Z,3.7460374424307683
2012-01-16T12:00:00Z,3.7563725784201996
2012-01-16T13:00:00Z,3.7422323135755278
2012-01-16T14:00:00Z,3.700771117085711
2012-01-16T15:00:00Z,3.662251849252992
2012-01-16T16:00:00Z,3.645199778831883
2012-01-16T17:00:00Z,3.617512851614396
2012-01-16T18:00:00Z,3.5822346784110746
2012-01-16T19:00:00Z,3.55196370338863
2012-01-16T20:00:00Z,3.526265412983504
2012-01-16T21:00:00Z,3.4913733032304806
2012-01-16T22:00:00Z,3.4541142731083156
2012-01-16T23:00:00Z,3.428493225674009
2012-01-17T00:00:00Z,3.4154987184381325
2012-01-17T01:00:00Z,3.408620877326658
2012-01-17T02:00:00Z,3.399278135091862
2012-01-17T03:00:00Z,3.395224026238042
2012-01-17T04:00:00Z,3.407044743642052
2012-01-17T05:00:00Z,3.423713988957523
2012-01-17T06:00:00Z,3.4346979626532126
2012-01-17T07:00:00Z,3.4394134929569744
2012-01-17T08:00:00Z,3.4872908488543684
2012-01-17T09:00:00Z,3.539217902350814
2012-01-17T10:00:00Z,3.5623684659575696
2012-01-17T11:00:00Z,3.591272685570112
2012-01-17T12:00:00Z,3.6091742061891297
2012-01-17T13:00:00Z,3.604189445819184
2012-01-17T14:00:00Z,3.5616594159629233
2012-01-17T15:00:00Z,3.5139987656399017
2012-01-17T16:00:00Z,3.4587877951125248
2012-01-17T17:00:00Z,3.4094558915593804
2012-01-17T18:00:00Z,3.3798332478886177
2012-01-17T19:00:00Z,3.3440119600619336
2012-01-17T20:00:00Z,3.259687199104794
2012-01-17T21:00:00Z,3.1315
2012-01-17T22:00:00Z,3.1315
2012-01-17T23:00:00Z,3.0175134301751325
2012-01-18T00:00:00Z,2.991998089095903
2012-01-18T01:00:00Z,2.971485505527352
2012-01-18T02:00:00Z,2.9441767540251487
2012-01-18T03:00:00Z,2.9017536544119364
2012-01-18T04:00:00Z,2.8624968577892536
2012-01-18T05:00:00Z,2.8406204644412187
2012-01-18T06:00:00Z,2.8383675874102123
2012-01-18T07:00:00Z,2.879805039543867
2012-01-18T08:00:00Z,3.039479750552036
2012-01-18T09:00:00Z,3.1315
2012-01-18T10:00:00Z,3.225025746652937
2012-01-18T11:00:00Z,3.2664024199436725
2012-01-18T12:00:00Z,3.2817207681626464
2012-01-18T13:00:00Z,3.251479597134254
2012-01-18T14:00:00Z,3.1315
2012-01-18T15:00:00Z,2.9747316424432406
2012-01-18T16:00:00Z,2.967121470532499
2012-01-18T17:00:00Z,2.9486817325800363
2012-01-18T18:00:00Z,2.941687607148727
2012-01-18T19:00:00Z,2.9466701169164167
2012-01-18T20:00:00Z,2.965786669823605
2012-01-18T21:00:00Z,2.9790472566413757
2012-01-18T22:00:00Z,2.989356116653144
2012-01-18T23:00:00Z,2.983517530487806
2012-01-19T00:00:00Z,2.997367791337639
2012-01-19T01:00:00Z,3.0125060125060132
2012-01-19T02:00:00Z,3.0331501077560095
2012-01-19T03:00:00Z,3.053781266760936
2012-01-19T04:00:00Z,3.0550474378673704
2012-01-19T05:00:00Z,3.0525161447544757
2012-01-19T06:00:00Z,3.0467248802082065
2012-01-19T07:00:00Z,3.0453175143440623
2012-01-19T08:00:00Z,3.1315
2012-01-19T09:00:00Z,3.1315
2012-01-19T10:00:00Z,3.25088889465625
2012-01-19T11:00:00Z,3.3177941410181684
2012-01-19T12:00:00Z,3.3130554380025394
2012-01-19T13:00:00Z,3.2576525968115244
2012-01-19T14:00:00Z,3.1315
2012-01-19T15:00:00Z,3.1315
2012-01-19T16:00:00Z,3.1315
2012-01-19T17:00:00Z,3.1315
2012-01-19T18:00:00Z,3.0447253281477886
2012-01-19T19:00:00Z,3.0164234455521832
2012-01-19T20:00:00Z,2.989570156805651
2012-01-19T21:00:00Z,2.9580125631700747
2012-01-19T22:00:00Z,2.9380995942110584
2012-01-19T23:00:00Z,2.9241759267905487
2012-01-20T00:00:00Z,2.9275931379423175
2012-01-20T01:00:00Z,2.9406517043853877
2012-01-20T02:00:00Z,2.942655108417318
2012-01-20T03:00:00Z,2.931567122261748
2012-01-20T04:00:00Z,2.9143109746166913
2012-01-20T05:00:00Z,2.899402805425675
2012-01-20T06:00:00Z,2.8893707326074938
2012-01-20T07:00:00Z,2.9007456810708154
2012-01-20T08:00:00Z,2.948542912292263
2012-01-20T09:00:00Z,2.9864339699115474
2012-01-20T10:00:00Z,3.0239239070081836
2012-01-20T11:00:00Z,3.0524417584559895
2012-01-20T12:00:00Z,3.1315
2012-01-20T13:00:00Z,3.1315
2012-01-20T14:00:00Z,3.0188224519798523
2012-01-20T15:00:00Z,2.95871126228269
2012-01-20T16:00:00Z,2.9432774096527097
2012-01-20T17:00:00Z,2.9282090843210145
2012-01-20T18:00:00Z,2.9152605487932606
2012-01-20T19:00:00Z,2.910180753682451
2012-01-20T20:00:00Z,2.9098427300392573
2012-01-20T21:00:00Z,2.906062223047119
2012-01-20T22:00:00Z,2.9063993688802254
2012-01-20T23:00:00Z,2.9040409894976014
2012-01-21T00:00:00Z,2.8951139462857656
2012-01-21T01:00:00Z,2.8730016743503297
2012-01-21T02:00:00Z,2.853367958267842
2012-01-21T03:00:00Z,2.837338890524838
2012-01-21T04:00:00Z,2.822506140291578
2012-01-21T05:00:00Z,2.8221245916413205
2012-01-21T06:00:00Z,2.837081832801068
2012-01-21T07:00:00Z,2.8675426949315495
2012-01-21T08:00:00Z,2.91275230211143
2012-01-21T09:00:00Z,2.968527822542419
2012-01-21T10:00:00Z,3.027066215563074
2012-01-21T11:00:00Z,3.1315
2012-01-21T12:00:00Z,3.1315
2012-01-21T13:00:00Z,3.1315
2012-01-21T14:00:00Z,3.1315
2012-01-21T15:00:00Z,3.0369741786883253
2012-01-21T16:00:00Z,3.0204967446346735
2012-01-21T17:00:00Z,3.0135931673282808
2012-01-21T18:00:00Z,3.018022359290669
2012-01-21T19:00:00Z,3.0245080284920904
2012-01-21T20:00:00Z,3.026261747722933
2012-01-21T21:00:00Z,3.0330766623081016
2012-01-21T22:00:00Z,3.0338847579141146
2012-01-21T23:00:00Z,3.0402174704497447
2012-01-22T00:00:00Z,3.047911039735262
2012-01-22T01:00:00Z,3.047169581823045
2012-01-22T02:00:00Z,3.036385232589146
2012-01-22T03:00:00Z,3.022756340645284
2012-01-22T04:00:00Z,3.007370771410049
2012-01-22T05:00:00Z,2.998372271160474
2012-01-22T06:00:00Z,2.979826815110857
2012-01-22T07:00:00Z,2.9710626185958233
2012-01-22T08:00:00Z,2.998156968812083
2012-01-22T09:00:00Z,3.1315
2012-01-22T10:00:00Z,3.1315
2012-01-22T11:00:00Z,3.2246106319989676
2012-01-22T12:00:00Z,3.2334340070729772
2012-01-22T13:00:00Z,3.1315
2012-01-22T14:00:00Z,3.1315
2012-01-22T15:00:00Z,2.9543149602584964
2012-01-22T16:00:00Z,2.9327339561237142
2012-01-22T17:00:00Z,2.897457842751729
2012-01-22T18:00:00Z,2.863740283493369
2012-01-22T19:00:00Z,2.832975234648876
2012-01-22T20:00:00Z,2.802864175430745
2012-01-22T21:00:00Z,2.7735092885769315
2012-01-22T22:00:00Z,2.738881357414616
2012-01-22T23:00:00Z,2.7025977388452564
2012-01-23T00:00:00Z,2.6973018368181902
2012-01-23T01:00:00Z,2.6648228911817893
2012-01-23T02:00:00Z,2.6451830890737855
2012-01-23T03:00:00Z,2.643173665330239
2012-01-23T04:00:00Z,2.6186942069282697
2012-01-23T05:00:00Z,2.6059458672269953
2012-01-23T06:00:00Z,2.6011836777074047
2012-01-23T07:00:00Z,2.6069221003558876
2012-01-23T08:00:00Z,2.666013962199899
2012-01-23T09:00:00Z,2.742479309891843
2012-01-23T10:00:00Z,2.8246701995715395
2012-01-23T11:00:00Z,2.887572327623964
2012-01-23T12:00:00Z,2.920290024013244
2012-01-23T13:00:00Z,2.9199496480022358
2012-01-23T14:00:00Z,2.861123800822295
2012-01-23T15:00:00Z,2.758180296824768
2012-01-23T16:00:00Z,2.72915441096368
2012-01-23T17:00:00Z,2.7051658604008306
2012-01-23T18:00:00Z,2.679243668720054
2012-01-23T19:00:00Z,2.651510340593976
2012-01-23T20:00:00Z,2.6233010115395072
2012-01-23T21:00:00Z,2.625445399287362
2012-01-23T22:00:00Z,2.634778401800551
2012-01-23T23:00:00Z,2.6375523783453714
2012-01-24T00:00:00Z,2.634445916671923
2012-01-24T01:00:00Z,2.6298551333193365
2012-01-24T02:00:00Z,2.622477179465706
2012-01-24T03:00:00Z,2.6172168825741737
2012-01-24T04:00:00Z,2.6138853529767747
2012-01-24T05:00:00Z,2.6047536858741083
2012-01-24T06:00:00Z,2.612413447901895
2012-01-24T07:00:00Z,2.631733759139423
2012-01-24T08:00:00Z,2.6944587850628117
2012-01-24T09:00:00Z,2.775168380007088
2012-01-24T10:00:00Z,2.859164574298105
2012-01-24T11:00:00Z,2.908964235949837
2012-01-24T12:00:00Z,2.9264303903931967
2012-01-24T13:00:00Z,2.916210741973787
2012-01-24T14:00:00Z,2.8499271933017836
2012-01-24T15:00:00Z,2.73535256480248
2012-01-24T16:00:00Z,2.7066856821815968
2012-01-24T17:00:00Z,2.7184929574408057
2012-01-24T18:00:00Z,2.7362488531609057
2012-01-24T19:00:00Z,2.7345165586045788
2012-01-24T20:00:00Z,2.72665926554779
2012-01-24T21:00:00Z,2.7188469970263274
2012-01-24T22:00:00Z,2.7133697253270954
2012-01-24T23:00:00Z,2.70920298475181
2012-01-25T00:00:00Z,2.7073291979164416
2012-01-25T01:00:00Z,2.706627195920396
2012-01-25T02:00:00Z,2.709320182553587
2012-01-25T03:00:00Z,2.717018784434516
2012-01-25T04:00:00Z,2.721209619604179
2012-01-25T05:00:00Z,2.7232210796356275
2012-01-25T06:00:00Z,2.7225699878282046
2012-01-25T07:00:00Z,2.7382826162994034
2012-01-25T08:00:00Z,2.8039307859333373
2012-01-25T09:00:00Z,2.8585773294689507
2012-01-25T10:00:00Z,2.8919723870431517
2012-01-25T11:00:00Z,2.911465960067869
2012-01-25T12:00:00Z,2.9165502468100972
2012-01-25T13:00:00Z,2.9091669182711275
2012-01-25T14:00:00Z,2.8919056194302057
2012-01-25T15:00:00Z,2.863805756876016
2012-01-25T16:00:00Z,2.8523933142050377
2012-01-25T17:00:00Z,2.8413937029307683
2012-01-25T18:00:00Z,2.815400867591199
2012-01-25T19:00:00Z,2.770687252538211
2012-01-25T20:00:00Z,2.7413989319793393
2012-01-25T21:00:00Z,2.7458459380069273
2012-01-25T22:00:00Z,2.748919173963613
2012-01-25T23:00:00Z,2.7634743089108036
2012-01-26T00:00:00Z,2.778677432951041
2012-01-26T01:00:00Z,2.795171044116663
2012-01-26T02:00:00Z,2.814199056391822
2012-01-26T03:00:00Z,2.830094893809309
2012-01-26T04:00:00Z,2.8388178768923926
2012-01-26T05:00:00Z,2.8308624118604233
2012-01-26T06:00:00Z,2.8201548991354466
2012-01-26T07:00:00Z,2.842618858504482
2012-01-26T08:00:00Z,2.904108318649726
2012-01-26T09:00:00Z,2.9636114134292324
2012-01-26T10:00:00Z,3.0345462473957054
2012-01-26T11:00:00Z,3.1315
2012-01-26T12:00:00Z,3.1315
2012-01-26T13:00:00Z,3.1315
2012-01-26T14:00:00Z,3.1315
2012-01-26T15:00:00Z,3.1315
2012-01-26T16:00:00Z,3.1315
2012-01-26T17:00:00Z,3.1315
2012-01-26T18:00:00Z,3.1315
2012-01-26T19:00:00Z,3.1315
2012-01-26T20:00:00Z,3.1315
2012-01-26T21:00:00Z,3.1315
2012-01-26T22:00:00Z,3.1315
2012-01-26T23:00:00Z,3.1315
2012-01-27T00:00:00Z,3.1315
2012-01-27T01:00:00Z,3.230098764795379
2012-01-27T02:00:00Z,3.2588391393709175
2012-01-27T03:00:00Z,3.266998774158211
2012-01-27T04:00:00Z,3.262828861682731
2012-01-27T05:00:00Z,3.2494552246549753
2012-01-27T06:00:00Z,3.2308485942739242
2012-01-27T07:00:00Z,3.2217906839167654
2012-01-27T08:00:00Z,3.2347700333135334
2012-01-27T09:00:00Z,3.27032530938332
2012-01-27T10:00:00Z,3.338931094228976
2012-01-27T11:00:00Z,3.381293022000268
2012-01-27T12:00:00Z,3.36702327831837
2012-01-27T13:00:00Z,3.343654903635685
2012-01-27T14:00:00Z,3.296576045477273
2012-01-27T15:00:00Z,3.1315
2012-01-27T16:00:00Z,3.1315
2012-01-27T17:00:00Z,3.1315
2012-01-27T18:00:00Z,3.1315
2012-01-27T19:00:00Z,3.1315
2012-01-27T20:00:00Z,3.1315
2012-01-27T21:00:00Z,3.1315
2012-01-27T22:00:00Z,3.1315
2012-01-27T23:00:00Z,3.1315
2012-01-28T00:00:00Z,3.1315
2012-01-28T01:00:00Z,3.1315
2012-01-28T02:00:00Z,3.1315
2012-01-28T03:00:00Z,3.1315
2012-01-28T04:00:00Z,3.1315
2012-01-28T05:00:00Z,3.1315
2012-01-28T06:00:00Z,3.1315
2012-01-28T07:00:00Z,3.1315
2012-01-28T08:00:00Z,3.1315
2012-01-28T09:00:00Z,3.1315
2012-01-28T10:00:00Z,3.251986084428062
2012-01-28T11:00:00Z,3.3251041915531845
2012-01-28T12:00:00Z,3.40426688408751
2012-01-28T13:00:00Z,3.383485049026227
2012-01-28T14:00:00Z,3.23268297718592
2012-01-28T15:00:00Z,3.1315
2012-01-28T16:00:00Z,3.1315
2012-01-28T17:00:00Z,3.1315
2012-01-28T18:00:00Z,3.1315
2012-01-28T19:00:00Z,3.1315
2012-01-28T20:00:00Z,3.1315
2012-01-28T21:00:00Z,3.1315
2012-01-28T22:00:00Z,3.1315
2012-01-28T23:00:00Z,3.1315
2012-01-29T00:00:00Z,3.1315
2012-01-29T01:00:00Z,3.1315
2012-01-29T02:00:00Z,3.1315
2012-01-29T03:00:00Z,3.1315
2012-01-29T04:00:00Z,3.042432780355105
2012-01-29T05:00:00Z,3.020278253321437
2012-01-29T06:00:00Z,2.9796850468623615
2012-01-29T07:00:00Z,2.9801103920822243
2012-01-29T08:00:00Z,3.1315
2012-01-29T09:00:00Z,3.1315
2012-01-29T10:00:00Z,3.2606205747605164
2012-01-29T11:00:00Z,3.326782109848083
2012-01-29T12:00:00Z,3.349735251644648
2012-01-29T13:00:00Z,3.3228108337533486
2012-01-29T14:00:00Z,3.1315
2012-01-29T15:00:00Z,3.1315
2012-01-29T16:00:00Z,3.1315
2012-01-29T17:00:00Z,3.1315
2012-01-29T18:00:00Z,3.0453915538158585
2012-01-29T19:00:00Z,3.0279443047766392
2012-01-29T20:00:00Z,2.9957906821008313
2012-01-29T21:00:00Z,2.9821679403852115
2012-01-29T22:00:00Z,2.990355233002293
2012-01-29T23:00:00Z,3.0057109948649052
2012-01-30T00:00:00Z,3.0078762846988756
2012-01-30T01:00:00Z,3.002109097881316
2012-01-30T02:00:00Z,2.9869324685234657
2012-01-30T03:00:00Z,2.986291572297056
2012-01-30T04:00:00Z,2.9803940230322628
2012-01-30T05:00:00Z,2.9757210053689365
2012-01-30T06:00:00Z,2.9697242703715134
2012-01-30T07:00:00Z,2.997296068531502
2012-01-30T08:00:00Z,3.1315
2012-01-30T09:00:00Z,3.1315
2012-01-30T10:00:00Z,3.2899955348934955
2012-01-30T11:00:00Z,3.3428518053961724
2012-01-30T12:00:00Z,3.341068523112215
2012-01-30T13:00:00Z,3.289304377511093
2012-01-30T14:00:00Z,3.1315
2012-01-30T15:00:00Z,3.1315
2012-01-30T16:00:00Z,3.1315
2012-01-30T17:00:00Z,3.1315
2012-01-30T18:00:00Z,3.046428484568425
2012-01-30T19:00:00Z,3.0247271322322047
2012-01-30T20:00:00Z,3.004053049380051
2012-01-30T21:00:00Z,2.9746609988363546
2012-01-30T22:00:00Z,2.9418257826628142
2012-01-30T23:00:00Z,2.918045007687649
2012-01-31T00:00:00Z,2.90148479303236
2012-01-31T01:00:00Z,2.890104058512724
2012-01-31T02:00:00Z,2.88020234536675
2012-01-31T03:00:00Z,2.8707629546444213
2012-01-31T04:00:00Z,2.864591671049925
2012-01-31T05:00:00Z,2.852653154179001
2012-01-31T06:00:00Z,2.8412648006169747
2012-01-31T07:00:00Z,2.857273204224549
2012-01-31T08:00:00Z,2.921652321974203
2012-01-31T09:00:00Z,3.0135931673282808
2012-01-31T10:00:00Z,3.1315
2012-01-31T11:00:00Z,3.1315
2012-01-31T12:00:00Z,3.2395386127347026
2012-01-31T13:00:00Z,3.2431452761308033
2012-01-31T14:00:00Z,3.1315
2012-01-31T15:00:00Z,3.0276515517741456
2012-01-31T16:00:00Z,2.972049542068048
2012-01-31T17:00:00Z,2.926909056921208
2012-01-31T18:00:00Z,2.89030412109465
2012-01-31T19:00:00Z,2.8730016743503297
2012-01-31T20:00:00Z,2.8947794134639815
2012-01-31T21:00:00Z,2.898933092642736
2012-01-31T22:00:00Z,2.8866407024174423
2012-01-31T23:00:00Z,2.879407843317548
2012-02-01T00:00:00Z,2.8792754689223963
2012-02-01T01:00:00Z,2.873924515314903
2012-02-01T02:00:00Z,2.868659109126301
2012-02-01T03:00:00Z,2.8600785459859352
2012-02-01T04:00:00Z,2.8585120949338205
2012-02-01T05:00:00Z,2.852458269760662
2012-02-01T06:00:00Z,2.8461713246989326
2012-02-01T07:00:00Z,2.8657713514379184
2012-02-01T08:00:00Z,2.919745460478776
2012-02-01T09:00:00Z,3.0399223395219037
2012-02-01T10:00:00Z,3.1315
2012-02-01T11:00:00Z,3.1315
2012-02-01T12:00:00Z,3.2470124685693547
2012-02-01T13:00:00Z,3.2455822148520497
2012-02-01T14:00:00Z,3.1315
2012-02-01T15:00:00Z,3.1315
2012-02-01T16:00:00Z,3.1315
2012-02-01T17:00:00Z,3.051772444877572
2012-02-01T18:00:00Z,3.0399223395219037
2012-02-01T19:00:00Z,3.026115526779892
2012-02-01T20:00:00Z,3.0204967446346735
2012-02-01T21:00:00Z,3.0190407327066753
2012-02-01T22:00:00Z,3.0008864186291664
2012-02-01T23:00:00Z,2.994931140015301
2012-02-02T00:00:00Z,3.0023249682414126
2012-02-02T01:00:00Z,3.0160602923117663
2012-02-02T02:00:00Z,3.0325626437477298
2012-02-02T03:00:00Z,3.045835866261398
2012-02-02T04:00:00Z,3.1315
2012-02-02T05:00:00Z,3.1315
2012-02-02T06:00:00Z,3.1315
2012-02-02T07:00:00Z,3.1315
2012-02-02T08:00:00Z,3.1315
2012-02-02T09:00:00Z,3.1315
2012-02-02T10:00:00Z,3.1315
2012-02-02T11:00:00Z,3.1315
2012-02-02T12:00:00Z,3.1315
2012-02-02T13:00:00Z,3.1315
2012-02-02T14:00:00Z,3.1315
2012-02-02T15:00:00Z,3.1315
2012-02-02T16:00:00Z,3.1315
2012-02-02T17:00:00Z,3.1315
2012-02-02T18:00:00Z,3.1315
2012-02-02T19:00:00Z,3.1315
2012-02-02T20:00:00Z,3.1315
2012-02-02T21:00:00Z,3.1315
2012-02-02T22:00:00Z,3.1315
2012-02-02T23:00:00Z,3.1315
2012-02-03T00:00:00Z,3.1315
2012-02-03T01:00:00Z,3.1315
2012-02-03T02:00:00Z,3.1315
2012-02-03T03:00:00Z,3.1315
2012-02-03T04:00:00Z,3.1315
2012-02-03T05:00:00Z,3.1315
2012-02-03T06:00:00Z,3.1315
2012-02-03T07:00:00Z,3.1315
2012-02-03T08:00:00Z,3.2216249582058096
2012-02-03T09:00:00Z,3.243817169493719
2012-02-03T10:00:00Z,3.2571443430324782
2012-02-03T11:00:00Z,3.262743872261726
2012-02-03T12:00:00Z,3.2599417031022293
2012-02-03T13:00:00Z,3.242054042861578
2012-02-03T14:00:00Z,3.1315
2012-02-03T15:00:00Z,3.1315
2012-02-03T16:00:00Z,3.1315
2012-02-03T17:00:00Z,3.1315
2012-02-03T18:00:00Z,3.1315
2012-02-03T19:00:00Z,3.1315
2012-02-03T20:00:00Z,3.1315
2012-02-03T21:00:00Z,3.0065767365945
2012-02-03T22:00:00Z,2.946323564002445
2012-02-03T23:00:00Z,2.9098427300392573
2012-02-04T00:00:00Z,2.8925734343247753
2012-02-04T01:00:00Z,2.881660071776938
2012-02-04T02:00:00Z,2.902157039920298
2012-02-04T03:00:00Z,2.9778432864206907
2012-02-04T04:00:00Z,2.978338920988181
2012-02-04T05:00:00Z,2.953479050246398
2012-02-04T06:00:00Z,2.9162786366176197
2012-02-04T07:00:00Z,2.93108693108693
2012-02-04T08:00:00Z,3.020132610006026
2012-02-04T09:00:00Z,3.1315
2012-02-04T10:00:00Z,3.2649550371432285
2012-02-04T11:00:00Z,3.3366186302975414
2012-02-04T12:00:00Z,3.363677864604315
2012-02-04T13:00:00Z,3.341246765717946
2012-02-04T14:00:00Z,3.286456420213047
2012-02-04T15:00:00Z,3.2126186201590143
2012-02-04T16:00:00Z,3.1315
2012-02-04T17:00:00Z,3.1315
2012-02-04T18:00:00Z,3.1315
2012-02-04T19:00:00Z,3.1315
2012-02-04T20:00:00Z,3.1315
2012-02-04T21:00:00Z,3.1315
2012-02-04T22:00:00Z,3.1315
2012-02-04T23:00:00Z,3.1315
2012-02-05T00:00:00Z,3.1315
2012-02-05T01:00:00Z,3.1315
2012-02-05T02:00:00Z,3.1315
2012-02-05T03:00:00Z,3.1315
2012-02-05T04:00:00Z,3.1315
2012-02-05T05:00:00Z,3.1315
2012-02-05T06:00:00Z,3.1315
2012-02-05T07:00:00Z,3.1315
2012-02-05T08:00:00Z,3.2461709902298708
2012-02-05T09:00:00Z,3.2940619576079513
2012-02-05T10:00:00Z,3.325987095403733
2012-02-05T11:00:00Z,3.3583570164620085
2012-02-05T12:00:00Z,3.3751886182366864
2012-02-05T13:00:00Z,3.373279831955405
2012-02-05T14:00:00Z,3.360158806802938
2012-02-05T15:00:00Z,3.3320032984864185
2012-02-05T16:00:00Z,3.308068136801795
2012-02-05T17:00:00Z,3.2912922381628045
2012-02-05T18:00:00Z,3.269130389393467
2012-02-05T19:00:00Z,3.2495395231794926
2012-02-05T20:00:00Z,3.2340183827326214
2012-02-05T21:00:00Z,3.230598612436487
2012-02-05T22:00:00Z,3.22402965098322
2012-02-05T23:00:00Z,3.22693665146714
2012-02-06T00:00:00Z,3.216248138448105
2012-02-06T01:00:00Z,3.1315
2012-02-06T02:00:00Z,3.1315
2012-02-06T03:00:00Z,3.1315
2012-02-06T04:00:00Z,3.1315
2012-02-06T05:00:00Z,3.1315
2012-02-06T06:00:00Z,3.1315
2012-02-06T07:00:00Z,3.1315
2012-02-06T08:00:00Z,3.2163307228142255
2012-02-06T09:00:00Z,3.3140196311876577
2012-02-06T10:00:00Z,3.3954080941150937
2012-02-06T11:00:00Z,3.4449944994499435
2012-02-06T12:00:00Z,3.450498595118724
2012-02-06T13:00:00Z,3.405470066880541
2012-02-06T14:00:00Z,3.356827013265443
2012-02-06T15:00:00Z,3.3234279649774474
2012-02-06T16:00:00Z,3.3136689505568646
2012-02-06T17:00:00Z,3.3114788769629335
2012-02-06T18:00:00Z,3.313143068743882
2012-02-06T19:00:00Z,3.293715487772813
2012-02-06T20:00:00Z,3.2649550371432285
2012-02-06T21:00:00Z,3.2453299479234152
2012-02-06T22:00:00Z,3.243061309030652
2012-02-06T23:00:00Z,3.2310986148012484
2012-02-07T00:00:00Z,3.2304319793681513
2012-02-07T01:00:00Z,3.2346864993285824
2012-02-07T02:00:00Z,3.2331001729344657
2012-02-07T03:00:00Z,3.222951241476906
2012-02-07T04:00:00Z,3.1315
2012-02-07T05:00:00Z,3.1315
2012-02-07T06:00:00Z,3.1315
2012-02-07T07:00:00Z,3.1315
2012-02-07T08:00:00Z,3.1315
2012-02-07T09:00:00Z,3.1315
2012-02-07T10:00:00Z,3.2727177718555676
2012-02-07T11:00:00Z,3.360429242119385
2012-02-07T12:00:00Z,3.4010317675807777
2012-02-07T13:00:00Z,3.378556979096427
2012-02-07T14:00:00Z,3.328638622412375
2012-02-07T15:00:00Z,3.2737441848309023
2012-02-07T16:00:00Z,3.225607086756107
2012-02-07T17:00:00Z,3.1315
2012-02-07T18:00:00Z,3.1315
2012-02-07T19:00:00Z,3.1315
2012-02-07T20:00:00Z,3.1315
2012-02-07T21:00:00Z,3.1315
2012-02-07T22:00:00Z,3.1315
2012-02-07T23:00:00Z,3.1315
2012-02-08T00:00:00Z,3.217569997431286
2012-02-08T01:00:00Z,3.2728887959866224
2012-02-08T02:00:00Z,3.315949702183986
2012-02-08T03:00:00Z,3.3417816076621394
2012-02-08T04:00:00Z,3.346781735111014
2012-02-08T05:00:00Z,3.3363520136373337
2012-02-08T06:00:00Z,3.3395542284312696
2012-02-08T07:00:00Z,3.3672043010752697
2012-02-08T08:00:00Z,3.4473647997798285
2012-02-08T09:00:00Z,3.5473365240293413
2012-02-08T10:00:00Z,3.623792165711974
2012-02-08T11:00:00Z,3.7061364577785665
2012-02-08T12:00:00Z,3.7631436640028837
2012-02-08T13:00:00Z,3.7278652421058895
2012-02-08T14:00:00Z,3.6037746705794365
2012-02-08T15:00:00Z,3.4843806503657944
2012-02-08T16:00:00Z,3.4103841651011475
2012-02-08T17:00:00Z,3.3749158022362917
2012-02-08T18:00:00Z,3.368562592443189
2012-02-08T19:00:00Z,3.367747486153679
2012-02-08T20:00:00Z,3.36684227502419
2012-02-08T21:00:00Z,3.363677864604315
2012-02-08T22:00:00Z,3.358807282868098
2012-02-08T23:00:00Z,3.3559276624246492
2012-02-09T00:00:00Z,3.347586722967555
2012-02-09T01:00:00Z,3.3291694352159467
2012-02-09T02:00:00Z,3.3043157117231177
2012-02-09T03:00:00Z,3.2782852207595066
2012-02-09T04:00:00Z,3.253675515611201
2012-02-09T05:00:00Z,3.2547745875016227
2012-02-09T06:00:00Z,3.2861977595298666
2012-02-09T07:00:00Z,3.2518172377985475
2012-02-09T08:00:00Z,3.313844281594753
2012-02-09T09:00:00Z,3.5732420482099547
2012-02-09T10:00:00Z,3.7789241862008636
2012-02-09T11:00:00Z,3.887526768256726
2012-02-09T12:00:00Z,3.9804251803362045
2012-02-09T13:00:00Z,3.9828298887122426
2012-02-09T14:00:00Z,3.9153538384596125
2012-02-09T15:00:00Z,3.8223985352456533
2012-02-09T16:00:00Z,3.7666516313336342
2012-02-09T17:00:00Z,3.714929711133517
2012-02-09T18:00:00Z,3.6817353477161845
2012-02-09T19:00:00Z,3.647110205270051
2012-02-09T20:00:00Z,3.611255261488787
2012-02-09T21:00:00Z,3.5963250071777217
2012-02-09T22:00:00Z,3.5917875781384385
2012-02-09T23:00:00Z,3.5416195430897988
2012-02-10T00:00:00Z,3.485738138305273
2012-02-10T01:00:00Z,3.4233397103033636
2012-02-10T02:00:00Z,3.35691697486198
2012-02-10T03:00:00Z,3.3189369651042644
2012-02-10T04:00:00Z,3.300571789939657
2012-02-10T05:00:00Z,3.2899091243368166
2012-02-10T06:00:00Z,3.288354510133362
2012-02-10T07:00:00Z,3.3130554380025394
2012-02-10T08:00:00Z,3.3595279603057504
2012-02-10T09:00:00Z,3.422310865823338
2012-02-10T10:00:00Z,3.4776090396735047
2012-02-10T11:00:00Z,3.4991759085956895
2012-02-10T12:00:00Z,3.497026717663808
2012-02-10T13:00:00Z,3.583054435195514
2012-02-10T14:00:00Z,3.6595769545401415
2012-02-10T15:00:00Z,3.6767641188211826
2012-02-10T16:00:00Z,3.680977989362015
2012-02-10T17:00:00Z,3.6703000468823266
2012-02-10T18:00:00Z,3.6271500550182436
2012-02-10T19:00:00Z,3.599115018820217
2012-02-10T20:00:00Z,3.5774261723881864
2012-02-10T21:00:00Z,3.54282158615228
2012-02-10T22:00:00Z,3.5034822252678106
2012-02-10T23:00:00Z,3.4764508340040514
2012-02-11T00:00:00Z,3.435074729192378
2012-02-11T01:00:00Z,3.364310270734849
2012-02-11T02:00:00Z,3.3360854395823876
2012-02-11T03:00:00Z,3.350631286111704
2012-02-11T04:00:00Z,3.349287414101981
2012-02-11T05:00:00Z,3.350989834135902
2012-02-11T06:00:00Z,3.3940280713163165
2012-02-11T07:00:00Z,3.447744350554621
2012-02-11T08:00:00Z,3.5016213798501625
2012-02-11T09:00:00Z,3.4938078768269576
2012-02-11T10:00:00Z,3.4879705947872597
2012-02-11T11:00:00Z,3.5175512496489736
2012-02-11T12:00:00Z,3.527556394153593
2012-02-11T13:00:00Z,3.5192313095271524
2012-02-11T14:00:00Z,3.4904004235517037
2012-02-11T15:00:00Z,3.413172021035994
2012-02-11T16:00:00Z,3.3251924608441716
2012-02-11T17:00:00Z,3.27254676559724
2012-02-11T18:00:00Z,3.2313486740274473
2012-02-11T19:00:00Z,3.1315
2012-02-11T20:00:00Z,3.1315
2012-02-11T21:00:00Z,3.1315
2012-02-11T22:00:00Z,3.1315
2012-02-11T23:00:00Z,3.1315
2012-02-12T00:00:00Z,3.1315
2012-02-12T01:00:00Z,3.1315
2012-02-12T02:00:00Z,3.1315
2012-02-12T03:00:00Z,3.1315
2012-02-12T04:00:00Z,3.1315
2012-02-12T05:00:00Z,3.1315
2012-02-12T06:00:00Z,3.1315
2012-02-12T07:00:00Z,3.1315
2012-02-12T08:00:00Z,3.2991808675955445
2012-02-12T09:00:00Z,3.432250993286751
2012-02-12T10:00:00Z,3.52408282691875
2012-02-12T11:00:00Z,3.576506866916024
2012-02-12T12:00:00Z,3.584695074836163
2012-02-12T13:00:00Z,3.5401181358279414
2012-02-12T14:00:00Z,3.439602383502213
2012-02-12T15:00:00Z,3.2593479222502677
2012-02-12T16:00:00Z,3.1315
2012-02-12T17:00:00Z,3.1315
2012-02-12T18:00:00Z,3.1315
2012-02-12T19:00:00Z,3.1315
2012-02-12T20:00:00Z,3.1315
2012-02-12T21:00:00Z,3.252070514318353
2012-02-12T22:00:00Z,3.286801364471266
2012-02-12T23:00:00Z,3.3146335009261687
2012-02-13T00:00:00Z,3.3243982058971864
2012-02-13T01:00:00Z,3.3214891811624954
2012-02-13T02:00:00Z,3.3535018205183142
2012-02-13T03:00:00Z,3.421656468531468
2012-02-13T04:00:00Z,3.4695177686064858
2012-02-13T05:00:00Z,3.5101583298304604
2012-02-13T06:00:00Z,3.5495480177959147
2012-02-13T07:00:00Z,3.5997356093916113
2012-02-13T08:00:00Z,3.678815824253284
2012-02-13T09:00:00Z,3.7528837223237543
2012-02-13T10:00:00Z,3.7926544948072802
2012-02-13T11:00:00Z,3.8419777321105406
2012-02-13T12:00:00Z,3.8804213135068184
2012-02-13T13:00:00Z,3.8702301869303244
2012-02-13T14:00:00Z,3.830112524461838
2012-02-13T15:00:00Z,3.794033015296079
2012-02-13T16:00:00Z,3.78509050252319
2012-02-13T17:00:00Z,3.784404362669568
2012-02-13T18:00:00Z,3.760432302611828
2012-02-13T19:00:00Z,3.7320859279563816
2012-02-13T20:00:00Z,3.7174654993322456
2012-02-13T21:00:00Z,3.725093677511452
2012-02-13T22:00:00Z,3.7271996905406577
2012-02-13T23:00:00Z,3.7137181653769766
2012-02-14T00:00:00Z,3.6909567728437973
2012-02-14T01:00:00Z,3.6630015206456865
2012-02-14T02:00:00Z,3.6127134287032736
2012-02-14T03:00:00Z,3.5762005367441314
2012-02-14T04:00:00Z,3.561456882090359
2012-02-14T05:00:00Z,3.5401181358279414
2012-02-14T06:00:00Z,3.5356215422829402
2012-02-14T07:00:00Z,3.5861318675026506
2012-02-14T08:00:00Z,3.6271500550182436
2012-02-14T09:00:00Z,3.652853518415911
2012-02-14T10:00:00Z,3.6922623434045674
2012-02-14T11:00:00Z,3.7246506095747844
2012-02-14T12:00:00Z,3.7702796255606037
2012-02-14T13:00:00Z,3.84835171587453
2012-02-14T14:00:00Z,3.8478788437317606
2012-02-14T15:00:00Z,3.5740576939538307
2012-02-14T16:00:00Z,3.391363205631514
2012-02-14T17:00:00Z,3.337151991474621
2012-02-14T18:00:00Z,3.2928496319663494
2012-02-14T19:00:00Z,3.2447414775670924
2012-02-14T20:00:00Z,3.1315
2012-02-14T21:00:00Z,3.1315
2012-02-14T22:00:00Z,3.1315
2012-02-14T23:00:00Z,3.1315
2012-02-15T00:00:00Z,3.2172394308316616
2012-02-15T01:00:00Z,3.2236147927014414
2012-02-15T02:00:00Z,3.2444893413111586
2012-02-15T03:00:00Z,3.25266164632563
2012-02-15T04:00:00Z,3.227934544517458
2012-02-15T05:00:00Z,3.215009881676547
2012-02-15T06:00:00Z,3.1315
2012-02-15T07:00:00Z,3.2436491700546375
2012-02-15T08:00:00Z,3.2901683696251713
2012-02-15T09:00:00Z,3.476257874725944
2012-02-15T10:00:00Z,3.7256476606882623
2012-02-15T11:00:00Z,3.992986930188077
2012-02-15T12:00:00Z,4.20448442534909
2012-02-15T13:00:00Z,4.284443836366125
2012-02-15T14:00:00Z,4.078270495539493
2012-02-15T15:00:00Z,3.7136080640379463
2012-02-15T16:00:00Z,3.489330881943281
2012-02-15T17:00:00Z,3.3920060658578857
2012-02-15T18:00:00Z,3.33368818864108
2012-02-15T19:00:00Z,3.29423521986114
2012-02-15T20:00:00Z,3.2624889305620663
2012-02-15T21:00:00Z,3.2381986453647675
2012-02-15T22:00:00Z,3.2274355208574903
2012-02-15T23:00:00Z,3.221542101743737
2012-02-16T00:00:00Z,3.2126186201590143
2012-02-16T01:00:00Z,3.1315
2012-02-16T02:00:00Z,3.1315
2012-02-16T03:00:00Z,3.1315
2012-02-16T04:00:00Z,3.1315
2012-02-16T05:00:00Z,3.1315
2012-02-16T06:00:00Z,3.1315
2012-02-16T07:00:00Z,3.2912922381628045
2012-02-16T08:00:00Z,3.453542872897713
2012-02-16T09:00:00Z,3.7062461165192144
2012-02-16T10:00:00Z,4.0182208962884545
2012-02-16T11:00:00Z,4.338309146953903
2012-02-16T12:00:00Z,4.486068333213948
2012-02-16T13:00:00Z,4.486550377878866
2012-02-16T14:00:00Z,4.27318936990414
2012-02-16T15:00:00Z,3.8701106098992786
2012-02-16T16:00:00Z,3.666539823785966
2012-02-16T17:00:00Z,3.6182443167046965
2012-02-16T18:00:00Z,3.5583205499687516
2012-02-16T19:00:00Z,3.497905612957274
2012-02-16T20:00:00Z,3.4413033325091344
2012-02-16T21:00:00Z,3.397342012476267
2012-02-16T22:00:00Z,3.363226291483189
2012-02-16T23:00:00Z,3.3578168561012247
2012-02-17T00:00:00Z,3.37864810918703
2012-02-17T01:00:00Z,3.4378087605664747
2012-02-17T02:00:00Z,3.453828549369951
2012-02-17T03:00:00Z,3.3990014110496056
2012-02-17T04:00:00Z,3.358987423238851
2012-02-17T05:00:00Z,3.4243691735695334
2012-02-17T06:00:00Z,3.5123236968286444
2012-02-17T07:00:00Z,3.62883133437627
2012-02-17T08:00:00Z,3.716362557484054
2012-02-17T09:00:00Z,3.789327202323332
2012-02-17T10:00:00Z,3.8690347490347485
2012-02-17T11:00:00Z,3.998212518752592
2012-02-17T12:00:00Z,4.174081109000631
2012-02-17T13:00:00Z,4.222484409236471
2012-02-17T14:00:00Z,4.134129839268625
2012-02-17T15:00:00Z,3.870947804320284
2012-02-17T16:00:00Z,3.611463499019718
2012-02-17T17:00:00Z,3.510551834309578
2012-02-17T18:00:00Z,3.5042663309553777
2012-02-17T19:00:00Z,3.4961482639276564
2012-02-17T20:00:00Z,3.4624208751416625
2012-02-17T21:00:00Z,3.422310865823338
2012-02-17T22:00:00Z,3.445184003520545
2012-02-17T23:00:00Z,3.4299953448889613
2012-02-18T00:00:00Z,3.4001085776330098
2012-02-18T01:00:00Z,3.370103314679293
2012-02-18T02:00:00Z,3.341514165288375
2012-02-18T03:00:00Z,3.343922688806428
2012-02-18T04:00:00Z,3.347407803313734
2012-02-18T05:00:00Z,3.3489292302756444
2012-02-18T06:00:00Z,3.3420490928495177
2012-02-18T07:00:00Z,3.3653949489521735
2012-02-18T08:00:00Z,3.446511116002642
2012-02-18T09:00:00Z,3.651788577592491
2012-02-18T10:00:00Z,4.003451802608027
2012-02-18T11:00:00Z,4.321545627048471
2012-02-18T12:00:00Z,4.538076950945587
2012-02-18T13:00:00Z,4.614477804383867
2012-02-18T14:00:00Z,4.39092789287342
2012-02-18T15:00:00Z,3.939241461727152
2012-02-18T16:00:00Z,3.6697624000234397
2012-02-18T17:00:00Z,3.5784481773511576
2012-02-18T18:00:00Z,3.5123236968286444
2012-02-18T19:00:00Z,3.458596791561975
2012-02-18T20:00:00Z,3.4133580401667705
2012-02-18T21:00:00Z,3.377919206083815
2012-02-18T22:00:00Z,3.371554694229114
2012-02-18T23:00:00Z,3.390904168922577
2012-02-19T00:00:00Z,3.3828454142810824
2012-02-19T01:00:00Z,3.358807282868098
2012-02-19T02:00:00Z,3.3852224204097063
2012-02-19T03:00:00Z,3.3936602546735277
2012-02-19T04:00:00Z,3.396420824295011
2012-02-19T05:00:00Z,3.390720589031454
2012-02-19T06:00:00Z,3.391455027887581
2012-02-19T07:00:00Z,3.4689412611814245
2012-02-19T08:00:00Z,3.548844061650046
2012-02-19T09:00:00Z,3.6370499419279905
2012-02-19T10:00:00Z,3.775507128432345
2012-02-19T11:00:00Z,3.9589127686472834
2012-02-19T12:00:00Z,4.084920427863294
2012-02-19T13:00:00Z,4.085586614044816
2012-02-19T14:00:00Z,3.959663653031546
2012-02-19T15:00:00Z,3.8078735370117056
2012-02-19T16:00:00Z,3.7195628934552807
2012-02-19T17:00:00Z,3.69454931571496
2012-02-19T18:00:00Z,3.6572262773722626
2012-02-19T19:00:00Z,3.594776868991244
2012-02-19T20:00:00Z,3.5066207552980035
2012-02-19T21:00:00Z,3.481185036962923
2012-02-19T22:00:00Z,3.483702302814549
2012-02-19T23:00:00Z,3.5046585154304593
2012-02-20T00:00:00Z,3.5212099063896796
2012-02-20T01:00:00Z,3.5132102989846863
2012-02-20T02:00:00Z,3.499664729548505
2012-02-20T03:00:00Z,3.5064244324384837
2012-02-20T04:00:00Z,3.5213088946362303
2012-02-20T05:00:00Z,3.5468342960697723
2012-02-20T06:00:00Z,3.5725286635103517
2012-02-20T07:00:00Z,3.6194989453000805
2012-02-20T08:00:00Z,3.721330956625071
2012-02-20T09:00:00Z,3.8385633733758264
2012-02-20T10:00:00Z,3.9230793322684736
2012-02-20T11:00:00Z,3.97612925753103
2012-02-20T12:00:00Z,3.9993614303959135
2012-02-20T13:00:00Z,3.9922233554309052
2012-02-20T14:00:00Z,3.938622142565167
2012-02-20T15:00:00Z,3.7925396633159716
2012-02-20T16:00:00Z,3.690521787808258
2012-02-20T17:00:00Z,3.6836842724385344
2012-02-20T18:00:00Z,3.649235251274582
2012-02-20T19:00:00Z,3.6174083807433495
2012-02-20T20:00:00Z,3.58890607988081
2012-02-20T21:00:00Z,3.597874479391067
2012-02-20T22:00:00Z,3.6119841979295852
2012-02-20T23:00:00Z,3.6205451339711554
2012-02-21T00:00:00Z,3.622534559546535
2012-02-21T01:00:00Z,3.62778035217794
2012-02-21T02:00:00Z,3.637261164992161
2012-02-21T03:00:00Z,3.643609285007855
2012-02-21T04:00:00Z,3.638951833129972
2012-02-21T05:00:00Z,3.624631055037908
2012-02-21T06:00:00Z,3.6137556978824095
2012-02-21T07:00:00Z,3.6329359900229137
2012-02-21T08:00:00Z,3.716362557484054
2012-02-21T09:00:00Z,3.924185463659146
2012-02-21T10:00:00Z,4.127998945425785
2012-02-21T11:00:00Z,4.187057093194277
2012-02-21T12:00:00Z,4.073495934959349
2012-02-21T13:00:00Z,3.948928121059265
2012-02-21T14:00:00Z,3.881864385769186
2012-02-21T15:00:00Z,3.826836123671022
2012-02-21T16:00:00Z,3.7784682211697973
2012-02-21T17:00:00Z,3.7469338917140282
2012-02-21T18:00:00Z,3.728198107030179
2012-02-21T19:00:00Z,3.7206677359947724
2012-02-21T20:00:00Z,3.7083308662442986
2012-02-21T21:00:00Z,3.6948762573375404
2012-02-21T22:00:00Z,3.6675060022252155
2012-02-21T23:00:00Z,3.5962217564812935
2012-02-22T00:00:00Z,3.476643814704821
2012-02-22T01:00:00Z,3.3641295590052116
2012-02-22T02:00:00Z,3.302834541858931
2012-02-22T03:00:00Z,3.2602811035918777
2012-02-22T04:00:00Z,3.1315
2012-02-22T05:00:00Z,3.1315
2012-02-22T06:00:00Z,3.1315
2012-02-22T07:00:00Z,3.216991550453295
2012-02-22T08:00:00Z,3.3112162626556336
2012-02-22T09:00:00Z,3.3805629773567594
2012-02-22T10:00:00Z,3.4277426593328397
2012-02-22T11:00:00Z,3.4468904788112296
2012-02-22T12:00:00Z,3.4414924306948382
2012-02-22T13:00:00Z,3.4093630919978213
2012-02-22T14:00:00Z,3.3425841917062504
2012-02-22T15:00:00Z,3.1315
2012-02-22T16:00:00Z,2.99064081749594
2012-02-22T17:00:00Z,2.950418089742081
2012-02-22T18:00:00Z,2.921447896258981
2012-02-22T19:00:00Z,2.900074087794035
2012-02-22T20:00:00Z,2.900947219713288
2012-02-22T21:00:00Z,2.8971897768012016
2012-02-22T22:00:00Z,2.8843142672929907
2012-02-22T23:00:00Z,2.8689219211653416
2012-02-23T00:00:00Z,2.861973633102566
2012-02-23T01:00:00Z,2.845718699593339
2012-02-23T02:00:00Z,2.8516140782224655
2012-02-23T03:00:00Z,2.851289522205277
2012-02-23T04:00:00Z,2.839525763380409
2012-02-23T05:00:00Z,2.8294556132821334
2012-02-23T06:00:00Z,2.858773050940297
2012-02-23T07:00:00Z,2.957803017780822
2012-02-23T08:00:00Z,3.1315
2012-02-23T09:00:00Z,3.311303796129853
2012-02-23T10:00:00Z,3.4435738831615117
2012-02-23T11:00:00Z,3.5342249308729747
2012-02-23T12:00:00Z,3.6051230392862275
2012-02-23T13:00:00Z,3.637261164992161
2012-02-23T14:00:00Z,3.5837720302128635
2012-02-23T15:00:00Z,3.318145695364238
2012-02-23T16:00:00Z,3.1315
2012-02-23T17:00:00Z,3.1315
2012-02-23T18:00:00Z,3.035281574101
2012-02-23T19:00:00Z,3.03285634730394
2012-02-23T20:00:00Z,3.024069916226069
2012-02-23T21:00:00Z,3.006648904250978
2012-02-23T22:00:00Z,2.9957190347499587
2012-02-23T23:00:00Z,2.9872886408623702
2012-02-24T00:00:00Z,3.012361117791352
2012-02-24T01:00:00Z,3.0196229689985996
2012-02-24T02:00:00Z,2.987716159809182
2012-02-24T03:00:00Z,2.9655058121641154
2012-02-24T04:00:00Z,2.966980908617176
2012-02-24T05:00:00Z,2.984441638274046
2012-02-24T06:00:00Z,3.1315
2012-02-24T07:00:00Z,3.1315
2012-02-24T08:00:00Z,3.2924168747535796
2012-02-24T09:00:00Z,3.4958555440819383
2012-02-24T10:00:00Z,3.790473884887733
2012-02-24T11:00:00Z,4.098151480451497
2012-02-24T12:00:00Z,4.287817067743809
2012-02-24T13:00:00Z,4.3336562413506785
2012-02-24T14:00:00Z,4.183840475633786
2012-02-24T15:00:00Z,3.7698257441237573
2012-02-24T16:00:00Z,3.4786714063541453
2012-02-24T17:00:00Z,3.402325076053892
2012-02-24T18:00:00Z,3.354579539367972
2012-02-24T19:00:00Z,3.307194719471947
2012-02-24T20:00:00Z,3.2625739067017445
2012-02-24T21:00:00Z,3.22527486675078
2012-02-24T22:00:00Z,3.1315
2012-02-24T23:00:00Z,3.1315
2012-02-25T00:00:00Z,3.1315
2012-02-25T01:00:00Z,3.1315
2012-02-25T02:00:00Z,3.263423911627545
2012-02-25T03:00:00Z,3.259602373269491
2012-02-25T04:00:00Z,3.2566362478225805
2012-02-25T05:00:00Z,3.279658576178882
2012-02-25T06:00:00Z,3.2922438037164534
2012-02-25T07:00:00Z,3.2978779421831366
2012-02-25T08:00:00Z,3.2969231174163665
2012-02-25T09:00:00Z,3.365123713832844
2012-02-25T10:00:00Z,3.5047565752658074
2012-02-25T11:00:00Z,3.6601116208397846
2012-02-25T12:00:00Z,3.7574994000479944
2012-02-25T13:00:00Z,3.7645008114443708
2012-02-25T14:00:00Z,3.696511833795665
2012-02-25T15:00:00Z,3.563787413224078
2012-02-25T16:00:00Z,3.3871447500067604
2012-02-25T17:00:00Z,3.3434764040145204
2012-02-25T18:00:00Z,3.359618066731038
2012-02-25T19:00:00Z,3.411220043572982
2012-02-25T20:00:00Z,3.447459679638905
2012-02-25T21:00:00Z,3.4555436012027894
2012-02-25T22:00:00Z,3.433379930378532
2012-02-25T23:00:00Z,3.402047855726661
2012-02-26T00:00:00Z,3.3707381394472695
2012-02-26T01:00:00Z,3.3424949966644406
2012-02-26T02:00:00Z,3.29987618219658
2012-02-26T03:00:00Z,3.3105161614292897
2012-02-26T04:00:00Z,3.322546419098144
2012-02-26T05:00:00Z,3.3348419903623454
2012-02-26T06:00:00Z,3.34383342231714
2012-02-26T07:00:00Z,3.3942120095382617
2012-02-26T08:00:00Z,3.4855441467011703
2012-02-26T09:00:00Z,3.5968413496051697
2012-02-26T10:00:00Z,3.684876298061366
2012-02-26T11:00:00Z,3.7912769756953915
2012-02-26T12:00:00Z,3.9219738242845525
2012-02-26T13:00:00Z,3.9900614786735855
2012-02-26T14:00:00Z,3.924923231183808
2012-02-26T15:00:00Z,3.718569096036811
2012-02-26T16:00:00Z,3.4652944919357074
2012-02-26T17:00:00Z,3.458596791561975
2012-02-26T18:00:00Z,3.490594956109796
2012-02-26T19:00:00Z,3.482152785499835
2012-02-26T20:00:00Z,3.4541142731083156
2012-02-26T21:00:00Z,3.4439525995985827
2012-02-26T22:00:00Z,3.4388469457789967
2012-02-26T23:00:00Z,3.4252119223407167
2012-02-27T00:00:00Z,3.371101003848536
2012-02-27T01:00:00Z,3.317266949152543
2012-02-27T02:00:00Z,3.3083302519676696
2012-02-27T03:00:00Z,3.289218003256132
2012-02-27T04:00:00Z,3.2483597417079446
2012-02-27T05:00:00Z,3.1315
2012-02-27T06:00:00Z,3.2522393872517212
2012-02-27T07:00:00Z,3.3781925078885613
2012-02-27T08:00:00Z,3.5966347948430815
2012-02-27T09:00:00Z,3.9206234936930717
2012-02-27T10:00:00Z,4.335306129512334
2012-02-27T11:00:00Z,4.663960978515848
2012-02-27T12:00:00Z,4.761108365958412
2012-02-27T13:00:00Z,4.702834616106628
2012-02-27T14:00:00Z,4.535940611986238
2012-02-27T15:00:00Z,4.1267749481105644
2012-02-27T16:00:00Z,3.7435744172145866
2012-02-27T17:00:00Z,3.6582943925233633
2012-02-27T18:00:00Z,3.620963778799177
2012-02-27T19:00:00Z,3.5994252873563206
2012-02-27T20:00:00Z,3.578039305301647
2012-02-27T21:00:00Z,3.546231810203272
2012-02-27T22:00:00Z,3.509764913558797
2012-02-27T23:00:00Z,3.4768368168318218
2012-02-28T00:00:00Z,3.4699983378580517
2012-02-28T01:00:00Z,3.4450892488792335
2012-02-28T02:00:00Z,3.441870689418297
2012-02-28T03:00:00Z,3.4012164657325967
2012-02-28T04:00:00Z,3.356557157403935
2012-02-28T05:00:00Z,3.350362425441998
2012-02-28T06:00:00Z,3.3526939857070213
2012-02-28T07:00:00Z,3.3784658539216723
2012-02-28T08:00:00Z,3.4150331252215187
2012-02-28T09:00:00Z,3.4653903613124535
2012-02-28T10:00:00Z,3.5247769929932202
2012-02-28T11:00:00Z,3.571102748317936
2012-02-28T12:00:00Z,3.6111511517283117
2012-02-28T13:00:00Z,3.7136080640379463
2012-02-28T14:00:00Z,3.744693572496264
2012-02-28T15:00:00Z,3.6020129403306993
2012-02-28T16:00:00Z,3.3013546992778444
2012-02-28T17:00:00Z,3.227269213923171
2012-02-28T18:00:00Z,3.22735236524786
2012-02-28T19:00:00Z,3.2561283111076453
2012-02-28T20:00:00Z,3.264784841139519
2012-02-28T21:00:00Z,3.2388684904587075
2012-02-28T22:00:00Z,3.2295990718061085
2012-02-28T23:00:00Z,3.240292831828648
2012-02-29T00:00:00Z,3.2730598379932077
2012-02-29T01:00:00Z,3.228683369419528
2012-02-29T02:00:00Z,3.1315
2012-02-29T03:00:00Z,3.1315
2012-02-29T04:00:00Z,3.227601844932874
2012-02-29T05:00:00Z,3.24104740219416
2012-02-29T06:00:00Z,3.2683626875407703
2012-02-29T07:00:00Z,3.3228108337533486
2012-02-29T08:00:00Z,3.393936109681092
2012-02-29T09:00:00Z,3.46031658333103
2012-02-29T10:00:00Z,3.5170574196265605
2012-02-29T11:00:00Z,3.5552906448682986
2012-02-29T12:00:00Z,3.607095548004377
2012-02-29T13:00:00Z,3.6198127384117456
2012-02-29T14:00:00Z,3.593951740165838
2012-02-29T15:00:00Z,3.497319633683272
2012-02-29T16:00:00Z,3.2817207681626464
2012-02-29T17:00:00Z,3.219968638338345
2012-02-29T18:00:00Z,3.1315
2012-02-29T19:00:00Z,3.1315
2012-02-29T20:00:00Z,3.1315
2012-02-29T21:00:00Z,3.1315
2012-02-29T22:00:00Z,3.1315
2012-02-29T23:00:00Z,3.1315
2012-03-01T00:00:00Z,3.1315
2012-03-01T01:00:00Z,3.048727060312514
2012-03-01T02:00:00Z,3.036164436687999
2012-03-01T03:00:00Z,3.0359436728956095
2012-03-01T04:00:00Z,3.0340317306527775
2012-03-01T05:00:00Z,3.032342403408541
2012-03-01T06:00:00Z,3.1315
2012-03-01T07:00:00Z,3.233183625006451
2012-03-01T08:00:00Z,3.4256802953644194
2012-03-01T09:00:00Z,3.551560860812611
2012-03-01T10:00:00Z,3.622639326720074
2012-03-01T11:00:00Z,3.675793056900549
2012-03-01T12:00:00Z,3.7217732350843824
2012-03-01T13:00:00Z,3.737319489199186
2012-03-01T14:00:00Z,3.686937069523754
2012-03-01T15:00:00Z,3.567949411798214
2012-03-01T16:00:00Z,3.4034344093033386
2012-03-01T17:00:00Z,3.347407803313734
2012-03-01T18:00:00Z,3.3454409486672714
2012-03-01T19:00:00Z,3.3319146672341335
2012-03-01T20:00:00Z,3.280775275013095
2012-03-01T21:00:00Z,3.1315
2012-03-01T22:00:00Z,3.1315
2012-03-01T23:00:00Z,3.1315
2012-03-02T00:00:00Z,3.2216249582058096
2012-03-02T01:00:00Z,3.271179358612767
2012-03-02T02:00:00Z,3.3725532430467657
2012-03-02T03:00:00Z,3.5192313095271524
2012-03-02T04:00:00Z,3.617721811460256
2012-03-02T05:00:00Z,3.618348835865735
2012-03-02T06:00:00Z,3.633779118679469
2012-03-02T07:00:00Z,3.694004541567136
2012-03-02T08:00:00Z,3.8076420342280457
2012-03-02T09:00:00Z,3.951045642368233
2012-03-02T10:00:00Z,4.018478714189472
2012-03-02T11:00:00Z,4.058712980364199
2012-03-02T12:00:00Z,4.0877198707698295
2012-03-02T13:00:00Z,4.077075806399113
2012-03-02T14:00:00Z,4.055033991583038
2012-03-02T15:00:00Z,3.9889179033182613
2012-03-02T16:00:00Z,3.9276307537940554
2012-03-02T17:00:00Z,3.890666252523684
2012-03-02T18:00:00Z,3.8635452330279763
2012-03-02T19:00:00Z,3.8572396378641383
2012-03-02T20:00:00Z,3.894052911368797
2012-03-02T21:00:00Z,3.9729764019284417
2012-03-02T22:00:00Z,4.04887351714775
2012-03-02T23:00:00Z,4.019381337440638
2012-03-03T00:00:00Z,3.973606572978457
2012-03-03T01:00:00Z,3.9460668493841164
2012-03-03T02:00:00Z,3.9398609756864706
2012-03-03T03:00:00Z,3.943830483926825
2012-03-03T04:00:00Z,3.866049382716052
2012-03-03T05:00:00Z,3.855102794534037
2012-03-03T06:00:00Z,3.861520438991308
2012-03-03T07:00:00Z,3.9206234936930717
2012-03-03T08:00:00Z,3.995661743596288
2012-03-03T09:00:00Z,4.203919989260304
2012-03-03T10:00:00Z,4.374672580588833
2012-03-03T11:00:00Z,4.581565471836141
2012-03-03T12:00:00Z,4.520552888953047
2012-03-03T13:00:00Z,4.343122637911305
2012-03-03T14:00:00Z,4.162153181591623
2012-03-03T15:00:00Z,3.942589153630667
2012-03-03T16:00:00Z,3.8215822070354224
2012-03-03T17:00:00Z,3.7323083340782475
2012-03-03T18:00:00Z,3.7012085217031565
2012-03-03T19:00:00Z,3.7067945075757605
2012-03-03T20:00:00Z,3.712177340485434
2012-03-03T21:00:00Z,3.702740252446125
2012-03-03T22:00:00Z,3.6960755385069355
2012-03-03T23:00:00Z,3.691827050605679
2012-03-04T00:00:00Z,3.685960627372509
2012-03-04T01:00:00Z,3.6726675658241956
2012-03-04T02:00:00Z,3.6651451310861436
2012-03-04T03:00:00Z,3.6589355611380516
2012-03-04T04:00:00Z,3.6391632771644375
2012-03-04T05:00:00Z,3.6249457386774697
2012-03-04T06:00:00Z,3.6329359900229137
2012-03-04T07:00:00Z,3.6537059183852034
2012-03-04T08:00:00Z,3.714599211174045
2012-03-04T09:00:00Z,3.8156451809431
2012-03-04T10:00:00Z,3.8942950411938413
2012-03-04T11:00:00Z,3.944203035455635
2012-03-04T12:00:00Z,3.956536845762659
2012-03-04T13:00:00Z,3.93961314672118
2012-03-04T14:00:00Z,3.8895789342938754
2012-03-04T15:00:00Z,3.797713973865324
2012-03-04T16:00:00Z,3.6779516692603558
2012-03-04T17:00:00Z,3.610942950214763
2012-03-04T18:00:00Z,3.5504535147392313
2012-03-04T19:00:00Z,3.458596791561975
2012-03-04T20:00:00Z,3.380015650719121
2012-03-04T21:00:00Z,3.3424949966644406
2012-03-04T22:00:00Z,3.3351083657276748
2012-03-04T23:00:00Z,3.3345756575444554
2012-03-05T00:00:00Z,3.3074566962399645
2012-03-05T01:00:00Z,3.2689597578161713
2012-03-05T02:00:00Z,3.249202355321523
2012-03-05T03:00:00Z,3.2480228186179176
2012-03-05T04:00:00Z,3.241718426501036
2012-03-05T05:00:00Z,3.242641538740323
2012-03-05T06:00:00Z,3.2757132770208446
2012-03-05T07:00:00Z,3.3746430303356862
2012-03-05T08:00:00Z,3.5668318241357713
2012-03-05T09:00:00Z,3.7678979665503514
2012-03-05T10:00:00Z,3.9256612761689835
2012-03-05T11:00:00Z,3.9749936532114747
2012-03-05T12:00:00Z,3.9499243188698294
2012-03-05T13:00:00Z,3.8935687420347525
2012-03-05T14:00:00Z,3.858190106573029
2012-03-05T15:00:00Z,3.8332772286317565
2012-03-05T16:00:00Z,3.805675396487818
2012-03-05T17:00:00Z,3.7665383690161205
2012-03-05T18:00:00Z,3.730640934000474
2012-03-05T19:00:00Z,3.713938387641951
2012-03-05T20:00:00Z,3.7136080640379463
2012-03-05T21:00:00Z,3.744805524828842
2012-03-05T22:00:00Z,3.8151803118908387
2012-03-05T23:00:00Z,3.8461066077130943
2012-03-06T00:00:00Z,3.8666460873591624
2012-03-06T01:00:00Z,3.8444539930022716
2012-03-06T02:00:00Z,3.8505994466646203
2012-03-06T03:00:00Z,3.851901965005073
2012-03-06T04:00:00Z,3.8579524454847824
2012-03-06T05:00:00Z,3.8430385960606253
2012-03-06T06:00:00Z,3.8731022541046958
2012-03-06T07:00:00Z,3.914008061744213
2012-03-06T08:00:00Z,4.076412392606091
2012-03-06T09:00:00Z,4.34101542193727
2012-03-06T10:00:00Z,4.485104554568892
2012-03-06T11:00:00Z,4.913698415189075
2012-03-06T12:00:00Z,5.05896607431341
2012-03-06T13:00:00Z,4.83181607776578
2012-03-06T14:00:00Z,4.467189728958627
2012-03-06T15:00:00Z,4.2533106960950775
2012-03-06T16:00:00Z,4.040645161290322
2012-03-06T17:00:00Z,3.876338429163827
2012-03-06T18:00:00Z,3.7921952105597763
2012-03-06T19:00:00Z,3.7747107039537093
2012-03-06T20:00:00Z,3.7463735606400475
2012-03-06T21:00:00Z,3.7141586360266836
2012-03-06T22:00:00Z,3.689434773644367
2012-03-06T23:00:00Z,3.654878618113913
2012-03-07T00:00:00Z,3.604915532276166
2012-03-07T01:00:00Z,3.5773240039982874
2012-03-07T02:00:00Z,3.5792662018516417
2012-03-07T03:00:00Z,3.605849501986297
2012-03-07T04:00:00Z,3.6582943925233633
2012-03-07T05:00:00Z,3.7063557817493202
2012-03-07T06:00:00Z,3.749850317327266
2012-03-07T07:00:00Z,3.7741420350115975
2012-03-07T08:00:00Z,3.7535584789188237
2012-03-07T09:00:00Z,3.7572739816425673
2012-03-07T10:00:00Z,3.83480284104825
2012-03-07T11:00:00Z,3.982323392891205
2012-03-07T12:00:00Z,4.008961433829412
2012-03-07T13:00:00Z,3.968067919029365
2012-03-07T14:00:00Z,3.902788596354569
2012-03-07T15:00:00Z,3.799787653571973
2012-03-07T16:00:00Z,3.678707782672539
2012-03-07T17:00:00Z,3.5880836436551102
2012-03-07T18:00:00Z,3.467116917626219
2012-03-07T19:00:00Z,3.378830384117393
2012-03-07T20:00:00Z,3.3293464104404227
2012-03-07T21:00:00Z,3.305100398427399
2012-03-07T22:00:00Z,3.288613510462338
2012-03-07T23:00:00Z,3.3358189081225023
2012-03-08T00:00:00Z,3.3529632207291606
2012-03-08T01:00:00Z,3.3873279428865044
2012-03-08T02:00:00Z,3.445184003520545
2012-03-08T03:00:00Z,3.448883504501774
2012-03-08T04:00:00Z,3.438091839815552
2012-03-08T05:00:00Z,3.449548358669309
2012-03-08T06:00:00Z,3.4627080223364866
2012-03-08T07:00:00Z,3.4975149382922854
2012-03-08T08:00:00Z,3.706026805526793
2012-03-08T09:00:00Z,3.9191514658490014
2012-03-08T10:00:00Z,4.05031365194335
2012-03-08T11:00:00Z,4.1175503763847345
2012-03-08T12:00:00Z,4.143840148206959
2012-03-08T13:00:00Z,4.116603128697252
2012-03-08T14:00:00Z,4.033878655159085
2012-03-08T15:00:00Z,3.9069274196063777
2012-03-08T16:00:00Z,3.751422581611262
2012-03-08T17:00:00Z,3.650937071905328
2012-03-08T18:00:00Z,3.5877753272420003
2012-03-08T19:00:00Z,3.5314350155060583
2012-03-08T20:00:00Z,3.4753898229842983
2012-03-08T21:00:00Z,3.426711167040545
2012-03-08T22:00:00Z,3.402694773443441
2012-03-08T23:00:00Z,3.4007547579616078
2012-03-09T00:00:00Z,3.4394134929569744
2012-03-09T01:00:00Z,3.505933721450962
2012-03-09T02:00:00Z,3.5431222244222544
2012-03-09T03:00:00Z,3.542120295223821
2012-03-09T04:00:00Z,3.5183416661985305
2012-03-09T05:00:00Z,3.4865143207058735
2012-03-09T06:00:00Z,3.4981009830205547
2012-03-09T07:00:00Z,3.5591293970563145
2012-03-09T08:00:00Z,3.666110574530983
2012-03-09T09:00:00Z,3.8141347705611874
2012-03-09T10:00:00Z,3.826602309525266
2012-03-09T11:00:00Z,3.7789241862008636
2012-03-09T12:00:00Z,3.752321610448744
2012-03-09T13:00:00Z,3.731307715221925
2012-03-09T14:00:00Z,3.680437209848975
2012-03-09T15:00:00Z,3.576813249571675
2012-03-09T16:00:00Z,3.458978819760857
2012-03-09T17:00:00Z,3.407786272002611
2012-03-09T18:00:00Z,3.4221238696281713
2012-03-09T19:00:00Z,3.424181952379649
2012-03-09T20:00:00Z,3.399831718372552
2012-03-09T21:00:00Z,3.390169968604527
2012-03-09T22:00:00Z,3.345262258305735
2012-03-09T23:00:00Z,3.257483161261802
2012-03-10T00:00:00Z,3.1315
2012-03-10T01:00:00Z,3.1315
2012-03-10T02:00:00Z,3.1315
2012-03-10T03:00:00Z,3.1315
2012-03-10T04:00:00Z,3.1315
2012-03-10T05:00:00Z,3.222122186495177
2012-03-10T06:00:00Z,3.2712647880703036
2012-03-10T07:00:00Z,3.2972702624443935
2012-03-10T08:00:00Z,3.317266949152543
2012-03-10T09:00:00Z,3.3476761899671295
2012-03-10T10:00:00Z,3.396420824295011
2012-03-10T11:00:00Z,3.4613684094174872
2012-03-10T12:00:00Z,3.5175512496489736
2012-03-10T13:00:00Z,3.5454288140390617
2012-03-10T14:00:00Z,3.550856106134481
2012-03-10T15:00:00Z,3.511831333408096
2012-03-10T16:00:00Z,3.298138444930094
2012-03-10T17:00:00Z,3.1315
2012-03-10T18:00:00Z,3.1315
2012-03-10T19:00:00Z,3.1315
2012-03-10T20:00:00Z,3.1315
2012-03-10T21:00:00Z,3.1315
2012-03-10T22:00:00Z,3.0269199168720693
2012-03-10T23:00:00Z,2.9962923095323517
2012-03-11T00:00:00Z,2.994716331556172
2012-03-11T01:00:00Z,3.1315
2012-03-11T02:00:00Z,3.1315
2012-03-11T03:00:00Z,3.1315
2012-03-11T04:00:00Z,3.1315
2012-03-11T05:00:00Z,3.1315
2012-03-11T06:00:00Z,3.1315
2012-03-11T07:00:00Z,3.1315
2012-03-11T08:00:00Z,3.368019144416662
2012-03-11T09:00:00Z,3.505246956765075
2012-03-11T10:00:00Z,3.6033599907945453
2012-03-11T11:00:00Z,3.760545197994533
2012-03-11T12:00:00Z,3.8789793137619255
2012-03-11T13:00:00Z,3.913763474457116
2012-03-11T14:00:00Z,3.859022151021288
2012-03-11T15:00:00Z,3.7534460026369394
2012-03-11T16:00:00Z,3.6391632771644375
2012-03-11T17:00:00Z,3.5693728093921844
2012-03-11T18:00:00Z,3.554281822825036
2012-03-11T19:00:00Z,3.5382181797638563
2012-03-11T20:00:00Z,3.5285501000028145
2012-03-11T21:00:00Z,3.5214078884484525
2012-03-11T22:00:00Z,3.510551834309578
2012-03-11T23:00:00Z,3.48670842032011
2012-03-12T00:00:00Z,3.4526861269605007
2012-03-12T01:00:00Z,3.432062909280213
2012-03-12T02:00:00Z,3.4624208751416625
2012-03-12T03:00:00Z,3.5243802931825217
2012-03-12T04:00:00Z,3.46817288257607
2012-03-12T05:00:00Z,3.3873279428865044
2012-03-12T06:00:00Z,3.423901158976601
2012-03-12T07:00:00Z,3.5741596758545917
2012-03-12T08:00:00Z,3.747606510292008
2012-03-12T09:00:00Z,3.882947394525557
2012-03-12T10:00:00Z,4.034918180646826
2012-03-12T11:00:00Z,4.098687870161319
2012-03-12T12:00:00Z,4.075086212505693
2012-03-12T13:00:00Z,4.039732963524364
2012-03-12T14:00:00Z,4.006012536778812
2012-03-12T15:00:00Z,3.9328100470957583
2012-03-12T16:00:00Z,3.819950596200177
2012-03-12T17:00:00Z,3.7424559306841916
2012-03-12T18:00:00Z,3.6954212886476263
2012-03-12T19:00:00Z,3.655838659778772
2012-03-12T20:00:00Z,3.6276752874395437
2012-03-12T21:00:00Z,3.6126092348513246
2012-03-12T22:00:00Z,3.599632162767975
2012-03-12T23:00:00Z,3.6067839557718346
2012-03-13T00:00:00Z,3.607926723889623
2012-03-13T01:00:00Z,3.575996345780516
2012-03-13T02:00:00Z,3.523091635259045
2012-03-13T03:00:00Z,3.486999610266686
2012-03-13T04:00:00Z,3.4620380862883846
2012-03-13T05:00:00Z,3.4522103406460154
2012-03-13T06:00:00Z,3.5107486196362028
2012-03-13T07:00:00Z,3.616886116886116
2012-03-13T08:00:00Z,3.7035065933416114
2012-03-13T09:00:00Z,3.7477186368668276
2012-03-13T10:00:00Z,3.7896711342389495
2012-03-13T11:00:00Z,3.8261347669375034
2012-03-13T12:00:00Z,3.8366821857387863
2012-03-13T13:00:00Z,3.8040573372206024
2012-03-13T14:00:00Z,3.7105278748741055
2012-03-13T15:00:00Z,3.6210684551341363
2012-03-13T16:00:00Z,3.5619632599670137
2012-03-13T17:00:00Z,3.5233889342071962
2012-03-13T18:00:00Z,3.4926388579076533
2012-03-13T19:00:00Z,3.4689412611814245
2012-03-13T20:00:00Z,3.456115663714373
2012-03-13T21:00:00Z,3.4534476579085203
2012-03-13T22:00:00Z,3.4759684759684757
2012-03-13T23:00:00Z,3.5358211483091524
2012-03-14T00:00:00Z,3.590552083930514
2012-03-14T01:00:00Z,3.5816201069396376
2012-03-14T02:00:00Z,3.5507554497264517
2012-03-14T03:00:00Z,3.5306387056767563
2012-03-14T04:00:00Z,3.5238845439711928
2012-03-14T05:00:00Z,3.5174524725506173
2012-03-14T06:00:00Z,3.5516615628898744
2012-03-14T07:00:00Z,3.638846120326525
2012-03-14T08:00:00Z,3.782918579366994
2012-03-14T09:00:00Z,3.9469372321653653
2012-03-14T10:00:00Z,4.0281708258296876
2012-03-14T11:00:00Z,4.00306797481704
2012-03-14T12:00:00Z,3.9619180161943337
2012-03-14T13:00:00Z,3.896233164328595
2012-03-14T14:00:00Z,3.759190900633231
2012-03-14T15:00:00Z,3.778582202111616
2012-03-14T16:00:00Z,3.940480684535043
2012-03-14T17:00:00Z,3.863187762151495
2012-03-14T18:00:00Z,3.783489896396529
2012-03-14T19:00:00Z,3.7278652421058895
2012-03-14T20:00:00Z,3.689760810651587
2012-03-14T21:00:00Z,3.670192504907847
2012-03-14T22:00:00Z,3.6424438047049916
2012-03-14T23:00:00Z,3.6205451339711554
2012-03-15T00:00:00Z,3.6093822037805428
2012-03-15T01:00:00Z,3.597874479391067
2012-03-15T02:00:00Z,3.5854133272269313
2012-03-15T03:00:00Z,3.566527148999176
2012-03-15T04:00:00Z,3.5529712097574815
2012-03-15T05:00:00Z,3.530738224765343
2012-03-15T06:00:00Z,3.5652074913189487
2012-03-15T07:00:00Z,3.669547385381574
2012-03-15T08:00:00Z,3.8078735370117056
2012-03-15T09:00:00Z,3.8690347490347485
2012-03-15T10:00:00Z,3.9076587115894545
2012-03-15T11:00:00Z,3.919764676430089
2012-03-15T12:00:00Z,3.913274391577367
2012-03-15T13:00:00Z,3.870947804320284
2012-03-15T14:00:00Z,3.770166144955455
2012-03-15T15:00:00Z,3.620963778799177
2012-03-15T16:00:00Z,3.508781758592676
2012-03-15T17:00:00Z,3.459456473707465
2012-03-15T18:00:00Z,3.4720181833300994
2012-03-15T19:00:00Z,3.5477384088141144
2012-03-15T20:00:00Z,3.661930655440564
2012-03-15T21:00:00Z,3.7775566211285025
2012-03-15T22:00:00Z,3.82321521228215
2012-03-15T23:00:00Z,3.8178548568990185
2012-03-16T00:00:00Z,3.843982078193087
2012-03-16T01:00:00Z,3.8206496873570197
2012-03-16T02:00:00Z,3.819950596200177
2012-03-16T03:00:00Z,3.79667798254122
2012-03-16T04:00:00Z,3.777214884506365
2012-03-16T05:00:00Z,3.759303721488596
2012-03-16T06:00:00Z,3.797023250174303
2012-03-16T07:00:00Z,3.9190288467555234
2012-03-16T08:00:00Z,4.07973162231704
2012-03-16T09:00:00Z,4.125551676437649
2012-03-16T10:00:00Z,4.128134989948255
2012-03-16T11:00:00Z,4.113899106673676
2012-03-16T12:00:00Z,4.114709940214176
2012-03-16T13:00:00Z,4.124600744179916
2012-03-16T14:00:00Z,4.086786296900492
2012-03-16T15:00:00Z,3.966434452184929
2012-03-16T16:00:00Z,3.7975988357991772
2012-03-16T17:00:00Z,3.6401150794803985
2012-03-16T18:00:00Z,3.573751783166903
2012-03-16T19:00:00Z,3.517748820489777
2012-03-16T20:00:00Z,3.46031658333103
2012-03-16T21:00:00Z,3.414474580891372
2012-03-16T22:00:00Z,3.3816581625766045
2012-03-16T23:00:00Z,3.3534120418707993
2012-03-17T00:00:00Z,3.337507660334123
2012-03-17T01:00:00Z,3.337329816428208
2012-03-17T02:00:00Z,3.335641244141455
2012-03-17T03:00:00Z,3.3442798024295834
2012-03-17T04:00:00Z,3.354579539367972
2012-03-17T05:00:00Z,3.3796508647438155
2012-03-17T06:00:00Z,3.4388469457789967
2012-03-17T07:00:00Z,3.522596248488425
2012-03-17T08:00:00Z,3.624631055037908
2012-03-17T09:00:00Z,3.750187120146102
2012-03-17T10:00:00Z,3.804288404300554
2012-03-17T11:00:00Z,3.8326907777981742
2012-03-17T12:00:00Z,3.839151622889017
2012-03-17T13:00:00Z,3.844336003437372
2012-03-17T14:00:00Z,3.8249664101624536
2012-03-17T15:00:00Z,3.7494013409961666
2012-03-17T16:00:00Z,3.6421260758315888
2012-03-17T17:00:00Z,3.5505541540293093
2012-03-17T18:00:00Z,3.5162675799343126
2012-03-17T19:00:00Z,3.4894280859124724
2012-03-17T20:00:00Z,3.462803748652309
2012-03-17T21:00:00Z,3.4346037839319963
2012-03-17T22:00:00Z,3.419508066937842
2012-03-17T23:00:00Z,3.396420824295011
2012-03-18T00:00:00Z,3.343654903635685
2012-03-18T01:00:00Z,3.3091168467492658
2012-03-18T02:00:00Z,3.2989202001580167
2012-03-18T03:00:00Z,3.2912922381628045
2012-03-18T04:00:00Z,3.295361868932675
2012-03-18T05:00:00Z,3.3043157117231177
2012-03-18T06:00:00Z,3.359978540772534
2012-03-18T07:00:00Z,3.492931039290595
2012-03-18T08:00:00Z,3.682493017786272
2012-03-18T09:00:00Z,3.8351550779216796
2012-03-18T10:00:00Z,3.9108308095788193
2012-03-18T11:00:00Z,3.9281234320120446
2012-03-18T12:00:00Z,3.921851028523119
2012-03-18T13:00:00Z,3.9083902773877526
2012-03-18T14:00:00Z,3.8817440887539116
2012-03-18T15:00:00Z,3.806716304512995
2012-03-18T16:00:00Z,3.564395879574299
2012-03-18T17:00:00Z,3.322987133572092
2012-03-18T18:00:00Z,3.2588391393709175
2012-03-18T19:00:00Z,3.2132779231440125
2012-03-18T20:00:00Z,3.1315
2012-03-18T21:00:00Z,3.1315
2012-03-18T22:00:00Z,3.1315
2012-03-18T23:00:00Z,3.0346197640332395
2012-03-19T00:00:00Z,3.0232670399691046
2012-03-19T01:00:00Z,3.0064324116743477
2012-03-19T02:00:00Z,2.9852951690936385
2012-03-19T03:00:00Z,3.032709488414885
2012-03-19T04:00:00Z,3.1315
2012-03-19T05:00:00Z,3.1315
2012-03-19T06:00:00Z,3.2216249582058096
2012-03-19T07:00:00Z,3.376826440933844
2012-03-19T08:00:00Z,3.6060571165361592
2012-03-19T09:00:00Z,3.80926314509017
2012-03-19T10:00:00Z,3.990951379595995
2012-03-19T11:00:00Z,4.10473194389828
2012-03-19T12:00:00Z,4.211977537913181
2012-03-19T13:00:00Z,4.240495615965336
2012-03-19T14:00:00Z,4.192803347280335
2012-03-19T15:00:00Z,4.07973162231704
2012-03-19T16:00:00Z,4.003707728696541
2012-03-19T17:00:00Z,3.9545382794001562
2012-03-19T18:00:00Z,3.9250462194090168
2012-03-19T19:00:00Z,3.904491755244535
2012-03-19T20:00:00Z,3.8824659827046486
2012-03-19T21:00:00Z,3.860806312415236
2012-03-19T22:00:00Z,3.8396223523281128
2012-03-19T23:00:00Z,3.7933436298113303
2012-03-20T00:00:00Z,3.76156156156156
2012-03-20T01:00:00Z,3.7385464855991644
2012-03-20T02:00:00Z,3.7616745247605055
2012-03-20T03:00:00Z,3.7841757046614903
2012-03-20T04:00:00Z,3.7990961754268895
2012-03-20T05:00:00Z,3.829995413545331
2012-03-20T06:00:00Z,3.919274092615772
2012-03-20T07:00:00Z,4.067543432375383
2012-03-20T08:00:00Z,4.28459038823328
2012-03-20T09:00:00Z,4.498796825054768
2012-03-20T10:00:00Z,4.670917701458029
2012-03-20T11:00:00Z,4.776176313581941
2012-03-20T12:00:00Z,4.7812810138178525
2012-03-20T13:00:00Z,4.764911746804623
2012-03-20T14:00:00Z,4.706014952849679
2012-03-20T15:00:00Z,4.574705087469417
2012-03-20T16:00:00Z,4.3102439695812285
2012-03-20T17:00:00Z,4.050706593797496
2012-03-20T18:00:00Z,3.9649278298303385
2012-03-20T19:00:00Z,3.918661035507589
2012-03-20T20:00:00Z,3.899386732247923
2012-03-20T21:00:00Z,3.8783787967922683
2012-03-20T22:00:00Z,3.8591410438104594
2012-03-20T23:00:00Z,3.842213429035919
2012-03-21T00:00:00Z,3.832104506378681
2012-03-21T01:00:00Z,3.8068319961098958
2012-03-21T02:00:00Z,3.7839470742832964
2012-03-21T03:00:00Z,3.776190045521691
2012-03-21T04:00:00Z,3.74301509039295
2012-03-21T05:00:00Z,3.728642019408228
2012-03-21T06:00:00Z,3.7433506664275904
2012-03-21T07:00:00Z,3.7978291189133433
2012-03-21T08:00:00Z,3.90887814011546
2012-03-21T09:00:00Z,4.072436439300347
2012-03-21T10:00:00Z,4.231042053707141
2012-03-21T11:00:00Z,4.316184831673613
2012-03-21T12:00:00Z,4.416161331264987
2012-03-21T13:00:00Z,4.5308543731462025
2012-03-21T14:00:00Z,4.569865012769058
2012-03-21T15:00:00Z,4.464642144282865
2012-03-21T16:00:00Z,4.198565395186699
2012-03-21T17:00:00Z,3.9917144678138943
2012-03-21T18:00:00Z,3.9678165288732594
2012-03-21T19:00:00Z,3.881022463206819
2012-03-21T20:00:00Z,3.813902505861216
2012-03-21T21:00:00Z,3.7993266401771364
2012-03-21T22:00:00Z,3.788524937241026
2012-03-21T23:00:00Z,3.7800645803784287
2012-03-22T00:00:00Z,3.774824458306965
2012-03-22T01:00:00Z,3.760771009097185
2012-03-22T02:00:00Z,3.753333533095617
2012-03-22T03:00:00Z,3.732864465371321
2012-03-22T04:00:00Z,3.7058075204875607
2012-03-22T05:00:00Z,3.697712177121771
2012-03-22T06:00:00Z,3.7435744172145866
2012-03-22T07:00:00Z,3.8017482092995043
2012-03-22T08:00:00Z,3.8490612420489803
2012-03-22T09:00:00Z,4.0312821833161685
2012-03-22T10:00:00Z,4.221630548346871
2012-03-22T11:00:00Z,4.299739118495125
2012-03-22T12:00:00Z,4.262574014836994
2012-03-22T13:00:00Z,4.141647930167963
2012-03-22T14:00:00Z,4.121072544826454
2012-03-22T15:00:00Z,4.147407456459837
2012-03-22T16:00:00Z,3.99808490264922
2012-03-22T17:00:00Z,3.691827050605679
2012-03-22T18:00:00Z,3.6221155514429477
2012-03-22T19:00:00Z,3.598598023442887
2012-03-22T20:00:00Z,3.5613556237916497
2012-03-22T21:00:00Z,3.550856106134481
2012-03-22T22:00:00Z,3.505933721450962
2012-03-22T23:00:00Z,3.451449355229805
2012-03-23T00:00:00Z,3.4218434136480362
2012-03-23T01:00:00Z,3.412149278125853
2012-03-23T02:00:00Z,3.3866868544854816
2012-03-23T03:00:00Z,3.367838034038664
2012-03-23T04:00:00Z,3.3498248335249934
2012-03-23T05:00:00Z,3.3713732034235884
2012-03-23T06:00:00Z,3.474040381628579
2012-03-23T07:00:00Z,3.577221841443909
2012-03-23T08:00:00Z,3.6941134835437044
2012-03-23T09:00:00Z,3.786120178938459
2012-03-23T10:00:00Z,3.8404464066715738
2012-03-23T11:00:00Z,3.866884820794619
2012-03-23T12:00:00Z,3.934539515014447
2012-03-23T13:00:00Z,4.039993549427512
2012-03-23T14:00:00Z,4.050968597393358
2012-03-23T15:00:00Z,3.964802329629979
2012-03-23T16:00:00Z,3.7132777991877384
2012-03-23T17:00:00Z,3.4724994455533373
2012-03-23T18:00:00Z,3.400662431449204
2012-03-23T19:00:00Z,3.337151991474621
2012-03-23T20:00:00Z,3.2766558543475974
2012-03-23T21:00:00Z,3.2435651768605314
2012-03-23T22:00:00Z,3.2216249582058096
2012-03-23T23:00:00Z,3.211959587671163
2012-03-24T00:00:00Z,3.249286640726328
2012-03-24T01:00:00Z,3.2766558543475974
2012-03-24T02:00:00Z,3.2957954007262034
2012-03-24T03:00:00Z,3.2714356603724317
2012-03-24T04:00:00Z,3.219720337240387
2012-03-24T05:00:00Z,3.25088889465625
2012-03-24T06:00:00Z,3.3417816076621394
2012-03-24T07:00:00Z,3.4940027894002763
2012-03-24T08:00:00Z,3.6420201785247026
2012-03-24T09:00:00Z,3.7076722708974668
2012-03-24T10:00:00Z,3.752209208279665
2012-03-24T11:00:00Z,3.7832613488779505
2012-03-24T12:00:00Z,3.8168078493509676
2012-03-24T13:00:00Z,3.845044049482764
2012-03-24T14:00:00Z,3.8409174536980224
2012-03-24T15:00:00Z,3.7915064927202855
2012-03-24T16:00:00Z,3.6820600252799895
2012-03-24T17:00:00Z,3.4984917886269713
2012-03-24T18:00:00Z,3.3828454142810824
2012-03-24T19:00:00Z,3.3251041915531845
2012-03-24T20:00:00Z,3.2924168747535796
2012-03-24T21:00:00Z,3.2571443430324782
2012-03-24T22:00:00Z,3.235689191981815
2012-03-24T23:00:00Z,3.2940619576079513
2012-03-25T00:00:00Z,3.3307628898875183
2012-03-25T01:00:00Z,3.3557478500817104
2012-03-25T02:00:00Z,3.3135812919951304
2012-03-25T03:00:00Z,3.325457296838083
2012-03-25T04:00:00Z,3.3330672414251863
2012-03-25T05:00:00Z,3.3727348609278645
2012-03-25T06:00:00Z,3.450973909689503
2012-03-25T07:00:00Z,3.575690103051582
2012-03-25T08:00:00Z,3.734979276619855
2012-03-25T09:00:00Z,3.8463428115212213
2012-03-25T10:00:00Z,3.897324206596143
2012-03-25T11:00:00Z,3.9200100143956926
2012-03-25T12:00:00Z,3.9268919681484697
2012-03-25T13:00:00Z,3.9080244602520877
2012-03-25T14:00:00Z,3.8871648460774586
2012-03-25T15:00:00Z,3.822281895578406
2012-03-25T16:00:00Z,3.704492355011387
2012-03-25T17:00:00Z,3.5451277842243765
2012-03-25T18:00:00Z,3.4827336929322126
2012-03-25T19:00:00Z,3.4025099147063593
2012-03-25T20:00:00Z,3.301702778217092
2012-03-25T21:00:00Z,3.218396711202465
2012-03-25T22:00:00Z,3.1315
2012-03-25T23:00:00Z,3.2203825586178514
2012-03-26T00:00:00Z,3.25833051530838
2012-03-26T01:00:00Z,3.3532324989961166
2012-03-26T02:00:00Z,3.3950399783168463
2012-03-26T03:00:00Z,3.423433272294952
2012-03-26T04:00:00Z,3.4803145230752146
2012-03-26T05:00:00Z,3.537618617261634
2012-03-26T06:00:00Z,3.6132344881299243
2012-03-26T07:00:00Z,3.680329073013072
2012-03-26T08:00:00Z,3.735981865903123
2012-03-26T09:00:00Z,3.7706201083684494
2012-03-26T10:00:00Z,3.8074105595914767
2012-03-26T11:00:00Z,3.8284736230820933
2012-03-26T12:00:00Z,3.8470515970515966
2012-03-26T13:00:00Z,3.852968317440788
2012-03-26T14:00:00Z,3.8514282200288994
2012-03-26T15:00:00Z,3.8530868374911544
2012-03-26T16:00:00Z,3.8559335077728165
2012-03-26T17:00:00Z,3.853323899467806
2012-03-26T18:00:00Z,3.8535609906168284
2012-03-26T19:00:00Z,3.844218021114657
2012-03-26T20:00:00Z,3.8250832137295
2012-03-26T21:00:00Z,3.8059066601847373
2012-03-26T22:00:00Z,3.7957575757575754
2012-03-26T23:00:00Z,3.780406832860504
2012-03-27T00:00:00Z,3.7711877163931984
2012-03-27T01:00:00Z,3.765406120363131
2012-03-27T02:00:00Z,3.75198442414258
2012-03-27T03:00:00Z,3.739997611369877
2012-03-27T04:00:00Z,3.7309742948202445
2012-03-27T05:00:00Z,3.729752262982372
2012-03-27T06:00:00Z,3.7626914989486306
2012-03-27T07:00:00Z,3.802209810587662
2012-03-27T08:00:00Z,3.85474688413602
2012-03-27T09:00:00Z,3.920132694895631
2012-03-27T10:00:00Z,3.9842234167753396
2012-03-27T11:00:00Z,4.033229223685479
2012-03-27T12:00:00Z,4.058055528558004
2012-03-27T13:00:00Z,4.066619050710989
2012-03-27T14:00:00Z,4.058976020738818
2012-03-27T15:00:00Z,4.032839665164198
2012-03-27T16:00:00Z,3.979287121163986
2012-03-27T17:00:00Z,3.923447973438578
2012-03-27T18:00:00Z,3.9113192818110876
2012-03-27T19:00:00Z,3.898051907636769
2012-03-27T20:00:00Z,3.877178320487818
2012-03-27T21:00:00Z,3.86784004940559
2012-03-27T22:00:00Z,3.8521388812006028
2012-03-27T23:00:00Z,3.856764579099697
2012-03-28T00:00:00Z,3.8517835178351802
2012-03-28T01:00:00Z,3.840328662967162
2012-03-28T02:00:00Z,3.8280056231281727
2012-03-28T03:00:00Z,3.816575258988422
2012-03-28T04:00:00Z,3.8079892989602957
2012-03-28T05:00:00Z,3.826017899141699
2012-03-28T06:00:00Z,3.892600764473728
2012-03-28T07:00:00Z,3.9971918179787482
2012-03-28T08:00:00Z,4.218076508620686
2012-03-28T09:00:00Z,4.369179252851515
2012-03-28T10:00:00Z,4.453213879408421
2012-03-28T11:00:00Z,4.582906483243086
2012-03-28T12:00:00Z,4.720024116361442
2012-03-28T13:00:00Z,4.785482330468001
2012-03-28T14:00:00Z,4.772173117951845
2012-03-28T15:00:00Z,4.701775458879167
2012-03-28T16:00:00Z,4.408545384155138
2012-03-28T17:00:00Z,3.981437335113313
2012-03-28T18:00:00Z,3.8616394857724186
2012-03-28T19:00:00Z,3.8027869698533627
2012-03-28T20:00:00Z,3.7431269423858473
2012-03-28T21:00:00Z,3.667183886172675
2012-03-28T22:00:00Z,3.587672566878617
2012-03-28T23:00:00Z,3.5151821294269503
2012-03-29T00:00:00Z,3.4865143207058735
2012-03-29T01:00:00Z,3.521803919363454
2012-03-29T02:00:00Z,3.560343357398668
2012-03-29T03:00:00Z,3.5870561282932396
2012-03-29T04:00:00Z,3.595912039960957
2012-03-29T05:00:00Z,3.6060571165361592
2012-03-29T06:00:00Z,3.666110574530983
2012-03-29T07:00:00Z,3.854153846153846
2012-03-29T08:00:00Z,4.220634813666689
2012-03-29T09:00:00Z,4.748834211623761
2012-03-29T10:00:00Z,5.1172481411880035
2012-03-29T11:00:00Z,5.332708927583129
2012-03-29T12:00:00Z,5.4531998258598104
2012-03-29T13:00:00Z,5.497959004520911
2012-03-29T14:00:00Z,5.425564170312299
2012-03-29T15:00:00Z,5.207233423404696
2012-03-29T16:00:00Z,4.797395633856757
2012-03-29T17:00:00Z,4.377118495998879
2012-03-29T18:00:00Z,4.233043830894527
2012-03-29T19:00:00Z,4.119175244171134
2012-03-29T20:00:00Z,3.99757451969107
2012-03-29T21:00:00Z,3.8884922236364172
2012-03-29T22:00:00Z,3.7832613488779505
2012-03-29T23:00:00Z,3.6828178290015288
2012-03-30T00:00:00Z,3.59539596429289
2012-03-30T01:00:00Z,3.567339731723293
2012-03-30T02:00:00Z,3.601391564359851
2012-03-30T03:00:00Z,3.6279904999131074
2012-03-30T04:00:00Z,3.6080306478094317
2012-03-30T05:00:00Z,3.60730330607073
2012-03-30T06:00:00Z,3.713057655254185
2012-03-30T07:00:00Z,3.8655721515862242
2012-03-30T08:00:00Z,3.9681936260533517
2012-03-30T09:00:00Z,4.068996881496882
2012-03-30T10:00:00Z,4.137543766928717
2012-03-30T11:00:00Z,4.160632432073341
2012-03-30T12:00:00Z,4.1468582400847485
2012-03-30T13:00:00Z,4.1091756060755165
2012-03-30T14:00:00Z,4.046649867545389
2012-03-30T15:00:00Z,3.9491771233999597
2012-03-30T16:00:00Z,3.770847131073512
2012-03-30T17:00:00Z,3.421656468531468
2012-03-30T18:00:00Z,3.3042285473106654
2012-03-30T19:00:00Z,3.2524082777244065
2012-03-30T20:00:00Z,3.2174873494130654
2012-03-30T21:00:00Z,3.1315
2012-03-30T22:00:00Z,3.1315
2012-03-30T23:00:00Z,3.1315
2012-03-31T00:00:00Z,3.1315
2012-03-31T01:00:00Z,3.1315
2012-03-31T02:00:00Z,3.1315
2012-03-31T03:00:00Z,3.1315
2012-03-31T04:00:00Z,3.1315
2012-03-31T05:00:00Z,3.1315
2012-03-31T06:00:00Z,3.351527800074916
2012-03-31T07:00:00Z,3.553777626464662
2012-03-31T08:00:00Z,3.6962936732766782
2012-03-31T09:00:00Z,3.8349202461500767
2012-03-31T10:00:00Z,3.972850391702877
2012-03-31T11:00:00Z,4.093330283324074
2012-03-31T12:00:00Z,4.177004134987328
2012-03-31T13:00:00Z,4.222342075102811
2012-03-31T14:00:00Z,4.215663177733648
2012-03-31T15:00:00Z,4.148094181541212
2012-03-31T16:00:00Z,3.914008061744213
2012-03-31T17:00:00Z,3.533327691743531
2012-03-31T18:00:00Z,3.438941357346806
2012-03-31T19:00:00Z,3.4074154674791193
2012-03-31T20:00:00Z,3.3770995659324354
2012-03-31T21:00:00Z,3.3490187690497843
2012-03-31T22:00:00Z,3.2874051911922937
2012-03-31T23:00:00Z,3.225357915336285
2012-04-01T00:00:00Z,3.1315
2012-04-01T01:00:00Z,3.1315
2012-04-01T02:00:00Z,3.1315
2012-04-01T03:00:00Z,3.1315
2012-04-01T04:00:00Z,3.1315
2012-04-01T05:00:00Z,3.1315
2012-04-01T06:00:00Z,3.2899955348934955
2012-04-01T07:00:00Z,3.5745676616631497
2012-04-01T08:00:00Z,3.859022151021288
2012-04-01T09:00:00Z,4.114845110213203
2012-04-01T10:00:00Z,4.345985705363957
2012-04-01T11:00:00Z,4.551764235619026
2012-04-01T12:00:00Z,4.711325083687518
2012-04-01T13:00:00Z,4.805493746643141
2012-04-01T14:00:00Z,4.824372207672162
2012-04-01T15:00:00Z,4.733759117191336
2012-04-01T16:00:00Z,4.442789245938849
2012-04-01T17:00:00Z,4.084254458899868
2012-04-01T18:00:00Z,3.9681936260533517
2012-04-01T19:00:00Z,3.9094881398252155
2012-04-01T20:00:00Z,3.8666460873591624
2012-04-01T21:00:00Z,3.872144424866303
2012-04-01T22:00:00Z,3.832573509163786
2012-04-01T23:00:00Z,3.777214884506365
2012-04-02T00:00:00Z,3.7308631679275615
2012-04-02T01:00:00Z,3.6944403480312666
2012-04-02T02:00:00Z,3.6680429880816416
2012-04-02T03:00:00Z,3.6497668997669
2012-04-02T04:00:00Z,3.642761589018784
2012-04-02T05:00:00Z,3.6866115313300196
2012-04-02T06:00:00Z,3.797483704714262
2012-04-02T07:00:00Z,3.9432097210854344
2012-04-02T08:00:00Z,4.151256048253466
2012-04-02T09:00:00Z,4.410408084222385
2012-04-02T10:00:00Z,4.704070902809075
2012-04-02T11:00:00Z,4.96925457214266
2012-04-02T12:00:00Z,5.1914787798408515
2012-04-02T13:00:00Z,5.350704826997004
2012-04-02T14:00:00Z,5.4012332370316125
2012-04-02T15:00:00Z,5.214820982514575
2012-04-02T16:00:00Z,4.79574256288525
2012-04-02T17:00:00Z,4.461779582531878
2012-04-02T18:00:00Z,4.370398799762743
2012-04-02T19:00:00Z,4.299148819330035
2012-04-02T20:00:00Z,4.209429714016869
2012-04-02T21:00:00Z,4.164090289551542
2012-04-02T22:00:00Z,4.1604942372205835
2012-04-02T23:00:00Z,4.0942668497090935
2012-04-03T00:00:00Z,4.032839665164198
2012-04-03T01:00:00Z,3.9550377316788237
2012-04-03T02:00:00Z,3.890182924935555
2012-04-03T03:00:00Z,3.8392692944277593
2012-04-03T04:00:00Z,3.80648494241347
2012-04-03T05:00:00Z,3.8728627523729995
2012-04-03T06:00:00Z,4.07217165149545
2012-04-03T07:00:00Z,4.432256466508612
2012-04-03T08:00:00Z,4.812879428264042
2012-04-03T09:00:00Z,5.130662734496602
2012-04-03T10:00:00Z,5.406128614587825
2012-04-03T11:00:00Z,5.64285070727093
2012-04-03T12:00:00Z,5.81765826018299
2012-04-03T13:00:00Z,5.916025126340149
2012-04-03T14:00:00Z,5.916304553183442
2012-04-03T15:00:00Z,5.7377124272823
2012-04-03T16:00:00Z,5.187393879156833
2012-04-03T17:00:00Z,4.61719930701463
2012-04-03T18:00:00Z,4.487354015905999
2012-04-03T19:00:00Z,4.453847247902144
2012-04-03T20:00:00Z,4.446416527634803
2012-04-03T21:00:00Z,4.422554107968792
2012-04-03T22:00:00Z,4.323932479547103
2012-04-03T23:00:00Z,4.177700697061668
2012-04-04T00:00:00Z,4.04077550888738
2012-04-04T01:00:00Z,3.936146812054177
2012-04-04T02:00:00Z,3.8559335077728165
2012-04-04T03:00:00Z,3.7826901008636855
2012-04-04T04:00:00Z,3.723543400713438
2012-04-04T05:00:00Z,3.8888543930456403
2012-04-04T06:00:00Z,4.114845110213203
2012-04-04T07:00:00Z,4.501060045276509
2012-04-04T08:00:00Z,4.967480964467003
2012-04-04T09:00:00Z,5.317766928465292
2012-04-04T10:00:00Z,5.567853491576651
2012-04-04T11:00:00Z,5.764911634756993
2012-04-04T12:00:00Z,5.880475095065962
2012-04-04T13:00:00Z,5.898752060277839
2012-04-04T14:00:00Z,5.7939775197742645
2012-04-04T15:00:00Z,5.577522486419101
2012-04-04T16:00:00Z,5.147107166337933
2012-04-04T17:00:00Z,4.6406342620035534
2012-04-04T18:00:00Z,4.4136715997181115
2012-04-04T19:00:00Z,4.245094384383366
2012-04-04T20:00:00Z,4.129768223929311
2012-04-04T21:00:00Z,4.069790109818698
2012-04-04T22:00:00Z,4.050182688265913
2012-04-04T23:00:00Z,4.005628217837611
2012-04-05T00:00:00Z,3.954163772965465
2012-04-05T01:00:00Z,3.91988734157409
2012-04-05T02:00:00Z,3.899143968871595
2012-04-05T03:00:00Z,3.876338429163827
2012-04-05T04:00:00Z,3.860806312415236
2012-04-05T05:00:00Z,3.981563890654802
2012-04-05T06:00:00Z,4.107019902291875
2012-04-05T07:00:00Z,4.333506313786546
2012-04-05T08:00:00Z,4.675625233296002
2012-04-05T09:00:00Z,5.074747802131022
2012-04-05T10:00:00Z,5.5390466082957515
2012-04-05T11:00:00Z,5.944099084136104
2012-04-05T12:00:00Z,6.194856577645886
2012-04-05T13:00:00Z,6.267387171019717
2012-04-05T14:00:00Z,6.159822965330716
2012-04-05T15:00:00Z,5.7939775197742645
2012-04-05T16:00:00Z,5.170051180452367
2012-04-05T17:00:00Z,4.585255143129075
2012-04-05T18:00:00Z,4.350514031675469
2012-04-05T19:00:00Z,4.2521556113789085
2012-04-05T20:00:00Z,4.150705812181059
2012-04-05T21:00:00Z,4.031671440986189
2012-04-05T22:00:00Z,3.915721029103757
2012-04-05T23:00:00Z,3.822631835937503
2012-04-06T00:00:00Z,3.7441339112240337
2012-04-06T01:00:00Z,3.6750381410632547
2012-04-06T02:00:00Z,3.616886116886116
2012-04-06T03:00:00Z,3.566425602186662
2012-04-06T04:00:00Z,3.5302406854179553
2012-04-06T05:00:00Z,3.730640934000474
2012-04-06T06:00:00Z,3.997064267024057
2012-04-06T07:00:00Z,4.283564735654193
2012-04-06T08:00:00Z,4.879626022594465
2012-04-06T09:00:00Z,5.387758613273683
2012-04-06T10:00:00Z,5.584485064645562
2012-04-06T11:00:00Z,5.708946720751111
2012-04-06T12:00:00Z,5.764911634756993
2012-04-06T13:00:00Z,5.734560271025037
2012-04-06T14:00:00Z,5.610498969810977
2012-04-06T15:00:00Z,5.355737985291608
2012-04-06T16:00:00Z,4.861633999611879
2012-04-06T17:00:00Z,4.233759210437367
2012-04-06T18:00:00Z,3.9469372321653653
2012-04-06T19:00:00Z,3.8172731151337818
2012-04-06T20:00:00Z,3.723543400713438
2012-04-06T21:00:00Z,3.6630015206456865
2012-04-06T22:00:00Z,3.6433973240255964
2012-04-06T23:00:00Z,3.6559453622088607
2012-04-07T00:00:00Z,3.652107994635255
2012-04-07T01:00:00Z,3.6139642238892065
2012-04-07T02:00:00Z,3.5449271260789605
2012-04-07T03:00:00Z,3.486320242700885
2012-04-07T04:00:00Z,3.4724031824356185
2012-04-07T05:00:00Z,3.6714834246856385
2012-04-07T06:00:00Z,3.834568052409233
2012-04-07T07:00:00Z,4.0679397246037965
2012-04-07T08:00:00Z,4.286349792971287
2012-04-07T09:00:00Z,4.491376528380363
2012-04-07T10:00:00Z,4.627262652382712
2012-04-07T11:00:00Z,4.6461424332344246
2012-04-07T12:00:00Z,4.562707172258045
2012-04-07T13:00:00Z,4.398174157303368
2012-04-07T14:00:00Z,4.203919989260304
2012-04-07T15:00:00Z,4.046649867545389
2012-04-07T16:00:00Z,3.884151446556479
2012-04-07T17:00:00Z,3.6811943456666776
2012-04-07T18:00:00Z,3.523488045007031
2012-04-07T19:00:00Z,3.459456473707465
2012-04-07T20:00:00Z,3.415312465917767
2012-04-07T21:00:00Z,3.371917734467533
2012-04-07T22:00:00Z,3.3263403882412312
2012-04-07T23:00:00Z,3.27751321366895
2012-04-08T00:00:00Z,3.23836608066184
2012-04-08T01:00:00Z,3.1315
2012-04-08T02:00:00Z,3.1315
2012-04-08T03:00:00Z,3.1315
2012-04-08T04:00:00Z,3.1315
2012-04-08T05:00:00Z,3.343387161350596
2012-04-08T06:00:00Z,3.5327297853738333
2012-04-08T07:00:00Z,3.689760810651587
2012-04-08T08:00:00Z,3.8463428115212213
2012-04-08T09:00:00Z,3.9697027318248113
2012-04-08T10:00:00Z,4.059765346470476
2012-04-08T11:00:00Z,4.103925037677741
2012-04-08T12:00:00Z,4.091458435407478
2012-04-08T13:00:00Z,4.0416881775942155
2012-04-08T14:00:00Z,3.969576929171287
2012-04-08T15:00:00Z,3.860687316997997
2012-04-08T16:00:00Z,3.701536643026007
2012-04-08T17:00:00Z,3.4703828891228463
2012-04-08T18:00:00Z,3.294581799053131
2012-04-08T19:00:00Z,3.229016292018975
2012-04-08T20:00:00Z,3.1315
2012-04-08T21:00:00Z,3.1315
2012-04-08T22:00:00Z,3.1315
2012-04-08T23:00:00Z,3.1315
2012-04-09T00:00:00Z,3.1315
2012-04-09T01:00:00Z,3.0474661216942796
2012-04-09T02:00:00Z,3.039479750552036
2012-04-09T03:00:00Z,3.049023903412687
2012-04-09T04:00:00Z,3.1315
2012-04-09T05:00:00Z,3.264189294835042
2012-04-09T06:00:00Z,3.422217365171304
2012-04-09T07:00:00Z,3.5427213847328645
2012-04-09T08:00:00Z,3.64700401793513
2012-04-09T09:00:00Z,3.7711877163931984
2012-04-09T10:00:00Z,3.8524943101433213
2012-04-09T11:00:00Z,3.923816683895623
2012-04-09T12:00:00Z,3.9729764019284417
2012-04-09T13:00:00Z,3.9834631896962955
2012-04-09T14:00:00Z,3.940356727169777
2012-04-09T15:00:00Z,3.8383281240424076
2012-04-09T16:00:00Z,3.6937866768895047
2012-04-09T17:00:00Z,3.48670842032011
2012-04-09T18:00:00Z,3.33982135715238
2012-04-09T19:00:00Z,3.285939139559286
2012-04-09T20:00:00Z,3.2470124685693547
2012-04-09T21:00:00Z,3.1315
2012-04-09T22:00:00Z,3.1315
2012-04-09T23:00:00Z,3.1315
2012-04-10T00:00:00Z,3.1315
2012-04-10T01:00:00Z,3.1315
2012-04-10T02:00:00Z,3.1315
2012-04-10T03:00:00Z,3.1315
2012-04-10T04:00:00Z,3.1315
2012-04-10T05:00:00Z,3.25004540619081
2012-04-10T06:00:00Z,3.356377277599143
2012-04-10T07:00:00Z,3.4258676804419776
2012-04-10T08:00:00Z,3.507799154274832
2012-04-10T09:00:00Z,3.5887004354801744
2012-04-10T10:00:00Z,3.6561587857559843
2012-04-10T11:00:00Z,3.708111308466551
2012-04-10T12:00:00Z,3.72398620525627
2012-04-10T13:00:00Z,3.7003338158400045
2012-04-10T14:00:00Z,3.6447755113917397
2012-04-10T15:00:00Z,3.5604445581421804
2012-04-10T16:00:00Z,3.4555436012027894
2012-04-10T17:00:00Z,3.317969908878999
2012-04-10T18:00:00Z,3.1315
2012-04-10T19:00:00Z,3.1315
2012-04-10T20:00:00Z,3.1315
2012-04-10T21:00:00Z,3.1315
2012-04-10T22:00:00Z,3.1315
2012-04-10T23:00:00Z,3.1315
2012-04-11T00:00:00Z,3.1315
2012-04-11T01:00:00Z,3.1315
2012-04-11T02:00:00Z,3.1315
2012-04-11T03:00:00Z,3.1315
2012-04-11T04:00:00Z,3.1315
2012-04-11T05:00:00Z,3.254690017149094
2012-04-11T06:00:00Z,3.393476376246209
2012-04-11T07:00:00Z,3.4953677865833224
2012-04-11T08:00:00Z,3.5820297978209275
2012-04-11T09:00:00Z,3.637789330003195
2012-04-11T10:00:00Z,3.679464207032282
2012-04-11T11:00:00Z,3.6770879201526494
2012-04-11T12:00:00Z,3.6478536897897347
2012-04-11T13:00:00Z,3.6299881183527973
2012-04-11T14:00:00Z,3.585310702120959
2012-04-11T15:00:00Z,3.5271590685101253
2012-04-11T16:00:00Z,3.4519249317937573
2012-04-11T17:00:00Z,3.358537108537109
2012-04-11T18:00:00Z,3.2714356603724317
2012-04-11T19:00:00Z,3.2551975051975033
2012-04-11T20:00:00Z,3.25004540619081
2012-04-11T21:00:00Z,3.2463392510042777
2012-04-11T22:00:00Z,3.230931930150377
2012-04-11T23:00:00Z,3.2200514138817495
2012-04-12T00:00:00Z,3.1315
2012-04-12T01:00:00Z,3.1315
2012-04-12T02:00:00Z,3.1315
2012-04-12T03:00:00Z,3.1315
2012-04-12T04:00:00Z,3.1315
2012-04-12T05:00:00Z,3.2834412435450466
2012-04-12T06:00:00Z,3.411220043572982
2012-04-12T07:00:00Z,3.528947739118185
2012-04-12T08:00:00Z,3.62862108922364
2012-04-12T09:00:00Z,3.68889150665567
2012-04-12T10:00:00Z,3.7084406548835016
2012-04-12T11:00:00Z,3.6960755385069355
2012-04-12T12:00:00Z,3.675793056900549
2012-04-12T13:00:00Z,3.6133387180522702
2012-04-12T14:00:00Z,3.559230528798342
2012-04-12T15:00:00Z,3.512028262210509
2012-04-12T16:00:00Z,3.4504035479161503
2012-04-12T17:00:00Z,3.3682908465096277
2012-04-12T18:00:00Z,3.2821507179540936
2012-04-12T19:00:00Z,3.259772029355125
2012-04-12T20:00:00Z,3.2658914324451174
2012-04-12T21:00:00Z,3.272974314755296
2012-04-12T22:00:00Z,3.2802597810715985
2012-04-12T23:00:00Z,3.2843021578961156
2012-04-13T00:00:00Z,3.2922438037164534
2012-04-13T01:00:00Z,3.299789251844048
2012-04-13T02:00:00Z,3.307718714515828
2012-04-13T03:00:00Z,3.321577258624803
2012-04-13T04:00:00Z,3.3553882831962696
2012-04-13T05:00:00Z,3.46041217746837
2012-04-13T06:00:00Z,3.59168458781362
2012-04-13T07:00:00Z,3.7435744172145866
2012-04-13T08:00:00Z,3.8899413061706127
2012-04-13T09:00:00Z,3.995534290271129
2012-04-13T10:00:00Z,4.099626890096227
2012-04-13T11:00:00Z,4.195612125272146
2012-04-13T12:00:00Z,4.230041874915571
2012-04-13T13:00:00Z,4.195752662959739
2012-04-13T14:00:00Z,4.1025808987292045
2012-04-13T15:00:00Z,3.967188192816873
2012-04-13T16:00:00Z,3.8075262933916925
2012-04-13T17:00:00Z,3.6454119495940174
2012-04-13T18:00:00Z,3.525173782118029
2012-04-13T19:00:00Z,3.4696138718076583
2012-04-13T20:00:00Z,3.4268049134133998
2012-04-13T21:00:00Z,3.3810192183113794
2012-04-13T22:00:00Z,3.335463599083988
2012-04-13T23:00:00Z,3.299093973872733
2012-04-14T00:00:00Z,3.2449936530141703
2012-04-14T01:00:00Z,3.1315
2012-04-14T02:00:00Z,3.1315
2012-04-14T03:00:00Z,3.1315
2012-04-14T04:00:00Z,3.1315
2012-04-14T05:00:00Z,3.3968813559322033
2012-04-14T06:00:00Z,3.5968413496051697
2012-04-14T07:00:00Z,3.803595287258591
2012-04-14T08:00:00Z,4.005884422271258
2012-04-14T09:00:00Z,4.152769949938665
2012-04-14T10:00:00Z,4.253599565335509
2012-04-14T11:00:00Z,4.31990619395779
2012-04-14T12:00:00Z,4.328863699198234
2012-04-14T13:00:00Z,4.280344450519408
2012-04-14T14:00:00Z,4.1867771909887015
2012-04-14T15:00:00Z,4.055296555296558
2012-04-14T16:00:00Z,3.8753789988243295
2012-04-14T17:00:00Z,3.6394804892930845
2012-04-14T18:00:00Z,3.4470801915350298
2012-04-14T19:00:00Z,3.3833936578250774
2012-04-14T20:00:00Z,3.34383342231714
2012-04-14T21:00:00Z,3.305972709757448
2012-04-14T22:00:00Z,3.2640191786533266
2012-04-14T23:00:00Z,3.2166611026938208
2012-04-15T00:00:00Z,3.1315
2012-04-15T01:00:00Z,3.1315
2012-04-15T02:00:00Z,3.1315
2012-04-15T03:00:00Z,3.1315
2012-04-15T04:00:00Z,3.1315
2012-04-15T05:00:00Z,3.3330672414251863
2012-04-15T06:00:00Z,3.536220427982607
2012-04-15T07:00:00Z,3.7620134550696784
2012-04-15T08:00:00Z,4.010758541193046
2012-04-15T09:00:00Z,4.274501774501778
2012-04-15T10:00:00Z,4.495567598607472
2012-04-15T11:00:00Z,4.653737553871304
2012-04-15T12:00:00Z,4.768358140774295
2012-04-15T13:00:00Z,4.821215503637274
2012-04-15T14:00:00Z,4.800337242277919
2012-04-15T15:00:00Z,4.715226802183324
2012-04-15T16:00:00Z,4.501707097933514
2012-04-15T17:00:00Z,4.065431177176984
2012-04-15T18:00:00Z,3.818669593317478
2012-04-15T19:00:00Z,3.780406832860504
2012-04-15T20:00:00Z,3.7093191980810793
2012-04-15T21:00:00Z,3.645942484573292
2012-04-15T22:00:00Z,3.577528346614117
2012-04-15T23:00:00Z,3.495075197410642
2012-04-16T00:00:00Z,3.399278135091862
2012-04-16T01:00:00Z,3.324839411795935
2012-04-16T02:00:00Z,3.25705964948775
2012-04-16T03:00:00Z,3.1315
2012-04-16T04:00:00Z,3.2320156878934894
2012-04-16T05:00:00Z,3.477995279744552
2012-04-16T06:00:00Z,3.7141586360266836
2012-04-16T07:00:00Z,4.0571354537798765
2012-04-16T08:00:00Z,4.349909709681901
2012-04-16T09:00:00Z,4.571699697069236
2012-04-16T10:00:00Z,4.786213748041726
2012-04-16T11:00:00Z,4.958435594964769
2012-04-16T12:00:00Z,5.053455440351802
2012-04-16T13:00:00Z,5.05917040268185
2012-04-16T14:00:00Z,4.979922872023214
2012-04-16T15:00:00Z,4.823443336285572
2012-04-16T16:00:00Z,4.528233677969781
2012-04-16T17:00:00Z,4.09065673883936
2012-04-16T18:00:00Z,3.773232521010934
2012-04-16T19:00:00Z,3.6764403745120453
2012-04-16T20:00:00Z,3.620963778799177
2012-04-16T21:00:00Z,3.5928178063331826
2012-04-16T22:00:00Z,3.562875103108913
2012-04-16T23:00:00Z,3.530340182069277
2012-04-17T00:00:00Z,3.4955628732488693
2012-04-17T01:00:00Z,3.4613684094174872
2012-04-17T02:00:00Z,3.4592653962993665
2012-04-17T03:00:00Z,3.5051488694873525
2012-04-17T04:00:00Z,3.5677461619527775
2012-04-17T05:00:00Z,3.6537059183852034
2012-04-17T06:00:00Z,3.8846332764769724
2012-04-17T07:00:00Z,4.210420168067227
2012-04-17T08:00:00Z,4.513223319161199
2012-04-17T09:00:00Z,4.82567322880148
2012-04-17T10:00:00Z,5.103695554740658
2012-04-17T11:00:00Z,5.330212765957446
2012-04-17T12:00:00Z,5.445850180426943
2012-04-17T13:00:00Z,5.4546246298554255
2012-04-17T14:00:00Z,5.367672266026736
2012-04-17T15:00:00Z,5.177102707170905
2012-04-17T16:00:00Z,4.783289418413714
2012-04-17T17:00:00Z,4.275523091101474
2012-04-17T18:00:00Z,3.9173129847385537
2012-04-17T19:00:00Z,3.780292741813793
2012-04-17T20:00:00Z,3.7069042052617562
2012-04-17T21:00:00Z,3.664501784564974
2012-04-17T22:00:00Z,3.6296725586786445
2012-04-17T23:00:00Z,3.605538124982011
2012-04-18T00:00:00Z,3.575077774923654
2012-04-18T01:00:00Z,3.5363202619914746
2012-04-18T02:00:00Z,3.5029923373790495
2012-04-18T03:00:00Z,3.4695177686064858
2012-04-18T04:00:00Z,3.498687224177418
2012-04-18T05:00:00Z,3.6992410147367187
2012-04-18T06:00:00Z,3.9305886782979793
2012-04-18T07:00:00Z,4.358233881910861
2012-04-18T08:00:00Z,4.795008230295144
2012-04-18T09:00:00Z,5.1340273792933795
2012-04-18T10:00:00Z,5.351161995898834
2012-04-18T11:00:00Z,5.48880417159633
2012-04-18T12:00:00Z,5.524876499647135
2012-04-18T13:00:00Z,5.438048102804552
2012-04-18T14:00:00Z,5.275660194583668
2012-04-18T15:00:00Z,5.039224363358415
2012-04-18T16:00:00Z,4.684192812535061
2012-04-18T17:00:00Z,4.146995530541303
2012-04-18T18:00:00Z,3.7244291151284483
2012-04-18T19:00:00Z,3.5788571428571427
2012-04-18T20:00:00Z,3.4819591927503204
2012-04-18T21:00:00Z,3.408713636487331
2012-04-18T22:00:00Z,3.350631286111704
2012-04-18T23:00:00Z,3.2983121362930214
2012-04-19T00:00:00Z,3.2533374889616113
2012-04-19T01:00:00Z,3.2160829824381243
2012-04-19T02:00:00Z,3.1315
2012-04-19T03:00:00Z,3.1315
2012-04-19T04:00:00Z,3.2569749603473825
2012-04-19T05:00:00Z,3.522101001012257
2012-04-19T06:00:00Z,3.720778256349322
2012-04-19T07:00:00Z,4.0958733895755675
2012-04-19T08:00:00Z,4.408545384155138
2012-04-19T09:00:00Z,4.698777102558329
2012-04-19T10:00:00Z,4.9554931360525405
2012-04-19T11:00:00Z,5.135711357113574
2012-04-19T12:00:00Z,5.269889351676552
2012-04-19T13:00:00Z,5.320251444104659
2012-04-19T14:00:00Z,5.27632687447346
2012-04-19T15:00:00Z,5.12709262821825
2012-04-19T16:00:00Z,4.827533048136585
2012-04-19T17:00:00Z,4.2563457813721195
2012-04-19T18:00:00Z,3.8396223523281128
2012-04-19T19:00:00Z,3.7137181653769766
2012-04-19T20:00:00Z,3.6333575054387213
2012-04-19T21:00:00Z,3.5692711004730158
2012-04-19T22:00:00Z,3.5180452183682047
2012-04-19T23:00:00Z,3.4860291662028255
2012-04-20T00:00:00Z,3.472210672210673
2012-04-20T01:00:00Z,3.469229490943334
2012-04-20T02:00:00Z,3.4660615955062384
2012-04-20T03:00:00Z,3.480121134665074
2012-04-20T04:00:00Z,3.544726490647198
2012-04-20T05:00:00Z,3.7362047366223217
2012-04-20T06:00:00Z,3.9557871466919283
2012-04-20T07:00:00Z,4.323783224024849
2012-04-20T08:00:00Z,5.040238210204414
2012-04-20T09:00:00Z,5.417585744561226
2012-04-20T10:00:00Z,5.687948415221144
2012-04-20T11:00:00Z,5.87000328037865
2012-04-20T12:00:00Z,5.969025494400758
2012-04-20T13:00:00Z,5.975289796307774
2012-04-20T14:00:00Z,5.880751173708917
2012-04-20T15:00:00Z,5.674806324468813
2012-04-20T16:00:00Z,5.280775716694766
2012-04-20T17:00:00Z,4.582068259135971
2012-04-20T18:00:00Z,4.0913247974915095
2012-04-20T19:00:00Z,3.924185463659146
2012-04-20T20:00:00Z,3.8074105595914767
2012-04-20T21:00:00Z,3.714929711133517
2012-04-20T22:00:00Z,3.638423330525457
2012-04-20T23:00:00Z,3.572732458642327
2012-04-21T00:00:00Z,3.5173537009996605
2012-04-21T01:00:00Z,3.4731734368501317
2012-04-21T02:00:00Z,3.4353573583456756
2012-04-21T03:00:00Z,3.4009394260269863
2012-04-21T04:00:00Z,3.467596821969383
2012-04-21T05:00:00Z,3.735870440514182
2012-04-21T06:00:00Z,4.0283003698343745
2012-04-21T07:00:00Z,4.440584231423705
2012-04-21T08:00:00Z,4.691034379447232
2012-04-21T09:00:00Z,4.928973360091289
2012-04-21T10:00:00Z,5.171758876961183
2012-04-21T11:00:00Z,5.378043020909365
2012-04-21T12:00:00Z,5.5224407018781365
2012-04-21T13:00:00Z,5.594961586564236
2012-04-21T14:00:00Z,5.577025823686559
2012-04-21T15:00:00Z,5.4489298764572816
2012-04-21T16:00:00Z,5.198157446985106
2012-04-21T17:00:00Z,4.73250717847967
2012-04-21T18:00:00Z,4.341466796062668
2012-04-21T19:00:00Z,4.295021259086546
2012-04-21T20:00:00Z,4.237053073098131
2012-04-21T21:00:00Z,4.172412644482193
2012-04-21T22:00:00Z,4.115250673500231
2012-04-21T23:00:00Z,4.075483975923213
2012-04-22T00:00:00Z,4.030633587540625
2012-04-22T01:00:00Z,3.9624193344299603
2012-04-22T02:00:00Z,3.8950216113685134
2012-04-22T03:00:00Z,3.833746518532121
2012-04-22T04:00:00Z,3.834685443134851
2012-04-22T05:00:00Z,3.9954068450767117
2012-04-22T06:00:00Z,4.292077850877189
2012-04-22T07:00:00Z,4.593999853297143
2012-04-22T08:00:00Z,4.856544665012412
2012-04-22T09:00:00Z,5.130452590620515
2012-04-22T10:00:00Z,5.392861755715336
2012-04-22T11:00:00Z,5.612510081548529
2012-04-22T12:00:00Z,5.773414454277279
2012-04-22T13:00:00Z,5.841805801697601
2012-04-22T14:00:00Z,5.802566359382965
2012-04-22T15:00:00Z,5.579261502828376
2012-04-22T16:00:00Z,5.271885521885523
2012-04-22T17:00:00Z,5.0993323562937585
2012-04-22T18:00:00Z,5.008997480705401
2012-04-22T19:00:00Z,4.888576669398589
2012-04-22T20:00:00Z,4.683842500841342
2012-04-22T21:00:00Z,4.6073491006731135
2012-04-22T22:00:00Z,4.599060067557645
2012-04-22T23:00:00Z,4.566865976374508
2012-04-23T00:00:00Z,4.51859601024494
2012-04-23T01:00:00Z,4.467349049538145
2012-04-23T02:00:00Z,4.416161331264987
2012-04-23T03:00:00Z,4.358992204899779
2012-04-23T04:00:00Z,4.335156087769086
2012-04-23T05:00:00Z,4.483980669411133
2012-04-23T06:00:00Z,4.738594234697732
2012-04-23T07:00:00Z,4.965314940341702
2012-04-23T08:00:00Z,5.227661616793954
2012-04-23T09:00:00Z,5.526095204482279
2012-04-23T10:00:00Z,5.868628185907047
2012-04-23T11:00:00Z,6.17561504708376
2012-04-23T12:00:00Z,6.364837398373981
2012-04-23T13:00:00Z,6.451048050677231
2012-04-23T14:00:00Z,6.466367250012912
2012-04-23T15:00:00Z,6.353215662406164
2012-04-23T16:00:00Z,6.044199961397417
2012-04-23T17:00:00Z,5.494341608913062
2012-04-23T18:00:00Z,5.0455167969064645
2012-04-23T19:00:00Z,4.945319594141101
2012-04-23T20:00:00Z,4.828091273512177
2012-04-23T21:00:00Z,4.697367434185855
2012-04-23T22:00:00Z,4.576710877269899
2012-04-23T23:00:00Z,4.4713357606910815
2012-04-24T00:00:00Z,4.3731452710959
2012-04-24T01:00:00Z,4.256201155283723
2012-04-24T02:00:00Z,4.1471328300887285
2012-04-24T03:00:00Z,4.075881816998572
2012-04-24T04:00:00Z,4.240208523746658
2012-04-24T05:00:00Z,4.438224143429116
2012-04-24T06:00:00Z,4.602947120861349
2012-04-24T07:00:00Z,4.993223311807379
2012-04-24T08:00:00Z,5.473215065979195
2012-04-24T09:00:00Z,5.9054264296827075
2012-04-24T10:00:00Z,6.289731358272652
2012-04-24T11:00:00Z,6.6061916565581935
2012-04-24T12:00:00Z,6.770444840819423
2012-04-24T13:00:00Z,6.887337108923952
2012-04-24T14:00:00Z,7.016580775263285
2012-04-24T15:00:00Z,6.928863812368634
2012-04-24T16:00:00Z,6.462030540652079
2012-04-24T17:00:00Z,5.452250369983462
2012-04-24T18:00:00Z,4.798498314434572
2012-04-24T19:00:00Z,4.52970744584674
2012-04-24T20:00:00Z,4.3726872861830595
2012-04-24T21:00:00Z,4.307427785419534
2012-04-24T22:00:00Z,4.273918384058961
2012-04-24T23:00:00Z,4.237339738168536
2012-04-25T00:00:00Z,4.201522825612989
2012-04-25T01:00:00Z,4.187197058331937
2012-04-25T02:00:00Z,4.180070746846424
2012-04-25T03:00:00Z,4.177700697061668
2012-04-25T04:00:00Z,4.215237582447165
2012-04-25T05:00:00Z,4.355506102437495
2012-04-25T06:00:00Z,4.59703464474457
2012-04-25T07:00:00Z,5.076187388555684
2012-04-25T08:00:00Z,5.842623256681742
2012-04-25T09:00:00Z,6.765690828562165
2012-04-25T10:00:00Z,7.466618979494511
2012-04-25T11:00:00Z,8.022801511560878
2012-04-25T12:00:00Z,8.361815754339109
2012-04-25T13:00:00Z,8.31353288644056
2012-04-25T14:00:00Z,7.926343099411505
2012-04-25T15:00:00Z,7.158941532834194
2012-04-25T16:00:00Z,5.940997913109466
2012-04-25T17:00:00Z,5.122479859321969
2012-04-25T18:00:00Z,4.663960978515848
2012-04-25T19:00:00Z,4.468305211714762
2012-04-25T20:00:00Z,4.356263476385891
2012-04-25T21:00:00Z,4.290166797958694
2012-04-25T22:00:00Z,4.252444323737096
2012-04-25T23:00:00Z,4.199973175965663
2012-04-26T00:00:00Z,4.1284071058963105
2012-04-26T01:00:00Z,4.067543432375383
2012-04-26T02:00:00Z,3.972850391702877
2012-04-26T03:00:00Z,3.8370347679583414
2012-04-26T04:00:00Z,3.8311668450833465
2012-04-26T05:00:00Z,3.9556622244678836
2012-04-26T06:00:00Z,4.177979386945066
2012-04-26T07:00:00Z,4.463051378892614
2012-04-26T08:00:00Z,4.624529277117327
2012-04-26T09:00:00Z,4.719490599449908
2012-04-26T10:00:00Z,4.8771560954717135
2012-04-26T11:00:00Z,5.14457039592574
2012-04-26T12:00:00Z,5.357570573139436
2012-04-26T13:00:00Z,5.414775429040768
2012-04-26T14:00:00Z,5.433094773368031
2012-04-26T15:00:00Z,5.383359119821207
2012-04-26T16:00:00Z,5.239688781059146
2012-04-26T17:00:00Z,4.9160125588696975
2012-04-26T18:00:00Z,4.579722862052575
2012-04-26T19:00:00Z,4.413049605411497
2012-04-26T20:00:00Z,4.323783224024849
2012-04-26T21:00:00Z,4.2471094836062795
2012-04-26T22:00:00Z,4.194347709616933
2012-04-26T23:00:00Z,4.1472701387279445
2012-04-27T00:00:00Z,4.103521703521706
2012-04-27T01:00:00Z,4.036088287417428
2012-04-27T02:00:00Z,3.994897145590812
2012-04-27T03:00:00Z,3.977897043411988
2012-04-27T04:00:00Z,4.032580001287745
2012-04-27T05:00:00Z,4.117415028597722
2012-04-27T06:00:00Z,4.259385201305765
2012-04-27T07:00:00Z,4.424116130399464
2012-04-27T08:00:00Z,4.562374795119289
2012-04-27T09:00:00Z,4.687172578955248
2012-04-27T10:00:00Z,4.80475642500959
2012-04-27T11:00:00Z,4.9023521584282435
2012-04-27T12:00:00Z,4.9276160503540485
2012-04-27T13:00:00Z,4.86786880149231
2012-04-27T14:00:00Z,4.779091949637547
2012-04-27T15:00:00Z,4.71540430658033
2012-04-27T16:00:00Z,4.5936629015696
2012-04-27T17:00:00Z,4.438066893424038
2012-04-27T18:00:00Z,4.274355911960415
2012-04-27T19:00:00Z,4.1548361417009385
2012-04-27T20:00:00Z,4.091057547847671
2012-04-27T21:00:00Z,4.07429091855321
2012-04-27T22:00:00Z,4.083056261816285
2012-04-27T23:00:00Z,4.098553759570707
2012-04-28T00:00:00Z,4.104193971166451
2012-04-28T01:00:00Z,4.104193971166451
2012-04-28T02:00:00Z,4.102849656075994
2012-04-28T03:00:00Z,4.0874530918583805
2012-04-28T04:00:00Z,4.053328155842472
2012-04-28T05:00:00Z,4.052016950797397
2012-04-28T06:00:00Z,4.148094181541212
2012-04-28T07:00:00Z,4.3729925987990494
2012-04-28T08:00:00Z,4.666393473158735
2012-04-28T09:00:00Z,4.86786880149231
2012-04-28T10:00:00Z,4.954121183357065
2012-04-28T11:00:00Z,4.9657086223984095
2012-04-28T12:00:00Z,4.9106162772463575
2012-04-28T13:00:00Z,4.817877610677329
2012-04-28T14:00:00Z,4.682966950800061
2012-04-28T15:00:00Z,4.521858416663655
2012-04-28T16:00:00Z,4.318416879266363
2012-04-28T17:00:00Z,4.074158399739794
2012-04-28T18:00:00Z,3.7777844798986657
2012-04-28T19:00:00Z,3.653599346633999
2012-04-28T20:00:00Z,3.593745517142445
2012-04-28T21:00:00Z,3.53901791264056
2012-04-28T22:00:00Z,3.4960506851991395
2012-04-28T23:00:00Z,3.4591698655104786
2012-04-29T00:00:00Z,3.432156948706709
2012-04-29T01:00:00Z,3.422217365171304
2012-04-29T02:00:00Z,3.422404371584697
2012-04-29T03:00:00Z,3.411220043572982
2012-04-29T04:00:00Z,3.5444255800792326
2012-04-29T05:00:00Z,3.863068619892057
2012-04-29T06:00:00Z,4.15332073344607
2012-04-29T07:00:00Z,4.435866562787733
2012-04-29T08:00:00Z,4.702658056765276
2012-04-29T09:00:00Z,4.949618682577939
2012-04-29T10:00:00Z,5.1566423778354125
2012-04-29T11:00:00Z,5.30605328927861
2012-04-29T12:00:00Z,5.391469031119527
2012-04-29T13:00:00Z,5.403097097010742
2012-04-29T14:00:00Z,5.3026839387012075
2012-04-29T15:00:00Z,5.078039485952898
2012-04-29T16:00:00Z,4.788592400030581
2012-04-29T17:00:00Z,4.553253362413669
2012-04-29T18:00:00Z,4.362028137623623
2012-04-29T19:00:00Z,4.284297294524058
2012-04-29T20:00:00Z,4.226331061475136
2012-04-29T21:00:00Z,4.188737292669877
2012-04-29T22:00:00Z,4.145211463366203
2012-04-29T23:00:00Z,4.112008403913073
2012-04-30T00:00:00Z,4.130176734370882
2012-04-30T01:00:00Z,4.124057551114477
2012-04-30T02:00:00Z,4.15759426447159
2012-04-30T03:00:00Z,4.131266490765172
2012-04-30T04:00:00Z,4.109849727672418
2012-04-30T05:00:00Z,4.1326294952161
2012-04-30T06:00:00Z,4.1944881626092485
2012-04-30T07:00:00Z,4.333506313786546
2012-04-30T08:00:00Z,4.531182173346838
2012-04-30T09:00:00Z,4.7255441958727875
2012-04-30T10:00:00Z,4.8586168108296794
2012-04-30T11:00:00Z,4.888767465459368
2012-04-30T12:00:00Z,4.8518418096603
2012-04-30T13:00:00Z,4.763824446641822
2012-04-30T14:00:00Z,4.610571260306242
2012-04-30T15:00:00Z,4.479170391560883
2012-04-30T16:00:00Z,4.392775732070842
2012-04-30T17:00:00Z,4.264750944809508
2012-04-30T18:00:00Z,4.140963337630993
2012-04-30T19:00:00Z,4.0699223446079875
2012-04-30T20:00:00Z,4.023383548003728
2012-04-30T21:00:00Z,3.9681936260533517
2012-04-30T22:00:00Z,3.925292218984049
2012-04-30T23:00:00Z,3.896960457953523
2012-05-01T00:00:00Z,3.890666252523684
2012-05-01T01:00:00Z,3.9070492825951337
2012-05-01T02:00:00Z,3.9277539117619362
2012-05-01T03:00:00Z,3.942837357172085
2012-05-01T04:00:00Z,3.9576619273301765
2012-05-01T05:00:00Z,3.9829565327991334
2012-05-01T06:00:00Z,4.0600285232724005
2012-05-01T07:00:00Z,4.197861858641375
2012-05-01T08:00:00Z,4.321843839492115
2012-05-01T09:00:00Z,4.399564469108917
2012-05-01T10:00:00Z,4.401110291275779
2012-05-01T11:00:00Z,4.453213879408421
2012-05-01T12:00:00Z,4.535940611986238
2012-05-01T13:00:00Z,4.536433434738515
2012-05-01T14:00:00Z,4.488640435748583
2012-05-01T15:00:00Z,4.437280810514013
2012-05-01T16:00:00Z,4.342068774265112
2012-05-01T17:00:00Z,4.220066033286164
2012-05-01T18:00:00Z,4.043384228025438
2012-05-01T19:00:00Z,3.905587428286355
2012-05-01T20:00:00Z,3.7973685806099566
2012-05-01T21:00:00Z,3.7031781226903187
2012-05-01T22:00:00Z,3.6224297984325737
2012-05-01T23:00:00Z,3.5609506481692073
2012-05-02T00:00:00Z,3.54282158615228
2012-05-02T01:00:00Z,3.5182428447040968
2012-05-02T02:00:00Z,3.4700944676842966
2012-05-02T03:00:00Z,3.432156948706709
2012-05-02T04:00:00Z,3.4967338507062693
2012-05-02T05:00:00Z,3.6749303212556863
2012-05-02T06:00:00Z,3.89381081165097
2012-05-02T07:00:00Z,4.030633587540625
2012-05-02T08:00:00Z,4.102849656075994
2012-05-02T09:00:00Z,4.145485835319035
2012-05-02T10:00:00Z,4.18733703282744
2012-05-02T11:00:00Z,4.213819551907421
2012-05-02T12:00:00Z,4.20448442534909
2012-05-02T13:00:00Z,4.173246709978346
2012-05-02T14:00:00Z,4.135767821177406
2012-05-02T15:00:00Z,4.08332246707524
2012-05-02T16:00:00Z,4.011786183262337
2012-05-02T17:00:00Z,3.9103424593388048
2012-05-02T18:00:00Z,3.780292741813793
2012-05-02T19:00:00Z,3.6883483996348736
2012-05-02T20:00:00Z,3.644245315954845
2012-05-02T21:00:00Z,3.606991677945117
2012-05-02T22:00:00Z,3.5618619728722973
2012-05-02T23:00:00Z,3.484186809824481
2012-05-03T00:00:00Z,3.431686803101287
2012-05-03T01:00:00Z,3.4013088223314414
2012-05-03T02:00:00Z,3.3612408093168016
2012-05-03T03:00:00Z,3.3486606426776446
2012-05-03T04:00:00Z,3.400662431449204
2012-05-03T05:00:00Z,3.5025025864720543
2012-05-03T06:00:00Z,3.6432913527820627
2012-05-03T07:00:00Z,3.7510855568532357
2012-05-03T08:00:00Z,3.8448080051566946
2012-05-03T09:00:00Z,3.8916332680895995
2012-05-03T10:00:00Z,3.9380030181086525
2012-05-03T11:00:00Z,3.978402413847862
2012-05-03T12:00:00Z,4.010501712931834
2012-05-03T13:00:00Z,4.044559250887953
2012-05-03T14:00:00Z,4.039081645814523
2012-05-03T15:00:00Z,3.9851107151947036
2012-05-03T16:00:00Z,3.8970816999564435
2012-05-03T17:00:00Z,3.7917360375359435
2012-05-03T18:00:00Z,3.5735478717334224
2012-05-03T19:00:00Z,3.4510689883182724
2012-05-03T20:00:00Z,3.3864121765930433
2012-05-03T21:00:00Z,3.333776914273549
2012-05-03T22:00:00Z,3.288958907706448
2012-05-03T23:00:00Z,3.2498767610201584
2012-05-04T00:00:00Z,3.2148448528090734
2012-05-04T01:00:00Z,3.1315
2012-05-04T02:00:00Z,3.1315
2012-05-04T03:00:00Z,3.1315
2012-05-04T04:00:00Z,3.2759702897792664
2012-05-04T05:00:00Z,3.5713063807948893
2012-05-04T06:00:00Z,3.8262516418731067
2012-05-04T07:00:00Z,3.968948035487959
2012-05-04T08:00:00Z,4.090122448979591
2012-05-04T09:00:00Z,4.227757526663968
2012-05-04T10:00:00Z,4.371771604076506
2012-05-04T11:00:00Z,4.483820160366555
2012-05-04T12:00:00Z,4.560713635536141
2012-05-04T13:00:00Z,4.586094533738515
2012-05-04T14:00:00Z,4.557726594622129
2012-05-04T15:00:00Z,4.494438464298528
2012-05-04T16:00:00Z,4.390466175955138
2012-05-04T17:00:00Z,4.167553899387811
2012-05-04T18:00:00Z,3.863902770066012
2012-05-04T19:00:00Z,3.7927693332525876
2012-05-04T20:00:00Z,3.7301965455628365
2012-05-04T21:00:00Z,3.630935126674011
2012-05-04T22:00:00Z,3.546332210299819
2012-05-04T23:00:00Z,3.4606033815891233
2012-05-05T00:00:00Z,3.402879652268405
2012-05-05T01:00:00Z,3.3608800643949572
2012-05-05T02:00:00Z,3.330940034569869
2012-05-05T03:00:00Z,3.3407120949459923
2012-05-05T04:00:00Z,3.430746898195062
2012-05-05T05:00:00Z,3.5619632599670137
2012-05-05T06:00:00Z,3.750860907321457
2012-05-05T07:00:00Z,3.902788596354569
2012-05-05T08:00:00Z,4.027134773662553
2012-05-05T09:00:00Z,4.143017794535956
2012-05-05T10:00:00Z,4.218076508620686
2012-05-05T11:00:00Z,4.270858194960618
2012-05-05T12:00:00Z,4.3112824395952405
2012-05-05T13:00:00Z,4.312618350834908
2012-05-05T14:00:00Z,4.302397472006598
2012-05-05T15:00:00Z,4.271732087439896
2012-05-05T16:00:00Z,4.187617009895697
2012-05-05T17:00:00Z,4.042470793261474
2012-05-05T18:00:00Z,3.8168078493509676
2012-05-05T19:00:00Z,3.658614948739665
2012-05-05T20:00:00Z,3.6059533062728475
2012-05-05T21:00:00Z,3.5570069572625322
2012-05-05T22:00:00Z,3.516070175438596
2012-05-05T23:00:00Z,3.450973909689503
2012-05-06T00:00:00Z,3.385130935329569
2012-05-06T01:00:00Z,3.330054499534759
2012-05-06T02:00:00Z,3.317706264070984
2012-05-06T03:00:00Z,3.3348419903623454
2012-05-06T04:00:00Z,3.4218434136480362
2012-05-06T05:00:00Z,3.598598023442887
2012-05-06T06:00:00Z,3.834568052409233
2012-05-06T07:00:00Z,3.9693253477833736
2012-05-06T08:00:00Z,4.088253533078754
2012-05-06T09:00:00Z,4.172829635551998
2012-05-06T10:00:00Z,4.25186693822132
2012-05-06T11:00:00Z,4.319012481897799
2012-05-06T12:00:00Z,4.3653725517529764
2012-05-06T13:00:00Z,4.40963176793635
2012-05-06T14:00:00Z,4.441843971631207
2012-05-06T15:00:00Z,4.408855724895287
2012-05-06T16:00:00Z,4.305503041968856
2012-05-06T17:00:00Z,4.092527853105502
2012-05-06T18:00:00Z,3.8193682156360538
2012-05-06T19:00:00Z,3.773346186287501
2012-05-06T20:00:00Z,3.8225151820317973
2012-05-06T21:00:00Z,3.7543460016784582
2012-05-06T22:00:00Z,3.5470351701874585
2012-05-06T23:00:00Z,3.41298602217923
2012-05-07T00:00:00Z,3.3829367758662605
2012-05-07T01:00:00Z,3.3943959676982285
2012-05-07T02:00:00Z,3.3912713883474135
2012-05-07T03:00:00Z,3.378101402373248
2012-05-07T04:00:00Z,3.510847020572902
2012-05-07T05:00:00Z,3.694767270367531
2012-05-07T06:00:00Z,4.032969509642934
2012-05-07T07:00:00Z,4.44263167228232
2012-05-07T08:00:00Z,4.659103589362099
2012-05-07T09:00:00Z,4.8271609695942015
2012-05-07T10:00:00Z,4.949227547512737
2012-05-07T11:00:00Z,5.0150138127076955
2012-05-07T12:00:00Z,4.965118122720784
2012-05-07T13:00:00Z,4.872602793013577
2012-05-07T14:00:00Z,4.810846103621773
2012-05-07T15:00:00Z,4.783837457989607
2012-05-07T16:00:00Z,4.752617999696464
2012-05-07T17:00:00Z,4.626920803782505
2012-05-07T18:00:00Z,4.504783140329428
2012-05-07T19:00:00Z,4.409166109331551
2012-05-07T20:00:00Z,4.323484743890655
2012-05-07T21:00:00Z,4.259385201305765
2012-05-07T22:00:00Z,4.218076508620686
2012-05-07T23:00:00Z,4.178676274352815
2012-05-08T00:00:00Z,4.144114338648845
2012-05-08T01:00:00Z,4.122835889671515
2012-05-08T02:00:00Z,4.1205302806013355
2012-05-08T03:00:00Z,4.116603128697252
2012-05-08T04:00:00Z,4.123378760945423
2012-05-08T05:00:00Z,4.171439989343276
2012-05-08T06:00:00Z,4.2324717013008915
2012-05-08T07:00:00Z,4.348097750624827
2012-05-08T08:00:00Z,4.51745527986151
2012-05-08T09:00:00Z,4.709553709064935
2012-05-08T10:00:00Z,4.900625978090766
2012-05-08T11:00:00Z,5.043688343064228
2012-05-08T12:00:00Z,5.137607153111035
2012-05-08T13:00:00Z,5.235746530680492
2012-05-08T14:00:00Z,5.255737842487314
2012-05-08T15:00:00Z,5.180957107995197
2012-05-08T16:00:00Z,5.045110359271795
2012-05-08T17:00:00Z,4.7705373805080535
2012-05-08T18:00:00Z,4.356263476385891
2012-05-08T19:00:00Z,4.137953817184762
2012-05-08T20:00:00Z,4.036218341174197
2012-05-08T21:00:00Z,3.9532902004102883
2012-05-08T22:00:00Z,3.8803011059136945
2012-05-08T23:00:00Z,3.8150641123260103
2012-05-09T00:00:00Z,3.756034663708058
2012-05-09T01:00:00Z,3.7058075204875607
2012-05-09T02:00:00Z,3.6697624000234397
2012-05-09T03:00:00Z,3.6604324956165954
2012-05-09T04:00:00Z,3.8554587706608414
2012-05-09T05:00:00Z,4.128951445429674
2012-05-09T06:00:00Z,4.450998507568759
2012-05-09T07:00:00Z,4.952749990115061
2012-05-09T08:00:00Z,5.134658741545402
2012-05-09T09:00:00Z,5.216558387472929
2012-05-09T10:00:00Z,5.153036037518514
2012-05-09T11:00:00Z,4.980714938963775
2012-05-09T12:00:00Z,4.925678332677938
2012-05-09T13:00:00Z,4.848273726583059
2012-05-09T14:00:00Z,4.71540430658033
2012-05-09T15:00:00Z,4.633767386800831
2012-05-09T16:00:00Z,4.5081878711534955
2012-05-09T17:00:00Z,4.360509642832278
2012-05-09T18:00:00Z,4.113763998817693
2012-05-09T19:00:00Z,3.895990793443437
2012-05-09T20:00:00Z,3.784633048312538
2012-05-09T21:00:00Z,3.698585643842086
2012-05-09T22:00:00Z,3.6324092332676043
2012-05-09T23:00:00Z,3.5717137154262906
2012-05-10T00:00:00Z,3.514393131698558
2012-05-10T01:00:00Z,3.4666371460991354
2012-05-10T02:00:00Z,3.4309348379851525
2012-05-10T03:00:00Z,3.421936893866956
2012-05-10T04:00:00Z,3.6432913527820627
2012-05-10T05:00:00Z,3.9163331665832937
2012-05-10T06:00:00Z,4.098017404959762
2012-05-10T07:00:00Z,4.282685995623633
2012-05-10T08:00:00Z,4.472772719157294
2012-05-10T09:00:00Z,4.654256307360753
2012-05-10T10:00:00Z,4.817507018960813
2012-05-10T11:00:00Z,4.925097314512642
2012-05-10T12:00:00Z,4.927422209983873
2012-05-10T13:00:00Z,4.847710824722319
2012-05-10T14:00:00Z,4.723762114869706
2012-05-10T15:00:00Z,4.576376456833878
2012-05-10T16:00:00Z,4.435081259073045
2012-05-10T17:00:00Z,4.261848865298898
2012-05-10T18:00:00Z,4.047695986557225
2012-05-10T19:00:00Z,3.934539515014447
2012-05-10T20:00:00Z,3.888250814837811
2012-05-10T21:00:00Z,3.864021963784437
2012-05-10T22:00:00Z,3.8487064462606777
2012-05-10T23:00:00Z,3.780292741813793
2012-05-11T00:00:00Z,3.7164728222169465
2012-05-11T01:00:00Z,3.6556252736028028
2012-05-11T02:00:00Z,3.6050192827951437
2012-05-11T03:00:00Z,3.5652074913189487
2012-05-11T04:00:00Z,3.683250999764763
2012-05-11T05:00:00Z,3.8848742362683377
2012-05-11T06:00:00Z,4.110524070488627
2012-05-11T07:00:00Z,4.322887907233572
2012-05-11T08:00:00Z,4.502354336652164
2012-05-11T09:00:00Z,4.647176671366029
2012-05-11T10:00:00Z,4.76581820948902
2012-05-11T11:00:00Z,4.8548505871865455
2012-05-11T12:00:00Z,4.909269057417208
2012-05-11T13:00:00Z,4.915819630312782
2012-05-11T14:00:00Z,4.873550696443856
2012-05-11T15:00:00Z,4.792806581212934
2012-05-11T16:00:00Z,4.666915052160958
2012-05-11T17:00:00Z,4.477569258266305
2012-05-11T18:00:00Z,4.051492706278102
2012-05-11T19:00:00Z,3.8111175343049233
2012-05-11T20:00:00Z,3.7357590217715506
2012-05-11T21:00:00Z,3.677627715795654
2012-05-11T22:00:00Z,3.6271500550182436
2012-05-11T23:00:00Z,3.5701866894684358
2012-05-12T00:00:00Z,3.5096665732698233
2012-05-12T01:00:00Z,3.453162044439543
2012-05-12T02:00:00Z,3.4105698804694113
2012-05-12T03:00:00Z,3.4014011839461227
2012-05-12T04:00:00Z,3.6418084023840693
2012-05-12T05:00:00Z,3.924185463659146
2012-05-12T06:00:00Z,4.213110894352696
2012-05-12T07:00:00Z,4.452264164356293
2012-05-12T08:00:00Z,4.619753632809623
2012-05-12T09:00:00Z,4.749914679003454
2012-05-12T10:00:00Z,4.840779100324629
2012-05-12T11:00:00Z,4.887622912439522
2012-05-12T12:00:00Z,4.892586516678389
2012-05-12T13:00:00Z,4.85786309870079
2012-05-12T14:00:00Z,4.784751136407048
2012-05-12T15:00:00Z,4.674403851177366
2012-05-12T16:00:00Z,4.523981508234616
2012-05-12T17:00:00Z,4.332906707253797
2012-05-12T18:00:00Z,3.9686965338064746
2012-05-12T19:00:00Z,3.748840271750515
2012-05-12T20:00:00Z,3.679680385417585
2012-05-12T21:00:00Z,3.630935126674011
2012-05-12T22:00:00Z,3.58921459067595
2012-05-12T23:00:00Z,3.542120295223821
2012-05-13T00:00:00Z,3.4944901659924645
2012-05-13T01:00:00Z,3.4470801915350298
2012-05-13T02:00:00Z,3.4061182868796758
2012-05-13T03:00:00Z,3.404544466188304
2012-05-13T04:00:00Z,3.6541322675690657
2012-05-13T05:00:00Z,3.926645768025081
2012-05-13T06:00:00Z,4.12120813318418
2012-05-13T07:00:00Z,4.276398893858182
2012-05-13T08:00:00Z,4.412894134225825
2012-05-13T09:00:00Z,4.52676086877959
2012-05-13T10:00:00Z,4.5897915063574075
2012-05-13T11:00:00Z,4.607857563272509
2012-05-13T12:00:00Z,4.599735605170392
2012-05-13T13:00:00Z,4.567698647121029
2012-05-13T14:00:00Z,4.510785408188987
2012-05-13T15:00:00Z,4.4250538736001666
2012-05-13T16:00:00Z,4.3117276513717275
2012-05-13T17:00:00Z,4.156490576055213
2012-05-13T18:00:00Z,3.810074218274732
2012-05-13T19:00:00Z,3.63969199476972
2012-05-13T20:00:00Z,3.6093822037805428
2012-05-13T21:00:00Z,3.5993218585672837
2012-05-13T22:00:00Z,3.554080127113832
2012-05-13T23:00:00Z,3.485350176688275
2012-05-14T00:00:00Z,3.4286809186215184
2012-05-14T01:00:00Z,3.369287462678536
2012-05-14T02:00:00Z,3.3320032984864185
2012-05-14T03:00:00Z,3.3416924554476592
2012-05-14T04:00:00Z,3.60730330607073
2012-05-14T05:00:00Z,3.975245953665504
2012-05-14T06:00:00Z,4.231756756756753
2012-05-14T07:00:00Z,4.4219296077946835
2012-05-14T08:00:00Z,4.511272779658571
2012-05-14T09:00:00Z,4.532985922628744
2012-05-14T10:00:00Z,4.510622974432843
2012-05-14T11:00:00Z,4.462415390096189
2012-05-14T12:00:00Z,4.425522894290563
2012-05-14T13:00:00Z,4.400182667650264
2012-05-14T14:00:00Z,4.368417381600059
2012-05-14T15:00:00Z,4.316333563059961
2012-05-14T16:00:00Z,4.237626442031188
2012-05-14T17:00:00Z,4.121479336667544
2012-05-14T18:00:00Z,3.942837357172085
2012-05-14T19:00:00Z,3.8047506226839163
2012-05-14T20:00:00Z,3.7766454608496427
2012-05-14T21:00:00Z,3.793228756586519
2012-05-14T22:00:00Z,3.8731022541046958
2012-05-14T23:00:00Z,3.9026669990029905
2012-05-15T00:00:00Z,3.9080244602520877
2012-05-15T01:00:00Z,3.9104645354645373
2012-05-15T02:00:00Z,3.914008061744213
2012-05-15T03:00:00Z,3.89853719265484
2012-05-15T04:00:00Z,3.9136411922764514
2012-05-15T05:00:00Z,3.9611662766428415
2012-05-15T06:00:00Z,4.047172859450728
2012-05-15T07:00:00Z,4.170467787581152
2012-05-15T08:00:00Z,4.264605746969901
2012-05-15T09:00:00Z,4.28005193740176
2012-05-15T10:00:00Z,4.347343213132962
2012-05-15T11:00:00Z,4.595516747991341
2012-05-15T12:00:00Z,4.756769073026236
2012-05-15T13:00:00Z,4.775994204445804
2012-05-15T14:00:00Z,4.690156138840005
2012-05-15T15:00:00Z,4.515012796020618
2012-05-15T16:00:00Z,4.318416879266363
2012-05-15T17:00:00Z,4.182024572649572
2012-05-15T18:00:00Z,4.099090254597814
2012-05-15T19:00:00Z,4.044820459829499
2012-05-15T20:00:00Z,4.02299588900308
2012-05-15T21:00:00Z,4.016030779095864
2012-05-15T22:00:00Z,4.034398350940479
2012-05-15T23:00:00Z,4.034658249049798
2012-05-16T00:00:00Z,4.0179631114675205
2012-05-16T01:00:00Z,4.017447641040447
2012-05-16T02:00:00Z,4.019768300118738
2012-05-16T03:00:00Z,4.03504815900525
2012-05-16T04:00:00Z,4.127590865653938
2012-05-16T05:00:00Z,4.203919989260304
2012-05-16T06:00:00Z,4.336957274426978
2012-05-16T07:00:00Z,4.574036881504474
2012-05-16T08:00:00Z,4.841527520098945
2012-05-16T09:00:00Z,5.028098908156716
2012-05-16T10:00:00Z,5.152612093788563
2012-05-16T11:00:00Z,5.356196014709649
2012-05-16T12:00:00Z,5.560932297447286
2012-05-16T13:00:00Z,5.75114784205694
2012-05-16T14:00:00Z,5.87771573365868
2012-05-16T15:00:00Z,5.853544558156923
2012-05-16T16:00:00Z,5.613516178184094
2012-05-16T17:00:00Z,5.223519599666385
2012-05-16T18:00:00Z,4.789141655515203
2012-05-16T19:00:00Z,4.5046211385622295
2012-05-16T20:00:00Z,4.402966712362471
2012-05-16T21:00:00Z,4.373756066901776
2012-05-16T22:00:00Z,4.334706024846871
2012-05-16T23:00:00Z,4.254755434782608
2012-05-17T00:00:00Z,4.161323544068304
2012-05-17T01:00:00Z,4.083455582722085
2012-05-17T02:00:00Z,4.0218333600899046
2012-05-17T03:00:00Z,4.040254168951393
2012-05-17T04:00:00Z,4.336056494045974
2012-05-17T05:00:00Z,4.5904643236706155
2012-05-17T06:00:00Z,5.061828174250388
2012-05-17T07:00:00Z,5.53708779064627
2012-05-17T08:00:00Z,5.937055645084838
2012-05-17T09:00:00Z,6.279326248245444
2012-05-17T10:00:00Z,6.520562207183765
2012-05-17T11:00:00Z,6.659577861661961
2012-05-17T12:00:00Z,6.634182511519526
2012-05-17T13:00:00Z,6.528038357306653
2012-05-17T14:00:00Z,6.446400082342653
2012-05-17T15:00:00Z,6.318603712671505
2012-05-17T16:00:00Z,6.033718689788056
2012-05-17T17:00:00Z,5.581996434937611
2012-05-17T18:00:00Z,5.102656020857095
2012-05-17T19:00:00Z,4.783289418413714
2012-05-17T20:00:00Z,4.628117494919638
2012-05-17T21:00:00Z,4.515175546103378
2012-05-17T22:00:00Z,4.422085716303039
2012-05-17T23:00:00Z,4.345533391153514
2012-05-18T00:00:00Z,4.289726027397261
2012-05-18T01:00:00Z,4.258805929552566
2012-05-18T02:00:00Z,4.230756240078364
2012-05-18T03:00:00Z,4.255911932590375
2012-05-18T04:00:00Z,4.551268076447934
2012-05-18T05:00:00Z,4.772354935802184
2012-05-18T06:00:00Z,5.130872895588413
2012-05-18T07:00:00Z,5.753261069263276
2012-05-18T08:00:00Z,6.375852590858185
2012-05-18T09:00:00Z,6.821696982899457
2012-05-18T10:00:00Z,7.08804889090085
2012-05-18T11:00:00Z,7.193889271766606
2012-05-18T12:00:00Z,7.137321937321932
2012-05-18T13:00:00Z,6.961983103601593
2012-05-18T14:00:00Z,6.716714032924017
2012-05-18T15:00:00Z,6.393425888117604
2012-05-18T16:00:00Z,5.9713019020832405
2012-05-18T17:00:00Z,5.502064482122458
2012-05-18T18:00:00Z,5.024871630295251
2012-05-18T19:00:00Z,4.674578295267952
2012-05-18T20:00:00Z,4.540544459346795
2012-05-18T21:00:00Z,4.479650954867322
2012-05-18T22:00:00Z,4.4316292234211945
2012-05-18T23:00:00Z,4.40172892434199
2012-05-19T00:00:00Z,4.379567148001818
2012-05-19T01:00:00Z,4.361876240554378
2012-05-19T02:00:00Z,4.345533391153514
2012-05-19T03:00:00Z,4.393083856486518
2012-05-19T04:00:00Z,4.761651334296361
2012-05-19T05:00:00Z,4.978141642158815
2012-05-19T06:00:00Z,5.2211245883873145
2012-05-19T07:00:00Z,5.763850542978104
2012-05-19T08:00:00Z,6.349994930548514
2012-05-19T09:00:00Z,6.68445488019639
2012-05-19T10:00:00Z,6.675548923470472
2012-05-19T11:00:00Z,6.434478861663332
2012-05-19T12:00:00Z,6.300804828973844
2012-05-19T13:00:00Z,6.1555850410339605
2012-05-19T14:00:00Z,5.75141191055604
2012-05-19T15:00:00Z,5.342716997227555
2012-05-19T16:00:00Z,5.087526907924134
2012-05-19T17:00:00Z,4.917363482903464
2012-05-19T18:00:00Z,4.780186231109752
2012-05-19T19:00:00Z,4.6592768933194435
2012-05-19T20:00:00Z,4.598722373155151
2012-05-19T21:00:00Z,4.591305622754932
2012-05-19T22:00:00Z,4.604639194206525
2012-05-19T23:00:00Z,4.537090698348304
2012-05-20T00:00:00Z,4.505431263937843
2012-05-20T01:00:00Z,4.495083614440539
2012-05-20T02:00:00Z,4.458127202192408
2012-05-20T03:00:00Z,4.5015453173291125
2012-05-20T04:00:00Z,4.679468021518225
2012-05-20T05:00:00Z,4.860313518547262
2012-05-20T06:00:00Z,5.21026579593195
2012-05-20T07:00:00Z,5.858472475562422
2012-05-20T08:00:00Z,6.355794601177196
2012-05-20T09:00:00Z,6.755474058893312
2012-05-20T10:00:00Z,7.056503858937534
2012-05-20T11:00:00Z,7.277903666259944
2012-05-20T12:00:00Z,7.403948457264449
2012-05-20T13:00:00Z,7.405699420598326
2012-05-20T14:00:00Z,7.310610482082403
2012-05-20T15:00:00Z,7.046976090014073
2012-05-20T16:00:00Z,6.643683038082109
2012-05-20T17:00:00Z,6.1359851082590415
2012-05-20T18:00:00Z,5.510051467030307
2012-05-20T19:00:00Z,5.027897081844817
2012-05-20T20:00:00Z,4.821401077752113
2012-05-20T21:00:00Z,4.695958611381873
2012-05-20T22:00:00Z,4.632567772476794
2012-05-20T23:00:00Z,4.544168329403229
2012-05-21T00:00:00Z,4.483980669411133
2012-05-21T01:00:00Z,4.4565410751770065
2012-05-21T02:00:00Z,4.431942822771825
2012-05-21T03:00:00Z,4.470218764498052
2012-05-21T04:00:00Z,4.557394942696013
2012-05-21T05:00:00Z,4.651145520032679
2012-05-21T06:00:00Z,4.781463526357979
2012-05-21T07:00:00Z,4.923935689295958
2012-05-21T08:00:00Z,5.047143202514307
2012-05-21T09:00:00Z,5.134658741545402
2012-05-21T10:00:00Z,5.159403575253311
2012-05-21T11:00:00Z,5.1781727986771395
2012-05-21T12:00:00Z,5.062646512003876
2012-05-21T13:00:00Z,4.886288277745272
2012-05-21T14:00:00Z,4.72768446876769
2012-05-21T15:00:00Z,4.672137262215591
2012-05-21T16:00:00Z,4.677895208574525
2012-05-21T17:00:00Z,4.651145520032679
2012-05-21T18:00:00Z,4.545982434492274
2012-05-21T19:00:00Z,4.405599324704555
2012-05-21T20:00:00Z,4.322440387867078
2012-05-21T21:00:00Z,4.2521556113789085
2012-05-21T22:00:00Z,4.188737292669877
2012-05-21T23:00:00Z,4.14055269073119
2012-05-22T00:00:00Z,4.0518858769489565
2012-05-22T01:00:00Z,3.978402413847862
2012-05-22T02:00:00Z,3.924308405651808
2012-05-22T03:00:00Z,3.9236937727101893
2012-05-22T04:00:00Z,4.0679397246037965
2012-05-22T05:00:00Z,4.27377256132928
2012-05-22T06:00:00Z,4.511922772134572
2012-05-22T07:00:00Z,4.740746347740514
2012-05-22T08:00:00Z,4.950792458796097
2012-05-22T09:00:00Z,5.136553760354296
2012-05-22T10:00:00Z,5.299991537615297
2012-05-22T11:00:00Z,5.426739450654191
2012-05-22T12:00:00Z,5.540271573267288
2012-05-22T13:00:00Z,5.635995500562424
2012-05-22T14:00:00Z,5.688723375266814
2012-05-22T15:00:00Z,5.643867711994228
2012-05-22T16:00:00Z,5.506660218929965
2012-05-22T17:00:00Z,5.29774995770597
2012-05-22T18:00:00Z,5.071255060728747
2012-05-22T19:00:00Z,4.76581820948902
2012-05-22T20:00:00Z,4.470856979690902
2012-05-22T21:00:00Z,4.329761493259591
2012-05-22T22:00:00Z,4.256201155283723
2012-05-22T23:00:00Z,4.226188467897026
2012-05-23T00:00:00Z,4.216514626182382
2012-05-23T01:00:00Z,4.183421281143543
2012-05-23T02:00:00Z,4.1356312731114615
2012-05-23T03:00:00Z,4.132765845128506
2012-05-23T04:00:00Z,4.278297697930183
2012-05-23T05:00:00Z,4.492504124524782
2012-05-23T06:00:00Z,4.8217722688428655
2012-05-23T07:00:00Z,5.215472373735271
2012-05-23T08:00:00Z,5.530975405130924
2012-05-23T09:00:00Z,5.799074074074068
2012-05-23T10:00:00Z,6.080287364691034
2012-05-23T11:00:00Z,6.394731468245857
2012-05-23T12:00:00Z,6.594714120248489
2012-05-23T13:00:00Z,6.6376980552170055
2012-05-23T14:00:00Z,6.615961548618816
2012-05-23T15:00:00Z,6.36031278561998
2012-05-23T16:00:00Z,6.02646139042578
2012-05-23T17:00:00Z,5.62283970013916
2012-05-23T18:00:00Z,5.129192088776055
2012-05-23T19:00:00Z,4.6406342620035534
2012-05-23T20:00:00Z,4.401110291275779
2012-05-23T21:00:00Z,4.275669033315129
2012-05-23T22:00:00Z,4.243368677800738
2012-05-23T23:00:00Z,4.217934471495437
2012-05-24T00:00:00Z,4.189577898187166
2012-05-24T01:00:00Z,4.168663471778487
2012-05-24T02:00:00Z,4.181047431489702
2012-05-24T03:00:00Z,4.179931257716824
2012-05-24T04:00:00Z,4.226045883940622
2012-05-24T05:00:00Z,4.310540624247217
2012-05-24T06:00:00Z,4.425210202783864
2012-05-24T07:00:00Z,4.5365977327876585
2012-05-24T08:00:00Z,4.684893593148067
2012-05-24T09:00:00Z,4.831070657204567
2012-05-24T10:00:00Z,4.958239322329102
2012-05-24T11:00:00Z,5.156430100444596
2012-05-24T12:00:00Z,5.275660194583668
2012-05-24T13:00:00Z,5.297301869237923
2012-05-24T14:00:00Z,5.282780144236849
2012-05-24T15:00:00Z,5.213952713952714
2012-05-24T16:00:00Z,5.0811293201362995
2012-05-24T17:00:00Z,4.901776629881824
2012-05-24T18:00:00Z,4.721269458369453
2012-05-24T19:00:00Z,4.5514334508193715
2012-05-24T20:00:00Z,4.4875147780604
2012-05-24T21:00:00Z,4.410874005211631
2012-05-24T22:00:00Z,4.240495615965336
2012-05-24T23:00:00Z,4.1304491195673645
2012-05-25T00:00:00Z,4.111063704092685
2012-05-25T01:00:00Z,4.0683360940595685
2012-05-25T02:00:00Z,3.9842234167753396
2012-05-25T03:00:00Z,3.9491771233999597
2012-05-25T04:00:00Z,4.021704231683039
2012-05-25T05:00:00Z,4.123378760945423
2012-05-25T06:00:00Z,4.28005193740176
2012-05-25T07:00:00Z,4.526106594399275
2012-05-25T08:00:00Z,4.841527520098945
2012-05-25T09:00:00Z,5.144993017333442
2012-05-25T10:00:00Z,5.308076955674206
2012-05-25T11:00:00Z,5.296853856562917
2012-05-25T12:00:00Z,5.21438681208892
2012-05-25T13:00:00Z,5.157066985054965
2012-05-25T14:00:00Z,5.191909143662444
2012-05-25T15:00:00Z,5.266344334664699
2012-05-25T16:00:00Z,5.301561772548353
2012-05-25T17:00:00Z,5.2541946308724885
2012-05-25T18:00:00Z,5.133606557377053
2012-05-25T19:00:00Z,5.0493812230418795
2012-05-25T20:00:00Z,5.021648492623473
2012-05-25T21:00:00Z,4.990438247011947
2012-05-25T22:00:00Z,4.938495505440787
2012-05-25T23:00:00Z,4.925678332677938
2012-05-26T00:00:00Z,4.940638188774502
2012-05-26T01:00:00Z,4.9111938835522455
2012-05-26T02:00:00Z,4.884573389486818
2012-05-26T03:00:00Z,4.848273726583059
2012-05-26T04:00:00Z,4.83386717091807
2012-05-26T05:00:00Z,4.867679633155869
2012-05-26T06:00:00Z,4.976163991736845
2012-05-26T07:00:00Z,5.211783306981777
2012-05-26T08:00:00Z,5.478721077723833
2012-05-26T09:00:00Z,5.7019300801165285
2012-05-26T10:00:00Z,5.91714299211111
2012-05-26T11:00:00Z,6.090338892400445
2012-05-26T12:00:00Z,6.184152061219453
2012-05-26T13:00:00Z,6.18934677339658
2012-05-26T14:00:00Z,6.11591230896929
2012-05-26T15:00:00Z,5.987857928199249
2012-05-26T16:00:00Z,5.7768758935571665
2012-05-26T17:00:00Z,5.467720110000438
2012-05-26T18:00:00Z,4.964331008243506
2012-05-26T19:00:00Z,4.550606699120829
2012-05-26T20:00:00Z,4.432099639091359
2012-05-26T21:00:00Z,4.481093263692631
2012-05-26T22:00:00Z,4.481574239713776
2012-05-26T23:00:00Z,4.454480796586059
2012-05-27T00:00:00Z,4.40528944221706
2012-05-27T01:00:00Z,4.359599053320344
2012-05-27T02:00:00Z,4.262574014836994
2012-05-27T03:00:00Z,4.234045429962141
2012-05-27T04:00:00Z,4.411806142575374
2012-05-27T05:00:00Z,4.569031552070031
2012-05-27T06:00:00Z,4.742900416508894
2012-05-27T07:00:00Z,4.86408822615719
2012-05-27T08:00:00Z,4.95784682366911
2012-05-27T09:00:00Z,5.049177684617867
2012-05-27T10:00:00Z,5.139504349253238
2012-05-27T11:00:00Z,5.1822431839808045
2012-05-27T12:00:00Z,5.143091767604184
2012-05-27T13:00:00Z,5.048974162602276
2012-05-27T14:00:00Z,4.939079689286702
2012-05-27T15:00:00Z,4.851278079008521
2012-05-27T16:00:00Z,4.767813641900123
2012-05-27T17:00:00Z,4.64976428226734
2012-05-27T18:00:00Z,4.400646430578977
2012-05-27T19:00:00Z,4.12188620882556
2012-05-27T20:00:00Z,4.047957600827298
2012-05-27T21:00:00Z,4.046519140688098
2012-05-27T22:00:00Z,4.0284299221714805
2012-05-27T23:00:00Z,4.0055001279099525
2012-05-28T00:00:00Z,3.9661832689506684
2012-05-28T01:00:00Z,3.9099762766887247
2012-05-28T02:00:00Z,3.8378577118696025
2012-05-28T03:00:00Z,3.826836123671022
2012-05-28T04:00:00Z,3.939489243930055
2012-05-28T05:00:00Z,4.108501705589084
2012-05-28T06:00:00Z,4.251434001968567
2012-05-28T07:00:00Z,4.419589302095831
2012-05-28T08:00:00Z,4.588782650108066
2012-05-28T09:00:00Z,4.743439239595564
2012-05-28T10:00:00Z,4.866355866355864
2012-05-28T11:00:00Z,4.941027967338567
2012-05-28T12:00:00Z,4.978933142539149
2012-05-28T13:00:00Z,4.979724894648963
2012-05-28T14:00:00Z,4.941807708999096
2012-05-28T15:00:00Z,4.86371049157412
2012-05-28T16:00:00Z,4.746135192482571
2012-05-28T17:00:00Z,4.588110325629099
2012-05-28T18:00:00Z,4.27771327095144
2012-05-28T19:00:00Z,4.084254458899868
2012-05-28T20:00:00Z,4.011400755780439
2012-05-28T21:00:00Z,3.968948035487959
2012-05-28T22:00:00Z,3.8250832137295
2012-05-28T23:00:00Z,3.7138282732447805
2012-05-29T00:00:00Z,3.6233728666473826
2012-05-29T01:00:00Z,3.5850028620492274
2012-05-29T02:00:00Z,3.570491990194402
2012-05-29T03:00:00Z,3.64488156899261
2012-05-29T04:00:00Z,3.844689993861266
2012-05-29T05:00:00Z,4.119852650966978
2012-05-29T06:00:00Z,4.632225139602825
2012-05-29T07:00:00Z,5.13024246395806
2012-05-29T08:00:00Z,5.517332511121884
2012-05-29T09:00:00Z,5.817117912041978
2012-05-29T10:00:00Z,6.057645807138021
2012-05-29T11:00:00Z,6.23525312359998
2012-05-29T12:00:00Z,6.291310899045698
2012-05-29T13:00:00Z,6.1335814317892385
2012-05-29T14:00:00Z,5.8962530596874325
2012-05-29T15:00:00Z,5.765176968748568
2012-05-29T16:00:00Z,5.709467158940694
2012-05-29T17:00:00Z,5.574295758978237
2012-05-29T18:00:00Z,5.200963295133698
2012-05-29T19:00:00Z,4.96925457214266
2012-05-29T20:00:00Z,4.960006335629995
2012-05-29T21:00:00Z,4.9113864491844375
2012-05-29T22:00:00Z,4.858051504809185
2012-05-29T23:00:00Z,4.854098043014918
2012-05-30T00:00:00Z,4.832002468850055
2012-05-30T01:00:00Z,4.852029748992877
2012-05-30T02:00:00Z,4.8548505871865455
2012-05-30T03:00:00Z,4.8912491702136
2012-05-30T04:00:00Z,4.9832908975175
2012-05-30T05:00:00Z,5.160253769465271
2012-05-30T06:00:00Z,5.351619242929162
2012-05-30T07:00:00Z,5.499648753073408
2012-05-30T08:00:00Z,5.797732006479976
2012-05-30T09:00:00Z,6.291626902405949
2012-05-30T10:00:00Z,6.600274001475389
2012-05-30T11:00:00Z,6.671993182060295
2012-05-30T12:00:00Z,6.709877865866721
2012-05-30T13:00:00Z,6.594019793640773
2012-05-30T14:00:00Z,6.378774761929011
2012-05-30T15:00:00Z,6.159822965330716
2012-05-30T16:00:00Z,5.97471977104699
2012-05-30T17:00:00Z,5.774212879730793
2012-05-30T18:00:00Z,5.42204138169856
2012-05-30T19:00:00Z,5.091662940530872
2012-05-30T20:00:00Z,4.949032003160805
2012-05-30T21:00:00Z,4.868814863761811
2012-05-30T22:00:00Z,4.784568372803665
2012-05-30T23:00:00Z,4.720557753909925
2012-05-31T00:00:00Z,4.636854964092691
2012-05-31T01:00:00Z,4.556068817517187
2012-05-31T02:00:00Z,4.522674754477176
2012-05-31T03:00:00Z,4.624187832250439
2012-05-31T04:00:00Z,5.001796909315975
2012-05-31T05:00:00Z,5.259931132947001
2012-05-31T06:00:00Z,5.719634703196353
2012-05-31T07:00:00Z,6.22162618586401
2012-05-31T08:00:00Z,6.621557329386255
2012-05-31T09:00:00Z,6.961209291986206
2012-05-31T10:00:00Z,7.290187405424274
2012-05-31T11:00:00Z,7.528096640423097
2012-05-31T12:00:00Z,7.638270626257698
2012-05-31T13:00:00Z,7.718282087620932
2012-05-31T14:00:00Z,7.664912495410605
2012-05-31T15:00:00Z,7.45817207502232
2012-05-31T16:00:00Z,7.025632396657128
2012-05-31T17:00:00Z,6.387557368689439
2012-05-31T18:00:00Z,5.75220426157237
2012-05-31T19:00:00Z,5.190833367867064
2012-05-31T20:00:00Z,4.81713648425182
2012-05-31T21:00:00Z,4.616518630450009
2012-05-31T22:00:00Z,4.488479592933675
2012-05-31T23:00:00Z,4.419901199717717
2012-06-01T00:00:00Z,4.3876979122880755
2012-06-01T01:00:00Z,4.392159612889651
2012-06-01T02:00:00Z,4.393237934904601
2012-06-01T03:00:00Z,4.444365597502125
2012-06-01T04:00:00Z,4.651490957703595
2012-06-01T05:00:00Z,4.984480700358138
2012-06-01T06:00:00Z,5.313480953592938
2012-06-01T07:00:00Z,5.753261069263276
2012-06-01T08:00:00Z,6.425237240318029
2012-06-01T09:00:00Z,7.122306248933875
2012-06-01T10:00:00Z,7.756997770621736
2012-06-01T11:00:00Z,8.378595317725757
2012-06-01T12:00:00Z,8.89693870303288
2012-06-01T13:00:00Z,9.278518518518517
2012-06-01T14:00:00Z,9.481492695481029
2012-06-01T15:00:00Z,9.349854445025011
2012-06-01T16:00:00Z,8.90262970859986
2012-06-01T17:00:00Z,8.037215271094011
2012-06-01T18:00:00Z,6.955797423367399
2012-06-01T19:00:00Z,6.262373762623734
2012-06-01T20:00:00Z,6.09419091174468
2012-06-01T21:00:00Z,6.020668108627731
2012-06-01T22:00:00Z,5.930590407651158
2012-06-01T23:00:00Z,5.8233379823338005
2012-06-02T00:00:00Z,5.701670535754928
2012-06-02T01:00:00Z,5.527558360178279
2012-06-02T02:00:00Z,5.3628462559404095
2012-06-02T03:00:00Z,5.357570573139436
2012-06-02T04:00:00Z,5.616032998565286
2012-06-02T05:00:00Z,6.127880240692733
2012-06-02T06:00:00Z,6.997374448354836
2012-06-02T07:00:00Z,8.34232434232435
2012-06-02T08:00:00Z,9.710830296922241
2012-06-02T09:00:00Z,10.59908613978678
2012-06-02T10:00:00Z,11.477002015759588
2012-06-02T11:00:00Z,12.309355345911964
2012-06-02T12:00:00Z,12.835331488882037
2012-06-02T13:00:00Z,12.912070920523627
2012-06-02T14:00:00Z,11.67381174277724
2012-06-02T15:00:00Z,10.003993291270653
2012-06-02T16:00:00Z,8.422538999462068
2012-06-02T17:00:00Z,7.158532403703283
2012-06-02T18:00:00Z,6.249563438606993
2012-06-02T19:00:00Z,5.781675513501033
2012-06-02T20:00:00Z,5.5688436402436325
2012-06-02T21:00:00Z,5.444429956100316
2012-06-02T22:00:00Z,5.347506830601097
2012-06-02T23:00:00Z,5.271219963809288
2012-06-03T00:00:00Z,5.2230839796514115
2012-06-03T01:00:00Z,5.206151288445552
2012-06-03T02:00:00Z,5.177744708994707
2012-06-03T03:00:00Z,5.137607153111035
2012-06-03T04:00:00Z,5.1606789716545824
2012-06-03T05:00:00Z,5.325680272108848
2012-06-03T06:00:00Z,5.654057957930848
2012-06-03T07:00:00Z,6.103098811147924
2012-06-03T08:00:00Z,6.621907379995771
2012-06-03T09:00:00Z,7.076436359527701
2012-06-03T10:00:00Z,7.444873699851416
2012-06-03T11:00:00Z,7.664912495410605
2012-06-03T12:00:00Z,7.776743030980333
2012-06-03T13:00:00Z,7.723517079787881
2012-06-03T14:00:00Z,7.603034901365694
2012-06-03T15:00:00Z,7.487596389503264
2012-06-03T16:00:00Z,7.197609607538921
2012-06-03T17:00:00Z,6.6387534449862216
2012-06-03T18:00:00Z,5.9758599303468305
2012-06-03T19:00:00Z,5.472258628221934
2012-06-03T20:00:00Z,5.244295583001886
2012-06-03T21:00:00Z,5.142247218687142
2012-06-03T22:00:00Z,5.095598405337239
2012-06-03T23:00:00Z,5.0610101010101
2012-06-04T00:00:00Z,5.030522088353418
2012-06-04T01:00:00Z,5.011602784668314
2012-06-04T02:00:00Z,5.029512146155396
2012-06-04T03:00:00Z,5.267673156987258
2012-06-04T04:00:00Z,5.785146868649551
2012-06-04T05:00:00Z,6.397670974002755
2012-06-04T06:00:00Z,7.302086976798416
2012-06-04T07:00:00Z,8.701028063350922
2012-06-04T08:00:00Z,10.15566726122912
2012-06-04T09:00:00Z,11.140163642831704
2012-06-04T10:00:00Z,12.044230769230795
2012-06-04T11:00:00Z,12.769905189112006
2012-06-04T12:00:00Z,13.171398527865417
2012-06-04T13:00:00Z,13.172783678620233
2012-06-04T14:00:00Z,12.701277631312076
2012-06-04T15:00:00Z,11.806956357809428
2012-06-04T16:00:00Z,10.577605134267873
2012-06-04T17:00:00Z,9.192719800381639
2012-06-04T18:00:00Z,7.896860421132254
2012-06-04T19:00:00Z,7.133663648271531
2012-06-04T20:00:00Z,6.859802847754658
2012-06-04T21:00:00Z,6.630319712047428
2012-06-04T22:00:00Z,6.428534770336151
2012-06-04T23:00:00Z,6.243333499476652
2012-06-05T00:00:00Z,6.095673755413895
2012-06-05T01:00:00Z,5.969309950438435
2012-06-05T02:00:00Z,5.848624924125686
2012-06-05T03:00:00Z,5.874683425569833
2012-06-05T04:00:00Z,6.135083508840663
2012-06-05T05:00:00Z,6.6748374720238655
2012-06-05T06:00:00Z,7.454177576767448
2012-06-05T07:00:00Z,8.171439754713283
2012-06-05T08:00:00Z,8.871733125575448
2012-06-05T09:00:00Z,9.61762899262899
2012-06-05T10:00:00Z,10.182084213948933
2012-06-05T11:00:00Z,10.449653791607554
2012-06-05T12:00:00Z,10.465368869579752
2012-06-05T13:00:00Z,9.957074721780616
2012-06-05T14:00:00Z,8.676317794555647
2012-06-05T15:00:00Z,6.9604356523672
2012-06-05T16:00:00Z,5.831742632338567
2012-06-05T17:00:00Z,5.316864043465336
2012-06-05T18:00:00Z,5.099747577558828
2012-06-05T19:00:00Z,4.947272799083688
2012-06-05T20:00:00Z,4.84546052377084
2012-06-05T21:00:00Z,4.783654764177964
2012-06-05T22:00:00Z,4.764186824889705
2012-06-05T23:00:00Z,4.728398323959083
2012-06-06T00:00:00Z,4.640978140051869
2012-06-06T01:00:00Z,4.569698296304403
2012-06-06T02:00:00Z,4.524635168328271
2012-06-06T03:00:00Z,4.537419401579367
2012-06-06T04:00:00Z,4.701246059150276
2012-06-06T05:00:00Z,4.916784424556445
2012-06-06T06:00:00Z,5.200099634672861
2012-06-06T07:00:00Z,5.55058270926574
2012-06-06T08:00:00Z,5.92301872517495
2012-06-06T09:00:00Z,6.234322118256027
2012-06-06T10:00:00Z,6.49049173532308
2012-06-06T11:00:00Z,6.727175080558537
2012-06-06T12:00:00Z,6.936537822571716
2012-06-06T13:00:00Z,7.0944721341187105
2012-06-06T14:00:00Z,7.16467425499056
2012-06-06T15:00:00Z,7.055708894271396
2012-06-06T16:00:00Z,6.899096717338618
2012-06-06T17:00:00Z,6.645797962648552
2012-06-06T18:00:00Z,5.942971011054704
2012-06-06T19:00:00Z,5.4534372414994134
2012-06-06T20:00:00Z,5.392861755715336
2012-06-06T21:00:00Z,5.3789668055138105
2012-06-06T22:00:00Z,5.363994518670783
2012-06-06T23:00:00Z,5.327492344334807
2012-06-07T00:00:00Z,5.232684434789876
2012-06-07T01:00:00Z,5.1606789716545824
2012-06-07T02:00:00Z,5.238812212463398
2012-06-07T03:00:00Z,5.130032354507111
2012-06-07T04:00:00Z,4.975966313113256
2012-06-07T05:00:00Z,5.0327453895295085
2012-06-07T06:00:00Z,5.305828532700778
2012-06-07T07:00:00Z,5.68021041175403
2012-06-07T08:00:00Z,5.995022494496026
2012-06-07T09:00:00Z,6.252058896930364
2012-06-07T10:00:00Z,6.455370026798599
2012-06-07T11:00:00Z,6.61666050393535
2012-06-07T12:00:00Z,6.642273836037754
2012-06-07T13:00:00Z,6.589163598106262
2012-06-07T14:00:00Z,6.45071583067257
2012-06-07T15:00:00Z,6.2626868656567245
2012-06-07T16:00:00Z,6.062630075988577
2012-06-07T17:00:00Z,5.854091695097446
2012-06-07T18:00:00Z,5.462950848270754
2012-06-07T19:00:00Z,5.041049581455245
2012-06-07T20:00:00Z,4.9036955840902
2012-06-07T21:00:00Z,4.8066001534919405
2012-06-07T22:00:00Z,4.704954362769036
2012-06-07T23:00:00Z,4.615668066917242
2012-06-08T00:00:00Z,4.505431263937843
2012-06-08T01:00:00Z,4.427399971723459
2012-06-08T02:00:00Z,4.363547690378315
2012-06-08T03:00:00Z,4.4233349812839915
2012-06-08T04:00:00Z,4.619924021687013
2012-06-08T05:00:00Z,4.980318874001031
2012-06-08T06:00:00Z,5.337480824953123
2012-06-08T07:00:00Z,5.635488370000456
2012-06-08T08:00:00Z,5.940997913109466
2012-06-08T09:00:00Z,6.243644701425577
2012-06-08T10:00:00Z,6.523958333333336
2012-06-08T11:00:00Z,6.761673414305001
2012-06-08T12:00:00Z,6.882039448381948
2012-06-08T13:00:00Z,6.865442587010137
2012-06-08T14:00:00Z,6.87033786748575
2012-06-08T15:00:00Z,6.807608695652182
2012-06-08T16:00:00Z,6.63277733651046
2012-06-08T17:00:00Z,6.214526691803927
2012-06-08T18:00:00Z,5.574047703809189
2012-06-08T19:00:00Z,5.158128809092408
2012-06-08T20:00:00Z,4.993024275521188
2012-06-08T21:00:00Z,4.859936369985256
2012-06-08T22:00:00Z,4.841901816776187
2012-06-08T23:00:00Z,4.873740321388269
2012-06-09T00:00:00Z,4.915819630312782
2012-06-09T01:00:00Z,4.83984390093119
2012-06-09T02:00:00Z,4.76817662733156
2012-06-09T03:00:00Z,4.840966183574879
2012-06-09T04:00:00Z,4.996410051854808
2012-06-09T05:00:00Z,5.152188219809145
2012-06-09T06:00:00Z,5.383359119821207
2012-06-09T07:00:00Z,5.554520863819789
2012-06-09T08:00:00Z,5.557724731564466
2012-06-09T09:00:00Z,5.638786350949851
2012-06-09T10:00:00Z,5.7758103933231855
2012-06-09T11:00:00Z,6.207443381733493
2012-06-09T12:00:00Z,6.578781512605034
2012-06-09T13:00:00Z,6.75838998597173
2012-06-09T14:00:00Z,6.712394834146079
2012-06-09T15:00:00Z,6.717794701276407
2012-06-09T16:00:00Z,6.625760380851635
2012-06-09T17:00:00Z,6.303024203693456
2012-06-09T18:00:00Z,5.789425032353478
2012-06-09T19:00:00Z,5.381971298444616
2012-06-09T20:00:00Z,5.256178926608195
2012-06-09T21:00:00Z,5.201179255076188
2012-06-09T22:00:00Z,5.147953312510276
2012-06-09T23:00:00Z,5.138028631198979
2012-06-10T00:00:00Z,5.186319973501162
2012-06-10T01:00:00Z,5.230499415400038
2012-06-10T02:00:00Z,5.268116246793122
2012-06-10T03:00:00Z,5.406128614587825
2012-06-10T04:00:00Z,5.705306308358009
2012-06-10T05:00:00Z,6.036044718581338
2012-06-10T06:00:00Z,6.5739477275112925
2012-06-10T07:00:00Z,7.197609607538921
2012-06-10T08:00:00Z,7.913323646471661
2012-06-10T09:00:00Z,8.352894105094702
2012-06-10T10:00:00Z,8.345103264490344
2012-06-10T11:00:00Z,8.314084694013022
2012-06-10T12:00:00Z,8.470381390316465
2012-06-10T13:00:00Z,8.608343069204873
2012-06-10T14:00:00Z,8.58062748321687
2012-06-10T15:00:00Z,8.552505803632382
2012-06-10T16:00:00Z,8.179443646336674
2012-06-10T17:00:00Z,7.368668745220297
2012-06-10T18:00:00Z,6.571188752491864
2012-06-10T19:00:00Z,5.9918679741688665
2012-06-10T20:00:00Z,5.661213052517406
2012-06-10T21:00:00Z,5.4199299035091535
2012-06-10T22:00:00Z,5.232465850703868
2012-06-10T23:00:00Z,5.099955213549941
2012-06-11T00:00:00Z,5.044703987112367
2012-06-11T01:00:00Z,5.030724125466886
2012-06-11T02:00:00Z,5.052232484975597
2012-06-11T03:00:00Z,5.167704938322543
2012-06-11T04:00:00Z,5.410331720801661
2012-06-11T05:00:00Z,5.759345257253201
2012-06-11T06:00:00Z,6.237737164483835
2012-06-11T07:00:00Z,6.862057631204112
2012-06-11T08:00:00Z,7.5136464519225035
2012-06-11T09:00:00Z,8.122163143561133
2012-06-11T10:00:00Z,8.557179942615125
2012-06-11T11:00:00Z,9.030351092206773
2012-06-11T12:00:00Z,9.659905915015049
2012-06-11T13:00:00Z,10.110581967874719
2012-06-11T14:00:00Z,10.271422714227148
2012-06-11T15:00:00Z,10.016793282686928
2012-06-11T16:00:00Z,9.33313463974369
2012-06-11T17:00:00Z,8.796348314606735
2012-06-11T18:00:00Z,7.57544602358632
2012-06-11T19:00:00Z,6.45769964427489
2012-06-11T20:00:00Z,6.002491853555684
2012-06-11T21:00:00Z,5.7696913864578585
2012-06-11T22:00:00Z,5.716502373128884
2012-06-11T23:00:00Z,5.606230139193478
2012-06-12T00:00:00Z,5.42862095865476
2012-06-12T01:00:00Z,5.2270071774328155
2012-06-12T02:00:00Z,5.039832622515493
2012-06-12T03:00:00Z,4.960006335629995
2012-06-12T04:00:00Z,5.04206416294328
2012-06-12T05:00:00Z,5.224608967674656
2012-06-12T06:00:00Z,5.440882634002261
2012-06-12T07:00:00Z,5.893478874564782
2012-06-12T08:00:00Z,6.356762243085516
2012-06-12T09:00:00Z,6.708799742916825
2012-06-12T10:00:00Z,7.030758868432879
2012-06-12T11:00:00Z,7.3384498213134846
2012-06-12T12:00:00Z,7.5690374040727635
2012-06-12T13:00:00Z,7.712104420637843
2012-06-12T14:00:00Z,7.759400359288842
2012-06-12T15:00:00Z,7.681363831483404
2012-06-12T16:00:00Z,7.444873699851416
2012-06-12T17:00:00Z,7.09929721151666
2012-06-12T18:00:00Z,6.348707551951337
2012-06-12T19:00:00Z,5.747453427548871
2012-06-12T20:00:00Z,5.553289590352903
2012-06-12T21:00:00Z,5.4243893989260386
2012-06-12T22:00:00Z,5.289472572948781
2012-06-12T23:00:00Z,5.222430685845317
2012-06-13T00:00:00Z,5.118502778685849
2012-06-13T01:00:00Z,4.940638188774502
2012-06-13T02:00:00Z,4.80567811241128
2012-06-13T03:00:00Z,4.905808169819446
2012-06-13T04:00:00Z,5.338163221819737
2012-06-13T05:00:00Z,5.670952553422667
2012-06-13T06:00:00Z,6.287205742107111
2012-06-13T07:00:00Z,6.866948083986628
2012-06-13T08:00:00Z,7.356551359605338
2012-06-13T09:00:00Z,7.83854818523153
2012-06-13T10:00:00Z,8.326243020473287
2012-06-13T11:00:00Z,8.741712610789303
2012-06-13T12:00:00Z,9.113795110593694
2012-06-13T13:00:00Z,9.360334778060077
2012-06-13T14:00:00Z,9.205555963842158
2012-06-13T15:00:00Z,8.707076324204072
2012-06-13T16:00:00Z,7.949482769562731
2012-06-13T17:00:00Z,7.181927641763671
2012-06-13T18:00:00Z,6.626811977568515
2012-06-13T19:00:00Z,6.3403522980360485
2012-06-13T20:00:00Z,6.262373762623734
2012-06-13T21:00:00Z,6.243333499476652
2012-06-13T22:00:00Z,6.113225963884819
2012-06-13T23:00:00Z,5.914349119410744
2012-06-14T00:00:00Z,5.755375850027566
2012-06-14T01:00:00Z,5.724078051455472
2012-06-14T02:00:00Z,5.771020502188439
2012-06-14T03:00:00Z,5.868353244319505
2012-06-14T04:00:00Z,5.984139117141214
2012-06-14T05:00:00Z,6.131479759165899
2012-06-14T06:00:00Z,6.405522884172843
2012-06-14T07:00:00Z,6.865442587010137
2012-06-14T08:00:00Z,7.3660688032931505
2012-06-14T09:00:00Z,7.7956186208613465
2012-06-14T10:00:00Z,8.325136248836904
2012-06-14T11:00:00Z,9.007622608945775
2012-06-14T12:00:00Z,9.660650933209928
2012-06-14T13:00:00Z,9.982467325470193
2012-06-14T14:00:00Z,10.170509905813596
2012-06-14T15:00:00Z,9.95232798347369
2012-06-14T16:00:00Z,8.880538816022675
2012-06-14T17:00:00Z,7.821417421167661
2012-06-14T18:00:00Z,6.936153718367563
2012-06-14T19:00:00Z,6.194243892790037
2012-06-14T20:00:00Z,5.671209308643095
2012-06-14T21:00:00Z,5.406361949156204
2012-06-14T22:00:00Z,5.290589626626121
2012-06-14T23:00:00Z,5.184602649006616
2012-06-15T00:00:00Z,5.057127861439701
2012-06-15T01:00:00Z,4.983687435346539
2012-06-15T02:00:00Z,4.940833070369206
2012-06-15T03:00:00Z,4.909653901932352
2012-06-15T04:00:00Z,4.998204381309608
2012-06-15T05:00:00Z,5.197510373443978
2012-06-15T06:00:00Z,5.486640385457735
2012-06-15T07:00:00Z,5.825233688322563
2012-06-15T08:00:00Z,6.131479759165899
2012-06-15T09:00:00Z,6.376177144311535
2012-06-15T10:00:00Z,6.459697797947494
2012-06-15T11:00:00Z,6.316691880988406
2012-06-15T12:00:00Z,6.231530769613452
2012-06-15T13:00:00Z,6.28058563979141
2012-06-15T14:00:00Z,6.393752233168288
2012-06-15T15:00:00Z,6.342599625297475
2012-06-15T16:00:00Z,6.232150853276285
2012-06-15T17:00:00Z,6.051207729468602
2012-06-15T18:00:00Z,5.629662921348314
2012-06-15T19:00:00Z,5.315961465008702
2012-06-15T20:00:00Z,5.204420807711487
2012-06-15T21:00:00Z,5.0554950155386065
2012-06-15T22:00:00Z,4.900242547531489
2012-06-15T23:00:00Z,4.775812109196277
2012-06-16T00:00:00Z,4.684543176633386
2012-06-16T01:00:00Z,4.608874825226286
2012-06-16T02:00:00Z,4.547302693676034
2012-06-16T03:00:00Z,4.708845532122853
2012-06-16T04:00:00Z,5.095805703592202
2012-06-16T05:00:00Z,5.525120197609282
2012-06-16T06:00:00Z,6.136886972710792
2012-06-16T07:00:00Z,6.5293994995829765
2012-06-16T08:00:00Z,6.837336244541487
2012-06-16T09:00:00Z,7.113811903680143
2012-06-16T10:00:00Z,7.3756109050226675
2012-06-16T11:00:00Z,7.5818655045094046
2012-06-16T12:00:00Z,7.722088650514762
2012-06-16T13:00:00Z,7.808253334995621
2012-06-16T14:00:00Z,7.793193554408023
2012-06-16T15:00:00Z,7.6738344667034335
2012-06-16T16:00:00Z,7.42633544791604
2012-06-16T17:00:00Z,7.042617789272461
2012-06-16T18:00:00Z,6.282790790991619
2012-06-16T19:00:00Z,5.57801923762023
2012-06-16T20:00:00Z,5.369743216015776
2012-06-16T21:00:00Z,5.245832984337049
2012-06-16T22:00:00Z,5.126882776686309
2012-06-16T23:00:00Z,5.048974162602276
2012-06-17T00:00:00Z,4.991432556286107
2012-06-17T01:00:00Z,4.945710111738461
2012-06-17T02:00:00Z,4.958435594964769
2012-06-17T03:00:00Z,5.111401289480133
2012-06-17T04:00:00Z,5.390772938543641
2012-06-17T05:00:00Z,5.829300074460163
2012-06-17T06:00:00Z,6.647561428647236
2012-06-17T07:00:00Z,7.578654404646651
2012-06-17T08:00:00Z,8.272901393567125
2012-06-17T09:00:00Z,8.782163640187912
2012-06-17T10:00:00Z,9.221821394390066
2012-06-17T11:00:00Z,9.588915256832282
2012-06-17T12:00:00Z,9.838975728536646
2012-06-17T13:00:00Z,9.949166004765706
2012-06-17T14:00:00Z,9.843614931237703
2012-06-17T15:00:00Z,9.25247451617668
2012-06-17T16:00:00Z,8.741712610789303
2012-06-17T17:00:00Z,8.021260245901646
2012-06-17T18:00:00Z,7.206719981589103
2012-06-17T19:00:00Z,6.79173670227187
2012-06-17T20:00:00Z,6.73115159331507
2012-06-17T21:00:00Z,6.5375782881002
2012-06-17T22:00:00Z,6.325304246831289
2012-06-17T23:00:00Z,6.0888586428154765
2012-06-18T00:00:00Z,5.883237048518153
2012-06-18T01:00:00Z,5.711810305517553
2012-06-18T02:00:00Z,5.60021460186882
2012-06-18T03:00:00Z,5.654057957930848
2012-06-18T04:00:00Z,5.824962797619042
2012-06-18T05:00:00Z,6.159822965330716
2012-06-18T06:00:00Z,6.844060758387053
2012-06-18T07:00:00Z,7.872046254399206
2012-06-18T08:00:00Z,8.55776456924233
2012-06-18T09:00:00Z,9.108493310063984
2012-06-18T10:00:00Z,9.798951732770073
2012-06-18T11:00:00Z,10.290831416365407
2012-06-18T12:00:00Z,10.599983075230593
2012-06-18T13:00:00Z,10.580285497085903
2012-06-18T14:00:00Z,10.45488690426509
2012-06-18T15:00:00Z,10.149906814682756
2012-06-18T16:00:00Z,9.442183024272563
2012-06-18T17:00:00Z,8.515874634577466
2012-06-18T18:00:00Z,7.5290016228887415
2012-06-18T19:00:00Z,6.741294871104885
2012-06-18T20:00:00Z,6.413065738275655
2012-06-18T21:00:00Z,6.201604119219731
2012-06-18T22:00:00Z,6.037790417429871
2012-06-18T23:00:00Z,5.938181473404761
2012-06-19T00:00:00Z,5.8730307576894285
2012-06-19T01:00:00Z,5.7572275589465445
2012-06-19T02:00:00Z,5.567111111111111
2012-06-19T03:00:00Z,5.634981330694142
2012-06-19T04:00:00Z,5.8516303840044825
2012-06-19T05:00:00Z,6.211445006446494
2012-06-19T06:00:00Z,6.915093298001555
2012-06-19T07:00:00Z,7.396952875871017
2012-06-19T08:00:00Z,7.695521287706586
2012-06-19T09:00:00Z,8.047025568546845
2012-06-19T10:00:00Z,8.222397269266125
2012-06-19T11:00:00Z,8.140109175981296
2012-06-19T12:00:00Z,7.748840086606856
2012-06-19T13:00:00Z,7.2991084435638935
2012-06-19T14:00:00Z,7.133663648271531
2012-06-19T15:00:00Z,7.1577142857142855
2012-06-19T16:00:00Z,7.0418259500786995
2012-06-19T17:00:00Z,6.7373063683304695
2012-06-19T18:00:00Z,6.277752718889397
2012-06-19T19:00:00Z,5.7076460402806815
2012-06-19T20:00:00Z,5.453674677812605
2012-06-19T21:00:00Z,5.381277656055336
2012-06-19T22:00:00Z,5.303582013718351
2012-06-19T23:00:00Z,5.241223482154065
2012-06-20T00:00:00Z,5.168344611322002
2012-06-20T01:00:00Z,5.090007720752574
2012-06-20T02:00:00Z,5.011201792286769
2012-06-20T03:00:00Z,5.147530204651926
2012-06-20T04:00:00Z,5.334298611702587
2012-06-20T05:00:00Z,5.455099729988679
2012-06-20T06:00:00Z,5.556492037439558
2012-06-20T07:00:00Z,5.666847629388349
2012-06-20T08:00:00Z,5.903199962297942
2012-06-20T09:00:00Z,6.173484475110885
2012-06-20T10:00:00Z,6.545777591973235
2012-06-20T11:00:00Z,6.830997436876265
2012-06-20T12:00:00Z,7.019333146539636
2012-06-20T13:00:00Z,6.9930772666369
2012-06-20T14:00:00Z,6.859427194567648
2012-06-20T15:00:00Z,6.692311802105043
2012-06-20T16:00:00Z,6.3872316557034345
2012-06-20T17:00:00Z,6.084717769357812
2012-06-20T18:00:00Z,5.70011376564277
2012-06-20T19:00:00Z,5.197510373443978
2012-06-20T20:00:00Z,4.983092652265584
2012-06-20T21:00:00Z,4.865977779504308
2012-06-20T22:00:00Z,4.7709007808036565
2012-06-20T23:00:00Z,4.681391785327203
2012-06-21T00:00:00Z,4.594842448919698
2012-06-21T01:00:00Z,4.514850057670122
2012-06-21T02:00:00Z,4.443892574591121
2012-06-21T03:00:00Z,4.581397900588858
2012-06-21T04:00:00Z,4.921034022157616
2012-06-21T05:00:00Z,5.216123927708834
2012-06-21T06:00:00Z,5.474171838126036
2012-06-21T07:00:00Z,5.75141191055604
2012-06-21T08:00:00Z,6.029362214199765
2012-06-21T09:00:00Z,6.284682153429336
2012-06-21T10:00:00Z,6.509718324498486
2012-06-21T11:00:00Z,6.684811612765503
2012-06-21T12:00:00Z,6.797265031473844
2012-06-21T13:00:00Z,6.820954040514057
2012-06-21T14:00:00Z,6.7500134720051665
2012-06-21T15:00:00Z,6.574292762294652
2012-06-21T16:00:00Z,6.309056109600085
2012-06-21T17:00:00Z,5.9565362118978555
2012-06-21T18:00:00Z,5.470346755175118
2012-06-21T19:00:00Z,4.946296003790867
2012-06-21T20:00:00Z,4.730183905441638
2012-06-21T21:00:00Z,4.611250184067149
2012-06-21T22:00:00Z,4.5155010814707985
2012-06-21T23:00:00Z,4.445311945489389
2012-06-22T00:00:00Z,4.394316786528679
2012-06-22T01:00:00Z,4.357021113777867
2012-06-22T02:00:00Z,4.330809390450506
2012-06-22T03:00:00Z,4.5046211385622295
2012-06-22T04:00:00Z,4.97774598632968
2012-06-22T05:00:00Z,5.366292519921175
2012-06-22T06:00:00Z,5.772616249596752
2012-06-22T07:00:00Z,6.205290795600917
2012-06-22T08:00:00Z,6.659577861661961
2012-06-22T09:00:00Z,7.041034288926355
2012-06-22T10:00:00Z,7.297832673036593
2012-06-22T11:00:00Z,7.442661913250155
2012-06-22T12:00:00Z,7.47820895522388
2012-06-22T13:00:00Z,7.421495437848092
2012-06-22T14:00:00Z,7.2614492753623185
2012-06-22T15:00:00Z,7.024844372160836
2012-06-22T16:00:00Z,6.704490713482848
2012-06-22T17:00:00Z,6.266133066533263
2012-06-22T18:00:00Z,5.635995500562424
2012-06-22T19:00:00Z,5.035375462292977
2012-06-22T20:00:00Z,4.810846103621773
2012-06-22T21:00:00Z,4.684718378337946
2012-06-22T22:00:00Z,4.582906483243086
2012-06-22T23:00:00Z,4.501707097933514
2012-06-23T00:00:00Z,4.433511485505966
2012-06-23T01:00:00Z,4.3866223078269995
2012-06-23T02:00:00Z,4.355506102437495
2012-06-23T03:00:00Z,4.557063339032993
2012-06-23T04:00:00Z,5.107441386340473
2012-06-23T05:00:00Z,5.570081821415866
2012-06-23T06:00:00Z,6.129679471494983
2012-06-23T07:00:00Z,6.74347240915209
2012-06-23T08:00:00Z,7.28976313798522
2012-06-23T09:00:00Z,7.754116627460692
2012-06-23T10:00:00Z,8.204086979303101
2012-06-23T11:00:00Z,8.590042518173092
2012-06-23T12:00:00Z,8.853548204693228
2012-06-23T13:00:00Z,8.937566892615063
2012-06-23T14:00:00Z,8.761278589913951
2012-06-23T15:00:00Z,8.375794048813114
2012-06-23T16:00:00Z,7.81020077316373
2012-06-23T17:00:00Z,7.051736756178582
2012-06-23T18:00:00Z,6.245201176646551
2012-06-23T19:00:00Z,5.659422581665391
2012-06-23T20:00:00Z,5.434273318872014
2012-06-23T21:00:00Z,5.346365615263141
2012-06-23T22:00:00Z,5.295062563408859
2012-06-23T23:00:00Z,5.262804083862025
2012-06-24T00:00:00Z,5.25001047822625
2012-06-24T01:00:00Z,5.2033398413160015
2012-06-24T02:00:00Z,5.1547325102880635
2012-06-24T03:00:00Z,5.339073355781933
2012-06-24T04:00:00Z,5.676606544004357
2012-06-24T05:00:00Z,6.108158189886378
2012-06-24T06:00:00Z,6.903659611992943
2012-06-24T07:00:00Z,8.005368441234745
2012-06-24T08:00:00Z,9.250424636289788
2012-06-24T09:00:00Z,10.228646088518715
2012-06-24T10:00:00Z,10.755624248669056
2012-06-24T11:00:00Z,11.451819345401365
2012-06-24T12:00:00Z,12.37747035573122
2012-06-24T13:00:00Z,13.02485182489339
2012-06-24T14:00:00Z,13.056076714613306
2012-06-24T15:00:00Z,12.600342017905675
2012-06-24T16:00:00Z,11.652093023255814
2012-06-24T17:00:00Z,10.221968336869576
2012-06-24T18:00:00Z,8.449811117107386
2012-06-24T19:00:00Z,7.373874139047496
2012-06-24T20:00:00Z,7.031548220500721
2012-06-24T21:00:00Z,6.828390754470128
2012-06-24T22:00:00Z,6.627162583990261
2012-06-24T23:00:00Z,6.489819180353353
2012-06-25T00:00:00Z,6.359344062547595
2012-06-25T01:00:00Z,6.221935227498508
2012-06-25T02:00:00Z,6.140798117462489
2012-06-25T03:00:00Z,6.243955934400086
2012-06-25T04:00:00Z,6.752560646900265
2012-06-25T05:00:00Z,7.344904421250157
2012-06-25T06:00:00Z,8.126378616841839
2012-06-25T07:00:00Z,9.776008741122306
2012-06-25T08:00:00Z,12.94008264462809
2012-06-25T09:00:00Z,14.961777353081674
2012-06-25T10:00:00Z,16.412473794549253
2012-06-25T11:00:00Z,16.520706937483528
2012-06-25T12:00:00Z,15.273747104011663
2012-06-25T13:00:00Z,13.312785630779052
2012-06-25T14:00:00Z,11.578850064706987
2012-06-25T15:00:00Z,10.379516075571773
2012-06-25T16:00:00Z,9.487956370246932
2012-06-25T17:00:00Z,8.54259019300279
2012-06-25T18:00:00Z,7.531717876255199
2012-06-25T19:00:00Z,6.680533333333333
2012-06-25T20:00:00Z,6.116509595195082
2012-06-25T21:00:00Z,5.720679576178293
2012-06-25T22:00:00Z,5.415009510634617
2012-06-25T23:00:00Z,5.226789067389949
2012-06-26T00:00:00Z,5.1145318688497845
2012-06-26T01:00:00Z,4.97774598632968
2012-06-26T02:00:00Z,4.847335629426104
2012-06-26T03:00:00Z,4.812879428264042
2012-06-26T04:00:00Z,4.918908305517381
2012-06-26T05:00:00Z,5.105775893694204
2012-06-26T06:00:00Z,5.357112308613462
2012-06-26T07:00:00Z,5.637771176523534
2012-06-26T08:00:00Z,5.951442010737865
2012-06-26T09:00:00Z,6.241777954953164
2012-06-26T10:00:00Z,6.4931833497485885
2012-06-26T11:00:00Z,6.683741529267387
2012-06-26T12:00:00Z,6.795052620158393
2012-06-26T13:00:00Z,6.822811699983666
2012-06-26T14:00:00Z,6.752196647081024
2012-06-26T15:00:00Z,6.597492889497527
2012-06-26T16:00:00Z,6.378774761929011
2012-06-26T17:00:00Z,6.111138215348583
2012-06-26T18:00:00Z,5.763054980446281
2012-06-26T19:00:00Z,5.2703328144065305
2012-06-26T20:00:00Z,5.073103560001625
2012-06-26T21:00:00Z,5.071665721920807
2012-06-26T22:00:00Z,5.136553760354296
2012-06-26T23:00:00Z,5.220689367732256
2012-06-27T00:00:00Z,5.2230839796514115
2012-06-27T01:00:00Z,5.177530690695659
2012-06-27T02:00:00Z,5.097257263774718
2012-06-27T03:00:00Z,5.103279690364633
2012-06-27T04:00:00Z,5.263025210084031
2012-06-27T05:00:00Z,5.532929899730551
2012-06-27T06:00:00Z,5.893201599623619
2012-06-27T07:00:00Z,6.31096332124143
2012-06-27T08:00:00Z,6.727897733376304
2012-06-27T09:00:00Z,7.083239086179587
2012-06-27T10:00:00Z,7.3242895567769954
2012-06-27T11:00:00Z,7.455064873229368
2012-06-27T12:00:00Z,7.5154496910061654
2012-06-27T13:00:00Z,7.5213162003122385
2012-06-27T14:00:00Z,7.444873699851416
2012-06-27T15:00:00Z,7.27494482518294
2012-06-27T16:00:00Z,7.005984674758088
2012-06-27T17:00:00Z,6.644387863356681
2012-06-27T18:00:00Z,6.0114219897298105
2012-06-27T19:00:00Z,5.32590671372082
2012-06-27T20:00:00Z,5.072281838428832
2012-06-27T21:00:00Z,4.918715149611244
2012-06-27T22:00:00Z,4.796660794975879
2012-06-27T23:00:00Z,4.688225166554379
2012-06-28T00:00:00Z,4.5926523428906645
2012-06-28T01:00:00Z,4.502354336652164
2012-06-28T02:00:00Z,4.439797256583841
2012-06-28T03:00:00Z,4.6423541620339535
2012-06-28T04:00:00Z,5.095805703592202
2012-06-28T05:00:00Z,5.598212290502793
2012-06-28T06:00:00Z,6.23866919015839
2012-06-28T07:00:00Z,6.862809555117243
2012-06-28T08:00:00Z,7.522219553206828
2012-06-28T09:00:00Z,8.240789473684217
2012-06-28T10:00:00Z,8.963789895520257
2012-06-28T11:00:00Z,9.646515209857517
2012-06-28T12:00:00Z,10.208638956805231
2012-06-28T13:00:00Z,10.482008368200846
2012-06-28T14:00:00Z,10.452269692923915
2012-06-28T15:00:00Z,10.093473005640591
2012-06-28T16:00:00Z,9.467160456503668
2012-06-28T17:00:00Z,8.691368304190965
2012-06-28T18:00:00Z,7.383001296711065
2012-06-28T19:00:00Z,6.799109808391683
2012-06-28T20:00:00Z,6.684811612765503
2012-06-28T21:00:00Z,6.501609052216333
2012-06-28T22:00:00Z,5.955403413683255
2012-06-28T23:00:00Z,5.499407296834529
2012-06-29T00:00:00Z,5.2661229294543
2012-06-29T01:00:00Z,5.202691476989528
2012-06-29T02:00:00Z,5.166426067230355
2012-06-29T03:00:00Z,5.375734946997985
2012-06-29T04:00:00Z,6.035463043268761
2012-06-29T05:00:00Z,6.675548923470472
2012-06-29T06:00:00Z,7.6182946113611445
2012-06-29T07:00:00Z,9.505235999392928
2012-06-29T08:00:00Z,12.077909555491296
2012-06-29T09:00:00Z,14.68636416930473
2012-06-29T10:00:00Z,17.41899596718112
2012-06-29T11:00:00Z,19.79456384323649
2012-06-29T12:00:00Z,21.448630136986182
2012-06-29T13:00:00Z,21.83371099877976
2012-06-29T14:00:00Z,20.32451728054515
2012-06-29T15:00:00Z,16.522886162775322
2012-06-29T16:00:00Z,11.986602870813408
2012-06-29T17:00:00Z,8.921652421652407
2012-06-29T18:00:00Z,7.450187355022904
2012-06-29T19:00:00Z,6.634533898305086
2012-06-29T20:00:00Z,6.145920219812578
2012-06-29T21:00:00Z,5.851083707025406
2012-06-29T22:00:00Z,5.653547571763855
2012-06-29T23:00:00Z,5.456287842488131
2012-06-30T00:00:00Z,5.280330494899253
2012-06-30T01:00:00Z,5.126043542314622
2012-06-30T02:00:00Z,5.02628305445207
2012-06-30T03:00:00Z,5.112653061224489
2012-06-30T04:00:00Z,5.391004949429736
2012-06-30T05:00:00Z,5.847532794920873
2012-06-30T06:00:00Z,6.324665488512999
2012-06-30T07:00:00Z,6.786585035487892
2012-06-30T08:00:00Z,7.280864915136011
2012-06-30T09:00:00Z,7.7956186208613465
2012-06-30T10:00:00Z,8.160792234021764
2012-06-30T11:00:00Z,8.09173126614986
2012-06-30T12:00:00Z,8.053233894818066
2012-06-30T13:00:00Z,8.093299735090792
2012-06-30T14:00:00Z,7.896362604803631
2012-06-30T15:00:00Z,7.670075316881995
2012-06-30T16:00:00Z,7.132038945510453
2012-06-30T17:00:00Z,6.5345088424018
2012-06-30T18:00:00Z,5.98128163499188
2012-06-30T19:00:00Z,5.559451422484575
2012-06-30T20:00:00Z,5.334525786806355
2012-06-30T21:00:00Z,5.200963295133698
2012-06-30T22:00:00Z,5.090007720752574
2012-06-30T23:00:00Z,5.011001320158416
2012-07-01T00:00:00Z,4.969057442081873
2012-07-01T01:00:00Z,4.947663625232056
2012-07-01T02:00:00Z,4.929361300224311
2012-07-01T03:00:00Z,4.924129255444613
2012-07-01T04:00:00Z,4.961774608833431
2012-07-01T05:00:00Z,5.080717125010141
2012-07-01T06:00:00Z,5.252872599178058
2012-07-01T07:00:00Z,5.393790638591049
2012-07-01T08:00:00Z,5.538311889286815
2012-07-01T09:00:00Z,5.683560960116161
2012-07-01T10:00:00Z,5.853818113842408
2012-07-01T11:00:00Z,5.960504401617896
2012-07-01T12:00:00Z,6.035753866910812
2012-07-01T13:00:00Z,6.069680670640111
2012-07-01T14:00:00Z,5.925820796669512
2012-07-01T15:00:00Z,5.750619777798186
2012-07-01T16:00:00Z,5.585232086324514
2012-07-01T17:00:00Z,5.399836185713669
2012-07-01T18:00:00Z,5.174750061968103
2012-07-01T19:00:00Z,4.988053520229368
2012-07-01T20:00:00Z,4.863521646282276
2012-07-01T21:00:00Z,4.737877297828884
2012-07-01T22:00:00Z,4.55490909090909
2012-07-01T23:00:00Z,4.440899099482377
2012-07-02T00:00:00Z,4.3653725517529764
2012-07-02T01:00:00Z,4.362180045272509
2012-07-02T02:00:00Z,4.33410608629459
2012-07-02T03:00:00Z,4.378036419558912
2012-07-02T04:00:00Z,4.560879697057967
2012-07-02T05:00:00Z,4.799417602206983
2012-07-02T06:00:00Z,5.002995566561493
2012-07-02T07:00:00Z,5.166426067230355
2012-07-02T08:00:00Z,5.335434680751379
2012-07-02T09:00:00Z,5.4919326552087
2012-07-02T10:00:00Z,5.675320556386201
2012-07-02T11:00:00Z,5.797195353357716
2012-07-02T12:00:00Z,5.89070729872084
2012-07-02T13:00:00Z,5.962206673330473
2012-07-02T14:00:00Z,5.901809272521676
2012-07-02T15:00:00Z,5.7559047881628524
2012-07-02T16:00:00Z,5.583489346527585
2012-07-02T17:00:00Z,5.382896433175767
2012-07-02T18:00:00Z,5.136343133636773
2012-07-02T19:00:00Z,4.8503388189738645
2012-07-02T20:00:00Z,4.682441777877466
2012-07-02T21:00:00Z,4.583241858763266
2012-07-02T22:00:00Z,4.487193265269565
2012-07-02T23:00:00Z,4.408390230168228
2012-07-03T00:00:00Z,4.340564141659158
2012-07-03T01:00:00Z,4.276106919741917
2012-07-03T02:00:00Z,4.238630211153218
2012-07-03T03:00:00Z,4.298411173261038
2012-07-03T04:00:00Z,4.532329847667981
2012-07-03T05:00:00Z,4.828091273512177
2012-07-03T06:00:00Z,5.07783363061456
2012-07-03T07:00:00Z,5.344996799658629
2012-07-03T08:00:00Z,5.648958239379459
2012-07-03T09:00:00Z,5.904869655399984
2012-07-03T10:00:00Z,6.035172247651169
2012-07-03T11:00:00Z,6.1963888201830395
2012-07-03T12:00:00Z,6.284997491219265
2012-07-03T13:00:00Z,6.1147180864046815
2012-07-03T14:00:00Z,5.732985491326836
2012-07-03T15:00:00Z,5.499890230515922
2012-07-03T16:00:00Z,5.469630147155143
2012-07-03T17:00:00Z,5.471541519241682
2012-07-03T18:00:00Z,5.39564936463494
2012-07-03T19:00:00Z,5.285901168924336
2012-07-03T20:00:00Z,5.222430685845317
2012-07-03T21:00:00Z,5.122689350564371
2012-07-03T22:00:00Z,5.02023966975271
2012-07-03T23:00:00Z,4.938690218034144
2012-07-04T00:00:00Z,4.837040469570587
2012-07-04T01:00:00Z,4.746674750843153
2012-07-04T02:00:00Z,4.688751637656751
2012-07-04T03:00:00Z,4.693846960953312
2012-07-04T04:00:00Z,4.768358140774295
2012-07-04T05:00:00Z,4.890103455006829
2012-07-04T06:00:00Z,5.03598279258634
2012-07-04T07:00:00Z,5.241004184100423
2012-07-04T08:00:00Z,5.50399859390105
2012-07-04T09:00:00Z,5.817388073564931
2012-07-04T10:00:00Z,6.094783962631367
2012-07-04T11:00:00Z,6.276179977953712
2012-07-04T12:00:00Z,6.379749414281344
2012-07-04T13:00:00Z,6.411424476634086
2012-07-04T14:00:00Z,6.3790996129557875
2012-07-04T15:00:00Z,6.309691718718525
2012-07-04T16:00:00Z,6.1695315963158155
2012-07-04T17:00:00Z,5.928064363464269
2012-07-04T18:00:00Z,5.591465047763595
2012-07-04T19:00:00Z,5.344312654663369
2012-07-04T20:00:00Z,5.2350900656162445
2012-07-04T21:00:00Z,5.098087098087099
2012-07-04T22:00:00Z,4.93616015132409
2012-07-04T23:00:00Z,4.808629889823029
2012-07-05T00:00:00Z,4.760565521435084
2012-07-05T01:00:00Z,4.765636889362351
2012-07-05T02:00:00Z,4.771991313954812
2012-07-05T03:00:00Z,4.79813069792385
2012-07-05T04:00:00Z,4.883240419476821
2012-07-05T05:00:00Z,4.965511773566955
2012-07-05T06:00:00Z,5.031734554511126
2012-07-05T07:00:00Z,5.242759082538089
2012-07-05T08:00:00Z,5.534885776147768
2012-07-05T09:00:00Z,5.946074242855794
2012-07-05T10:00:00Z,6.231530769613452
2012-07-05T11:00:00Z,6.2771235279378645
2012-07-05T12:00:00Z,5.967887941302593
2012-07-05T13:00:00Z,5.7604046907335
2012-07-05T14:00:00Z,5.740341872508127
2012-07-05T15:00:00Z,5.72355494631026
2012-07-05T16:00:00Z,5.61552945395858
2012-07-05T17:00:00Z,5.426034221355863
2012-07-05T18:00:00Z,5.118711944750928
2012-07-05T19:00:00Z,4.809922432992862
2012-07-05T20:00:00Z,4.661010642256452
2012-07-05T21:00:00Z,4.5926523428906645
2012-07-05T22:00:00Z,4.5936629015696
2012-07-05T23:00:00Z,4.588950762016414
2012-07-06T00:00:00Z,4.581397900588858
2012-07-06T01:00:00Z,4.5757077625570775
2012-07-06T02:00:00Z,4.580392730464039
2012-07-06T03:00:00Z,4.594505373583249
2012-07-06T04:00:00Z,4.666915052160958
2012-07-06T05:00:00Z,4.819175130809476
2012-07-06T06:00:00Z,5.047143202514307
2012-07-06T07:00:00Z,5.275215834912612
2012-07-06T08:00:00Z,5.437575968050008
2012-07-06T09:00:00Z,5.547878465763138
2012-07-06T10:00:00Z,5.585979307884415
2012-07-06T11:00:00Z,5.601717275613794
2012-07-06T12:00:00Z,5.583489346527585
2012-07-06T13:00:00Z,5.584734049667847
2012-07-06T14:00:00Z,5.573055703861897
2012-07-06T15:00:00Z,5.4531998258598104
2012-07-06T16:00:00Z,5.277883116335902
2012-07-06T17:00:00Z,5.131083073898087
2012-07-06T18:00:00Z,4.983687435346539
2012-07-06T19:00:00Z,4.807891605573254
2012-07-06T20:00:00Z,4.727149218808968
2012-07-06T21:00:00Z,4.658237262923022
2012-07-06T22:00:00Z,4.602101550444555
2012-07-06T23:00:00Z,4.5451576617438905
2012-07-07T00:00:00Z,4.493309897047744
2012-07-07T01:00:00Z,4.460667355151167
2012-07-07T02:00:00Z,4.421149230552027
2012-07-07T03:00:00Z,4.407924833726295
2012-07-07T04:00:00Z,4.4809329612935525
2012-07-07T05:00:00Z,4.616518630450009
2012-07-07T06:00:00Z,4.795191792358929
2012-07-07T07:00:00Z,5.006795107522578
2012-07-07T08:00:00Z,5.262804083862025
2012-07-07T09:00:00Z,5.47488963678482
2012-07-07T10:00:00Z,5.659422581665391
2012-07-07T11:00:00Z,5.776343094304818
2012-07-07T12:00:00Z,5.832557273235239
2012-07-07T13:00:00Z,5.858198484706761
2012-07-07T14:00:00Z,5.804986560385585
2012-07-07T15:00:00Z,5.713894717635245
2012-07-07T16:00:00Z,5.5944618133095165
2012-07-07T17:00:00Z,5.419460909444901
2012-07-07T18:00:00Z,5.199667911996684
2012-07-07T19:00:00Z,4.938106126310812
2012-07-07T20:00:00Z,4.8417146612036674
2012-07-07T21:00:00Z,4.783654764177964
2012-07-07T22:00:00Z,4.714694369165916
2012-07-07T23:00:00Z,4.637198282244928
2012-07-08T00:00:00Z,4.554577848883715
2012-07-08T01:00:00Z,4.48446226550193
2012-07-08T02:00:00Z,4.41351608470456
2012-07-08T03:00:00Z,4.423178784561599
2012-07-08T04:00:00Z,4.616858943643806
2012-07-08T05:00:00Z,4.900817715873073
2012-07-08T06:00:00Z,5.151764415563045
2012-07-08T07:00:00Z,5.395416953824946
2012-07-08T08:00:00Z,5.657122211182369
2012-07-08T09:00:00Z,5.894588235294117
2012-07-08T10:00:00Z,6.0773373441366285
2012-07-08T11:00:00Z,6.20006929663912
2012-07-08T12:00:00Z,6.218537457181145
2012-07-08T13:00:00Z,6.17561504708376
2012-07-08T14:00:00Z,6.081763449213438
2012-07-08T15:00:00Z,5.950028500855019
2012-07-08T16:00:00Z,5.792102099324893
2012-07-08T17:00:00Z,5.590217342794666
2012-07-08T18:00:00Z,5.3238694321659255
2012-07-08T19:00:00Z,4.963740836140278
2012-07-08T20:00:00Z,4.846772945364496
2012-07-08T21:00:00Z,4.767995127707355
2012-07-08T22:00:00Z,4.723762114869706
2012-07-08T23:00:00Z,4.691210067038684
2012-07-09T00:00:00Z,4.6592768933194435
2012-07-09T01:00:00Z,4.6353106612885275
2012-07-09T02:00:00Z,4.625212318144894
2012-07-09T03:00:00Z,4.72091357931632
2012-07-09T04:00:00Z,4.9554931360525405
2012-07-09T05:00:00Z,5.243856490978356
2012-07-09T06:00:00Z,5.583987161198284
2012-07-09T07:00:00Z,5.921338753899972
2012-07-09T08:00:00Z,6.218228752978552
2012-07-09T09:00:00Z,6.480753311258286
2012-07-09T10:00:00Z,6.668796251929931
2012-07-09T11:00:00Z,6.758025357431876
2012-07-09T12:00:00Z,6.772275086505196
2012-07-09T13:00:00Z,6.717074217074208
2012-07-09T14:00:00Z,6.5560556893122595
2012-07-09T15:00:00Z,6.357730179677191
2012-07-09T16:00:00Z,6.214835028528909
2012-07-09T17:00:00Z,6.0538398337441475
2012-07-09T18:00:00Z,5.562908025047743
2012-07-09T19:00:00Z,4.994019615660634
2012-07-09T20:00:00Z,4.859936369985256
2012-07-09T21:00:00Z,4.8066001534919405
2012-07-09T22:00:00Z,4.744696969696974
2012-07-09T23:00:00Z,4.643731000222438
2012-07-10T00:00:00Z,4.553915509343421
2012-07-10T01:00:00Z,4.4772491689602205
2012-07-10T02:00:00Z,4.404824700214507
2012-07-10T03:00:00Z,4.497989083596665
2012-07-10T04:00:00Z,4.890867205497639
2012-07-10T05:00:00Z,5.279885348170631
2012-07-10T06:00:00Z,5.77501152604887
2012-07-10T07:00:00Z,6.208366375892153
2012-07-10T08:00:00Z,6.579818248673643
2012-07-10T09:00:00Z,6.9476953796660945
2012-07-10T10:00:00Z,7.3076249927075345
2012-07-10T11:00:00Z,7.638270626257698
2012-07-10T12:00:00Z,7.868584710094863
2012-07-10T13:00:00Z,7.988010968688229
2012-07-10T14:00:00Z,7.970221430389407
2012-07-10T15:00:00Z,7.8282607337041545
2012-07-10T16:00:00Z,7.514998800095989
2012-07-10T17:00:00Z,7.10050450654724
2012-07-10T18:00:00Z,6.3739059637695945
2012-07-10T19:00:00Z,5.744290562230582
2012-07-10T20:00:00Z,5.477523176491167
2012-07-10T21:00:00Z,5.274105263157894
2012-07-10T22:00:00Z,5.137185744166021
2012-07-10T23:00:00Z,5.0587617624490075
2012-07-11T00:00:00Z,5.010199592016324
2012-07-11T01:00:00Z,4.967677969462626
2012-07-11T02:00:00Z,4.936354679802955
2012-07-11T03:00:00Z,4.980318874001031
2012-07-11T04:00:00Z,5.071255060728747
2012-07-11T05:00:00Z,5.211349642203361
2012-07-11T06:00:00Z,5.548861522105073
2012-07-11T07:00:00Z,5.961071717508215
2012-07-11T08:00:00Z,6.347420695246788
2012-07-11T09:00:00Z,6.5898569023569085
2012-07-11T10:00:00Z,6.683384910895308
2012-07-11T11:00:00Z,6.734408602150529
2012-07-11T12:00:00Z,6.723203263378251
2012-07-11T13:00:00Z,6.7286205414697084
2012-07-11T14:00:00Z,6.702696917808223
2012-07-11T15:00:00Z,6.645092838196278
2012-07-11T16:00:00Z,6.57084404343493
2012-07-11T17:00:00Z,6.414050898663527
2012-07-11T18:00:00Z,5.96589826633645
2012-07-11T19:00:00Z,5.465334438675338
2012-07-11T20:00:00Z,5.199667911996684
2012-07-11T21:00:00Z,5.051824964710623
2012-07-11T22:00:00Z,4.955689191327739
2012-07-11T23:00:00Z,4.893924594647387
2012-07-12T00:00:00Z,4.832934640018518
2012-07-12T01:00:00Z,4.755504935459381
2012-07-12T02:00:00Z,4.690156138840005
2012-07-12T03:00:00Z,4.798314499138092
2012-07-12T04:00:00Z,5.253533531854209
2012-07-12T05:00:00Z,5.611001612614223
2012-07-12T06:00:00Z,6.104288499025346
2012-07-12T07:00:00Z,6.7507410401509
2012-07-12T08:00:00Z,7.3242895567769954
2012-07-12T09:00:00Z,7.725422474404835
2012-07-12T10:00:00Z,7.957057553042805
2012-07-12T11:00:00Z,8.041343005713552
2012-07-12T12:00:00Z,8.015614001407814
2012-07-12T13:00:00Z,7.925340082252448
2012-07-12T14:00:00Z,7.753156721960878
2012-07-12T15:00:00Z,7.561270071230242
2012-07-12T16:00:00Z,7.314452554744525
2012-07-12T17:00:00Z,6.943843893785691
2012-07-12T18:00:00Z,6.209905309602897
2012-07-12T19:00:00Z,5.625112268726416
2012-07-12T20:00:00Z,5.454149612470607
2012-07-12T21:00:00Z,5.375042911088231
2012-07-12T22:00:00Z,5.319121831075634
2012-07-12T23:00:00Z,5.232684434789876
2012-07-13T00:00:00Z,5.141191922508624
2012-07-13T01:00:00Z,5.071665721920807
2012-07-13T02:00:00Z,4.9994013171023735
2012-07-13T03:00:00Z,4.992427261857318
2012-07-13T04:00:00Z,5.131713712155354
2012-07-13T05:00:00Z,5.358945837255064
2012-07-13T06:00:00Z,5.650997022466841
2012-07-13T07:00:00Z,6.021825873756073
2012-07-13T08:00:00Z,6.377800407331979
2012-07-13T09:00:00Z,6.671637816245014
2012-07-13T10:00:00Z,6.885822659556933
2012-07-13T11:00:00Z,7.057696641875144
2012-07-13T12:00:00Z,7.069247700208817
2012-07-13T13:00:00Z,6.953094643352767
2012-07-13T14:00:00Z,6.810199532430805
2012-07-13T15:00:00Z,6.611770915808923
2012-07-13T16:00:00Z,6.303341384863119
2012-07-13T17:00:00Z,5.97928302066924
2012-07-13T18:00:00Z,5.625112268726416
2012-07-13T19:00:00Z,5.249790444258169
2012-07-13T20:00:00Z,5.049788349123159
2012-07-13T21:00:00Z,4.94688203467477
2012-07-13T22:00:00Z,4.882669369299135
2012-07-13T23:00:00Z,4.844898274928447
2012-07-14T00:00:00Z,4.850902331345363
2012-07-14T01:00:00Z,4.8524056713411285
2012-07-14T02:00:00Z,4.811770129071914
2012-07-14T03:00:00Z,4.777998169057063
2012-07-14T04:00:00Z,4.828835774865073
2012-07-14T05:00:00Z,4.942392676767677
2012-07-14T06:00:00Z,5.039832622515493
2012-07-14T07:00:00Z,5.195139148106675
2012-07-14T08:00:00Z,5.449641070263212
2012-07-14T09:00:00Z,5.7574921860636215
2012-07-14T10:00:00Z,6.204061416542843
2012-07-14T11:00:00Z,6.5560556893122595
2012-07-14T12:00:00Z,6.749286060671363
2012-07-14T13:00:00Z,6.783644733279186
2012-07-14T14:00:00Z,6.645092838196278
2012-07-14T15:00:00Z,6.357407501395734
2012-07-14T16:00:00Z,5.995309433781641
2012-07-14T17:00:00Z,5.667873303167415
2012-07-14T18:00:00Z,5.401000344946532
2012-07-14T19:00:00Z,5.2211245883873145
2012-07-14T20:00:00Z,5.120176586003924
2012-07-14T21:00:00Z,5.044500825580923
2012-07-14T22:00:00Z,4.982101662556678
2012-07-14T23:00:00Z,4.928197662981474
2012-07-15T00:00:00Z,4.919681080868777
2012-07-15T01:00:00Z,4.9338270048842015
2012-07-15T02:00:00Z,4.947077409162718
2012-07-15T03:00:00Z,4.950009879470459
2012-07-15T04:00:00Z,5.066332308687916
2012-07-15T05:00:00Z,5.277438382136083
2012-07-15T06:00:00Z,5.546158955058672
2012-07-15T07:00:00Z,5.857102777517995
2012-07-15T08:00:00Z,6.126981021326545
2012-07-15T09:00:00Z,6.323388358826787
2012-07-15T10:00:00Z,6.457366738839047
2012-07-15T11:00:00Z,6.658161909318029
2012-07-15T12:00:00Z,6.740206629358586
2012-07-15T13:00:00Z,6.7755720235841315
2012-07-15T14:00:00Z,6.746014648858257
2012-07-15T15:00:00Z,6.652504115991287
2012-07-15T16:00:00Z,6.512425912446715
2012-07-15T17:00:00Z,6.288152610441761
2012-07-15T18:00:00Z,5.808755332962338
2012-07-15T19:00:00Z,5.235308869012791
2012-07-15T20:00:00Z,5.091869918699182
2012-07-15T21:00:00Z,5.027291700112378
2012-07-15T22:00:00Z,4.9551010720360775
2012-07-15T23:00:00Z,4.869004120345176
2012-07-16T00:00:00Z,4.773628048780486
2012-07-16T01:00:00Z,4.701775458879167
2012-07-16T02:00:00Z,4.66465571816929
2012-07-16T03:00:00Z,4.75045509708738
2012-07-16T04:00:00Z,5.022252515937618
2012-07-16T05:00:00Z,5.340211459754429
2012-07-16T06:00:00Z,5.750091810503124
2012-07-16T07:00:00Z,6.140196078431379
2012-07-16T08:00:00Z,6.4636978172248245
2012-07-16T09:00:00Z,6.75583841216763
2012-07-16T10:00:00Z,6.956956400999723
2012-07-16T11:00:00Z,6.994248701770062
2012-07-16T12:00:00Z,6.971670284410314
2012-07-16T13:00:00Z,6.914329874144408
2012-07-16T14:00:00Z,6.7913684667100345
2012-07-16T15:00:00Z,6.608980108689925
2012-07-16T16:00:00Z,6.361604875571357
2012-07-16T17:00:00Z,6.054425056793458
2012-07-16T18:00:00Z,5.601216294772615
2012-07-16T19:00:00Z,5.223737436923978
2012-07-16T20:00:00Z,5.115576247651721
2012-07-16T21:00:00Z,4.994816173538564
2012-07-16T22:00:00Z,4.9910347850340715
2012-07-16T23:00:00Z,4.926065754286613
2012-07-17T00:00:00Z,4.856168101108788
2012-07-17T01:00:00Z,4.796660794975879
2012-07-17T02:00:00Z,4.671266082416558
2012-07-17T03:00:00Z,4.570865567070501
2012-07-17T04:00:00Z,4.859559279950339
2012-07-17T05:00:00Z,5.327492344334807
2012-07-17T06:00:00Z,5.98900310781735
2012-07-17T07:00:00Z,6.581201071822618
2012-07-17T08:00:00Z,7.135289091426941
2012-07-17T09:00:00Z,7.6303606237816775
2012-07-17T10:00:00Z,8.066718186501792
2012-07-17T11:00:00Z,8.433880958793441
2012-07-17T12:00:00Z,8.627315930849228
2012-07-17T13:00:00Z,8.72162651441302
2012-07-17T14:00:00Z,8.63564288176491
2012-07-17T15:00:00Z,8.35400826997464
2012-07-17T16:00:00Z,7.911824153612939
2012-07-17T17:00:00Z,7.296132339235784
2012-07-17T18:00:00Z,6.4814239884093885
2012-07-17T19:00:00Z,5.940716148921039
2012-07-17T20:00:00Z,5.696743678370019
2012-07-17T21:00:00Z,5.595711413893234
2012-07-17T22:00:00Z,5.560932297447286
2012-07-17T23:00:00Z,5.496029134307403
2012-07-18T00:00:00Z,5.427915240282532
2012-07-18T01:00:00Z,5.35436436693169
2012-07-18T02:00:00Z,5.280330494899253
2012-07-18T03:00:00Z,5.243197990791129
2012-07-18T04:00:00Z,5.390077025689579
2012-07-18T05:00:00Z,5.724601252227967
2012-07-18T06:00:00Z,6.516491520133187
2012-07-18T07:00:00Z,7.725898969962365
2012-07-18T08:00:00Z,8.530954164680246
2012-07-18T09:00:00Z,8.959942775393406
2012-07-18T10:00:00Z,9.085370276347298
2012-07-18T11:00:00Z,9.01021435764639
2012-07-18T12:00:00Z,8.729528190117785
2012-07-18T13:00:00Z,8.473246296421555
2012-07-18T14:00:00Z,8.191211090766398
2012-07-18T15:00:00Z,7.943433318536366
2012-07-18T16:00:00Z,7.601650685762831
2012-07-18T17:00:00Z,7.18275130454727
2012-07-18T18:00:00Z,6.475058154561893
2012-07-18T19:00:00Z,5.868353244319505
2012-07-18T20:00:00Z,5.641579966671177
2012-07-18T21:00:00Z,5.481598179510743
2012-07-18T22:00:00Z,5.355280034202654
2012-07-18T23:00:00Z,5.269002650065194
2012-07-19T00:00:00Z,5.207016960425677
2012-07-19T01:00:00Z,5.2020432742223495
2012-07-19T02:00:00Z,5.174750061968103
2012-07-19T03:00:00Z,5.128352098259977
2012-07-19T04:00:00Z,5.363075869155678
2012-07-19T05:00:00Z,5.741657499083248
2012-07-19T06:00:00Z,6.631021704605616
2012-07-19T07:00:00Z,7.524026910139344
2012-07-19T08:00:00Z,8.36069950607397
2012-07-19T09:00:00Z,8.952898291758997
2012-07-19T10:00:00Z,9.304018420857147
2012-07-19T11:00:00Z,9.803553259763648
2012-07-19T12:00:00Z,10.441813937979342
2012-07-19T13:00:00Z,10.620654570120415
2012-07-19T14:00:00Z,10.325612068254907
2012-07-19T15:00:00Z,9.190022010271463
2012-07-19T16:00:00Z,7.849846462367616
2012-07-19T17:00:00Z,6.961596176290781
2012-07-19T18:00:00Z,6.458698566566977
2012-07-19T19:00:00Z,6.118601016021889
2012-07-19T20:00:00Z,5.984139117141214
2012-07-19T21:00:00Z,5.828486343120379
2012-07-19T22:00:00Z,5.678407906070078
2012-07-19T23:00:00Z,5.599463567277603
2012-07-20T00:00:00Z,5.569834141135672
2012-07-20T01:00:00Z,5.463427400008718
2012-07-20T02:00:00Z,5.335434680751379
2012-07-20T03:00:00Z,5.347506830601097
2012-07-20T04:00:00Z,5.498200333596703
2012-07-20T05:00:00Z,5.731411576298325
2012-07-20T06:00:00Z,6.129679471494983
2012-07-20T07:00:00Z,6.618058857716482
2012-07-20T08:00:00Z,7.1618067467124025
2012-07-20T09:00:00Z,7.61227590398056
2012-07-20T10:00:00Z,7.894869532333298
2012-07-20T11:00:00Z,8.031031608642698
2012-07-20T12:00:00Z,8.044958253050742
2012-07-20T13:00:00Z,8.01048794525804
2012-07-20T14:00:00Z,7.911824153612939
2012-07-20T15:00:00Z,7.678538588855519
2012-07-20T16:00:00Z,7.279595513453829
2012-07-20T17:00:00Z,6.752560646900265
2012-07-20T18:00:00Z,6.2200814380772735
2012-07-20T19:00:00Z,5.719634703196353
2012-07-20T20:00:00Z,5.436160055550726
2012-07-20T21:00:00Z,5.213301702251636
2012-07-20T22:00:00Z,5.091455979188688
2012-07-20T23:00:00Z,4.961185044359951
2012-07-21T00:00:00Z,4.8765864673362955
2012-07-21T01:00:00Z,4.728041369418338
2012-07-21T02:00:00Z,4.658410502435938
2012-07-21T03:00:00Z,4.74200265000946
2012-07-21T04:00:00Z,4.9998004231030215
2012-07-21T05:00:00Z,5.213952713952714
2012-07-21T06:00:00Z,5.451301244668811
2012-07-21T07:00:00Z,5.65558966949611
2012-07-21T08:00:00Z,5.861762366044261
2012-07-21T09:00:00Z,6.171659440283801
2012-07-21T10:00:00Z,6.6812459995732905
2012-07-21T11:00:00Z,6.859427194567648
2012-07-21T12:00:00Z,6.609677589573102
2012-07-21T13:00:00Z,6.485450968209581
2012-07-21T14:00:00Z,6.594019793640773
2012-07-21T15:00:00Z,6.612119932432426
2012-07-21T16:00:00Z,6.371636400630757
2012-07-21T17:00:00Z,5.933399649471841
2012-07-21T18:00:00Z,5.63118144218665
2012-07-21T19:00:00Z,5.430503771785317
2012-07-21T20:00:00Z,5.3279455550829455
2012-07-21T21:00:00Z,5.295286408793073
2012-07-21T22:00:00Z,5.306727673275719
2012-07-21T23:00:00Z,5.327039210682995
2012-07-22T00:00:00Z,5.337935736810703
2012-07-22T01:00:00Z,5.319121831075634
2012-07-22T02:00:00Z,5.277883116335902
2012-07-22T03:00:00Z,5.315059192939278
2012-07-22T04:00:00Z,5.562413961543584
2012-07-22T05:00:00Z,5.894310855959725
2012-07-22T06:00:00Z,6.444078608910385
2012-07-22T07:00:00Z,7.1745231685663535
2012-07-22T08:00:00Z,7.874520651285605
2012-07-22T09:00:00Z,8.529792305073203
2012-07-22T10:00:00Z,9.105844722303013
2012-07-22T11:00:00Z,9.4958683951179
2012-07-22T12:00:00Z,9.698799845141293
2012-07-22T13:00:00Z,9.718364496857777
2012-07-22T14:00:00Z,9.547983840231703
2012-07-22T15:00:00Z,9.218428024727686
2012-07-22T16:00:00Z,8.75148466429121
2012-07-22T17:00:00Z,8.052716168434582
2012-07-22T18:00:00Z,6.856048166393
2012-07-22T19:00:00Z,6.170443349753691
2012-07-22T20:00:00Z,6.009114895658423
2012-07-22T21:00:00Z,5.887384846775706
2012-07-22T22:00:00Z,5.793709528214614
2012-07-22T23:00:00Z,5.710768669645292
2012-07-23T00:00:00Z,5.67069582144959
2012-07-23T01:00:00Z,5.641834069002792
2012-07-23T02:00:00Z,5.559451422484575
2012-07-23T03:00:00Z,5.48135830561877
2012-07-23T04:00:00Z,5.684850685304531
2012-07-23T05:00:00Z,6.0906350286881334
2012-07-23T06:00:00Z,7.264818466535196
2012-07-23T07:00:00Z,8.37971635001339
2012-07-23T08:00:00Z,9.163801302216706
2012-07-23T09:00:00Z,9.969754855141657
2012-07-23T10:00:00Z,10.686801467451579
2012-07-23T11:00:00Z,11.2623628843733
2012-07-23T12:00:00Z,11.544700460829468
2012-07-23T13:00:00Z,11.46544622425628
2012-07-23T14:00:00Z,11.058532709455285
2012-07-23T15:00:00Z,10.444425915117156
2012-07-23T16:00:00Z,9.625758856528103
2012-07-23T17:00:00Z,8.56244445963496
2012-07-23T18:00:00Z,7.300810164947259
2012-07-23T19:00:00Z,6.492510236873475
2012-07-23T20:00:00Z,6.150144842146604
2012-07-23T21:00:00Z,5.910442127117449
2012-07-23T22:00:00Z,5.739289805269189
2012-07-23T23:00:00Z,5.601466773991587
2012-07-24T00:00:00Z,5.486400070080149
2012-07-24T01:00:00Z,5.388917570125617
2012-07-24T02:00:00Z,5.3042557696379395
2012-07-24T03:00:00Z,5.34590926550297
2012-07-24T04:00:00Z,5.799074074074068
2012-07-24T05:00:00Z,6.278382035988164
2012-07-24T06:00:00Z,7.339309779105873
2012-07-24T07:00:00Z,8.744764032393178
2012-07-24T08:00:00Z,9.777534930918756
2012-07-24T09:00:00Z,10.491665968674074
2012-07-24T10:00:00Z,10.999297506146842
2012-07-24T11:00:00Z,11.348070302591037
2012-07-24T12:00:00Z,11.295878798809632
2012-07-24T13:00:00Z,10.87420783054084
2012-07-24T14:00:00Z,10.161434250020282
2012-07-24T15:00:00Z,9.326185689822065
2012-07-24T16:00:00Z,8.478981926487496
2012-07-24T17:00:00Z,7.617368036973964
2012-07-24T18:00:00Z,6.68516838341249
2012-07-24T19:00:00Z,5.979568455222461
2012-07-24T20:00:00Z,5.71311288483466
2012-07-24T21:00:00Z,5.559451422484575
2012-07-24T22:00:00Z,5.4701078649722685
2012-07-24T23:00:00Z,5.40519547769052
2012-07-25T00:00:00Z,5.358258116952558
2012-07-25T01:00:00Z,5.323416914577141
2012-07-25T02:00:00Z,5.301561772548353
2012-07-25T03:00:00Z,5.37550424856235
2012-07-25T04:00:00Z,5.908490566037739
2012-07-25T05:00:00Z,6.531442277609762
2012-07-25T06:00:00Z,7.428537540030828
2012-07-25T07:00:00Z,8.406711409395985
2012-07-25T08:00:00Z,9.23678194823392
2012-07-25T09:00:00Z,9.852131508573226
2012-07-25T10:00:00Z,10.27563576702215
2012-07-25T11:00:00Z,10.456632440103526
2012-07-25T12:00:00Z,10.35206611570246
2012-07-25T13:00:00Z,9.967374870693078
2012-07-25T14:00:00Z,9.380663521306067
2012-07-25T15:00:00Z,8.686546463245483
2012-07-25T16:00:00Z,7.972250509164974
2012-07-25T17:00:00Z,7.280864915136011
2012-07-25T18:00:00Z,6.624709117833715
2012-07-25T19:00:00Z,6.1577032740143585
2012-07-25T20:00:00Z,5.979568455222461
2012-07-25T21:00:00Z,5.91910027407618
2012-07-25T22:00:00Z,5.866978922716621
2012-07-25T23:00:00Z,5.783010156971368
2012-07-26T00:00:00Z,5.7086865372345255
2012-07-26T01:00:00Z,5.6576332429991
2012-07-26T02:00:00Z,5.574047703809189
2012-07-26T03:00:00Z,5.542723129342009
2012-07-26T04:00:00Z,5.8962530596874325
2012-07-26T05:00:00Z,6.378774761929011
2012-07-26T06:00:00Z,6.982941242055975
2012-07-26T07:00:00Z,7.430300154229443
2012-07-26T08:00:00Z,7.6312903618862
2012-07-26T09:00:00Z,7.769989454748473
2012-07-26T10:00:00Z,7.919828022255956
2012-07-26T11:00:00Z,8.137993762993764
2012-07-26T12:00:00Z,8.174639430920848
2012-07-26T13:00:00Z,8.181046306576981
2012-07-26T14:00:00Z,8.124270333376568
2012-07-26T15:00:00Z,7.973265436028018
2012-07-26T16:00:00Z,7.710205589068087
2012-07-26T17:00:00Z,7.275789962825275
2012-07-26T18:00:00Z,6.652150823154546
2012-07-26T19:00:00Z,6.1652803071319555
2012-07-26T20:00:00Z,5.967887941302593
2012-07-26T21:00:00Z,5.8860015976692805
2012-07-26T22:00:00Z,5.828215149823184
2012-07-26T23:00:00Z,5.7559047881628524
2012-07-27T00:00:00Z,5.761729530818765
2012-07-27T01:00:00Z,5.717285133963213
2012-07-27T02:00:00Z,5.68820671177512
2012-07-27T03:00:00Z,5.6699257649828025
2012-07-27T04:00:00Z,5.833915513949046
2012-07-27T05:00:00Z,6.059110917622018
2012-07-27T06:00:00Z,6.2523709693521035
2012-07-27T07:00:00Z,6.398978288633464
2012-07-27T08:00:00Z,6.915093298001555
2012-07-27T09:00:00Z,8.22725779967158
2012-07-27T10:00:00Z,9.642059887614513
2012-07-27T11:00:00Z,10.566005904681552
2012-07-27T12:00:00Z,10.866660883143934
2012-07-27T13:00:00Z,10.761168384879737
2012-07-27T14:00:00Z,10.320507538930542
2012-07-27T15:00:00Z,9.760773007091116
2012-07-27T16:00:00Z,9.023845544269163
2012-07-27T17:00:00Z,8.17037375252755
2012-07-27T18:00:00Z,7.28213475960699
2012-07-27T19:00:00Z,6.699112204513859
2012-07-27T20:00:00Z,6.477067066549459
2012-07-27T21:00:00Z,6.403230753501683
2012-07-27T22:00:00Z,6.406833410055755
2012-07-27T23:00:00Z,6.410768207175397
2012-07-28T00:00:00Z,6.394405023227321
2012-07-28T01:00:00Z,6.332979422619951
2012-07-28T02:00:00Z,6.284366847280749
2012-07-28T03:00:00Z,6.286259158887889
2012-07-28T04:00:00Z,6.458032584037941
2012-07-28T05:00:00Z,6.580163899978986
2012-07-28T06:00:00Z,6.75401703871455
2012-07-28T07:00:00Z,7.080436380080276
2012-07-28T08:00:00Z,7.266504234830026
2012-07-28T09:00:00Z,7.288490631909703
2012-07-28T10:00:00Z,7.345765892563913
2012-07-28T11:00:00Z,7.385613207547178
2012-07-28T12:00:00Z,7.368668745220297
2012-07-28T13:00:00Z,7.326860084230227
2012-07-28T14:00:00Z,7.2846757778423985
2012-07-28T15:00:00Z,7.225843668878
2012-07-28T16:00:00Z,7.124331702877946
2012-07-28T17:00:00Z,6.941150393438992
2012-07-28T18:00:00Z,6.584660673921034
2012-07-28T19:00:00Z,6.285628261742272
2012-07-28T20:00:00Z,6.192406565157205
2012-07-28T21:00:00Z,6.063216999854787
2012-07-28T22:00:00Z,5.9350864723999
2012-07-28T23:00:00Z,5.865055953551536
2012-07-29T00:00:00Z,5.817117912041978
2012-07-29T01:00:00Z,5.763850542978104
2012-07-29T02:00:00Z,5.6918253283046285
2012-07-29T03:00:00Z,5.6676168499162936
2012-07-29T04:00:00Z,6.102801461632162
2012-07-29T05:00:00Z,6.479077225469414
2012-07-29T06:00:00Z,7.007944500391621
2012-07-29T07:00:00Z,7.623858794887397
2012-07-29T08:00:00Z,8.260353468741764
2012-07-29T09:00:00Z,8.81119864940911
2012-07-29T10:00:00Z,9.291595578962989
2012-07-29T11:00:00Z,9.611724984653174
2012-07-29T12:00:00Z,9.668853724430733
2012-07-29T13:00:00Z,9.420169963149563
2012-07-29T14:00:00Z,8.942671521382163
2012-07-29T15:00:00Z,8.303062441999197
2012-07-29T16:00:00Z,7.593355965082452
2012-07-29T17:00:00Z,6.877505078789866
2012-07-29T18:00:00Z,6.2592444533280025
2012-07-29T19:00:00Z,5.887938328476073
2012-07-29T20:00:00Z,5.736924063387376
2012-07-29T21:00:00Z,5.674035151295518
2012-07-29T22:00:00Z,5.643359163813293
2012-07-29T23:00:00Z,5.608991581586961
2012-07-30T00:00:00Z,5.558711280731341
2012-07-30T01:00:00Z,5.494582620520237
2012-07-30T02:00:00Z,5.422276091944071
2012-07-30T03:00:00Z,5.363764826788847
2012-07-30T04:00:00Z,5.419695396330905
2012-07-30T05:00:00Z,5.5718162003469605
2012-07-30T06:00:00Z,5.815227483751155
2012-07-30T07:00:00Z,6.155887556516607
2012-07-30T08:00:00Z,6.563613498218401
2012-07-30T09:00:00Z,6.923119438456855
2012-07-30T10:00:00Z,7.193889271766606
2012-07-30T11:00:00Z,7.379521621303174
2012-07-30T12:00:00Z,7.453290491491141
2012-07-30T13:00:00Z,7.217932465137726
2012-07-30T14:00:00Z,6.836963047868556
2012-07-30T15:00:00Z,6.479412373267124
2012-07-30T16:00:00Z,6.14622178606477
2012-07-30T17:00:00Z,5.829028805435345
2012-07-30T18:00:00Z,5.562413961543584
2012-07-30T19:00:00Z,5.392861755715336
2012-07-30T20:00:00Z,5.290589626626121
2012-07-30T21:00:00Z,5.215038094841582
2012-07-30T22:00:00Z,5.160041194644701
2012-07-30T23:00:00Z,5.117875383043917
2012-07-31T00:00:00Z,5.074747802131022
2012-07-31T01:00:00Z,5.012003841229189
2012-07-31T02:00:00Z,4.97122673334127
2012-07-31T03:00:00Z,4.965511773566955
2012-07-31T04:00:00Z,5.149858158944213
2012-07-31T05:00:00Z,5.389613183597955
2012-07-31T06:00:00Z,5.733247894544119
2012-07-31T07:00:00Z,6.008826633406887
2012-07-31T08:00:00Z,6.287205742107111
2012-07-31T09:00:00Z,6.532804839887355
2012-07-31T10:00:00Z,6.668441226575812
2012-07-31T11:00:00Z,6.717794701276407
2012-07-31T12:00:00Z,6.688738185507564
2012-07-31T13:00:00Z,6.628214625886328
2012-07-31T14:00:00Z,6.533145569290147
2012-07-31T15:00:00Z,6.369044592464524
2012-07-31T16:00:00Z,6.123686140307997
2012-07-31T17:00:00Z,5.81873925767641
2012-07-31T18:00:00Z,5.451064014970194
2012-07-31T19:00:00Z,5.156854672704812
2012-07-31T20:00:00Z,5.008997480705401
2012-07-31T21:00:00Z,4.894115808392593
2012-07-31T22:00:00Z,4.805493746643141
2012-07-31T23:00:00Z,4.747394352852001
2012-08-01T00:00:00Z,4.709022556390973
2012-08-01T01:00:00Z,4.706545427218761
2012-08-01T02:00:00Z,4.737698097507466
2012-08-01T03:00:00Z,4.786579540677904
2012-08-01T04:00:00Z,4.988053520229368
2012-08-01T05:00:00Z,5.2344337651483475
2012-08-01T06:00:00Z,5.5869759143621724
2012-08-01T07:00:00Z,6.017775642565458
2012-08-01T08:00:00Z,6.437785886827364
2012-08-01T09:00:00Z,6.756931707843345
2012-08-01T10:00:00Z,6.953480626179633
2012-08-01T11:00:00Z,7.0370786516853885
2012-08-01T12:00:00Z,6.999329459096998
2012-08-01T13:00:00Z,6.933466179563831
2012-08-01T14:00:00Z,6.85117322102499
2012-08-01T15:00:00Z,6.709159078735934
2012-08-01T16:00:00Z,6.509380034298188
2012-08-01T17:00:00Z,6.1777470901558456
2012-08-01T18:00:00Z,5.678665336839243
2012-08-01T19:00:00Z,5.3870634784104565
2012-08-01T20:00:00Z,5.24341747247687
2012-08-01T21:00:00Z,5.147741749886979
2012-08-01T22:00:00Z,5.12709262821825
2012-08-01T23:00:00Z,5.126463125153469
2012-08-02T00:00:00Z,5.104527486857657
2012-08-02T01:00:00Z,4.89890101294536
2012-08-02T02:00:00Z,4.743618874498218
2012-08-02T03:00:00Z,4.6596235399151835
2012-08-02T04:00:00Z,4.980516898608354
2012-08-02T05:00:00Z,5.4701078649722685
2012-08-02T06:00:00Z,6.119497777126387
2012-08-02T07:00:00Z,6.696247193413871
2012-08-02T08:00:00Z,7.023662666816192
2012-08-02T09:00:00Z,7.2366976717314575
2012-08-02T10:00:00Z,7.443546470168777
2012-08-02T11:00:00Z,7.617368036973964
2012-08-02T12:00:00Z,7.736396763634129
2012-08-02T13:00:00Z,7.748840086606856
2012-08-02T14:00:00Z,7.681363831483404
2012-08-02T15:00:00Z,7.519961577715082
2012-08-02T16:00:00Z,7.229597137250366
2012-08-02T17:00:00Z,6.708440445586966
2012-08-02T18:00:00Z,5.9221786203961955
2012-08-02T19:00:00Z,5.595211506677982
2012-08-02T20:00:00Z,5.472497706321811
2012-08-02T21:00:00Z,5.341350049038415
2012-08-02T22:00:00Z,5.176888741940811
2012-08-02T23:00:00Z,5.019636130480081
2012-08-03T00:00:00Z,4.905808169819446
2012-08-03T01:00:00Z,4.832934640018518
2012-08-03T02:00:00Z,4.794457628416141
2012-08-03T03:00:00Z,4.809368400844688
2012-08-03T04:00:00Z,5.245613300389459
2012-08-03T05:00:00Z,5.661213052517406
2012-08-03T06:00:00Z,6.112331039867273
2012-08-03T07:00:00Z,6.482430264451696
2012-08-03T08:00:00Z,6.749286060671363
2012-08-03T09:00:00Z,6.950393962934195
2012-08-03T10:00:00Z,7.0704447956649314
2012-08-03T11:00:00Z,7.119067917021869
2012-08-03T12:00:00Z,7.219596541786734
2012-08-03T13:00:00Z,7.223343521134879
2012-08-03T14:00:00Z,7.10050450654724
2012-08-03T15:00:00Z,6.8377094819586155
2012-08-03T16:00:00Z,6.539626187741464
2012-08-03T17:00:00Z,6.189958489820125
2012-08-03T18:00:00Z,5.59871273409914
2012-08-03T19:00:00Z,5.2865704397737785
2012-08-03T20:00:00Z,5.191693952832924
2012-08-03T21:00:00Z,5.140558952681902
2012-08-03T22:00:00Z,5.088353576796519
2012-08-03T23:00:00Z,5.053659323811829
2012-08-04T00:00:00Z,5.03335208550992
2012-08-04T01:00:00Z,4.949423107317846
2012-08-04T02:00:00Z,4.834800061756983
2012-08-04T03:00:00Z,4.765636889362351
2012-08-04T04:00:00Z,5.090421424797827
2012-08-04T05:00:00Z,5.472497706321811
2012-08-04T06:00:00Z,6.046242216537148
2012-08-04T07:00:00Z,6.42688558234992
2012-08-04T08:00:00Z,6.745651354407878
2012-08-04T09:00:00Z,7.049355619337045
2012-08-04T10:00:00Z,7.3639035861258115
2012-08-04T11:00:00Z,7.5726981440058045
2012-08-04T12:00:00Z,7.872046254399206
2012-08-04T13:00:00Z,8.119004407570651
2012-08-04T14:00:00Z,8.140109175981296
2012-08-04T15:00:00Z,7.860190763052219
2012-08-04T16:00:00Z,7.566751238371402
2012-08-04T17:00:00Z,7.113811903680143
2012-08-04T18:00:00Z,6.580855311547759
2012-08-04T19:00:00Z,6.106669266770671
2012-08-04T20:00:00Z,5.850263883050768
2012-08-04T21:00:00Z,5.653802753328827
2012-08-04T22:00:00Z,5.499407296834529
2012-08-04T23:00:00Z,5.392397434241683
2012-08-05T00:00:00Z,5.319347715304908
2012-08-05T01:00:00Z,5.287239880123259
2012-08-05T02:00:00Z,5.273883204917692
2012-08-05T03:00:00Z,5.25948941887807
2012-08-05T04:00:00Z,5.473215065979195
2012-08-05T05:00:00Z,5.785146868649551
2012-08-05T06:00:00Z,6.305245142454449
2012-08-05T07:00:00Z,6.822811699983666
2012-08-05T08:00:00Z,7.25724217844728
2012-08-05T09:00:00Z,7.615978597920591
2012-08-05T10:00:00Z,7.986992284639421
2012-08-05T11:00:00Z,8.171439754713283
2012-08-05T12:00:00Z,8.131654115814076
2012-08-05T13:00:00Z,7.991068580542258
2012-08-05T14:00:00Z,7.835606155385967
2012-08-05T15:00:00Z,7.624322843751914
2012-08-05T16:00:00Z,7.160987880173786
2012-08-05T17:00:00Z,6.644740332077873
2012-08-05T18:00:00Z,6.312235436403952
2012-08-05T19:00:00Z,6.25486867072805
2012-08-05T20:00:00Z,6.180490452459664
2012-08-05T21:00:00Z,5.862585416081629
2012-08-05T22:00:00Z,5.638278718041049
2012-08-05T23:00:00Z,5.414541367683925
2012-08-06T00:00:00Z,5.239250460097035
2012-08-06T01:00:00Z,5.108482871125615
2012-08-06T02:00:00Z,5.0154154154154105
2012-08-06T03:00:00Z,4.971029446781494
2012-08-06T04:00:00Z,5.234215034891984
2012-08-06T05:00:00Z,5.5765292493989875
2012-08-06T06:00:00Z,6.063216999854787
2012-08-06T07:00:00Z,6.85642344955936
2012-08-06T08:00:00Z,7.427656546489573
2012-08-06T09:00:00Z,7.6672583705698765
2012-08-06T10:00:00Z,7.6733643714775726
2012-08-06T11:00:00Z,7.516351635163507
2012-08-06T12:00:00Z,7.4083274189732595
2012-08-06T13:00:00Z,7.386484255218789
2012-08-06T14:00:00Z,7.28976313798522
2012-08-06T15:00:00Z,7.1178543016251785
2012-08-06T16:00:00Z,6.83920283920284
2012-08-06T17:00:00Z,6.4019217009097495
2012-08-06T18:00:00Z,5.866429374297496
2012-08-06T19:00:00Z,5.565626943926071
2012-08-06T20:00:00Z,5.401000344946532
2012-08-06T21:00:00Z,5.262140816669473
2012-08-06T22:00:00Z,5.135711357113574
2012-08-06T23:00:00Z,5.1001628664495104
2012-08-07T00:00:00Z,5.056311306664508
2012-08-07T01:00:00Z,4.965511773566955
2012-08-07T02:00:00Z,4.854662429269045
2012-08-07T03:00:00Z,4.783289418413714
2012-08-07T04:00:00Z,4.994019615660634
2012-08-07T05:00:00Z,5.272551248053204
2012-08-07T06:00:00Z,5.870278376605111
2012-08-07T07:00:00Z,6.486122618061304
2012-08-07T08:00:00Z,6.899856780874739
2012-08-07T09:00:00Z,7.233772233772244
2012-08-07T10:00:00Z,7.5136464519225035
2012-08-07T11:00:00Z,7.526739574570366
2012-08-07T12:00:00Z,7.416222616933102
2012-08-07T13:00:00Z,7.404386120470519
2012-08-07T14:00:00Z,7.232101616628178
2012-08-07T15:00:00Z,7.051339788335956
2012-08-07T16:00:00Z,6.792104977768135
2012-08-07T17:00:00Z,6.3506388156560565
2012-08-07T18:00:00Z,5.675834881507993
2012-08-07T19:00:00Z,5.362387088488381
2012-08-07T20:00:00Z,5.247810968201426
2012-08-07T21:00:00Z,5.170477998844217
2012-08-07T22:00:00Z,5.0844292904692265
2012-08-07T23:00:00Z,4.978339493660823
2012-08-08T00:00:00Z,4.880006233442417
2012-08-08T01:00:00Z,4.8123247147412505
2012-08-08T02:00:00Z,4.771445985067802
2012-08-08T03:00:00Z,4.759118541033436
2012-08-08T04:00:00Z,5.016821531560393
2012-08-08T05:00:00Z,5.3493337888623165
2012-08-08T06:00:00Z,5.817928471899682
2012-08-08T07:00:00Z,6.226265036285914
2012-08-08T08:00:00Z,6.632074972203102
2012-08-08T09:00:00Z,7.056901408450703
2012-08-08T10:00:00Z,7.4382422802850465
2012-08-08T11:00:00Z,7.6522695338749935
2012-08-08T12:00:00Z,7.636873552005858
2012-08-08T13:00:00Z,7.799987545924391
2012-08-08T14:00:00Z,7.841001564945215
2012-08-08T15:00:00Z,7.666789080670818
2012-08-08T16:00:00Z,7.079235899174854
2012-08-08T17:00:00Z,6.414050898663527
2012-08-08T18:00:00Z,6.084422208189637
2012-08-08T19:00:00Z,6.0906350286881334
2012-08-08T20:00:00Z,6.040119587231169
2012-08-08T21:00:00Z,5.954271046251848
2012-08-08T22:00:00Z,5.851903760803558
2012-08-08T23:00:00Z,5.786215816703614
2012-08-09T00:00:00Z,5.758021513284907
2012-08-09T01:00:00Z,5.733772773047696
2012-08-09T02:00:00Z,5.7185902118334555
2012-08-09T03:00:00Z,5.666334931692754
2012-08-09T04:00:00Z,5.692342649397865
2012-08-09T05:00:00Z,5.834730762064463
2012-08-09T06:00:00Z,6.201297093915536
2012-08-09T07:00:00Z,6.8287630158643555
2012-08-09T08:00:00Z,7.678538588855519
2012-08-09T09:00:00Z,8.402763802240568
2012-08-09T10:00:00Z,8.761891438164525
2012-08-09T11:00:00Z,9.083393763596796
2012-08-09T12:00:00Z,9.208262883187526
2012-08-09T13:00:00Z,8.954178282936608
2012-08-09T14:00:00Z,8.780316837235372
2012-08-09T15:00:00Z,8.47095421654157
2012-08-09T16:00:00Z,7.980377166156969
2012-08-09T17:00:00Z,7.2991084435638935
2012-08-09T18:00:00Z,6.400613183444049
2012-08-09T19:00:00Z,5.986713186445537
2012-08-09T20:00:00Z,5.8095635638421275
2012-08-09T21:00:00Z,5.733772773047696
2012-08-09T22:00:00Z,5.699595031168955
2012-08-09T23:00:00Z,5.564885157048288
2012-08-10T00:00:00Z,5.375734946997985
2012-08-10T01:00:00Z,5.259710266638673
2012-08-10T02:00:00Z,5.1762469523534
2012-08-10T03:00:00Z,5.080511052524848
2012-08-10T04:00:00Z,5.252872599178058
2012-08-10T05:00:00Z,5.644376351838498
2012-08-10T06:00:00Z,6.281215525022563
2012-08-10T07:00:00Z,6.756202804746486
2012-08-10T08:00:00Z,7.103725968354796
2012-08-10T09:00:00Z,7.416222616933102
2012-08-10T10:00:00Z,7.609038998906577
2012-08-10T11:00:00Z,7.852306920762287
2012-08-10T12:00:00Z,7.761323502075712
2012-08-10T13:00:00Z,7.719709108837668
2012-08-10T14:00:00Z,7.666789080670818
2012-08-10T15:00:00Z,7.735441240042
2012-08-10T16:00:00Z,7.407451212300402
2012-08-10T17:00:00Z,6.442090104916677
2012-08-10T18:00:00Z,6.001916626736941
2012-08-10T19:00:00Z,5.971586575133486
2012-08-10T20:00:00Z,6.110840081959218
2012-08-10T21:00:00Z,6.072917676718711
2012-08-10T22:00:00Z,5.960504401617896
2012-08-10T23:00:00Z,5.773148361524633
2012-08-11T00:00:00Z,5.5156318802289785
2012-08-11T01:00:00Z,5.37342885333105
2012-08-11T02:00:00Z,5.29081309398099
2012-08-11T03:00:00Z,5.160041194644701
2012-08-11T04:00:00Z,5.2616987314122525
2012-08-11T05:00:00Z,5.4701078649722685
2012-08-11T06:00:00Z,5.92301872517495
2012-08-11T07:00:00Z,6.64967882359187
2012-08-11T08:00:00Z,7.0736390332053425
2012-08-11T09:00:00Z,7.274099883855969
2012-08-11T10:00:00Z,7.676656248084815
2012-08-11T11:00:00Z,8.006903605216054
2012-08-11T12:00:00Z,8.175172953922463
2012-08-11T13:00:00Z,8.150172425011371
2012-08-11T14:00:00Z,8.075559280510593
2012-08-11T15:00:00Z,7.8459129345443275
2012-08-11T16:00:00Z,7.364336527720612
2012-08-11T17:00:00Z,6.636994648439573
2012-08-11T18:00:00Z,5.9713019020832405
2012-08-11T19:00:00Z,5.7728822932989265
2012-08-11T20:00:00Z,5.611755745710311
2012-08-11T21:00:00Z,5.552551088257451
2012-08-11T22:00:00Z,5.473932613730721
2012-08-11T23:00:00Z,5.375734946997985
2012-08-12T00:00:00Z,5.2870167145027835
2012-08-12T01:00:00Z,5.210482529118131
2012-08-12T02:00:00Z,5.108482871125615
2012-08-12T03:00:00Z,5.056719551087962
2012-08-12T04:00:00Z,5.104735512266686
2012-08-12T05:00:00Z,5.206800515442487
2012-08-12T06:00:00Z,5.396811719086605
2012-08-12T07:00:00Z,5.655845035444983
2012-08-12T08:00:00Z,5.916863486065182
2012-08-12T09:00:00Z,6.112331039867273
2012-08-12T10:00:00Z,6.249875261949895
2012-08-12T11:00:00Z,6.2900472029727865
2012-08-12T12:00:00Z,6.13748836297712
2012-08-12T13:00:00Z,5.938181473404761
2012-08-12T14:00:00Z,5.82171407324781
2012-08-12T15:00:00Z,5.671979713819959
2012-08-12T16:00:00Z,5.526826685492414
2012-08-12T17:00:00Z,5.307402228719122
2012-08-12T18:00:00Z,4.903887562150098
2012-08-12T19:00:00Z,4.697543596474776
2012-08-12T20:00:00Z,4.6061631242185745
2012-08-12T21:00:00Z,4.540050743022838
2012-08-12T22:00:00Z,4.46910232624518
2012-08-12T23:00:00Z,4.4144493392070485
2012-08-13T00:00:00Z,4.371466461925037
2012-08-13T01:00:00Z,4.330509939498701
2012-08-13T02:00:00Z,4.292372010143236
2012-08-13T03:00:00Z,4.265622339519835
2012-08-13T04:00:00Z,4.353538162102045
2012-08-13T05:00:00Z,4.55490909090909
2012-08-13T06:00:00Z,4.905616041356624
2012-08-13T07:00:00Z,5.234652513686328
2012-08-13T08:00:00Z,5.47488963678482
2012-08-13T09:00:00Z,5.666078617632431
2012-08-13T10:00:00Z,5.837177874085464
2012-08-13T11:00:00Z,6.015463669980316
2012-08-13T12:00:00Z,6.14531717607811
2012-08-13T13:00:00Z,6.192406565157205
2012-08-13T14:00:00Z,6.160731851268937
2012-08-13T15:00:00Z,6.072917676718711
2012-08-13T16:00:00Z,5.913790661441863
2012-08-13T17:00:00Z,5.468197494215746
2012-08-13T18:00:00Z,4.996011486917676
2012-08-13T19:00:00Z,5.001996645635337
2012-08-13T20:00:00Z,5.029512146155396
2012-08-13T21:00:00Z,4.863332815654609
2012-08-13T22:00:00Z,4.582235879426395
2012-08-13T23:00:00Z,4.463528489470122
2012-08-14T00:00:00Z,4.550937363755268
2012-08-14T01:00:00Z,4.6253831099294676
2012-08-14T02:00:00Z,4.633938810994782
2012-08-14T03:00:00Z,4.625724731341628
2012-08-14T04:00:00Z,4.655467182041179
2012-08-14T05:00:00Z,4.832934640018518
2012-08-14T06:00:00Z,5.251331069467151
2012-08-14T07:00:00Z,5.985282874617737
2012-08-14T08:00:00Z,6.518526228143211
2012-08-14T09:00:00Z,6.71527368251755
2012-08-14T10:00:00Z,6.696247193413871
2012-08-14T11:00:00Z,6.567743288590602
2012-08-14T12:00:00Z,6.5212411495210425
2012-08-14T13:00:00Z,6.448723228995064
2012-08-14T14:00:00Z,6.40814447229753
2012-08-14T15:00:00Z,6.353860200872476
2012-08-14T16:00:00Z,6.257680971174502
2012-08-14T17:00:00Z,6.015463669980316
2012-08-14T18:00:00Z,5.611755745710311
2012-08-14T19:00:00Z,5.495787995787988
2012-08-14T20:00:00Z,5.428385698808237
2012-08-14T21:00:00Z,5.369282866818121
2012-08-14T22:00:00Z,5.300888700804063
2012-08-14T23:00:00Z,5.194708248662547
2012-08-15T00:00:00Z,5.082985026173755
2012-08-15T01:00:00Z,4.972410781628364
2012-08-15T02:00:00Z,4.871086914252386
2012-08-15T03:00:00Z,4.783106766457921
2012-08-15T04:00:00Z,4.824000616190401
2012-08-15T05:00:00Z,5.02003847386983
2012-08-15T06:00:00Z,5.400534621022674
2012-08-15T07:00:00Z,5.821984661863819
2012-08-15T08:00:00Z,6.204368715637221
2012-08-15T09:00:00Z,6.505661161317122
2012-08-15T10:00:00Z,6.7700789103880625
2012-08-15T11:00:00Z,6.987225971997537
2012-08-15T12:00:00Z,7.0980903269677595
2012-08-15T13:00:00Z,6.961596176290781
2012-08-15T14:00:00Z,6.712754555198275
2012-08-15T15:00:00Z,6.5212411495210425
2012-08-15T16:00:00Z,6.29953731643532
2012-08-15T17:00:00Z,5.928064363464269
2012-08-15T18:00:00Z,5.6548237099905165
2012-08-15T19:00:00Z,5.543704359371535
2012-08-15T20:00:00Z,5.298646362098141
2012-08-15T21:00:00Z,5.075159029212758
2012-08-15T22:00:00Z,4.957258192179826
2012-08-15T23:00:00Z,4.926065754286613
2012-08-16T00:00:00Z,4.98547263681592
2012-08-16T01:00:00Z,5.016017940092908
2012-08-16T02:00:00Z,4.999600862137787
2012-08-16T03:00:00Z,4.978141642158815
2012-08-16T04:00:00Z,5.015616240890528
2012-08-16T05:00:00Z,5.1325548043433775
2012-08-16T06:00:00Z,5.253092891591522
2012-08-16T07:00:00Z,5.325001062789604
2012-08-16T08:00:00Z,5.404495836389519
2012-08-16T09:00:00Z,5.8587464920486445
2012-08-16T10:00:00Z,6.714553738943992
2012-08-16T11:00:00Z,7.248423123661822
2012-08-16T12:00:00Z,7.6672583705698765
2012-08-16T13:00:00Z,8.113745303795834
2012-08-16T14:00:00Z,8.198717109569303
2012-08-16T15:00:00Z,7.834625969477107
2012-08-16T16:00:00Z,7.201333793262042
2012-08-16T17:00:00Z,6.522939124095202
2012-08-16T18:00:00Z,6.014597138192637
2012-08-16T19:00:00Z,5.839354808633623
2012-08-16T20:00:00Z,5.660189787618618
2012-08-16T21:00:00Z,5.514903359309641
2012-08-16T22:00:00Z,5.352305260009396
2012-08-16T23:00:00Z,5.2337776292148925
2012-08-17T00:00:00Z,5.132975453837639
2012-08-17T01:00:00Z,5.091249034670566
2012-08-17T02:00:00Z,5.130872895588413
2012-08-17T03:00:00Z,5.170264580839564
2012-08-17T04:00:00Z,5.226789067389949
2012-08-17T05:00:00Z,5.332935967302452
2012-08-17T06:00:00Z,5.476086386290105
2012-08-17T07:00:00Z,5.79746366749977
2012-08-17T08:00:00Z,6.2445784934443305
2012-08-17T09:00:00Z,6.426555846288035
2012-08-17T10:00:00Z,6.404540341548217
2012-08-17T11:00:00Z,6.369044592464524
2012-08-17T12:00:00Z,6.312553545330841
2012-08-17T13:00:00Z,6.340994229016902
2012-08-17T14:00:00Z,6.453374549201434
2012-08-17T15:00:00Z,6.535531670666806
2012-08-17T16:00:00Z,6.387883114896227
2012-08-17T17:00:00Z,6.080877712510318
2012-08-17T18:00:00Z,5.800416763139608
2012-08-17T19:00:00Z,5.625112268726416
2012-08-17T20:00:00Z,5.457952069716778
2012-08-17T21:00:00Z,5.238593116139015
2012-08-17T22:00:00Z,5.0583531882243715
2012-08-17T23:00:00Z,4.915048067490678
2012-08-18T00:00:00Z,4.902160300563552
2012-08-18T01:00:00Z,4.880006233442417
2012-08-18T02:00:00Z,4.899092615769715
2012-08-18T03:00:00Z,4.8331211174132855
2012-08-18T04:00:00Z,4.843774168600151
2012-08-18T05:00:00Z,4.979922872023214
2012-08-18T06:00:00Z,5.238593116139015
2012-08-18T07:00:00Z,5.644376351838498
2012-08-18T08:00:00Z,6.002491853555684
2012-08-18T09:00:00Z,6.457366738839047
2012-08-18T10:00:00Z,6.958888888888889
2012-08-18T11:00:00Z,7.2948576087589565
2012-08-18T12:00:00Z,7.471072408445655
2012-08-18T13:00:00Z,7.464839094159726
2012-08-18T14:00:00Z,7.30805134189032
2012-08-18T15:00:00Z,7.038264876102703
2012-08-18T16:00:00Z,6.661702919746849
2012-08-18T17:00:00Z,6.094487422760668
2012-08-18T18:00:00Z,5.596961572832887
2012-08-18T19:00:00Z,5.385210662080827
2012-08-18T20:00:00Z,5.202475391452423
2012-08-18T21:00:00Z,5.0400354082002154
2012-08-18T22:00:00Z,4.9102312818502565
2012-08-18T23:00:00Z,4.857109620380784
2012-08-19T00:00:00Z,4.815654915228168
2012-08-19T01:00:00Z,4.718246195570287
2012-08-19T02:00:00Z,4.552756878566499
2012-08-19T03:00:00Z,4.491376528380363
2012-08-19T04:00:00Z,4.653391782450403
2012-08-19T05:00:00Z,4.931107786788444
2012-08-19T06:00:00Z,5.363535154577377
2012-08-19T07:00:00Z,6.261434641339666
2012-08-19T08:00:00Z,6.830252467419161
2012-08-19T09:00:00Z,7.23837041317538
2012-08-19T10:00:00Z,7.567665538907675
2012-08-19T11:00:00Z,7.767098654430453
2012-08-19T12:00:00Z,7.7695075052722915
2012-08-19T13:00:00Z,7.510943215206562
2012-08-19T14:00:00Z,7.169595329403009
2012-08-19T15:00:00Z,6.785849721003303
2012-08-19T16:00:00Z,6.284366847280749
2012-08-19T17:00:00Z,5.816037516831505
2012-08-19T18:00:00Z,5.47488963678482
2012-08-19T19:00:00Z,5.328852207946913
2012-08-19T20:00:00Z,5.22482689580379
2012-08-19T21:00:00Z,5.136553760354296
2012-08-19T22:00:00Z,5.059374747556349
2012-08-19T23:00:00Z,4.966693100713713
2012-08-20T00:00:00Z,4.866923106811201
2012-08-20T01:00:00Z,4.729112394759689
2012-08-20T02:00:00Z,4.607179638075623
2012-08-20T03:00:00Z,4.542190956231642
2012-08-20T04:00:00Z,4.658237262923022
2012-08-20T05:00:00Z,5.140347997373605
2012-08-20T06:00:00Z,5.53708779064627
2012-08-20T07:00:00Z,5.881303408770775
2012-08-20T08:00:00Z,6.150748833783449
2012-08-20T09:00:00Z,6.419968223053654
2012-08-20T10:00:00Z,6.693026983702921
2012-08-20T11:00:00Z,6.921206763178247
2012-08-20T12:00:00Z,7.043805882022149
2012-08-20T13:00:00Z,7.033917340521117
2012-08-20T14:00:00Z,6.872976680384078
2012-08-20T15:00:00Z,6.6376980552170055
2012-08-20T16:00:00Z,6.305245142454449
2012-08-20T17:00:00Z,5.705826082995497
2012-08-20T18:00:00Z,5.160466361801173
2012-08-20T19:00:00Z,5.065717636591585
2012-08-20T20:00:00Z,5.067357093733566
2012-08-20T21:00:00Z,5.022453889334403
2012-08-20T22:00:00Z,4.8857165145487205
2012-08-20T23:00:00Z,4.757130378641142
2012-08-21T00:00:00Z,4.617709946177103
2012-08-21T01:00:00Z,4.471495377146328
2012-08-21T02:00:00Z,4.37100882855847
2012-08-21T03:00:00Z,4.304467353951886
2012-08-21T04:00:00Z,4.398328592998352
2012-08-21T05:00:00Z,4.880766832917708
2012-08-21T06:00:00Z,5.351390609646691
2012-08-21T07:00:00Z,6.216377171215887
2012-08-21T08:00:00Z,6.884687259536104
2012-08-21T09:00:00Z,7.403948457264449
2012-08-21T10:00:00Z,7.8869160055408605
2012-08-21T11:00:00Z,8.321264864146682
2012-08-21T12:00:00Z,8.634452333356307
2012-08-21T13:00:00Z,8.765570328901317
2012-08-21T14:00:00Z,8.688354026496478
2012-08-21T15:00:00Z,8.317397078353252
2012-08-21T16:00:00Z,7.686548846342664
2012-08-21T17:00:00Z,6.649325830767589
2012-08-21T18:00:00Z,6.044783322073164
2012-08-21T19:00:00Z,5.686399128382053
2012-08-21T20:00:00Z,5.3989052196025975
2012-08-21T21:00:00Z,5.238812212463398
2012-08-21T22:00:00Z,5.126672942332093
2012-08-21T23:00:00Z,5.0186305541087375
2012-08-22T00:00:00Z,4.916591435412337
2012-08-22T01:00:00Z,4.822886185122443
2012-08-22T02:00:00Z,4.733938019652308
2012-08-22T03:00:00Z,4.641150098188154
2012-08-22T04:00:00Z,4.701775458879167
2012-08-22T05:00:00Z,5.070228698644002
2012-08-22T06:00:00Z,5.543213700933757
2012-08-22T07:00:00Z,6.4989104493099505
2012-08-22T08:00:00Z,7.699778706663374
2012-08-22T09:00:00Z,8.46465738613326
2012-08-22T10:00:00Z,9.173196631270615
2012-08-22T11:00:00Z,9.705563303889658
2012-08-22T12:00:00Z,9.972135976435013
2012-08-22T13:00:00Z,10.001596933886935
2012-08-22T14:00:00Z,9.77219535028867
2012-08-22T15:00:00Z,9.306092124814278
2012-08-22T16:00:00Z,8.44924114671164
2012-08-22T17:00:00Z,6.919677383714515
2012-08-22T18:00:00Z,5.976145038167944
2012-08-22T19:00:00Z,5.693895177053496
2012-08-22T20:00:00Z,5.505934065934065
2012-08-22T21:00:00Z,5.367902292693383
2012-08-22T22:00:00Z,5.265237494745686
2012-08-22T23:00:00Z,5.18696426353058
2012-08-23T00:00:00Z,5.133606557377053
2012-08-23T01:00:00Z,5.102448164894705
2012-08-23T02:00:00Z,5.0583531882243715
2012-08-23T03:00:00Z,4.990835923181127
2012-08-23T04:00:00Z,4.98964308476737
2012-08-23T05:00:00Z,5.468436217584911
2012-08-23T06:00:00Z,5.9676036207717935
2012-08-23T07:00:00Z,6.9763297131718245
2012-08-23T08:00:00Z,8.072436682348394
2012-08-23T09:00:00Z,8.914033589524609
2012-08-23T10:00:00Z,9.586713607837153
2012-08-23T11:00:00Z,10.104872539528868
2012-08-23T12:00:00Z,10.407976734524281
2012-08-23T13:00:00Z,10.384679157685282
2012-08-23T14:00:00Z,10.019196928491432
2012-08-23T15:00:00Z,9.326880119136257
2012-08-23T16:00:00Z,8.22725779967158
2012-08-23T17:00:00Z,6.906324088879086
2012-08-23T18:00:00Z,6.071740184197771
2012-08-23T19:00:00Z,5.775277790585083
2012-08-23T20:00:00Z,5.6032207559829965
2012-08-23T21:00:00Z,5.489525812954688
2012-08-23T22:00:00Z,5.391469031119527
2012-08-23T23:00:00Z,5.305379076662428
2012-08-24T00:00:00Z,5.243197990791129
2012-08-24T01:00:00Z,5.186105245725164
2012-08-24T02:00:00Z,5.120176586003924
2012-08-24T03:00:00Z,5.031936689029038
2012-08-24T04:00:00Z,5.069407908049698
2012-08-24T05:00:00Z,5.579510022271718
2012-08-24T06:00:00Z,6.134783034577332
2012-08-24T07:00:00Z,7.184399197017492
2012-08-24T08:00:00Z,8.745985197598099
2012-08-24T09:00:00Z,9.946006034619664
2012-08-24T10:00:00Z,10.882710686359696
2012-08-24T11:00:00Z,11.694519652693478
2012-08-24T12:00:00Z,12.215720694363151
2012-08-24T13:00:00Z,12.333595903899164
2012-08-24T14:00:00Z,11.893277630079776
2012-08-24T15:00:00Z,10.866660883143934
2012-08-24T16:00:00Z,9.250424636289788
2012-08-24T17:00:00Z,7.692685623042429
2012-08-24T18:00:00Z,6.838456079052244
2012-08-24T19:00:00Z,6.54065061876664
2012-08-24T20:00:00Z,6.337144591723154
2012-08-24T21:00:00Z,6.197308529586387
2012-08-24T22:00:00Z,6.080582524271837
2012-08-24T23:00:00Z,5.875234521575987
2012-08-25T00:00:00Z,5.66736041987151
2012-08-25T01:00:00Z,5.52195380003526
2012-08-25T02:00:00Z,5.408929959409272
2012-08-25T03:00:00Z,5.3062780648987555
2012-08-25T04:00:00Z,5.320477424287472
2012-08-25T05:00:00Z,5.7699571606246245
2012-08-25T06:00:00Z,6.241466939060237
2012-08-25T07:00:00Z,7.222510522977562
2012-08-25T08:00:00Z,9.099229986924293
2012-08-25T09:00:00Z,10.360628618693156
2012-08-25T10:00:00Z,11.350126857557084
2012-08-25T11:00:00Z,12.18838182348936
2012-08-25T12:00:00Z,12.754302005905677
2012-08-25T13:00:00Z,12.736146415861745
2012-08-25T14:00:00Z,11.774769693551445
2012-08-25T15:00:00Z,10.279852277390232
2012-08-25T16:00:00Z,8.737444196428562
2012-08-25T17:00:00Z,7.617368036973964
2012-08-25T18:00:00Z,6.946539485359367
2012-08-25T19:00:00Z,6.634885322315793
2012-08-25T20:00:00Z,6.445404960378709
2012-08-25T21:00:00Z,6.327221296155975
2012-08-25T22:00:00Z,6.237737164483835
2012-08-25T23:00:00Z,6.136285700289028
2012-08-26T00:00:00Z,6.056767080895512
2012-08-26T01:00:00Z,5.980710466004578
2012-08-26T02:00:00Z,5.920499125584917
2012-08-26T03:00:00Z,5.840171577769494
2012-08-26T04:00:00Z,5.868078328492456
2012-08-26T05:00:00Z,6.446400082342653
2012-08-26T06:00:00Z,7.0012855625733525
2012-08-26T07:00:00Z,8.135879449207577
2012-08-26T08:00:00Z,9.63093956635401
2012-08-26T09:00:00Z,11.556416643601809
2012-08-26T10:00:00Z,13.489123411587332
2012-08-26T11:00:00Z,14.908355153534895
2012-08-26T12:00:00Z,15.52360887346632
2012-08-26T13:00:00Z,15.32982499082121
2012-08-26T14:00:00Z,14.321975760347618
2012-08-26T15:00:00Z,12.537283555199696
2012-08-26T16:00:00Z,10.465368869579752
2012-08-26T17:00:00Z,8.805004920567974
2012-08-26T18:00:00Z,7.999744539532498
2012-08-26T19:00:00Z,7.721136657831467
2012-08-26T20:00:00Z,7.493867783428069
2012-08-26T21:00:00Z,7.30421598927051
2012-08-26T22:00:00Z,7.0932668894048385
2012-08-26T23:00:00Z,6.891505281690145
2012-08-27T00:00:00Z,6.735494972307368
2012-08-27T01:00:00Z,6.605494911142744
2012-08-27T02:00:00Z,6.496214085675765
2012-08-27T03:00:00Z,6.3839763518679025
2012-08-27T04:00:00Z,6.364190631033426
2012-08-27T05:00:00Z,6.572912840426084
2012-08-27T06:00:00Z,6.868077640092115
2012-08-27T07:00:00Z,7.554429769012717
2012-08-27T08:00:00Z,8.738663317985207
2012-08-27T09:00:00Z,10.370922338135474
2012-08-27T10:00:00Z,11.705448088963623
2012-08-27T11:00:00Z,13.267662323906402
2012-08-27T12:00:00Z,14.359738622033682
2012-08-27T13:00:00Z,14.640018700327284
2012-08-27T14:00:00Z,13.041124414367491
2012-08-27T15:00:00Z,10.890279951312806
2012-08-27T16:00:00Z,9.46501435695936
2012-08-27T17:00:00Z,8.515874634577466
2012-08-27T18:00:00Z,7.854276398294466
2012-08-27T19:00:00Z,7.510492864851901
2012-08-27T20:00:00Z,7.222510522977562
2012-08-27T21:00:00Z,6.963531243050922
2012-08-27T22:00:00Z,6.73115159331507
2012-08-27T23:00:00Z,6.508027225022076
2012-08-28T00:00:00Z,6.316054860830982
2012-08-28T01:00:00Z,6.198841985450588
2012-08-28T02:00:00Z,6.051792443714374
2012-08-28T03:00:00Z,5.87633702383187
2012-08-28T04:00:00Z,5.8138779299141286
2012-08-28T05:00:00Z,6.058524788391773
2012-08-28T06:00:00Z,6.337465216291428
2012-08-28T07:00:00Z,6.7373063683304695
2012-08-28T08:00:00Z,7.317016180851673
2012-08-28T09:00:00Z,8.46522943839966
2012-08-28T10:00:00Z,9.400375234521583
2012-08-28T11:00:00Z,9.910594192578518
2012-08-28T12:00:00Z,10.015191492764048
2012-08-28T13:00:00Z,9.462154403988517
2012-08-28T14:00:00Z,8.927375097997288
2012-08-28T15:00:00Z,8.547253497099982
2012-08-28T16:00:00Z,7.948473887937044
2012-08-28T17:00:00Z,7.208378891638368
2012-08-28T18:00:00Z,6.599926234258922
2012-08-28T19:00:00Z,6.2957378367511
2012-08-28T20:00:00Z,6.034590740473091
2012-08-28T21:00:00Z,5.825233688322563
2012-08-28T22:00:00Z,5.654057957930848
2012-08-28T23:00:00Z,5.516603540914291
2012-08-29T00:00:00Z,5.402631011429802
2012-08-29T01:00:00Z,5.329078919378857
2012-08-29T02:00:00Z,5.329305650102105
2012-08-29T03:00:00Z,5.3320279243997915
2012-08-29T04:00:00Z,5.331347095126621
2012-08-29T05:00:00Z,5.6676168499162936
2012-08-29T06:00:00Z,6.255181023720356
2012-08-29T07:00:00Z,7.149543378995441
2012-08-29T08:00:00Z,7.856739634949515
2012-08-29T09:00:00Z,8.446392447741074
2012-08-29T10:00:00Z,8.958661135745977
2012-08-29T11:00:00Z,9.322021284512903
2012-08-29T12:00:00Z,9.477188469395486
2012-08-29T13:00:00Z,9.655438217837036
2012-08-29T14:00:00Z,9.485800833017807
2012-08-29T15:00:00Z,9.059742514103847
2012-08-29T16:00:00Z,8.556595395860366
2012-08-29T17:00:00Z,7.554885404101333
2012-08-29T18:00:00Z,6.85830048182216
2012-08-29T19:00:00Z,6.596797977670107
2012-08-29T20:00:00Z,6.430184804928125
2012-08-29T21:00:00Z,6.2733510291981815
2012-08-29T22:00:00Z,6.120095763912644
2012-08-29T23:00:00Z,5.959086584205523
2012-08-30T00:00:00Z,5.837177874085464
2012-08-30T01:00:00Z,5.731936118610714
2012-08-30T02:00:00Z,5.635995500562424
2012-08-30T03:00:00Z,5.559451422484575
2012-08-30T04:00:00Z,5.557478148986204
2012-08-30T05:00:00Z,6.128180039138943
2012-08-30T06:00:00Z,6.688023920123877
2012-08-30T07:00:00Z,7.894869532333298
2012-08-30T08:00:00Z,9.694296107112457
2012-08-30T09:00:00Z,11.351155414589915
2012-08-30T10:00:00Z,12.96418960877668
2012-08-30T11:00:00Z,14.415928185061535
2012-08-30T12:00:00Z,15.517839444995039
2012-08-30T13:00:00Z,15.932332739760827
2012-08-30T14:00:00Z,15.339211364193
2012-08-30T15:00:00Z,14.214707217430757
2012-08-30T16:00:00Z,11.75708654026657
2012-08-30T17:00:00Z,9.225896737128968
2012-08-30T18:00:00Z,8.341213291602852
2012-08-30T19:00:00Z,8.11847819042065
2012-08-30T20:00:00Z,7.776260243357336
2012-08-30T21:00:00Z,7.4880439980870355
2012-08-30T22:00:00Z,7.200505863416871
2012-08-30T23:00:00Z,7.0071604385768715
2012-08-31T00:00:00Z,6.8463052033231335
2012-08-31T01:00:00Z,6.693026983702921
2012-08-31T02:00:00Z,6.532804839887355
2012-08-31T03:00:00Z,6.370340232924779
2012-08-31T04:00:00Z,6.31096332124143
2012-08-31T05:00:00Z,6.604450068543707
2012-08-31T06:00:00Z,7.210453603499879
2012-08-31T07:00:00Z,8.163983575571912
2012-08-31T08:00:00Z,9.00697490472425
2012-08-31T09:00:00Z,9.301254919432697
2012-08-31T10:00:00Z,9.00373778033354
2012-08-31T11:00:00Z,8.471527120248883
2012-08-31T12:00:00Z,7.959585689775675
2012-08-31T13:00:00Z,7.523123123123133
2012-08-31T14:00:00Z,7.112600079495773
2012-08-31T15:00:00Z,6.679820819112624
2012-08-31T16:00:00Z,6.312553545330841
2012-08-31T17:00:00Z,6.013153473188992
2012-08-31T18:00:00Z,5.786215816703614
2012-08-31T19:00:00Z,5.664285068282542
2012-08-31T20:00:00Z,5.557231588287483
2012-08-31T21:00:00Z,5.44537668999696
2012-08-31T22:00:00Z,5.324774698180581
2012-08-31T23:00:00Z,5.225044842114042
2012-09-01T00:00:00Z,5.09663506530496
2012-09-01T01:00:00Z,4.944148411288735
2012-09-01T02:00:00Z,4.821215503637274
2012-09-01T03:00:00Z,4.712743143082883
2012-09-01T04:00:00Z,4.654602207275834
2012-09-01T05:00:00Z,4.813434269684505
2012-09-01T06:00:00Z,5.19902046237496
2012-09-01T07:00:00Z,5.5365983026874055
2012-09-01T08:00:00Z,5.799611075099542
2012-09-01T09:00:00Z,6.038081465413351
2012-09-01T10:00:00Z,6.230910809331937
2012-09-01T11:00:00Z,6.346777462505069
2012-09-01T12:00:00Z,6.340673247279171
2012-09-01T13:00:00Z,3.1330665332666316
2012-09-01T14:00:00Z,6.1114363778298255
2012-09-01T15:00:00Z,5.91714299211111
2012-09-01T16:00:00Z,5.691049522944118
2012-09-01T17:00:00Z,5.234652513686328
2012-09-01T18:00:00Z,4.859182248428889
2012-09-01T19:00:00Z,4.744517253134349
2012-09-01T20:00:00Z,4.654083376681283
2012-09-01T21:00:00Z,4.57303493848344
2012-09-01T22:00:00Z,4.4949223095417485
2012-09-01T23:00:00Z,4.424116130399464
2012-09-02T00:00:00Z,4.368112707490586
2012-09-02T01:00:00Z,4.334406034810892
2012-09-02T02:00:00Z,4.319608248844749
2012-09-02T03:00:00Z,4.3419182640646135
2012-09-02T04:00:00Z,4.37513098148795
2012-09-02T05:00:00Z,4.54136755855268
2012-09-02T06:00:00Z,4.759118541033436
2012-09-02T07:00:00Z,5.061828174250388
2012-09-02T08:00:00Z,5.34522488691644
2012-09-02T09:00:00Z,5.461759832563001
2012-09-02T10:00:00Z,5.500856352378021
2012-09-02T11:00:00Z,5.605728350861483
2012-09-02T12:00:00Z,5.839082603020698
2012-09-02T13:00:00Z,6.038372541457762
2012-09-02T14:00:00Z,6.038663645567181
2012-09-02T15:00:00Z,6.027331344432687
2012-09-02T16:00:00Z,5.92301872517495
2012-09-02T17:00:00Z,5.542968404283561
2012-09-02T18:00:00Z,5.271219963809288
2012-09-02T19:00:00Z,5.171118358584813
2012-09-02T20:00:00Z,5.073514520636716
2012-09-02T21:00:00Z,4.998204381309608
2012-09-02T22:00:00Z,4.9525541673256415
2012-09-02T23:00:00Z,4.929167322524796
2012-09-03T00:00:00Z,4.881147221572757
2012-09-03T01:00:00Z,4.759118541033436
2012-09-03T02:00:00Z,4.682966950800061
2012-09-03T03:00:00Z,4.645625486778173
2012-09-03T04:00:00Z,4.628630552065625
2012-09-03T05:00:00Z,4.802545817038571
2012-09-03T06:00:00Z,5.04206416294328
2012-09-03T07:00:00Z,5.558217962371316
2012-09-03T08:00:00Z,6.042159085427621
2012-09-03T09:00:00Z,6.353215662406164
2012-09-03T10:00:00Z,6.539284782041252
2012-09-03T11:00:00Z,6.78915989159892
2012-09-03T12:00:00Z,7.1528095020557325
2012-09-03T13:00:00Z,7.39389646419929
2012-09-03T14:00:00Z,7.428978115177039
2012-09-03T15:00:00Z,7.199678123922279
2012-09-03T16:00:00Z,6.784379569950704
2012-09-03T17:00:00Z,5.87000328037865
2012-09-03T18:00:00Z,5.409630749298214
2012-09-03T19:00:00Z,5.264131119983186
2012-09-03T20:00:00Z,5.221995247425683
2012-09-03T21:00:00Z,5.231810208002671
2012-09-03T22:00:00Z,5.194492825744386
2012-09-03T23:00:00Z,5.169197755034671
2012-09-04T00:00:00Z,5.105984020870703
2012-09-04T01:00:00Z,4.977548181998803
2012-09-04T02:00:00Z,4.889530798657195
2012-09-04T03:00:00Z,4.757853154556159
2012-09-04T04:00:00Z,4.630341564394495
2012-09-04T05:00:00Z,4.686120463898238
2012-09-04T06:00:00Z,4.92084069927323
2012-09-04T07:00:00Z,5.328398842947085
2012-09-04T08:00:00Z,5.799342562155657
2012-09-04T09:00:00Z,6.139895103181213
2012-09-04T10:00:00Z,6.356439663046782
2012-09-04T11:00:00Z,6.459364686468648
2012-09-04T12:00:00Z,6.371960524977103
2012-09-04T13:00:00Z,6.163460119076914
2012-09-04T14:00:00Z,5.976145038167944
2012-09-04T15:00:00Z,5.741657499083248
2012-09-04T16:00:00Z,5.458903512594781
2012-09-04T17:00:00Z,5.150493421052633
2012-09-04T18:00:00Z,4.929943324937025
2012-09-04T19:00:00Z,4.789141655515203
2012-09-04T20:00:00Z,4.653564661737939
2012-09-04T21:00:00Z,4.542685138173639
2012-09-04T22:00:00Z,4.461938517436686
2012-09-04T23:00:00Z,4.426617662649747
2012-09-05T00:00:00Z,4.360813257206519
2012-09-05T01:00:00Z,4.255911932590375
2012-09-05T02:00:00Z,4.1591127934389185
2012-09-05T03:00:00Z,4.077341232381758
2012-09-05T04:00:00Z,4.044689851141465
2012-09-05T05:00:00Z,4.1604942372205835
2012-09-05T06:00:00Z,4.440741659871664
2012-09-05T07:00:00Z,4.9254846447249445
2012-09-05T08:00:00Z,5.337480824953123
2012-09-05T09:00:00Z,5.659934029189831
2012-09-05T10:00:00Z,5.93087121212121
2012-09-05T11:00:00Z,6.132380299618137
2012-09-05T12:00:00Z,6.222862536638674
2012-09-05T13:00:00Z,6.23587394832479
2012-09-05T14:00:00Z,6.182320714673503
2012-09-05T15:00:00Z,6.013730856018049
2012-09-05T16:00:00Z,5.725909672700682
2012-09-05T17:00:00Z,5.14837648993013
2012-09-05T18:00:00Z,4.904847677970081
2012-09-05T19:00:00Z,4.831070657204567
2012-09-05T20:00:00Z,4.775083867032637
2012-09-05T21:00:00Z,4.715759355470218
2012-09-05T22:00:00Z,4.695782567947514
2012-09-05T23:00:00Z,4.675450711059685
2012-09-06T00:00:00Z,4.578885802017839
2012-09-06T01:00:00Z,4.466234044070457
2012-09-06T02:00:00Z,4.377883405564095
2012-09-06T03:00:00Z,4.324081745374203
2012-09-06T04:00:00Z,4.270130224313083
2012-09-06T05:00:00Z,4.426774102346623
2012-09-06T06:00:00Z,4.657371258598255
2012-09-06T07:00:00Z,5.049177684617867
2012-09-06T08:00:00Z,5.484718451703296
2012-09-06T09:00:00Z,5.713894717635245
2012-09-06T10:00:00Z,5.840171577769494
2012-09-06T11:00:00Z,5.929186784057566
2012-09-06T12:00:00Z,5.8713790194056426
2012-09-06T13:00:00Z,5.70218964810853
2012-09-06T14:00:00Z,5.518547889681915
2012-09-06T15:00:00Z,5.301561772548353
2012-09-06T16:00:00Z,5.087320282674028
2012-09-06T17:00:00Z,4.8695719783851
2012-09-06T18:00:00Z,4.751536302253239
2012-09-06T19:00:00Z,4.68331713153369
2012-09-06T20:00:00Z,4.628459520378378
2012-09-06T21:00:00Z,4.584248279900452
2012-09-06T22:00:00Z,4.549449751207639
2012-09-06T23:00:00Z,4.4976660682226175
2012-09-07T00:00:00Z,4.4410565502570485
2012-09-07T01:00:00Z,4.394470951445408
2012-09-07T02:00:00Z,4.351874370288015
2012-09-07T03:00:00Z,4.342821481815342
2012-09-07T04:00:00Z,4.336807118374133
2012-09-07T05:00:00Z,4.481894947760129
2012-09-07T06:00:00Z,4.731255901794141
2012-09-07T07:00:00Z,5.064079239943397
2012-09-07T08:00:00Z,5.319799541323368
2012-09-07T09:00:00Z,5.497235144386903
2012-09-07T10:00:00Z,5.652782165260167
2012-09-07T11:00:00Z,5.706865916442659
2012-09-07T12:00:00Z,5.718068109193826
2012-09-07T13:00:00Z,5.765973117289636
2012-09-07T14:00:00Z,5.715459025369594
2012-09-07T15:00:00Z,5.5567385325170715
2012-09-07T16:00:00Z,5.356196014709649
2012-09-07T17:00:00Z,4.9036955840902
2012-09-07T18:00:00Z,4.6792932122978055
2012-09-07T19:00:00Z,4.603962215606279
2012-09-07T20:00:00Z,4.549449751207639
2012-09-07T21:00:00Z,4.527742635098496
2012-09-07T22:00:00Z,4.511435260219703
2012-09-07T23:00:00Z,4.518107055258983
2012-09-08T00:00:00Z,4.573201898503105
2012-09-08T01:00:00Z,4.574538017675844
2012-09-08T02:00:00Z,4.534955287643463
2012-09-08T03:00:00Z,4.54878890220431
2012-09-08T04:00:00Z,4.592820738459277
2012-09-08T05:00:00Z,4.744876699874995
2012-09-08T06:00:00Z,4.9486409608091
2012-09-08T07:00:00Z,5.100578222982329
2012-09-08T08:00:00Z,5.306727673275719
2012-09-08T09:00:00Z,5.520736920974916
2012-09-08T10:00:00Z,5.537332567083688
2012-09-08T11:00:00Z,5.4049622437971925
2012-09-08T12:00:00Z,5.3840532989469185
2012-09-08T13:00:00Z,5.374351053331613
2012-09-08T14:00:00Z,5.29081309398099
2012-09-08T15:00:00Z,5.183315401804188
2012-09-08T16:00:00Z,5.0844292904692265
2012-09-08T17:00:00Z,4.950988142292488
2012-09-08T18:00:00Z,4.80807615538154
2012-09-08T19:00:00Z,4.771627747514384
2012-09-08T20:00:00Z,4.78237629810629
2012-09-08T21:00:00Z,4.805309395020522
2012-09-08T22:00:00Z,4.801809399677985
2012-09-08T23:00:00Z,4.808260719358184
2012-09-09T00:00:00Z,4.828649628002009
2012-09-09T01:00:00Z,4.840217937323695
2012-09-09T02:00:00Z,4.839469922342854
2012-09-09T03:00:00Z,4.833680635949682
2012-09-09T04:00:00Z,4.822143517092701
2012-09-09T05:00:00Z,4.799785415948197
2012-09-09T06:00:00Z,4.778180431050929
2012-09-09T07:00:00Z,4.778180431050929
2012-09-09T08:00:00Z,4.829766724503566
2012-09-09T09:00:00Z,4.916205502570747
2012-09-09T10:00:00Z,5.0408467141534885
2012-09-09T11:00:00Z,5.162167731300229
2012-09-09T12:00:00Z,5.25948941887807
2012-09-09T13:00:00Z,5.3297591694323865
2012-09-09T14:00:00Z,5.370664151266994
2012-09-09T15:00:00Z,5.340211459754429
2012-09-09T16:00:00Z,5.254635455994626
2012-09-09T17:00:00Z,5.112861749459157
2012-09-09T18:00:00Z,4.99202933205803
2012-09-09T19:00:00Z,4.876396620858798
2012-09-09T20:00:00Z,4.792439836247465
2012-09-09T21:00:00Z,4.700363991144132
2012-09-09T22:00:00Z,4.61958325650009
2012-09-09T23:00:00Z,4.532165858600481
2012-09-10T00:00:00Z,4.455431457636768
2012-09-10T01:00:00Z,4.384319215960799
2012-09-10T02:00:00Z,4.308020360434719
2012-09-10T03:00:00Z,4.229042168878081
2012-09-10T04:00:00Z,4.160079707738291
2012-09-10T05:00:00Z,4.229899030831054
2012-09-10T06:00:00Z,4.453213879408421
2012-09-10T07:00:00Z,4.910038806789223
2012-09-10T08:00:00Z,5.4406463102115215
2012-09-10T09:00:00Z,5.863408697280344
2012-09-10T10:00:00Z,6.207135777998015
2012-09-10T11:00:00Z,6.455370026798599
2012-09-10T12:00:00Z,6.62646140824207
2012-09-10T13:00:00Z,6.663474837748695
2012-09-10T14:00:00Z,6.494193280796346
2012-09-10T15:00:00Z,6.158611534490388
2012-09-10T16:00:00Z,5.659422581665391
2012-09-10T17:00:00Z,5.29752590399662
2012-09-10T18:00:00Z,5.141825048232833
2012-09-10T19:00:00Z,4.953141682154299
2012-09-10T20:00:00Z,4.876396620858798
2012-09-10T21:00:00Z,4.863143999689403
2012-09-10T22:00:00Z,4.809368400844688
2012-09-10T23:00:00Z,4.776540573520441
2012-09-11T00:00:00Z,4.740387526491072
2012-09-11T01:00:00Z,4.717535402229583
2012-09-11T02:00:00Z,4.648901425178144
2012-09-11T03:00:00Z,4.600411341266342
2012-09-11T04:00:00Z,4.607688063270185
2012-09-11T05:00:00Z,4.676498039947727
2012-09-11T06:00:00Z,4.847148053556229
2012-09-11T07:00:00Z,5.211566465571036
2012-09-11T08:00:00Z,5.65610042445588
2012-09-11T09:00:00Z,5.995596400536091
2012-09-11T10:00:00Z,6.236184407049682
2012-09-11T11:00:00Z,6.424248640886248
2012-09-11T12:00:00Z,6.539626187741464
2012-09-11T13:00:00Z,6.566366114489403
2012-09-11T14:00:00Z,6.523618561533246
2012-09-11T15:00:00Z,6.331378892033969
2012-09-11T16:00:00Z,5.915745725890249
2012-09-11T17:00:00Z,5.314157227101092
2012-09-11T18:00:00Z,5.0612145945290665
2012-09-11T19:00:00Z,4.934604475260003
2012-09-11T20:00:00Z,4.811585295586368
2012-09-11T21:00:00Z,4.7130977913233245
2012-09-11T22:00:00Z,4.676498039947727
2012-09-11T23:00:00Z,4.723940262483025
2012-09-12T00:00:00Z,4.743618874498218
2012-09-12T01:00:00Z,4.767813641900123
2012-09-12T02:00:00Z,4.735727788279775
2012-09-12T03:00:00Z,4.712388548211125
2012-09-12T04:00:00Z,4.760384600767683
2012-09-12T05:00:00Z,4.9113864491844375
2012-09-12T06:00:00Z,5.147107166337933
2012-09-12T07:00:00Z,5.495546878427586
2012-09-12T08:00:00Z,5.934242941064998
2012-09-12T09:00:00Z,5.969594433589094
2012-09-12T10:00:00Z,5.8398992960044716
2012-09-12T11:00:00Z,5.87165424459758
2012-09-12T12:00:00Z,5.8587464920486445
2012-09-12T13:00:00Z,5.752468427095298
2012-09-12T14:00:00Z,5.6084892988269
2012-09-12T15:00:00Z,5.472019571010436
2012-09-12T16:00:00Z,5.247151474530828
2012-09-12T17:00:00Z,4.819545979222776
2012-09-12T18:00:00Z,4.70371761171611
2012-09-12T19:00:00Z,4.72091357931632
2012-09-12T20:00:00Z,4.628117494919638
2012-09-12T21:00:00Z,4.531018267317782
2012-09-12T22:00:00Z,4.432413305024771
2012-09-12T23:00:00Z,4.359143901165823
2012-09-13T00:00:00Z,4.26141389399197
2012-09-13T01:00:00Z,4.205613752350256
2012-09-13T02:00:00Z,4.124329129761946
2012-09-13T03:00:00Z,4.063584752635848
2012-09-13T04:00:00Z,4.040514822102516
2012-09-13T05:00:00Z,4.255622749201599
2012-09-13T06:00:00Z,4.648556372003261
2012-09-13T07:00:00Z,4.981705377028315
2012-09-13T08:00:00Z,5.220689367732256
2012-09-13T09:00:00Z,5.432387891404286
2012-09-13T10:00:00Z,5.603722095468167
2012-09-13T11:00:00Z,5.716502373128884
2012-09-13T12:00:00Z,5.772616249596752
2012-09-13T13:00:00Z,5.763585331063358
2012-09-13T14:00:00Z,5.6497226106174745
2012-09-13T15:00:00Z,5.460331299040977
2012-09-13T16:00:00Z,5.105984020870703
2012-09-13T17:00:00Z,4.633424576459275
2012-09-13T18:00:00Z,4.5300350801056
2012-09-13T19:00:00Z,4.369636503174493
2012-09-13T20:00:00Z,4.285909806336823
2012-09-13T21:00:00Z,4.308909528723771
2012-09-13T22:00:00Z,4.338459407037958
2012-09-13T23:00:00Z,4.316036110536835
2012-09-14T00:00:00Z,4.254032942774665
2012-09-14T01:00:00Z,4.20886394946406
2012-09-14T02:00:00Z,4.162153181591623
2012-09-14T03:00:00Z,4.152219312493788
2012-09-14T04:00:00Z,4.143977238892384
2012-09-14T05:00:00Z,4.180907877169562
2012-09-14T06:00:00Z,4.389543033361368
2012-09-14T07:00:00Z,4.7368022991983025
2012-09-14T08:00:00Z,5.285232067510551
2012-09-14T09:00:00Z,5.759874925277045
2012-09-14T10:00:00Z,6.149842890809113
2012-09-14T11:00:00Z,6.245512564818513
2012-09-14T12:00:00Z,6.030523325790761
2012-09-14T13:00:00Z,5.828215149823184
2012-09-14T14:00:00Z,5.849990659443309
2012-09-14T15:00:00Z,5.7574921860636215
2012-09-14T16:00:00Z,5.489525812954688
2012-09-14T17:00:00Z,5.196863460979959
2012-09-14T18:00:00Z,5.0408467141534885
2012-09-14T19:00:00Z,4.944538743930836
2012-09-14T20:00:00Z,4.783654764177964
2012-09-14T21:00:00Z,4.626579005688112
2012-09-14T22:00:00Z,4.5283973825964345
2012-09-14T23:00:00Z,4.473251910577814
2012-09-15T00:00:00Z,4.437280810514013
2012-09-15T01:00:00Z,4.449891648015915
2012-09-15T02:00:00Z,4.441843971631207
2012-09-15T03:00:00Z,4.430375269691928
2012-09-15T04:00:00Z,4.402347731346435
2012-09-15T05:00:00Z,4.439167877520646
2012-09-15T06:00:00Z,4.613967879770144
2012-09-15T07:00:00Z,4.819175130809476
2012-09-15T08:00:00Z,4.96236431344584
2012-09-15T09:00:00Z,5.099955213549941
2012-09-15T10:00:00Z,5.15791640930615
2012-09-15T11:00:00Z,5.198157446985106
2012-09-15T12:00:00Z,5.199452077539328
2012-09-15T13:00:00Z,5.137185744166021
2012-09-15T14:00:00Z,5.056311306664508
2012-09-15T15:00:00Z,5.007595746382024
2012-09-15T16:00:00Z,4.886860174781522
2012-09-15T17:00:00Z,4.669524697110906
2012-09-15T18:00:00Z,4.6361684802724055
2012-09-15T19:00:00Z,4.588782650108066
2012-09-15T20:00:00Z,4.491859714552101
2012-09-15T21:00:00Z,4.389543033361368
2012-09-15T22:00:00Z,4.396013195760506
2012-09-15T23:00:00Z,4.390620070805146
2012-09-16T00:00:00Z,4.3653725517529764
2012-09-16T01:00:00Z,4.344478357380689
2012-09-16T02:00:00Z,4.2936962259623614
2012-09-16T03:00:00Z,4.213677801325398
2012-09-16T04:00:00Z,4.155801068312263
2012-09-16T05:00:00Z,4.204061084074507
2012-09-16T06:00:00Z,4.356718027199057
2012-09-16T07:00:00Z,4.46496043344978
2012-09-16T08:00:00Z,4.549614993462156
2012-09-16T09:00:00Z,4.683492241540474
2012-09-16T10:00:00Z,4.6644820138526875
2012-09-16T11:00:00Z,4.617709946177103
2012-09-16T12:00:00Z,4.651663695781343
2012-09-16T13:00:00Z,4.6796428438002025
2012-09-16T14:00:00Z,4.655467182041179
2012-09-16T15:00:00Z,4.586598315635298
2012-09-16T16:00:00Z,4.476609127622316
2012-09-16T17:00:00Z,4.386315089120003
2012-09-16T18:00:00Z,4.3381588972778236
2012-09-16T19:00:00Z,4.283125320567618
2012-09-16T20:00:00Z,4.251722616340245
2012-09-16T21:00:00Z,4.2432249322493245
2012-09-16T22:00:00Z,4.229184955094875
2012-09-16T23:00:00Z,4.20222758990875
2012-09-17T00:00:00Z,4.163398258326129
2012-09-17T01:00:00Z,4.091191168305187
2012-09-17T02:00:00Z,4.032190568163528
2012-09-17T03:00:00Z,3.9922233554309052
2012-09-17T04:00:00Z,3.9709611970580796
2012-09-17T05:00:00Z,4.038821177532726
2012-09-17T06:00:00Z,4.275814985492402
2012-09-17T07:00:00Z,4.5802252449904906
2012-09-17T08:00:00Z,4.793723689246078
2012-09-17T09:00:00Z,4.919874312647293
2012-09-17T10:00:00Z,4.985075814860506
2012-09-17T11:00:00Z,5.0186305541087375
2012-09-17T12:00:00Z,5.01662060955585
2012-09-17T13:00:00Z,4.974780571110851
2012-09-17T14:00:00Z,4.8922043430713975
2012-09-17T15:00:00Z,4.755504935459381
2012-09-17T16:00:00Z,4.565700747220703
2012-09-17T17:00:00Z,4.312172955108785
2012-09-17T18:00:00Z,4.170190098878053
2012-09-17T19:00:00Z,4.115656316740594
2012-09-17T20:00:00Z,4.079598749348618
2012-09-17T21:00:00Z,4.055690464626842
2012-09-17T22:00:00Z,4.007165936210369
2012-09-17T23:00:00Z,3.956536845762659
2012-09-18T00:00:00Z,3.915476227689039
2012-09-18T01:00:00Z,3.89841586007283
2012-09-18T02:00:00Z,3.8787390846596908
2012-09-18T03:00:00Z,3.862830357418198
2012-09-18T04:00:00Z,3.8545096470443405
2012-09-18T05:00:00Z,3.9570368030326994
2012-09-18T06:00:00Z,4.2683841068629444
2012-09-18T07:00:00Z,4.502678025809695
2012-09-18T08:00:00Z,4.72821983995168
2012-09-18T09:00:00Z,4.9480545131345055
2012-09-18T10:00:00Z,5.145627079653284
2012-09-18T11:00:00Z,5.2870167145027835
2012-09-18T12:00:00Z,5.325001062789604
2012-09-18T13:00:00Z,5.281666385562487
2012-09-18T14:00:00Z,5.189758037785874
2012-09-18T15:00:00Z,5.003794990612388
2012-09-18T16:00:00Z,4.707606734816595
2012-09-18T17:00:00Z,4.364612007387015
2012-09-18T18:00:00Z,4.176168567046738
2012-09-18T19:00:00Z,4.060160124469223
2012-09-18T20:00:00Z,3.9974469443114753
2012-09-18T21:00:00Z,3.9435821553379746
2012-09-18T22:00:00Z,3.8990225985183367
2012-09-18T23:00:00Z,3.8757387295398966
2012-09-19T00:00:00Z,3.8545096470443405
2012-09-19T01:00:00Z,3.829292898413376
2012-09-19T02:00:00Z,3.835272504592771
2012-09-19T03:00:00Z,3.854153846153846
2012-09-19T04:00:00Z,3.839740052725153
2012-09-19T05:00:00Z,3.958037096723229
2012-09-19T06:00:00Z,4.331707991838715
2012-09-19T07:00:00Z,4.634967622571696
2012-09-19T08:00:00Z,4.834426862215356
2012-09-19T09:00:00Z,4.878675754625119
2012-09-19T10:00:00Z,4.815840061514804
2012-09-19T11:00:00Z,4.803650866697342
2012-09-19T12:00:00Z,4.919681080868777
2012-09-19T13:00:00Z,5.0993323562937585
2012-09-19T14:00:00Z,5.213084734476439
2012-09-19T15:00:00Z,5.150069895567798
2012-09-19T16:00:00Z,4.949814273294874
2012-09-19T17:00:00Z,4.781646052832488
2012-09-19T18:00:00Z,4.735906839578053
2012-09-19T19:00:00Z,4.717357737355478
2012-09-19T20:00:00Z,4.69719128510894
2012-09-19T21:00:00Z,4.655986321228112
2012-09-19T22:00:00Z,4.629314805233204
2012-09-19T23:00:00Z,4.616518630450009
2012-09-20T00:00:00Z,4.6010872759330015
2012-09-20T01:00:00Z,4.566200058326039
2012-09-20T02:00:00Z,4.5375837710559646
2012-09-20T03:00:00Z,4.498473693661335
2012-09-20T04:00:00Z,4.518759018759014
2012-09-20T05:00:00Z,4.5418615613328965
2012-09-20T06:00:00Z,4.66935062998583
2012-09-20T07:00:00Z,4.900434255310829
2012-09-20T08:00:00Z,5.213952713952714
2012-09-20T09:00:00Z,5.529510440118301
2012-09-20T10:00:00Z,5.823879486702627
2012-09-20T11:00:00Z,6.069974801318077
2012-09-20T12:00:00Z,6.207443381733493
2012-09-20T13:00:00Z,6.228741919443059
2012-09-20T14:00:00Z,6.123087451728017
2012-09-20T15:00:00Z,5.894865640736028
2012-09-20T16:00:00Z,5.372276548293023
2012-09-20T17:00:00Z,5.060601163542338
2012-09-20T18:00:00Z,5.0561072091709045
2012-09-20T19:00:00Z,4.895837404729337
2012-09-20T20:00:00Z,4.62623725808834
2012-09-20T21:00:00Z,4.430061892130861
2012-09-20T22:00:00Z,4.275377158850433
2012-09-20T23:00:00Z,4.171995736743938
2012-09-21T00:00:00Z,4.102849656075994
2012-09-21T01:00:00Z,4.046649867545389
2012-09-21T02:00:00Z,3.9973193770742896
2012-09-21T03:00:00Z,3.9509210194297237
2012-09-21T04:00:00Z,3.9040049867539373
2012-09-21T05:00:00Z,3.9631715497057525
2012-09-21T06:00:00Z,4.390620070805146
2012-09-21T07:00:00Z,4.714339480617238
2012-09-21T08:00:00Z,5.255737842487314
2012-09-21T09:00:00Z,6.069974801318077
2012-09-21T10:00:00Z,6.594019793640773
2012-09-21T11:00:00Z,7.021300448430503
2012-09-21T12:00:00Z,7.320009350163617
2012-09-21T13:00:00Z,7.445758782619042
2012-09-21T14:00:00Z,7.314452554744525
2012-09-21T15:00:00Z,6.678752332711278
2012-09-21T16:00:00Z,5.637010035551954
2012-09-21T17:00:00Z,5.053251573341937
2012-09-21T18:00:00Z,4.976163991736845
2012-09-21T19:00:00Z,4.850714479340127
2012-09-21T20:00:00Z,4.721447418017344
2012-09-21T21:00:00Z,4.6365116967722795
2012-09-21T22:00:00Z,4.552260502980081
2012-09-21T23:00:00Z,4.462415390096189
2012-09-22T00:00:00Z,4.379107817088521
2012-09-22T01:00:00Z,4.305355056025298
2012-09-22T02:00:00Z,4.232614719199838
2012-09-22T03:00:00Z,4.174498433646607
2012-09-22T04:00:00Z,4.1348121740278625
2012-09-22T05:00:00Z,4.170884389984019
2012-09-22T06:00:00Z,4.354748991795298
2012-09-22T07:00:00Z,4.666045818588186
2012-09-22T08:00:00Z,5.202259323864113
2012-09-22T09:00:00Z,5.820091069603198
2012-09-22T10:00:00Z,6.393752233168288
2012-09-22T11:00:00Z,6.745288099084547
2012-09-22T12:00:00Z,6.934617726844936
2012-09-22T13:00:00Z,6.972446423601457
2012-09-22T14:00:00Z,6.830997436876265
2012-09-22T15:00:00Z,6.362574287600951
2012-09-22T16:00:00Z,5.5170894996476365
2012-09-22T17:00:00Z,5.012003841229189
2012-09-22T18:00:00Z,4.8912491702136
2012-09-22T19:00:00Z,4.772173117951845
2012-09-22T20:00:00Z,4.648556372003261
2012-09-22T21:00:00Z,4.531346091234665
2012-09-22T22:00:00Z,4.434453216270752
2012-09-22T23:00:00Z,4.3482486895546195
2012-09-23T00:00:00Z,4.2573584392631325
2012-09-23T01:00:00Z,4.18328156831313
2012-09-23T02:00:00Z,4.154009418319294
2012-09-23T03:00:00Z,4.2192131500943155
2012-09-23T04:00:00Z,4.275523091101474
2012-09-23T05:00:00Z,4.317077373772189
2012-09-23T06:00:00Z,4.424897555461355
2012-09-23T07:00:00Z,4.590296100850188
2012-09-23T08:00:00Z,4.875257852333323
2012-09-23T09:00:00Z,5.108066226245821
2012-09-23T10:00:00Z,5.368822596545365
2012-09-23T11:00:00Z,5.653037277732643
2012-09-23T12:00:00Z,5.877991553261379
2012-09-23T13:00:00Z,5.955969758927296
2012-09-23T14:00:00Z,5.922458628841613
2012-09-23T15:00:00Z,5.747189722413393
2012-09-23T16:00:00Z,5.324774698180581
2012-09-23T17:00:00Z,4.977350393387905
2012-09-23T18:00:00Z,4.8781057714775296
2012-09-23T19:00:00Z,4.822886185122443
2012-09-23T20:00:00Z,4.724296598023684
2012-09-23T21:00:00Z,4.6473490891552
2012-09-23T22:00:00Z,4.58240351198098
2012-09-23T23:00:00Z,4.525779528128044
2012-09-24T00:00:00Z,4.476449145879498
2012-09-24T01:00:00Z,4.449259403971154
2012-09-24T02:00:00Z,4.43696645531508
2012-09-24T03:00:00Z,4.429905219974534
2012-09-24T04:00:00Z,4.415694292664008
2012-09-24T05:00:00Z,4.458444563089513
2012-09-24T06:00:00Z,4.6170291190563955
2012-09-24T07:00:00Z,4.748114173079115
2012-09-24T08:00:00Z,4.995015352713642
2012-09-24T09:00:00Z,5.2874630645842124
2012-09-24T10:00:00Z,5.530731190392081
2012-09-24T11:00:00Z,5.6959665317629975
2012-09-24T12:00:00Z,5.715719826602777
2012-09-24T13:00:00Z,5.596961572832887
2012-09-24T14:00:00Z,5.430503771785317
2012-09-24T15:00:00Z,5.237059954845721
2012-09-24T16:00:00Z,5.024670062978865
2012-09-24T17:00:00Z,4.898517852254502
2012-09-24T18:00:00Z,4.844336156553356
2012-09-24T19:00:00Z,4.802361691523209
2012-09-24T20:00:00Z,4.7732642329090735
2012-09-24T21:00:00Z,4.761470331090581
2012-09-24T22:00:00Z,4.785116705504828
2012-09-24T23:00:00Z,4.816766006537205
2012-09-25T00:00:00Z,4.8160252220385225
2012-09-25T01:00:00Z,4.763462123516886
2012-09-25T02:00:00Z,4.695782567947514
2012-09-25T03:00:00Z,4.633424576459275
2012-09-25T04:00:00Z,4.574036881504474
2012-09-25T05:00:00Z,4.527742635098496
2012-09-25T06:00:00Z,4.6777205168421805
2012-09-25T07:00:00Z,4.870518702854029
2012-09-25T08:00:00Z,5.2033398413160015
2012-09-25T09:00:00Z,5.537332567083688
2012-09-25T10:00:00Z,5.817928471899682
2012-09-25T11:00:00Z,6.070857364416232
2012-09-25T12:00:00Z,6.2200814380772735
2012-09-25T13:00:00Z,6.282475674591236
2012-09-25T14:00:00Z,6.222244299836082
2012-09-25T15:00:00Z,5.983853246070799
2012-09-25T16:00:00Z,5.466049921452261
2012-09-25T17:00:00Z,5.218079566756926
2012-09-25T18:00:00Z,5.165573838096411
2012-09-25T19:00:00Z,5.110775633440773
2012-09-25T20:00:00Z,5.008396641343464
2012-09-25T21:00:00Z,4.882859704517986
2012-09-25T22:00:00Z,4.80070519699525
2012-09-25T23:00:00Z,4.7350117184546745
2012-09-26T00:00:00Z,4.718957203134421
2012-09-26T01:00:00Z,4.70725291243893
2012-09-26T02:00:00Z,4.682266746411481
2012-09-26T03:00:00Z,4.686646462378872
2012-09-26T04:00:00Z,4.709553709064935
2012-09-26T05:00:00Z,4.74937438386289
2012-09-26T06:00:00Z,4.865599751398379
2012-09-26T07:00:00Z,5.005194597618474
2012-09-26T08:00:00Z,5.118921127911722
2012-09-26T09:00:00Z,5.208099455324105
2012-09-26T10:00:00Z,5.268781021283755
2012-09-26T11:00:00Z,5.293272481406358
2012-09-26T12:00:00Z,5.333617202469658
2012-09-26T13:00:00Z,5.453912134802111
2012-09-26T14:00:00Z,5.521466984043027
2012-09-26T15:00:00Z,5.42862095865476
2012-09-26T16:00:00Z,5.026888193273937
2012-09-26T17:00:00Z,4.6940228592842415
2012-09-26T18:00:00Z,4.596865940034492
2012-09-26T19:00:00Z,4.511597752485231
2012-09-26T20:00:00Z,4.450207837424949
2012-09-26T21:00:00Z,4.383552055993002
2012-09-26T22:00:00Z,4.326770293609673
2012-09-26T23:00:00Z,4.306243124312427
2012-09-27T00:00:00Z,4.300624871249059
2012-09-27T01:00:00Z,4.300329579785775
2012-09-27T02:00:00Z,4.316482304696922
2012-09-27T03:00:00Z,4.326620842112532
2012-09-27T04:00:00Z,4.302249699467627
2012-09-27T05:00:00Z,4.276544895868894
2012-09-27T06:00:00Z,4.445627484383874
2012-09-27T07:00:00Z,4.693671075804697
2012-09-27T08:00:00Z,5.082985026173755
2012-09-27T09:00:00Z,5.426739450654191
2012-09-27T10:00:00Z,5.645393906616191
2012-09-27T11:00:00Z,5.778474881210494
2012-09-27T12:00:00Z,5.838810422784698
2012-09-27T13:00:00Z,5.814687587039264
2012-09-27T14:00:00Z,5.652527075812268
2012-09-27T15:00:00Z,5.368132339076025
2012-09-27T16:00:00Z,5.075775994813194
2012-09-27T17:00:00Z,4.846397895225566
2012-09-27T18:00:00Z,4.740387526491072
2012-09-27T19:00:00Z,4.66465571816929
2012-09-27T20:00:00Z,4.656851810543531
2012-09-27T21:00:00Z,4.655467182041179
2012-09-27T22:00:00Z,4.68086696562033
2012-09-27T23:00:00Z,4.673706204992353
2012-09-28T00:00:00Z,4.644591938892804
2012-09-28T01:00:00Z,4.638056800088864
2012-09-28T02:00:00Z,4.637369960386505
2012-09-28T03:00:00Z,4.6296570076877614
2012-09-28T04:00:00Z,4.607688063270185
2012-09-28T05:00:00Z,4.5914739195777265
2012-09-28T06:00:00Z,4.640978140051869
2012-09-28T07:00:00Z,4.71664721165794
2012-09-28T08:00:00Z,4.8417146612036674
2012-09-28T09:00:00Z,4.92625948794588
2012-09-28T10:00:00Z,4.9694517178449535
2012-09-28T11:00:00Z,5.080304996755352
2012-09-28T12:00:00Z,5.0516212292305225
2012-09-28T13:00:00Z,4.988848175880197
2012-09-28T14:00:00Z,4.950792458796097
2012-09-28T15:00:00Z,4.889530798657195
2012-09-28T16:00:00Z,4.812879428264042
2012-09-28T17:00:00Z,4.750635263776687
2012-09-28T18:00:00Z,4.765636889362351
2012-09-28T19:00:00Z,4.760022800684021
2012-09-28T20:00:00Z,4.740028759554986
2012-09-28T21:00:00Z,4.735548750519825
2012-09-28T22:00:00Z,4.780003816065639
2012-09-28T23:00:00Z,4.810291858678951
2012-09-29T00:00:00Z,4.847148053556229
2012-09-29T01:00:00Z,4.8432123110234695
2012-09-29T02:00:00Z,4.829208111650861
2012-09-29T03:00:00Z,4.819360547881962
2012-09-29T04:00:00Z,4.828649628002009
2012-09-29T05:00:00Z,4.8439614834293705
2012-09-29T06:00:00Z,4.903119740086893
2012-09-29T07:00:00Z,4.912927518042049
2012-09-29T08:00:00Z,4.801073208125723
2012-09-29T09:00:00Z,4.63188255740857
2012-09-29T10:00:00Z,4.637541651240283
2012-09-29T11:00:00Z,4.771445985067802
2012-09-29T12:00:00Z,4.94278273222319
2012-09-29T13:00:00Z,5.091455979188688
2012-09-29T14:00:00Z,5.115994118608074
2012-09-29T15:00:00Z,4.968072026335616
2012-09-29T16:00:00Z,4.743080010602447
2012-09-29T17:00:00Z,4.572867990654206
2012-09-29T18:00:00Z,4.491698640943809
2012-09-29T19:00:00Z,4.389543033361368
2012-09-29T20:00:00Z,4.304319439194529
2012-09-29T21:00:00Z,4.277275055489154
2012-09-29T22:00:00Z,4.206319889855267
2012-09-29T23:00:00Z,4.187757012470328
2012-09-30T00:00:00Z,4.180349753036977
2012-09-30T01:00:00Z,4.179931257716824
2012-09-30T02:00:00Z,4.199128394233995
2012-09-30T03:00:00Z,4.213110894352696
2012-09-30T04:00:00Z,4.206319889855267
2012-09-30T05:00:00Z,4.217934471495437
2012-09-30T06:00:00Z,4.253744014670424
2012-09-30T07:00:00Z,4.311579237229791
2012-09-30T08:00:00Z,4.3765067607700665
2012-09-30T09:00:00Z,4.472133956942408
2012-09-30T10:00:00Z,4.5628733789887805
2012-09-30T11:00:00Z,4.619924021687013
2012-09-30T12:00:00Z,4.675799768561725
2012-09-30T13:00:00Z,4.719668425018836
2012-09-30T14:00:00Z,4.750995638156645
2012-09-30T15:00:00Z,4.723405859949469
2012-09-30T16:00:00Z,4.636340082170485
2012-09-30T17:00:00Z,4.513385940258713
2012-09-30T18:00:00Z,4.348399638964107
2012-09-30T19:00:00Z,4.17185678601166
2012-09-30T20:00:00Z,4.053065846950335
2012-09-30T21:00:00Z,3.9602896076385568
2012-09-30T22:00:00Z,3.9191514658490014
2012-09-30T23:00:00Z,3.8753789988243295
2012-10-01T00:00:00Z,3.863068619892057
2012-10-01T01:00:00Z,3.885476766548793
2012-10-01T02:00:00Z,3.893689773080508
2012-10-01T03:00:00Z,3.898658532789689
2012-10-01T04:00:00Z,3.8874061200422094
2012-10-01T05:00:00Z,3.883428925747946
2012-10-01T06:00:00Z,3.9834631896962955
2012-10-01T07:00:00Z,4.118768907010393
2012-10-01T08:00:00Z,4.314846710299694
2012-10-01T09:00:00Z,4.520063510392611
2012-10-01T10:00:00Z,4.65235477640767
2012-10-01T11:00:00Z,4.710616373961113
2012-10-01T12:00:00Z,4.713629863776621
2012-10-01T13:00:00Z,4.685769863833612
2012-10-01T14:00:00Z,4.62623725808834
2012-10-01T15:00:00Z,4.492987553355569
2012-10-01T16:00:00Z,4.245094384383366
2012-10-01T17:00:00Z,4.138500677305316
2012-10-01T18:00:00Z,4.134675689057598
2012-10-01T19:00:00Z,4.08332246707524
2012-10-01T20:00:00Z,4.017834231460099
2012-10-01T21:00:00Z,3.9515442127511893
2012-10-01T22:00:00Z,3.9320693119035663
2012-10-01T23:00:00Z,3.917435496481623
2012-10-02T00:00:00Z,3.879580016725
2012-10-02T01:00:00Z,3.8424491548820527
2012-10-02T02:00:00Z,3.8505994466646203
2012-10-02T03:00:00Z,3.8780185758513914
2012-10-02T04:00:00Z,3.920132694895631
2012-10-02T05:00:00Z,3.9486791501166403
2012-10-02T06:00:00Z,4.051492706278102
2012-10-02T07:00:00Z,4.156628505060562
2012-10-02T08:00:00Z,4.259385201305765
2012-10-02T09:00:00Z,4.321545627048471
2012-10-02T10:00:00Z,4.37665967854647
2012-10-02T11:00:00Z,4.450207837424949
2012-10-02T12:00:00Z,4.479170391560883
2012-10-02T13:00:00Z,4.460032045575933
2012-10-02T14:00:00Z,4.387851613129222
2012-10-02T15:00:00Z,4.274647646998601
2012-10-02T16:00:00Z,4.029985200437553
2012-10-02T17:00:00Z,3.8656914483226834
2012-10-02T18:00:00Z,3.825433667236742
2012-10-02T19:00:00Z,3.814599384840273
2012-10-02T20:00:00Z,3.833981206574639
2012-10-02T21:00:00Z,3.8025560851218874
2012-10-02T22:00:00Z,3.7641614328214694
2012-10-02T23:00:00Z,3.708989695605828
2012-10-03T00:00:00Z,3.6685801312089965
2012-10-03T01:00:00Z,3.6613954576013548
2012-10-03T02:00:00Z,3.6830344016465753
2012-10-03T03:00:00Z,3.6909567728437973
2012-10-03T04:00:00Z,3.663644340450424
2012-10-03T05:00:00Z,3.6491289401619738
2012-10-03T06:00:00Z,3.7820048309178738
2012-10-03T07:00:00Z,3.9597888281225324
2012-10-03T08:00:00Z,4.195612125272146
2012-10-03T09:00:00Z,4.314995349478108
2012-10-03T10:00:00Z,4.394470951445408
2012-10-03T11:00:00Z,4.449891648015915
2012-10-03T12:00:00Z,4.450682205798748
2012-10-03T13:00:00Z,4.395550408814961
2012-10-03T14:00:00Z,4.2998867186159115
2012-10-03T15:00:00Z,4.146583686440674
2012-10-03T16:00:00Z,4.012428727016462
2012-10-03T17:00:00Z,3.965680997910465
2012-10-03T18:00:00Z,3.9465641639623206
2012-10-03T19:00:00Z,3.929478934655079
2012-10-03T20:00:00Z,3.916700540946187
2012-10-03T21:00:00Z,3.9113192818110876
2012-10-03T22:00:00Z,3.9031534338776033
2012-10-03T23:00:00Z,3.8803011059136945
2012-10-04T00:00:00Z,3.861163342683644
2012-10-04T01:00:00Z,3.796332777693589
2012-10-04T02:00:00Z,3.778582202111616
2012-10-04T03:00:00Z,3.779266232198889
2012-10-04T04:00:00Z,3.7897857920851963
2012-10-04T05:00:00Z,3.803133349526356
2012-10-04T06:00:00Z,3.944327234940327
2012-10-04T07:00:00Z,4.092527853105502
2012-10-04T08:00:00Z,4.207450203217894
2012-10-04T09:00:00Z,4.280637003622445
2012-10-04T10:00:00Z,4.316482304696922
2012-10-04T11:00:00Z,4.323484743890655
2012-10-04T12:00:00Z,4.312618350834908
2012-10-04T13:00:00Z,4.284736950126567
2012-10-04T14:00:00Z,4.214103081684835
2012-10-04T15:00:00Z,4.115115476855347
2012-10-04T16:00:00Z,3.9479324256177497
2012-10-04T17:00:00Z,3.800364077669905
2012-10-04T18:00:00Z,3.7433506664275904
2012-10-04T19:00:00Z,3.6792480540461137
2012-10-04T20:00:00Z,3.632619917638185
2012-10-04T21:00:00Z,3.5870561282932396
2012-10-04T22:00:00Z,3.53901791264056
2012-10-04T23:00:00Z,3.4960506851991395
2012-10-05T00:00:00Z,3.4628994802609725
2012-10-05T01:00:00Z,3.4419652670916685
2012-10-05T02:00:00Z,3.4341329677861525
2012-10-05T03:00:00Z,3.435922756199252
2012-10-05T04:00:00Z,3.432156948706709
2012-10-05T05:00:00Z,3.4296196917011175
2012-10-05T06:00:00Z,3.5791639283367127
2012-10-05T07:00:00Z,3.848824704255644
2012-10-05T08:00:00Z,4.03076328999871
2012-10-05T09:00:00Z,4.157042347006504
2012-10-05T10:00:00Z,4.239490963243757
2012-10-05T11:00:00Z,4.277275055489154
2012-10-05T12:00:00Z,4.312321410128408
2012-10-05T13:00:00Z,4.307724052548322
2012-10-05T14:00:00Z,4.266058170424355
2012-10-05T15:00:00Z,4.123107307439105
2012-10-05T16:00:00Z,3.787608478727583
2012-10-05T17:00:00Z,3.650724257526743
2012-10-05T18:00:00Z,3.583054435195514
2012-10-05T19:00:00Z,3.5302406854179553
2012-10-05T20:00:00Z,3.489622510098901
2012-10-05T21:00:00Z,3.467788820907507
2012-10-05T22:00:00Z,3.4915679442508707
2012-10-05T23:00:00Z,3.527556394153593
2012-10-06T00:00:00Z,3.559028271061231
2012-10-06T01:00:00Z,3.5773240039982874
2012-10-06T02:00:00Z,3.5660194727552263
2012-10-06T03:00:00Z,3.5306387056767563
2012-10-06T04:00:00Z,3.5210119465917087
2012-10-06T05:00:00Z,3.5173537009996605
2012-10-06T06:00:00Z,3.63356829982885
2012-10-06T07:00:00Z,3.8047506226839163
2012-10-06T08:00:00Z,3.914619663728984
2012-10-06T09:00:00Z,3.983716566485388
2012-10-06T10:00:00Z,4.040645161290322
2012-10-06T11:00:00Z,4.141647930167963
2012-10-06T12:00:00Z,4.215521303089453
2012-10-06T13:00:00Z,4.241500744954628
2012-10-06T14:00:00Z,4.196314907872694
2012-10-06T15:00:00Z,4.051623754690128
2012-10-06T16:00:00Z,3.7042732515155996
2012-10-06T17:00:00Z,3.5928178063331826
2012-10-06T18:00:00Z,3.5994252873563206
2012-10-06T19:00:00Z,3.5934362269780245
2012-10-06T20:00:00Z,3.5483414067590164
2012-10-06T21:00:00Z,3.503188276093525
2012-10-06T22:00:00Z,3.533228026627553
2012-10-06T23:00:00Z,3.581108125107209
2012-10-07T00:00:00Z,3.5930239228959873
2012-10-07T01:00:00Z,3.578243729646349
2012-10-07T02:00:00Z,3.5639902122574387
2012-10-07T03:00:00Z,3.549447435534143
2012-10-07T04:00:00Z,3.5306387056767563
2012-10-07T05:00:00Z,3.514393131698558
2012-10-07T06:00:00Z,3.5602421624079814
2012-10-07T07:00:00Z,3.6672912519030323
2012-10-07T08:00:00Z,3.8357422831945116
2012-10-07T09:00:00Z,3.983969975509688
2012-10-07T10:00:00Z,4.100029458937516
2012-10-07T11:00:00Z,4.264170212765957
2012-10-07T12:00:00Z,4.436495006021112
2012-10-07T13:00:00Z,4.613288155568653
2012-10-07T14:00:00Z,4.707960610388635
2012-10-07T15:00:00Z,4.628288501330176
2012-10-07T16:00:00Z,4.295610425240051
2012-10-07T17:00:00Z,4.137543766928717
2012-10-07T18:00:00Z,4.053590498689361
2012-10-07T19:00:00Z,4.0002554849423575
2012-10-07T20:00:00Z,3.9820701932858573
2012-10-07T21:00:00Z,4.024029812387562
2012-10-07T22:00:00Z,4.064507755207997
2012-10-07T23:00:00Z,4.061213241254091
2012-10-08T00:00:00Z,4.018349801103551
2012-10-08T01:00:00Z,3.97259839523009
2012-10-08T02:00:00Z,3.93961314672118
2012-10-08T03:00:00Z,3.9281234320120446
2012-10-08T04:00:00Z,3.942216906905016
2012-10-08T05:00:00Z,4.013585824601877
2012-10-08T06:00:00Z,4.142880767322637
2012-10-08T07:00:00Z,4.297084048027448
2012-10-08T08:00:00Z,4.444365597502125
2012-10-08T09:00:00Z,4.590632558821373
2012-10-08T10:00:00Z,4.735369726296688
2012-10-08T11:00:00Z,4.902735919214063
2012-10-08T12:00:00Z,4.938300808200274
2012-10-08T13:00:00Z,4.918715149611244
2012-10-08T14:00:00Z,4.872981910134218
2012-10-08T15:00:00Z,4.678943633035745
2012-10-08T16:00:00Z,4.327517705994127
2012-10-08T17:00:00Z,4.243368677800738
2012-10-08T18:00:00Z,4.225475644312508
2012-10-08T19:00:00Z,4.1901384893289615
2012-10-08T20:00:00Z,4.158560472759871
2012-10-08T21:00:00Z,4.135494734061872
2012-10-08T22:00:00Z,4.100432106848238
2012-10-08T23:00:00Z,4.084121291164002
2012-10-09T00:00:00Z,4.081858767556293
2012-10-09T01:00:00Z,4.0942668497090935
2012-10-09T02:00:00Z,4.087186347766504
2012-10-09T03:00:00Z,4.060818258445178
2012-10-09T04:00:00Z,4.0285594828417945
2012-10-09T05:00:00Z,3.9924778478995315
2012-10-09T06:00:00Z,4.009474728721873
2012-10-09T07:00:00Z,4.117009038619554
2012-10-09T08:00:00Z,4.264170212765957
2012-10-09T09:00:00Z,4.413360580649706
2012-10-09T10:00:00Z,4.520226624806031
2012-10-09T11:00:00Z,4.595179573718769
2012-10-09T12:00:00Z,4.697367434185855
2012-10-09T13:00:00Z,4.762737642585549
2012-10-09T14:00:00Z,4.730183905441638
2012-10-09T15:00:00Z,4.565035168920146
2012-10-09T16:00:00Z,4.355354659248958
2012-10-09T17:00:00Z,4.284004240911115
2012-10-09T18:00:00Z,4.217650425940265
2012-10-09T19:00:00Z,4.094936088136258
2012-10-09T20:00:00Z,4.011786183262337
2012-10-09T21:00:00Z,3.980551671539339
2012-10-09T22:00:00Z,3.9612915467569043
2012-10-09T23:00:00Z,3.9824500047690234
2012-10-10T00:00:00Z,3.981563890654802
2012-10-10T01:00:00Z,3.92074621259547
2012-10-10T02:00:00Z,3.89514273275701
2012-10-10T03:00:00Z,3.9288626811366907
2012-10-10T04:00:00Z,3.994132840151782
2012-10-10T05:00:00Z,4.130857764733044
2012-10-10T06:00:00Z,4.208298336972956
2012-10-10T07:00:00Z,4.287523532431973
2012-10-10T08:00:00Z,4.449891648015915
2012-10-10T09:00:00Z,4.6782446311858115
2012-10-10T10:00:00Z,4.839469922342854
2012-10-10T11:00:00Z,4.8586168108296794
2012-10-10T12:00:00Z,4.8537218584105055
2012-10-10T13:00:00Z,4.862011411714478
2012-10-10T14:00:00Z,4.811954976758479
2012-10-10T15:00:00Z,4.710439229843565
2012-10-10T16:00:00Z,4.666393473158735
2012-10-10T17:00:00Z,4.695782567947514
2012-10-10T18:00:00Z,4.71540430658033
2012-10-10T19:00:00Z,4.707960610388635
2012-10-10T20:00:00Z,4.688751637656751
2012-10-10T21:00:00Z,4.663266445776406
2012-10-10T22:00:00Z,4.644591938892804
2012-10-10T23:00:00Z,4.639087441205885
2012-10-11T00:00:00Z,4.670917701458029
2012-10-11T01:00:00Z,4.707429816979221
2012-10-11T02:00:00Z,4.7130977913233245
2012-10-11T03:00:00Z,4.68174173051766
2012-10-11T04:00:00Z,4.65270039373003
2012-10-11T05:00:00Z,4.633595975289458
2012-10-11T06:00:00Z,4.644419725621056
2012-10-11T07:00:00Z,4.68174173051766
2012-10-11T08:00:00Z,4.7411052233156665
2012-10-11T09:00:00Z,4.805125057541816
2012-10-11T10:00:00Z,4.8627664117395835
2012-10-11T11:00:00Z,4.913120219650911
2012-10-11T12:00:00Z,4.918328883304535
2012-10-11T13:00:00Z,4.883430799220277
2012-10-11T14:00:00Z,4.8162103968009875
2012-10-11T15:00:00Z,4.704954362769036
2012-10-11T16:00:00Z,4.551929646049853
2012-10-11T17:00:00Z,4.45463921192076
2012-10-11T18:00:00Z,4.360813257206519
2012-10-11T19:00:00Z,4.269548026450334
2012-10-11T20:00:00Z,4.231470846564425
2012-10-11T21:00:00Z,4.201522825612989
2012-10-11T22:00:00Z,4.188737292669877
2012-10-11T23:00:00Z,4.1901384893289615
2012-10-12T00:00:00Z,4.196596086839987
2012-10-12T01:00:00Z,4.198846875838027
2012-10-12T02:00:00Z,4.201522825612989
2012-10-12T03:00:00Z,4.216372694223774
2012-10-12T04:00:00Z,4.218928932300438
2012-10-12T05:00:00Z,4.180768332165146
2012-10-12T06:00:00Z,4.21339432876989
2012-10-12T07:00:00Z,4.434139261566777
2012-10-12T08:00:00Z,4.629999260737788
2012-10-12T09:00:00Z,4.942392676767677
2012-10-12T10:00:00Z,5.3702036441586305
2012-10-12T11:00:00Z,5.853271028037389
2012-10-12T12:00:00Z,6.171051335106906
2012-10-12T13:00:00Z,5.984139117141214
2012-10-12T14:00:00Z,5.775277790585083
2012-10-12T15:00:00Z,5.633207411404931
2012-10-12T16:00:00Z,5.567606009423062
2012-10-12T17:00:00Z,5.645648352638929
2012-10-12T18:00:00Z,5.609996417054825
2012-10-12T19:00:00Z,5.570577248065465
2012-10-12T20:00:00Z,5.498200333596703
2012-10-12T21:00:00Z,5.411734208934585
2012-10-12T22:00:00Z,5.357341431076521
2012-10-12T23:00:00Z,5.306727673275719
2012-10-13T00:00:00Z,5.250670690811536
2012-10-13T01:00:00Z,5.1289820653509075
2012-10-13T02:00:00Z,5.03598279258634
2012-10-13T03:00:00Z,4.936938357244203
2012-10-13T04:00:00Z,4.815840061514804
2012-10-13T05:00:00Z,4.729112394759689
2012-10-13T06:00:00Z,4.740566930325852
2012-10-13T07:00:00Z,4.799417602206983
2012-10-13T08:00:00Z,4.874309284769247
2012-10-13T09:00:00Z,5.017826383046905
2012-10-13T10:00:00Z,5.21091604958815
2012-10-13T11:00:00Z,5.372046146588324
2012-10-13T12:00:00Z,5.42885623889395
2012-10-13T13:00:00Z,5.385905318828738
2012-10-13T14:00:00Z,5.249790444258169
2012-10-13T15:00:00Z,4.913312936377181
2012-10-13T16:00:00Z,4.478369681801926
2012-10-13T17:00:00Z,4.35762741346321
2012-10-13T18:00:00Z,4.346588937469639
2012-10-13T19:00:00Z,4.3748253702151425
2012-10-13T20:00:00Z,4.38140543565707
2012-10-13T21:00:00Z,4.367351208116874
2012-10-13T22:00:00Z,4.352630481617899
2012-10-13T23:00:00Z,4.3464381137444015
2012-10-14T00:00:00Z,4.342821481815342
2012-10-14T01:00:00Z,4.33575631706473
2012-10-14T02:00:00Z,4.318416879266363
2012-10-14T03:00:00Z,4.284004240911115
2012-10-14T04:00:00Z,4.230613347743852
2012-10-14T05:00:00Z,4.183141864814317
2012-10-14T06:00:00Z,4.221772834512974
2012-10-14T07:00:00Z,4.449259403971154
2012-10-14T08:00:00Z,4.769810745973111
2012-10-14T09:00:00Z,5.20788292033926
2012-10-14T10:00:00Z,5.67069582144959
2012-10-14T11:00:00Z,6.027041331857763
2012-10-14T12:00:00Z,6.215760222310444
2012-10-14T13:00:00Z,6.215451793777595
2012-10-14T14:00:00Z,6.029942714100026
2012-10-14T15:00:00Z,5.5324411465924594
2012-10-14T16:00:00Z,5.143302948181
2012-10-14T17:00:00Z,4.980318874001031
2012-10-14T18:00:00Z,4.870708091923633
2012-10-14T19:00:00Z,4.803650866697342
2012-10-14T20:00:00Z,4.7518968133535635
2012-10-14T21:00:00Z,4.691912949020488
2012-10-14T22:00:00Z,4.616008254716976
2012-10-14T23:00:00Z,4.488318761645403
2012-10-15T00:00:00Z,4.35021184969091
2012-10-15T01:00:00Z,4.278151576215035
2012-10-15T02:00:00Z,4.278736122971822
2012-10-15T03:00:00Z,4.279759464261304
2012-10-15T04:00:00Z,4.263879906048948
2012-10-15T05:00:00Z,4.246533545784315
2012-10-15T06:00:00Z,4.32467891175252
2012-10-15T07:00:00Z,4.53873469091963
2012-10-15T08:00:00Z,4.6473490891552
2012-10-15T09:00:00Z,4.688751637656751
2012-10-15T10:00:00Z,4.736444074718289
2012-10-15T11:00:00Z,4.770174035568754
2012-10-15T12:00:00Z,4.74937438386289
2012-10-15T13:00:00Z,4.695254516830348
2012-10-15T14:00:00Z,4.628630552065625
2012-10-15T15:00:00Z,4.571366008539832
2012-10-15T16:00:00Z,4.5203897509924245
2012-10-15T17:00:00Z,4.472772719157294
2012-10-15T18:00:00Z,4.393854356671814
2012-10-15T19:00:00Z,4.300034328870581
2012-10-15T20:00:00Z,4.209288258619533
2012-10-15T21:00:00Z,4.101371926263056
2012-10-15T22:00:00Z,4.022220795067755
2012-10-15T23:00:00Z,3.973102420147811
2012-10-16T00:00:00Z,3.965304378106303
2012-10-16T01:00:00Z,3.99808490264922
2012-10-16T02:00:00Z,4.117279689708444
2012-10-16T03:00:00Z,4.224763061148773
2012-10-16T04:00:00Z,4.285616532092512
2012-10-16T05:00:00Z,4.312469875370104
2012-10-16T06:00:00Z,4.366437759263776
2012-10-16T07:00:00Z,4.4870325261498785
2012-10-16T08:00:00Z,4.618561262490324
2012-10-16T09:00:00Z,4.783472084319869
2012-10-16T10:00:00Z,5.016821531560393
2012-10-16T11:00:00Z,5.26545882550759
2012-10-16T12:00:00Z,5.4003017891787035
2012-10-16T13:00:00Z,5.375273569926619
2012-10-16T14:00:00Z,5.2541946308724885
2012-10-16T15:00:00Z,5.037603056505126
2012-10-16T16:00:00Z,4.796109813531412
2012-10-16T17:00:00Z,4.704070902809075
2012-10-16T18:00:00Z,4.6413220690677335
2012-10-16T19:00:00Z,4.594505373583249
2012-10-16T20:00:00Z,4.517129462675799
2012-10-16T21:00:00Z,4.409166109331551
2012-10-16T22:00:00Z,4.409321317938606
2012-10-16T23:00:00Z,4.450682205798748
2012-10-17T00:00:00Z,4.505107178823195
2012-10-17T01:00:00Z,4.521858416663655
2012-10-17T02:00:00Z,4.519248114875349
2012-10-17T03:00:00Z,4.515826663782536
2012-10-17T04:00:00Z,4.495083614440539
2012-10-17T05:00:00Z,4.444523294184438
2012-10-17T06:00:00Z,4.455748434832096
2012-10-17T07:00:00Z,4.589959692194939
2012-10-17T08:00:00Z,4.841901816776187
2012-10-17T09:00:00Z,5.145415708182715
2012-10-17T10:00:00Z,5.332708927583129
2012-10-17T11:00:00Z,5.463904034896398
2012-10-17T12:00:00Z,5.498683055311683
2012-10-17T13:00:00Z,5.459141425147092
2012-10-17T14:00:00Z,5.357112308613462
2012-10-17T15:00:00Z,5.157491662206123
2012-10-17T16:00:00Z,4.970832175879992
2012-10-17T17:00:00Z,4.9502055011065496
2012-10-17T18:00:00Z,4.8417146612036674
2012-10-17T19:00:00Z,4.608027075745872
2012-10-17T20:00:00Z,4.335456181641978
2012-10-17T21:00:00Z,4.1491934148199645
2012-10-17T22:00:00Z,4.047172859450728
2012-10-17T23:00:00Z,3.996426634336213
2012-10-18T00:00:00Z,3.9684450639969557
2012-10-18T01:00:00Z,3.9515442127511893
2012-10-18T02:00:00Z,3.929972076679322
2012-10-18T03:00:00Z,3.8859589253583193
2012-10-18T04:00:00Z,3.8555774439793153
2012-10-18T05:00:00Z,3.887044220325831
2012-10-18T06:00:00Z,3.924308405651808
2012-10-18T07:00:00Z,3.995024558270079
2012-10-18T08:00:00Z,4.10029788209107
2012-10-18T09:00:00Z,4.232185694496066
2012-10-18T10:00:00Z,4.387083216587276
2012-10-18T11:00:00Z,4.72821983995168
2012-10-18T12:00:00Z,5.066127401415566
2012-10-18T13:00:00Z,5.21091604958815
2012-10-18T14:00:00Z,5.1325548043433775
2012-10-18T15:00:00Z,4.886478895217286
2012-10-18T16:00:00Z,4.6093836246550115
2012-10-18T17:00:00Z,4.515012796020618
2012-10-18T18:00:00Z,4.482055318996672
2012-10-18T19:00:00Z,4.469421251694853
2012-10-18T20:00:00Z,4.394933511104877
2012-10-18T21:00:00Z,4.308020360434719
2012-10-18T22:00:00Z,4.301363277359983
2012-10-18T23:00:00Z,4.243368677800738
2012-10-19T00:00:00Z,4.199128394233995
2012-10-19T01:00:00Z,4.1620148856990955
2012-10-19T02:00:00Z,4.15332073344607
2012-10-19T03:00:00Z,4.13645069678357
2012-10-19T04:00:00Z,4.105808312573753
2012-10-19T05:00:00Z,4.092527853105502
2012-10-19T06:00:00Z,4.175750908424173
2012-10-19T07:00:00Z,4.323335519276566
2012-10-19T08:00:00Z,4.444838721124164
2012-10-19T09:00:00Z,4.62179912921556
2012-10-19T10:00:00Z,4.818433605170029
2012-10-19T11:00:00Z,4.958631883140013
2012-10-19T12:00:00Z,5.087940208781829
2012-10-19T13:00:00Z,5.152612093788563
2012-10-19T14:00:00Z,5.118502778685849
2012-10-19T15:00:00Z,4.901584817061239
2012-10-19T16:00:00Z,4.656851810543531
2012-10-19T17:00:00Z,4.534298642533936
2012-10-19T18:00:00Z,4.481093263692631
2012-10-19T19:00:00Z,4.495406258972154
2012-10-19T20:00:00Z,4.486229003259196
2012-10-19T21:00:00Z,4.470537849316534
2012-10-19T22:00:00Z,4.479811165552016
2012-10-19T23:00:00Z,4.493148719420334
2012-10-20T00:00:00Z,4.468305211714762
2012-10-20T01:00:00Z,4.449891648015915
2012-10-20T02:00:00Z,4.449733570159861
2012-10-20T03:00:00Z,4.453213879408421
2012-10-20T04:00:00Z,4.461302845745628
2012-10-20T05:00:00Z,4.438538676871832
2012-10-20T06:00:00Z,4.434453216270752
2012-10-20T07:00:00Z,4.545652489475978
2012-10-20T08:00:00Z,4.660837209302326
2012-10-20T09:00:00Z,4.874498968751215
2012-10-20T10:00:00Z,5.112027098722608
2012-10-20T11:00:00Z,5.288579269579902
2012-10-20T12:00:00Z,5.416882892233172
2012-10-20T13:00:00Z,5.443720121686225
2012-10-20T14:00:00Z,5.190833367867064
2012-10-20T15:00:00Z,4.9106162772463575
2012-10-20T16:00:00Z,4.758033882853448
2012-10-20T17:00:00Z,4.7255441958727875
2012-10-20T18:00:00Z,4.616858943643806
2012-10-20T19:00:00Z,4.50186889016676
2012-10-20T20:00:00Z,4.338008658008658
2012-10-20T21:00:00Z,4.240495615965336
2012-10-20T22:00:00Z,4.182722810298193
2012-10-20T23:00:00Z,4.133993399339932
2012-10-21T00:00:00Z,4.091057547847671
2012-10-21T01:00:00Z,4.059502203785326
2012-10-21T02:00:00Z,4.028041290156609
2012-10-21T03:00:00Z,4.0002554849423575
2012-10-21T04:00:00Z,3.965680997910465
2012-10-21T05:00:00Z,3.959538485854276
2012-10-21T06:00:00Z,4.013071476628324
2012-10-21T07:00:00Z,4.218786837762289
2012-10-21T08:00:00Z,4.329462187197564
2012-10-21T09:00:00Z,4.491376528380363
2012-10-21T10:00:00Z,4.802729956673437
2012-10-21T11:00:00Z,4.989841851571523
2012-10-21T12:00:00Z,4.997207372536509
2012-10-21T13:00:00Z,4.913698415189075
2012-10-21T14:00:00Z,4.769992383853771
2012-10-21T15:00:00Z,4.547797988599643
2012-10-21T16:00:00Z,4.285763164197492
2012-10-21T17:00:00Z,4.234331688188764
2012-10-21T18:00:00Z,4.121343730464248
2012-10-21T19:00:00Z,3.9959166746419137
2012-10-21T20:00:00Z,3.9289859163765284
2012-10-21T21:00:00Z,3.8731022541046958
2012-10-21T22:00:00Z,3.8398577603384343
2012-10-21T23:00:00Z,3.8187860126215676
2012-10-22T00:00:00Z,3.8007100160815614
2012-10-22T01:00:00Z,3.7825758719613454
2012-10-22T02:00:00Z,3.79667798254122
2012-10-22T03:00:00Z,3.804288404300554
2012-10-22T04:00:00Z,3.843274423171332
2012-10-22T05:00:00Z,3.900722471350271
2012-10-22T06:00:00Z,3.956786808604734
2012-10-22T07:00:00Z,4.085586614044816
2012-10-22T08:00:00Z,4.240495615965336
2012-10-22T09:00:00Z,4.455748434832096
2012-10-22T10:00:00Z,4.625041538972782
2012-10-22T11:00:00Z,4.792256484811389
2012-10-22T12:00:00Z,4.918522008874232
2012-10-22T13:00:00Z,4.977943806382385
2012-10-22T14:00:00Z,4.90734573947111
2012-10-22T15:00:00Z,4.518922039034598
2012-10-22T16:00:00Z,4.253455125810722
2012-10-22T17:00:00Z,4.236623148210786
2012-10-22T18:00:00Z,4.215946955672981
2012-10-22T19:00:00Z,4.186357407840648
2012-10-22T20:00:00Z,4.1447999735283405
2012-10-22T21:00:00Z,4.1205302806013355
2012-10-22T22:00:00Z,4.097615231116488
2012-10-22T23:00:00Z,4.07256884611633
2012-10-23T00:00:00Z,4.05031365194335
2012-10-23T01:00:00Z,4.036478473833464
2012-10-23T02:00:00Z,4.0324501818884215
2012-10-23T03:00:00Z,4.041818592494597
2012-10-23T04:00:00Z,4.0355681561906005
2012-10-23T05:00:00Z,4.008319999999999
2012-10-23T06:00:00Z,4.019381337440638
2012-10-23T07:00:00Z,4.16533652567172
2012-10-23T08:00:00Z,4.434296233361655
2012-10-23T09:00:00Z,4.706899143243645
2012-10-23T10:00:00Z,4.977350393387905
2012-10-23T11:00:00Z,5.198157446985106
2012-10-23T12:00:00Z,5.294167371090442
2012-10-23T13:00:00Z,5.259931132947001
2012-10-23T14:00:00Z,5.074131086445763
2012-10-23T15:00:00Z,4.601763409257893
2012-10-23T16:00:00Z,4.268529562105976
2012-10-23T17:00:00Z,4.2080155877313805
2012-10-23T18:00:00Z,4.198283952272421
2012-10-23T19:00:00Z,4.189577898187166
2012-10-23T20:00:00Z,4.166999334664005
2012-10-23T21:00:00Z,4.161047071720425
2012-10-23T22:00:00Z,4.179233951688245
2012-10-23T23:00:00Z,4.226188467897026
2012-10-24T00:00:00Z,4.304467353951886
2012-10-24T01:00:00Z,4.366133361218582
2012-10-24T02:00:00Z,4.373297954053488
2012-10-24T03:00:00Z,4.332756831546174
2012-10-24T04:00:00Z,4.309799064134321
2012-10-24T05:00:00Z,4.278297697930183
2012-10-24T06:00:00Z,4.273480945720039
2012-10-24T07:00:00Z,4.4014195860711895
2012-10-24T08:00:00Z,4.553584411807477
2012-10-24T09:00:00Z,4.686997193638911
2012-10-24T10:00:00Z,4.848273726583059
2012-10-24T11:00:00Z,5.049177684617867
2012-10-24T12:00:00Z,5.150705209918167
2012-10-24T13:00:00Z,5.101616910357187
2012-10-24T14:00:00Z,4.967677969462626
2012-10-24T15:00:00Z,4.618220698300337
2012-10-24T16:00:00Z,4.301806442750189
2012-10-24T17:00:00Z,4.231327905955476
2012-10-24T18:00:00Z,4.216514626182382
2012-10-24T19:00:00Z,4.237626442031188
2012-10-24T20:00:00Z,4.2426500474190485
2012-10-24T21:00:00Z,4.241931660401639
2012-10-24T22:00:00Z,4.221915130270655
2012-10-24T23:00:00Z,4.209571178921902
2012-10-25T00:00:00Z,4.207591535102455
2012-10-25T01:00:00Z,4.205472553298637
2012-10-25T02:00:00Z,4.194347709616933
2012-10-25T03:00:00Z,4.176307805154536
2012-10-25T04:00:00Z,4.1580082987551865
2012-10-25T05:00:00Z,4.150568275953481
2012-10-25T06:00:00Z,4.172829635551998
2012-10-25T07:00:00Z,4.372229397186638
2012-10-25T08:00:00Z,4.686997193638911
2012-10-25T09:00:00Z,5.06510311362717
2012-10-25T10:00:00Z,5.3598630723149325
2012-10-25T11:00:00Z,5.567111111111111
2012-10-25T12:00:00Z,5.670182427232807
2012-10-25T13:00:00Z,5.669412510183761
2012-10-25T14:00:00Z,5.490969665088547
2012-10-25T15:00:00Z,5.183744413176629
2012-10-25T16:00:00Z,4.932078591959682
2012-10-25T17:00:00Z,4.817321744481192
2012-10-25T18:00:00Z,4.6603169878711235
2012-10-25T19:00:00Z,4.580392730464039
2012-10-25T20:00:00Z,4.551598837209305
2012-10-25T21:00:00Z,4.552095068503108
2012-10-25T22:00:00Z,4.569364899865025
2012-10-25T23:00:00Z,4.57270105501405
2012-10-26T00:00:00Z,4.568365002370621
2012-10-26T01:00:00Z,4.572033434317627
2012-10-26T02:00:00Z,4.582906483243086
2012-10-26T03:00:00Z,4.588446463240415
2012-10-26T04:00:00Z,4.584919472913617
2012-10-26T05:00:00Z,4.5514334508193715
2012-10-26T06:00:00Z,4.371924191127707
2012-10-26T07:00:00Z,4.268820502334455
2012-10-26T08:00:00Z,4.352630481617899
2012-10-26T09:00:00Z,4.444207912009934
2012-10-26T10:00:00Z,4.48430172197759
2012-10-26T11:00:00Z,4.502030694030122
2012-10-26T12:00:00Z,4.514524616160891
2012-10-26T13:00:00Z,4.465756354950269
2012-10-26T14:00:00Z,4.375742332145605
2012-10-26T15:00:00Z,4.263444520081689
2012-10-26T16:00:00Z,4.111198634633055
2012-10-26T17:00:00Z,4.009089745231081
2012-10-26T18:00:00Z,3.9031534338776033
2012-10-26T19:00:00Z,3.8306981864888816
2012-10-26T20:00:00Z,3.7895564833303106
2012-10-26T21:00:00Z,3.770960652677847
2012-10-26T22:00:00Z,3.752209208279665
2012-10-26T23:00:00Z,3.730752047654506
2012-10-27T00:00:00Z,3.722547475407887
2012-10-27T01:00:00Z,3.7186794917468204
2012-10-27T02:00:00Z,3.7437981947516255
2012-10-27T03:00:00Z,3.8207662274280145
2012-10-27T04:00:00Z,3.854984150432401
2012-10-27T05:00:00Z,3.846815306185122
2012-10-27T06:00:00Z,3.8535609906168284
2012-10-27T07:00:00Z,3.9280002508702045
2012-10-27T08:00:00Z,4.043514752404931
2012-10-27T09:00:00Z,4.168940957198962
2012-10-27T10:00:00Z,4.309502511525497
2012-10-27T11:00:00Z,4.432099639091359
2012-10-27T12:00:00Z,4.468942880587963
2012-10-27T13:00:00Z,4.430375269691928
2012-10-27T14:00:00Z,4.304763213966593
2012-10-27T15:00:00Z,4.033359093250904
2012-10-27T16:00:00Z,3.896717996578008
2012-10-27T17:00:00Z,3.8687957500694923
2012-10-27T18:00:00Z,3.8402109264823108
2012-10-27T19:00:00Z,3.8016328264894215
2012-10-27T20:00:00Z,3.7749382195166032
2012-10-27T21:00:00Z,3.7507485926458237
2012-10-27T22:00:00Z,3.7468218120905763
2012-10-27T23:00:00Z,3.7047114844281466
2012-10-28T00:00:00Z,3.643079428787484
2012-10-28T01:00:00Z,3.552265895298054
2012-10-28T02:00:00Z,3.4890393025263906
2012-10-28T03:00:00Z,3.4641444730219315
2012-10-28T04:00:00Z,3.459456473707465
2012-10-28T05:00:00Z,3.467692818780797
2012-10-28T06:00:00Z,3.4949776785714306
2012-10-28T07:00:00Z,3.7061364577785665
2012-10-28T08:00:00Z,3.903761648019448
2012-10-28T09:00:00Z,4.042470793261474
2012-10-28T10:00:00Z,4.146171924133592
2012-10-28T11:00:00Z,4.1856579562921885
2012-10-28T12:00:00Z,4.164644080194169
2012-10-28T13:00:00Z,4.098956117674004
2012-10-28T14:00:00Z,3.9715907289387755
2012-10-28T15:00:00Z,3.6383176484257
2012-10-28T16:00:00Z,3.4481239849148015
2012-10-28T17:00:00Z,3.4098271403293845
2012-10-28T18:00:00Z,3.384673584089928
2012-10-28T19:00:00Z,3.3720085067434793
2012-10-28T20:00:00Z,3.3761893210425593
2012-10-28T21:00:00Z,3.3783747336623784
2012-10-28T22:00:00Z,3.3555680570066158
2012-10-28T23:00:00Z,3.3251924608441716
2012-10-29T00:00:00Z,3.311391334232162
2012-10-29T01:00:00Z,3.310691158979782
2012-10-29T02:00:00Z,3.3094665645063284
2012-10-29T03:00:00Z,3.3157741482912892
2012-10-29T04:00:00Z,3.3105161614292897
2012-10-29T05:00:00Z,3.2992677658958005
2012-10-29T06:00:00Z,3.3231634520998607
2012-10-29T07:00:00Z,3.431498780922117
2012-10-29T08:00:00Z,3.6218013589706537
2012-10-29T09:00:00Z,3.845044049482764
2012-10-29T10:00:00Z,3.970331864718377
2012-10-29T11:00:00Z,4.029596268296609
2012-10-29T12:00:00Z,4.05477146186715
2012-10-29T13:00:00Z,4.033359093250904
2012-10-29T14:00:00Z,3.9397370573064117
2012-10-29T15:00:00Z,3.782461649957726
2012-10-29T16:00:00Z,3.6797884841363078
2012-10-29T17:00:00Z,3.615946421870036
2012-10-29T18:00:00Z,3.5211109237083247
2012-10-29T19:00:00Z,3.3951319997831617
2012-10-29T20:00:00Z,3.3360854395823876
2012-10-29T21:00:00Z,3.268874448706906
2012-10-29T22:00:00Z,3.1315
2012-10-29T23:00:00Z,3.1315
2012-10-30T00:00:00Z,3.1315
2012-10-30T01:00:00Z,3.021516788884599
2012-10-30T02:00:00Z,3.001821319018404
2012-10-30T03:00:00Z,3.041841715437482
2012-10-30T04:00:00Z,3.1315
2012-10-30T05:00:00Z,3.1315
2012-10-30T06:00:00Z,3.1315
2012-10-30T07:00:00Z,3.223200041171322
2012-10-30T08:00:00Z,3.3074566962399645
2012-10-30T09:00:00Z,3.4679808411085546
2012-10-30T10:00:00Z,3.6899782006716517
2012-10-30T11:00:00Z,3.8148317344297267
2012-10-30T12:00:00Z,3.8656914483226834
2012-10-30T13:00:00Z,3.8561709201736285
2012-10-30T14:00:00Z,3.7492891137118747
2012-10-30T15:00:00Z,3.5340255050220044
2012-10-30T16:00:00Z,3.4448050162257275
2012-10-30T17:00:00Z,3.386869997836904
2012-10-30T18:00:00Z,3.3123545589168626
2012-10-30T19:00:00Z,3.2304319793681513
2012-10-30T20:00:00Z,3.1315
2012-10-30T21:00:00Z,3.1315
2012-10-30T22:00:00Z,3.0441333722173596
2012-10-30T23:00:00Z,3.0070097945073933
2012-10-31T00:00:00Z,2.9735311572700294
2012-10-31T01:00:00Z,2.9438999741474547
2012-10-31T02:00:00Z,2.9415494446140458
2012-10-31T03:00:00Z,2.9599697528238584
2012-10-31T04:00:00Z,2.965786669823605
2012-10-31T05:00:00Z,2.971415016012337
2012-10-31T06:00:00Z,3.0018932585616045
2012-10-31T07:00:00Z,3.1315
2012-10-31T08:00:00Z,3.1315
2012-10-31T09:00:00Z,3.3867784236852763
2012-10-31T10:00:00Z,3.5653089687757964
2012-10-31T11:00:00Z,3.670515149739204
2012-10-31T12:00:00Z,3.7071236201130557
2012-10-31T13:00:00Z,3.6992410147367187
2012-10-31T14:00:00Z,3.6449876327658943
2012-10-31T15:00:00Z,3.5440244454504306
2012-10-31T16:00:00Z,3.4627080223364866
2012-10-31T17:00:00Z,3.4330976264868722
2012-10-31T18:00:00Z,3.4092702974878213
2012-10-31T19:00:00Z,3.3836678462411185
2012-10-31T20:00:00Z,3.369106215874555
2012-10-31T21:00:00Z,3.3709195618827206
2012-10-31T22:00:00Z,3.3822060213311707
2012-10-31T23:00:00Z,3.4033419372367875
2012-11-01T00:00:00Z,3.4453735284409728
2012-11-01T01:00:00Z,3.4791545149015373
2012-11-01T02:00:00Z,3.512816198328564
2012-11-01T03:00:00Z,3.5623684659575696
2012-11-01T04:00:00Z,3.60108095676173
2012-11-01T05:00:00Z,3.6233728666473826
2012-11-01T06:00:00Z,3.645518044237484
2012-11-01T07:00:00Z,3.6957483846221963
2012-11-01T08:00:00Z,3.776987094439755
2012-11-01T09:00:00Z,3.8892166299251723
2012-11-01T10:00:00Z,4.059633770863715
2012-11-01T11:00:00Z,4.180349753036977
2012-11-01T12:00:00Z,4.1944881626092485
2012-11-01T13:00:00Z,4.256056539023481
2012-11-01T14:00:00Z,4.394316786528679
2012-11-01T15:00:00Z,4.375742332145605
2012-11-01T16:00:00Z,4.409010911650823
2012-11-01T17:00:00Z,4.380945719082263
2012-11-01T18:00:00Z,4.369941389896736
2012-11-01T19:00:00Z,4.327816743253984
2012-11-01T20:00:00Z,4.320949325606268
2012-11-01T21:00:00Z,4.233616115185725
2012-11-01T22:00:00Z,4.156490576055213
2012-11-01T23:00:00Z,4.147819464220667
2012-11-02T00:00:00Z,4.130721540693838
2012-11-02T01:00:00Z,4.1036561394312665
2012-11-02T02:00:00Z,4.113628899835797
2012-11-02T03:00:00Z,4.089588298671191
2012-11-02T04:00:00Z,4.0377796402553034
2012-11-02T05:00:00Z,4.019252366436705
2012-11-02T06:00:00Z,4.0480884206444125
2012-11-02T07:00:00Z,4.1284071058963105
2012-11-02T08:00:00Z,4.253744014670424
2012-11-02T09:00:00Z,4.411650758989887
2012-11-02T10:00:00Z,4.514199221565519
2012-11-02T11:00:00Z,4.571699697069236
2012-11-02T12:00:00Z,4.647866419294992
2012-11-02T13:00:00Z,4.639087441205885
2012-11-02T14:00:00Z,4.473092168696213
2012-11-02T15:00:00Z,4.197439849876016
2012-11-02T16:00:00Z,4.132902204038539
2012-11-02T17:00:00Z,4.13645069678357
2012-11-02T18:00:00Z,4.139594831289862
2012-11-02T19:00:00Z,4.144114338648845
2012-11-02T20:00:00Z,4.120665833278501
2012-11-02T21:00:00Z,4.08013029315961
2012-11-02T22:00:00Z,4.029985200437553
2012-11-02T23:00:00Z,3.9848571610358174
2012-11-03T00:00:00Z,3.974615262573379
2012-11-03T01:00:00Z,3.9714648065947973
2012-11-03T02:00:00Z,3.9634223516010647
2012-11-03T03:00:00Z,3.958412337251927
2012-11-03T04:00:00Z,3.9554124036882645
2012-11-03T05:00:00Z,3.950298022643413
2012-11-03T06:00:00Z,3.929972076679322
2012-11-03T07:00:00Z,3.946439823566476
2012-11-03T08:00:00Z,3.9880289089114593
2012-11-03T09:00:00Z,4.040645161290322
2012-11-03T10:00:00Z,4.109040808292877
2012-11-03T11:00:00Z,4.1667221076442
2012-11-03T12:00:00Z,4.195331078139134
2012-11-03T13:00:00Z,4.174498433646607
2012-11-03T14:00:00Z,4.118768907010393
2012-11-03T15:00:00Z,4.042340336270046
2012-11-03T16:00:00Z,4.01435759382111
2012-11-03T17:00:00Z,4.016803488968698
2012-11-03T18:00:00Z,4.03076328999871
2012-11-03T19:00:00Z,4.042209887698464
2012-11-03T20:00:00Z,4.031541680077246
2012-11-03T21:00:00Z,4.012685802152741
2012-11-03T22:00:00Z,3.9867596040612385
2012-11-03T23:00:00Z,3.960665275406314
2012-11-04T00:00:00Z,3.9331805193581837
2012-11-04T01:00:00Z,3.9116857160702025
2012-11-04T02:00:00Z,3.896233164328595
2012-11-04T03:00:00Z,3.8836697361485766
2012-11-04T04:00:00Z,3.869512835562697
2012-11-04T05:00:00Z,3.85925994392581
2012-11-04T06:00:00Z,3.8375049784013946
2012-11-04T07:00:00Z,3.8469334479899286
2012-11-04T08:00:00Z,3.896475565371575
2012-11-04T09:00:00Z,3.938622142565167
2012-11-04T10:00:00Z,3.933674590961904
2012-11-04T11:00:00Z,3.929478934655079
2012-11-04T12:00:00Z,3.9181707278926465
2012-11-04T13:00:00Z,3.894173972517565
2012-11-04T14:00:00Z,3.8583089480979544
2012-11-04T15:00:00Z,3.8170404680643615
2012-11-04T16:00:00Z,3.7897857920851963
2012-11-04T17:00:00Z,3.7710741811175326
2012-11-04T18:00:00Z,3.7497380631642
2012-11-04T19:00:00Z,3.727754300339268
2012-11-04T20:00:00Z,3.7144890575885197
2012-11-04T21:00:00Z,3.7100882649132156
2012-11-04T22:00:00Z,3.709758625795944
2012-11-04T23:00:00Z,3.711627355695153
2012-11-05T00:00:00Z,3.7158113319489785
2012-11-05T01:00:00Z,3.721220403434241
2012-11-05T02:00:00Z,3.7257584770969654
2012-11-05T03:00:00Z,3.7221050129260367
2012-11-05T04:00:00Z,3.708550450023684
2012-11-05T05:00:00Z,3.6925888803726163
2012-11-05T06:00:00Z,3.6866115313300196
2012-11-05T07:00:00Z,3.748952472165691
2012-11-05T08:00:00Z,3.8330426267633677
2012-11-05T09:00:00Z,3.882225321555867
2012-11-05T10:00:00Z,3.9262765257185817
2012-11-05T11:00:00Z,3.966811286696013
2012-11-05T12:00:00Z,3.947061603907356
2012-11-05T13:00:00Z,3.910952916198324
2012-11-05T14:00:00Z,3.8556961246036847
2012-11-05T15:00:00Z,3.7464856134473856
2012-11-05T16:00:00Z,3.711077533848844
2012-11-05T17:00:00Z,3.697275598453317
2012-11-05T18:00:00Z,3.7040541739361847
2012-11-05T19:00:00Z,3.7157011064637637
2012-11-05T20:00:00Z,3.7063557817493202
2012-11-05T21:00:00Z,3.6543454794760346
2012-11-05T22:00:00Z,3.6231632534999414
2012-11-05T23:00:00Z,3.59168458781362
2012-11-06T00:00:00Z,3.5740576939538307
2012-11-06T01:00:00Z,3.5492462881106226
2012-11-06T02:00:00Z,3.5222000393667585
2012-11-06T03:00:00Z,3.5173537009996605
2012-11-06T04:00:00Z,3.5301411943747705
2012-11-06T05:00:00Z,3.5173537009996605
2012-11-06T06:00:00Z,3.5107486196362028
2012-11-06T07:00:00Z,3.5173537009996605
2012-11-06T08:00:00Z,3.560343357398668
2012-11-06T09:00:00Z,3.62778035217794
2012-11-06T10:00:00Z,3.669869916793624
2012-11-06T11:00:00Z,3.7155908875177985
2012-11-06T12:00:00Z,3.750074845817617
2012-11-06T13:00:00Z,3.7577248455030894
2012-11-06T14:00:00Z,3.7290860375111667
2012-11-06T15:00:00Z,3.6593631317557676
2012-11-06T16:00:00Z,3.695857429481884
2012-11-06T17:00:00Z,3.7511978917105897
2012-11-06T18:00:00Z,3.7973685806099566
2012-11-06T19:00:00Z,3.7790381946539533
2012-11-06T20:00:00Z,3.7469338917140282
2012-11-06T21:00:00Z,3.72310070146237
2012-11-06T22:00:00Z,3.675900927338887
2012-11-06T23:00:00Z,3.603670991685605
2012-11-07T00:00:00Z,3.5461314157914123
2012-11-07T01:00:00Z,3.545228121815918
2012-11-07T02:00:00Z,3.5442250014147487
2012-11-07T03:00:00Z,3.537718530234136
2012-11-07T04:00:00Z,3.5479393853561807
2012-11-07T05:00:00Z,3.5523666373613882
2012-11-07T06:00:00Z,3.5366197978429037
2012-11-07T07:00:00Z,3.5360207768744374
2012-11-07T08:00:00Z,3.582849460827778
2012-11-07T09:00:00Z,3.6917182434423803
2012-11-07T10:00:00Z,3.8062536084353833
2012-11-07T11:00:00Z,3.8774183562915945
2012-11-07T12:00:00Z,3.918293293293291
2012-11-07T13:00:00Z,3.902302252406618
2012-11-07T14:00:00Z,3.794952585815129
2012-11-07T15:00:00Z,3.683467623360586
2012-11-07T16:00:00Z,3.6271500550182436
2012-11-07T17:00:00Z,3.607095548004377
2012-11-07T18:00:00Z,3.6078228059563933
2012-11-07T19:00:00Z,3.6090702163828627
2012-11-07T20:00:00Z,3.6164684143665524
2012-11-07T21:00:00Z,3.6538124963537735
2012-11-07T22:00:00Z,3.718458706881199
2012-11-07T23:00:00Z,3.7725506731319487
2012-11-08T00:00:00Z,3.812045406129221
2012-11-08T01:00:00Z,3.8250832137295
2012-11-08T02:00:00Z,3.829995413545331
2012-11-08T03:00:00Z,3.82018359815792
2012-11-08T04:00:00Z,3.814599384840273
2012-11-08T05:00:00Z,3.8370347679583414
2012-11-08T06:00:00Z,3.8426849096542646
2012-11-08T07:00:00Z,3.8122774446845384
2012-11-08T08:00:00Z,3.8247328244274805
2012-11-08T09:00:00Z,3.885838374437721
2012-11-08T10:00:00Z,3.929355668486105
2012-11-08T11:00:00Z,3.9693253477833736
2012-11-08T12:00:00Z,3.9481813024018155
2012-11-08T13:00:00Z,3.897566743419008
2012-11-08T14:00:00Z,3.835272504592771
2012-11-08T15:00:00Z,3.7715283632422025
2012-11-08T16:00:00Z,3.750973228723722
2012-11-08T17:00:00Z,3.750074845817617
2012-11-08T18:00:00Z,3.7525464349910127
2012-11-08T19:00:00Z,3.749064679297237
2012-11-08T20:00:00Z,3.725093677511452
2012-11-08T21:00:00Z,3.6879140291476546
2012-11-08T22:00:00Z,3.6329359900229137
2012-11-08T23:00:00Z,3.5851054695326114
2012-11-09T00:00:00Z,3.528947739118185
2012-11-09T01:00:00Z,3.4824432149906865
2012-11-09T02:00:00Z,3.4379031151365442
2012-11-09T03:00:00Z,3.4239947516606044
2012-11-09T04:00:00Z,3.405655247417077
2012-11-09T05:00:00Z,3.3784658539216723
2012-11-09T06:00:00Z,3.3498248335249934
2012-11-09T07:00:00Z,3.3372409015825655
2012-11-09T08:00:00Z,3.362774839593007
2012-11-09T09:00:00Z,3.42624251210372
2012-11-09T10:00:00Z,3.4976125987769815
2012-11-09T11:00:00Z,3.5212099063896796
2012-11-09T12:00:00Z,3.5348233434924956
2012-11-09T13:00:00Z,3.536120599610422
2012-11-09T14:00:00Z,3.51547809491735
2012-11-09T15:00:00Z,3.4818624044475306
2012-11-09T16:00:00Z,3.4572603571527147
2012-11-09T17:00:00Z,3.4443313993455584
2012-11-09T18:00:00Z,3.4426274563693835
2012-11-09T19:00:00Z,3.4468904788112296
2012-11-09T20:00:00Z,3.438941357346806
2012-11-09T21:00:00Z,3.4180151171992255
2012-11-09T22:00:00Z,3.365214120681319
2012-11-09T23:00:00Z,3.319640632867781
2012-11-10T00:00:00Z,3.2956219743211967
2012-11-10T01:00:00Z,3.271948384400385
2012-11-10T02:00:00Z,3.2449936530141703
2012-11-10T03:00:00Z,3.218396711202465
2012-11-10T04:00:00Z,3.1315
2012-11-10T05:00:00Z,3.1315
2012-11-10T06:00:00Z,3.1315
2012-11-10T07:00:00Z,3.1315
2012-11-10T08:00:00Z,3.24861247990041
2012-11-10T09:00:00Z,3.3442798024295834
2012-11-10T10:00:00Z,3.4520200628341504
2012-11-10T11:00:00Z,3.5717137154262906
2012-11-10T12:00:00Z,3.652001516079188
2012-11-10T13:00:00Z,3.670730277810336
2012-11-10T14:00:00Z,3.5633818843878027
2012-11-10T15:00:00Z,3.378830384117393
2012-11-10T16:00:00Z,3.3444583878461023
2012-11-10T17:00:00Z,3.31323070412104
2012-11-10T18:00:00Z,3.28473278439188
2012-11-10T19:00:00Z,3.2618942215046474
2012-11-10T20:00:00Z,3.230098764795379
2012-11-10T21:00:00Z,3.1315
2012-11-10T22:00:00Z,3.1315
2012-11-10T23:00:00Z,3.1315
2012-11-11T00:00:00Z,3.2136076761249925
2012-11-11T01:00:00Z,3.2161655583228486
2012-11-11T02:00:00Z,3.222287963367891
2012-11-11T03:00:00Z,3.22527486675078
2012-11-11T04:00:00Z,3.225357915336285
2012-11-11T05:00:00Z,3.227019785655402
2012-11-11T06:00:00Z,3.2308485942739242
2012-11-11T07:00:00Z,3.254605451191309
2012-11-11T08:00:00Z,3.3440119600619336
2012-11-11T09:00:00Z,3.477029840388621
2012-11-11T10:00:00Z,3.646367023754078
2012-11-11T11:00:00Z,3.8045194994532885
2012-11-11T12:00:00Z,3.881022463206819
2012-11-11T13:00:00Z,3.863664404688462
2012-11-11T14:00:00Z,3.6765482829468747
2012-11-11T15:00:00Z,3.4348863355910835
2012-11-11T16:00:00Z,3.35763684125878
2012-11-11T17:00:00Z,3.3290809546590143
2012-11-11T18:00:00Z,3.3530529753459835
2012-11-11T19:00:00Z,3.3762803234501324
2012-11-11T20:00:00Z,3.3582669776669634
2012-11-11T21:00:00Z,3.3660280009674017
2012-11-11T22:00:00Z,3.368924988569432
2012-11-11T23:00:00Z,3.3606095565154375
2012-11-12T00:00:00Z,3.3580869145599324
2012-11-12T01:00:00Z,3.350362425441998
2012-11-12T02:00:00Z,3.340177595264128
2012-11-12T03:00:00Z,3.3297889308309854
2012-11-12T04:00:00Z,3.316739924800083
2012-11-12T05:00:00Z,3.3182335955919338
2012-11-12T06:00:00Z,3.2913787213915953
2012-11-12T07:00:00Z,3.2969231174163665
2012-11-12T08:00:00Z,3.326605407128061
2012-11-12T09:00:00Z,3.410848491449734
2012-11-12T10:00:00Z,3.5882892173713743
2012-11-12T11:00:00Z,3.690521787808258
2012-11-12T12:00:00Z,3.6921535105818557
2012-11-12T13:00:00Z,3.6564789678022
2012-11-12T14:00:00Z,3.564193034372865
2012-11-12T15:00:00Z,3.4685570293246197
2012-11-12T16:00:00Z,3.449453363809105
2012-11-12T17:00:00Z,3.437997474886093
2012-11-12T18:00:00Z,3.4378087605664747
2012-11-12T19:00:00Z,3.425305586699115
2012-11-12T20:00:00Z,3.4283055532747646
2012-11-12T21:00:00Z,3.420441822997735
2012-11-12T22:00:00Z,3.4138231767142693
2012-11-12T23:00:00Z,3.4157781353112817
2012-11-13T00:00:00Z,3.4047295460723
2012-11-13T01:00:00Z,3.3927410617551446
2012-11-13T02:00:00Z,3.3927410617551446
2012-11-13T03:00:00Z,3.3923735239952353
2012-11-13T04:00:00Z,3.3801068595175137
2012-11-13T05:00:00Z,3.371101003848536
2012-11-13T06:00:00Z,3.3751886182366864
2012-11-13T07:00:00Z,3.4088991699550952
2012-11-13T08:00:00Z,3.4815720718216676
2012-11-13T09:00:00Z,3.5944674012855815
2012-11-13T10:00:00Z,3.7467097391720485
2012-11-13T11:00:00Z,3.866049382716052
2012-11-13T12:00:00Z,3.936889084451707
2012-11-13T13:00:00Z,3.9209916734489414
2012-11-13T14:00:00Z,3.681086164335251
2012-11-13T15:00:00Z,3.430746898195062
2012-11-13T16:00:00Z,3.3873279428865044
2012-11-13T17:00:00Z,3.36992198009147
2012-11-13T18:00:00Z,3.34508358703199
2012-11-13T19:00:00Z,3.3234279649774474
2012-11-13T20:00:00Z,3.3344868893917208
2012-11-13T21:00:00Z,3.323780714323623
2012-11-13T22:00:00Z,3.31323070412104
2012-11-13T23:00:00Z,3.270410694237749
2012-11-14T00:00:00Z,3.2944085003419077
2012-11-14T01:00:00Z,3.276398734011666
2012-11-14T02:00:00Z,3.2611299140848713
2012-11-14T03:00:00Z,3.2575678768334546
2012-11-14T04:00:00Z,3.268874448706906
2012-11-14T05:00:00Z,3.2922438037164534
2012-11-14T06:00:00Z,3.322987133572092
2012-11-14T07:00:00Z,3.363677864604315
2012-11-14T08:00:00Z,3.426711167040545
2012-11-14T09:00:00Z,3.5174524725506173
2012-11-14T10:00:00Z,3.626414985090183
2012-11-14T11:00:00Z,3.7258693000981555
2012-11-14T12:00:00Z,3.775620930793346
2012-11-14T13:00:00Z,3.800248778859863
2012-11-14T14:00:00Z,3.7992114043069423
2012-11-14T15:00:00Z,3.777214884506365
2012-11-14T16:00:00Z,3.775620930793346
2012-11-14T17:00:00Z,3.799672389734877
2012-11-14T18:00:00Z,3.8207662274280145
2012-11-14T19:00:00Z,3.8294099663711423
2012-11-14T20:00:00Z,3.830112524461838
2012-11-14T21:00:00Z,3.835389938454944
2012-11-14T22:00:00Z,3.844218021114657
2012-11-14T23:00:00Z,3.8481152652760295
2012-11-15T00:00:00Z,3.8412708148057306
2012-11-15T01:00:00Z,3.845634287117769
2012-11-15T02:00:00Z,3.856764579099697
2012-11-15T03:00:00Z,3.803595287258591
2012-11-15T04:00:00Z,3.7497380631642
2012-11-15T05:00:00Z,3.7537834517066706
2012-11-15T06:00:00Z,3.7705066072664875
2012-11-15T07:00:00Z,3.8126255554879176
2012-11-15T08:00:00Z,3.851072987763634
2012-11-15T09:00:00Z,3.924185463659146
2012-11-15T10:00:00Z,4.031152447462429
2012-11-15T11:00:00Z,4.10070058272769
2012-11-15T12:00:00Z,4.006781395943957
2012-11-15T13:00:00Z,3.8137863841188655
2012-11-15T14:00:00Z,3.6642873859115346
2012-11-15T15:00:00Z,3.5798799657044857
2012-11-15T16:00:00Z,3.5435231548275774
2012-11-15T17:00:00Z,3.5186381639933715
2012-11-15T18:00:00Z,3.47163326958787
2012-11-15T19:00:00Z,3.41484692347537
2012-11-15T20:00:00Z,3.364852522430559
2012-11-15T21:00:00Z,3.3411576420378757
2012-11-15T22:00:00Z,3.334309367263821
2012-11-15T23:00:00Z,3.3094665645063284
2012-11-16T00:00:00Z,3.33368818864108
2012-11-16T01:00:00Z,3.2353548920343003
2012-11-16T02:00:00Z,3.256890275611026
2012-11-16T03:00:00Z,3.274685629133881
2012-11-16T04:00:00Z,3.2371943970641426
2012-11-16T05:00:00Z,3.2274355208574903
2012-11-16T06:00:00Z,3.2312653166516196
2012-11-16T07:00:00Z,3.251310803094013
2012-11-16T08:00:00Z,3.303182932939533
2012-11-16T09:00:00Z,3.3909959663228544
2012-11-16T10:00:00Z,3.5467338675425424
2012-11-16T11:00:00Z,3.6538124963537735
2012-11-16T12:00:00Z,3.7109675890264833
2012-11-16T13:00:00Z,3.711297443038727
2012-11-16T14:00:00Z,3.697712177121771
2012-11-16T15:00:00Z,3.7229900430970444
2012-11-16T16:00:00Z,3.7672180451127817
2012-11-16T17:00:00Z,3.7965629072833633
2012-11-16T18:00:00Z,3.8177384943614747
2012-11-16T19:00:00Z,3.8207662274280145
2012-11-16T20:00:00Z,3.8059066601847373
2012-11-16T21:00:00Z,3.804172867251797
2012-11-16T22:00:00Z,3.7986353297952964
2012-11-16T23:00:00Z,3.7812056630543047
2012-11-17T00:00:00Z,3.7599807888575345
2012-11-17T01:00:00Z,3.748952472165691
2012-11-17T02:00:00Z,3.7552464324259507
2012-11-17T03:00:00Z,3.7665383690161205
2012-11-17T04:00:00Z,3.771869071637206
2012-11-17T05:00:00Z,3.7617874947444285
2012-11-17T06:00:00Z,3.74368630263905
2012-11-17T07:00:00Z,3.750074845817617
2012-11-17T08:00:00Z,3.8383281240424076
2012-11-17T09:00:00Z,3.912540996407935
2012-11-17T10:00:00Z,4.044689851141465
2012-11-17T11:00:00Z,4.218076508620686
2012-11-17T12:00:00Z,4.316184831673613
2012-11-17T13:00:00Z,4.2747935294519115
2012-11-17T14:00:00Z,4.16547504239965
2012-11-17T15:00:00Z,4.114169349011361
2012-11-17T16:00:00Z,3.981437335113313
2012-11-17T17:00:00Z,3.7422323135755278
2012-11-17T18:00:00Z,3.6211731375213194
2012-11-17T19:00:00Z,3.5623684659575696
2012-11-17T20:00:00Z,3.4983940790392394
2012-11-17T21:00:00Z,3.461177120751589
2012-11-17T22:00:00Z,3.429431895961672
2012-11-17T23:00:00Z,3.4169894702384185
2012-11-18T00:00:00Z,3.4053774841638784
2012-11-18T01:00:00Z,3.356287344926446
2012-11-18T02:00:00Z,3.3451729202830824
2012-11-18T03:00:00Z,3.349108312611961
2012-11-18T04:00:00Z,3.3750067360025886
2012-11-18T05:00:00Z,3.417921851124206
2012-11-18T06:00:00Z,3.4830242193365377
2012-11-18T07:00:00Z,3.5749757406244633
2012-11-18T08:00:00Z,3.691065535124943
2012-11-18T09:00:00Z,3.7669914591603497
2012-11-18T10:00:00Z,3.8276546982429305
2012-11-18T11:00:00Z,3.8900621118012433
2012-11-18T12:00:00Z,3.9277539117619362
2012-11-18T13:00:00Z,3.91988734157409
2012-11-18T14:00:00Z,3.854035260453527
2012-11-18T15:00:00Z,3.758063064414507
2012-11-18T16:00:00Z,3.6801128184035043
2012-11-18T17:00:00Z,3.607199424046074
2012-11-18T18:00:00Z,3.5523666373613882
2012-11-18T19:00:00Z,3.523091635259045
2012-11-18T20:00:00Z,3.500349308369426
2012-11-18T21:00:00Z,3.4763543516873905
2012-11-18T22:00:00Z,3.4608902273920386
2012-11-18T23:00:00Z,3.4675008304728134
2012-11-19T00:00:00Z,3.4784782004998616
2012-11-19T01:00:00Z,3.4783816056205024
2012-11-19T02:00:00Z,3.4726919878014977
2012-11-19T03:00:00Z,3.4767403130898167
2012-11-19T04:00:00Z,3.467596821969383
2012-11-19T05:00:00Z,3.448693593238069
2012-11-19T06:00:00Z,3.4452787633743127
2012-11-19T07:00:00Z,3.493612985998774
2012-11-19T08:00:00Z,3.6054343445973154
2012-11-19T09:00:00Z,3.695639346196966
2012-11-19T10:00:00Z,3.744581626857191
2012-11-19T11:00:00Z,3.775620930793346
2012-11-19T12:00:00Z,3.78154812220746
2012-11-19T13:00:00Z,3.755584205318861
2012-11-19T14:00:00Z,3.678167669945675
2012-11-19T15:00:00Z,3.602220113306298
2012-11-19T16:00:00Z,3.577732712576045
2012-11-19T17:00:00Z,3.5692711004730158
2012-11-19T18:00:00Z,3.5432224485177666
2012-11-19T19:00:00Z,3.5189347117653664
2012-11-19T20:00:00Z,3.5208140090507913
2012-11-19T21:00:00Z,3.5367196544032553
2012-11-19T22:00:00Z,3.5399180443690836
2012-11-19T23:00:00Z,3.5461314157914123
2012-11-20T00:00:00Z,3.5559971611071655
2012-11-20T01:00:00Z,3.563179154577004
2012-11-20T02:00:00Z,3.5734459247425328
2012-11-20T03:00:00Z,3.5873643211043356
2012-11-20T04:00:00Z,3.625680213036934
2012-11-20T05:00:00Z,3.6681504041232253
2012-11-20T06:00:00Z,3.704930639770472
2012-11-20T07:00:00Z,3.756935904741908
2012-11-20T08:00:00Z,3.8383281240424076
2012-11-20T09:00:00Z,3.912296592435269
2012-11-20T10:00:00Z,3.990951379595995
2012-11-20T11:00:00Z,4.057266867489393
2012-11-20T12:00:00Z,4.08066197550169
2012-11-20T13:00:00Z,4.06055497925311
2012-11-20T14:00:00Z,4.014743589743591
2012-11-20T15:00:00Z,3.9785287765214097
2012-11-20T16:00:00Z,3.973606572978457
2012-11-20T17:00:00Z,3.9658065537438683
2012-11-20T18:00:00Z,3.961416824794433
2012-11-20T19:00:00Z,3.959663653031546
2012-11-20T20:00:00Z,3.942465063577994
2012-11-20T21:00:00Z,3.9244313553480783
2012-11-20T22:00:00Z,3.9013299280530687
2012-11-20T23:00:00Z,3.881864385769186
2012-11-21T00:00:00Z,3.86485652576365
2012-11-21T01:00:00Z,3.8466971716365213
2012-11-21T02:00:00Z,3.8297612131959524
2012-11-21T03:00:00Z,3.822865165110173
2012-11-21T04:00:00Z,3.8027869698533627
2012-11-21T05:00:00Z,3.78154812220746
2012-11-21T06:00:00Z,3.7647270978600633
2012-11-21T07:00:00Z,3.7525464349910127
2012-11-21T08:00:00Z,3.7799505099885353
2012-11-21T09:00:00Z,3.844689993861266
2012-11-21T10:00:00Z,3.9490526183044867
2012-11-21T11:00:00Z,4.053590498689361
2012-11-21T12:00:00Z,4.11619729880714
2012-11-21T13:00:00Z,4.0935978299944455
2012-11-21T14:00:00Z,3.965304378106303
2012-11-21T15:00:00Z,3.879099439472299
2012-11-21T16:00:00Z,3.8807819809771678
2012-11-21T17:00:00Z,3.875019334880125
2012-11-21T18:00:00Z,3.890182924935555
2012-11-21T19:00:00Z,3.8961119751166433
2012-11-21T20:00:00Z,3.8840310077519375
2012-11-21T21:00:00Z,3.9026669990029905
2012-11-21T22:00:00Z,3.899872349699551
2012-11-21T23:00:00Z,3.8784988853108753
2012-11-22T00:00:00Z,3.8490612420489803
2012-11-22T01:00:00Z,3.8033643043663052
2012-11-22T02:00:00Z,3.750299401197607
2012-11-22T03:00:00Z,3.7076722708974668
2012-11-22T04:00:00Z,3.674822507774451
2012-11-22T05:00:00Z,3.653599346633999
2012-11-22T06:00:00Z,3.6472163987887263
2012-11-22T07:00:00Z,3.6441392953771863
2012-11-22T08:00:00Z,3.6620377137845357
2012-11-22T09:00:00Z,3.701864822531549
2012-11-22T10:00:00Z,3.752658857365407
2012-11-22T11:00:00Z,3.7946076946379894
2012-11-22T12:00:00Z,3.8116974012537246
2012-11-22T13:00:00Z,3.807179113096865
2012-11-22T14:00:00Z,3.720778256349322
2012-11-22T15:00:00Z,3.5785504099648615
2012-11-22T16:00:00Z,3.4764508340040514
2012-11-22T17:00:00Z,3.4046370036150146
2012-11-22T18:00:00Z,3.360339092177271
2012-11-22T19:00:00Z,3.3400885286118065
2012-11-22T20:00:00Z,3.327489108490064
2012-11-22T21:00:00Z,3.3304086570418234
2012-11-22T22:00:00Z,3.3432086903141442
2012-11-22T23:00:00Z,3.336974185470338
2012-11-23T00:00:00Z,3.3298774490257044
2012-11-23T01:00:00Z,3.3253690134862475
2012-11-23T02:00:00Z,3.320080576759965
2012-11-23T03:00:00Z,3.320344599072231
2012-11-23T04:00:00Z,3.3276659051059987
2012-11-23T05:00:00Z,3.3320919344541404
2012-11-23T06:00:00Z,3.3325351850373806
2012-11-23T07:00:00Z,3.3381302632981553
2012-11-23T08:00:00Z,3.3767354090847794
2012-11-23T09:00:00Z,3.4341329677861525
2012-11-23T10:00:00Z,3.4990781607911052
2012-11-23T11:00:00Z,3.574363657116769
2012-11-23T12:00:00Z,3.62830576716971
2012-11-23T13:00:00Z,3.635783118541739
2012-11-23T14:00:00Z,3.5566029699877912
2012-11-23T15:00:00Z,3.4737513519509666
2012-11-23T16:00:00Z,3.475293399550536
2012-11-23T17:00:00Z,3.4855441467011703
2012-11-23T18:00:00Z,3.481475305039052
2012-11-23T19:00:00Z,3.4545905844066285
2012-11-23T20:00:00Z,3.4268986649157345
2012-11-23T21:00:00Z,3.405470066880541
2012-11-23T22:00:00Z,3.393936109681092
2012-11-23T23:00:00Z,3.387694388100065
2012-11-24T00:00:00Z,3.385496905321763
2012-11-24T01:00:00Z,3.3743703025241794
2012-11-24T02:00:00Z,3.350900189936066
2012-11-24T03:00:00Z,3.3338656446289785
2012-11-24T04:00:00Z,3.322722690858933
2012-11-24T05:00:00Z,3.3057982106568824
2012-11-24T06:00:00Z,3.2921572750210255
2012-11-24T07:00:00Z,3.296576045477273
2012-11-24T08:00:00Z,3.328904007653876
2012-11-24T09:00:00Z,3.3720085067434793
2012-11-24T10:00:00Z,3.417548837716906
2012-11-24T11:00:00Z,3.458978819760857
2012-11-24T12:00:00Z,3.4850592621445653
2012-11-24T13:00:00Z,3.490886795607825
2012-11-24T14:00:00Z,3.474522204654518
2012-11-24T15:00:00Z,3.451259161293879
2012-11-24T16:00:00Z,3.4372427418912235
2012-11-24T17:00:00Z,3.427086183310532
2012-11-24T18:00:00Z,3.422030379193532
2012-11-24T19:00:00Z,3.4193213769006103
2012-11-24T20:00:00Z,3.416803055100925
2012-11-24T21:00:00Z,3.414660742033095
2012-11-24T22:00:00Z,3.41484692347537
2012-11-24T23:00:00Z,3.414009266830199
2012-11-25T00:00:00Z,3.412800043593169
2012-11-25T01:00:00Z,3.4157781353112817
2012-11-25T02:00:00Z,3.412149278125853
2012-11-25T03:00:00Z,3.413265028066926
2012-11-25T04:00:00Z,3.423246153425705
2012-11-25T05:00:00Z,3.4379031151365442
2012-11-25T06:00:00Z,3.4470801915350298
2012-11-25T07:00:00Z,3.458596791561975
2012-11-25T08:00:00Z,3.4791545149015373
2012-11-25T09:00:00Z,3.5055412515392335
2012-11-25T10:00:00Z,3.5323312935337396
2012-11-25T11:00:00Z,3.567238138634165
2012-11-25T12:00:00Z,3.601391564359851
2012-11-25T13:00:00Z,3.6129218344389944
2012-11-25T14:00:00Z,3.6059533062728475
2012-11-25T15:00:00Z,3.6038783554391913
2012-11-25T16:00:00Z,3.608446403364731
2012-11-25T17:00:00Z,3.6110470479704806
2012-11-25T18:00:00Z,3.6150072150072172
2012-11-25T19:00:00Z,3.623897005641545
2012-11-25T20:00:00Z,3.637472412591476
2012-11-25T21:00:00Z,3.6556252736028028
2012-11-25T22:00:00Z,3.668257826456205
2012-11-25T23:00:00Z,3.670515149739204
2012-11-26T00:00:00Z,3.6625730994152055
2012-11-26T01:00:00Z,3.6479599266097806
2012-11-26T02:00:00Z,3.622639326720074
2012-11-26T03:00:00Z,3.5925086758252767
2012-11-26T04:00:00Z,3.5749757406244633
2012-11-26T05:00:00Z,3.5582194699315424
2012-11-26T06:00:00Z,3.5427213847328645
2012-11-26T07:00:00Z,3.540218190040133
2012-11-26T08:00:00Z,3.565410452009563
2012-11-26T09:00:00Z,3.6116717605674395
2012-11-26T10:00:00Z,3.6546653439925305
2012-11-26T11:00:00Z,3.680869820746403
2012-11-26T12:00:00Z,3.6868285504047065
2012-11-26T13:00:00Z,3.6784917185481003
2012-11-26T14:00:00Z,3.65979080231403
2012-11-26T15:00:00Z,3.6391632771644375
2012-11-26T16:00:00Z,3.629462216040797
2012-11-26T17:00:00Z,3.628095582910936
2012-11-26T18:00:00Z,3.631461455947584
2012-11-26T19:00:00Z,3.625680213036934
2012-11-26T20:00:00Z,3.6061609327767363
2012-11-26T21:00:00Z,3.5898317714154726
2012-11-26T22:00:00Z,3.576813249571675
2012-11-26T23:00:00Z,3.569067700022794
2012-11-27T00:00:00Z,3.5659179548495445
2012-11-27T01:00:00Z,3.575383912770452
2012-11-27T02:00:00Z,3.589626020919904
2012-11-27T03:00:00Z,3.600666896631021
2012-11-27T04:00:00Z,3.6052268017499394
2012-11-27T05:00:00Z,3.6162595992840254
2012-11-27T06:00:00Z,3.6445634147051087
2012-11-27T07:00:00Z,3.675900927338887
2012-11-27T08:00:00Z,3.729752262982372
2012-11-27T09:00:00Z,3.812857664677952
2012-11-27T10:00:00Z,3.930958732151262
2012-11-27T11:00:00Z,4.056872651897917
2012-11-27T12:00:00Z,4.1432918761577175
2012-11-27T13:00:00Z,4.140415826529602
2012-11-27T14:00:00Z,4.0762797357545
2012-11-27T15:00:00Z,4.023512784273415
2012-11-27T16:00:00Z,3.9811842481645074
2012-11-27T17:00:00Z,3.948928121059265
2012-11-27T18:00:00Z,3.930712021840773
2012-11-27T19:00:00Z,3.9190288467555234
2012-11-27T20:00:00Z,3.908634193528252
2012-11-27T21:00:00Z,3.89853719265484
2012-11-27T22:00:00Z,3.8757387295398966
2012-11-27T23:00:00Z,3.8085682142965718
2012-11-28T00:00:00Z,3.7325307667093743
2012-11-28T01:00:00Z,3.6687950325112766
2012-11-28T02:00:00Z,3.620963778799177
2012-11-28T03:00:00Z,3.5842847740864734
2012-11-28T04:00:00Z,3.5167611881632883
2012-11-28T05:00:00Z,3.478961255381197
2012-11-28T06:00:00Z,3.4480290684871195
2012-11-28T07:00:00Z,3.4214695438404794
2012-11-28T08:00:00Z,3.415219347274857
2012-11-28T09:00:00Z,3.431592789436194
2012-11-28T10:00:00Z,3.459647572225596
2012-11-28T11:00:00Z,3.470286743316246
2012-11-28T12:00:00Z,3.4729808412121876
2012-11-28T13:00:00Z,3.4663493469116644
2012-11-28T14:00:00Z,3.450783768147885
2012-11-28T15:00:00Z,3.4033419372367875
2012-11-28T16:00:00Z,3.352783725910063
2012-11-28T17:00:00Z,3.306059966216218
2012-11-28T18:00:00Z,3.2632538752116718
2012-11-28T19:00:00Z,3.22710292412727
2012-11-28T20:00:00Z,3.1315
2012-11-28T21:00:00Z,3.1315
2012-11-28T22:00:00Z,3.1315
2012-11-28T23:00:00Z,3.1315
2012-11-29T00:00:00Z,3.1315
2012-11-29T01:00:00Z,3.1315
2012-11-29T02:00:00Z,3.1315
2012-11-29T03:00:00Z,3.1315
2012-11-29T04:00:00Z,3.051772444877572
2012-11-29T05:00:00Z,3.1315
2012-11-29T06:00:00Z,3.1315
2012-11-29T07:00:00Z,3.1315
2012-11-29T08:00:00Z,3.2510576448908615
2012-11-29T09:00:00Z,3.4151262337095805
2012-11-29T10:00:00Z,3.5433226782834994
2012-11-29T11:00:00Z,3.595189575500128
2012-11-29T12:00:00Z,3.577834904313054
2012-11-29T13:00:00Z,3.5235871613828817
2012-11-29T14:00:00Z,3.421936893866956
2012-11-29T15:00:00Z,3.3430302383303534
2012-11-29T16:00:00Z,3.3144580863674875
2012-11-29T17:00:00Z,3.3003109026716544
2012-11-29T18:00:00Z,3.2955352679628493
2012-11-29T19:00:00Z,3.2907734342160553
2012-11-29T20:00:00Z,3.2860253416931164
2012-11-29T21:00:00Z,3.2810330827461542
2012-11-29T22:00:00Z,3.2665727846450734
2012-11-29T23:00:00Z,3.2519016589215703
2012-11-30T00:00:00Z,3.2392035169381934
2012-11-30T01:00:00Z,3.22593937520925
2012-11-30T02:00:00Z,3.2160829824381243
2012-11-30T03:00:00Z,3.1315
2012-11-30T04:00:00Z,3.1315
2012-11-30T05:00:00Z,3.2122066931657898
2012-11-30T06:00:00Z,3.1315
2012-11-30T07:00:00Z,3.1315
2012-11-30T08:00:00Z,3.2495395231794926
2012-11-30T09:00:00Z,3.3027474555713767
2012-11-30T10:00:00Z,3.3407120949459923
2012-11-30T11:00:00Z,3.3662089167181732
2012-11-30T12:00:00Z,3.376462342983448
2012-11-30T13:00:00Z,3.36006867136994
2012-11-30T14:00:00Z,3.322634552640652
2012-11-30T15:00:00Z,3.301006693722656
2012-11-30T16:00:00Z,3.299441576230113
2012-11-30T17:00:00Z,3.2944951474185302
2012-11-30T18:00:00Z,3.290600535911314
2012-11-30T19:00:00Z,3.2873189166491716
2012-11-30T20:00:00Z,3.2830109556009854
2012-11-30T21:00:00Z,3.2745144171698963
2012-11-30T22:00:00Z,3.2658914324451174
2012-11-30T23:00:00Z,3.27032530938332
2012-12-01T00:00:00Z,3.265465731640555
2012-12-01T01:00:00Z,3.25833051530838
2012-12-01T02:00:00Z,3.2624039588488096
2012-12-01T03:00:00Z,3.281376889424462
2012-12-01T04:00:00Z,3.3004848229342327
2012-12-01T05:00:00Z,3.3257221750212413
2012-12-01T06:00:00Z,3.3725532430467657
2012-12-01T07:00:00Z,3.395960417513895
2012-12-01T08:00:00Z,3.4353573583456756
2012-12-01T09:00:00Z,3.494197723722382
2012-12-01T10:00:00Z,3.5602421624079814
2012-12-01T11:00:00Z,3.5964282638031513
2012-12-01T12:00:00Z,3.5975644781434903
2012-12-01T13:00:00Z,3.563787413224078
2012-12-01T14:00:00Z,3.491178683909806
2012-12-01T15:00:00Z,3.4312167862817096
2012-12-01T16:00:00Z,3.396236646602678
2012-12-01T17:00:00Z,3.37864810918703
2012-12-01T18:00:00Z,3.361060427176132
2012-12-01T19:00:00Z,3.251310803094013
2012-12-01T20:00:00Z,3.1315
2012-12-01T21:00:00Z,3.1315
2012-12-01T22:00:00Z,3.026188635485118
2012-12-01T23:00:00Z,2.994644735583821
2012-12-02T00:00:00Z,2.976357371985269
2012-12-02T01:00:00Z,2.97331940751994
2012-12-02T02:00:00Z,2.963120668038699
2012-12-02T03:00:00Z,2.959410291546565
2012-12-02T04:00:00Z,2.957663337347406
2012-12-02T05:00:00Z,2.9596200647402133
2012-12-02T06:00:00Z,2.9781972942770847
2012-12-02T07:00:00Z,3.0220999806987083
2012-12-02T08:00:00Z,3.1315
2012-12-02T09:00:00Z,3.1315
2012-12-02T10:00:00Z,3.1315
2012-12-02T11:00:00Z,3.22693665146714
2012-12-02T12:00:00Z,3.226604157543595
2012-12-02T13:00:00Z,3.2405443162415275
2012-12-02T14:00:00Z,3.290081949989493
2012-12-02T15:00:00Z,3.361691849386756
2012-12-02T16:00:00Z,3.4255866105125
2012-12-02T17:00:00Z,3.450498595118724
2012-12-02T18:00:00Z,3.4581193749654924
2012-12-02T19:00:00Z,3.4882619955999896
2012-12-02T20:00:00Z,3.5507554497264517
2012-12-02T21:00:00Z,3.5980811765719714
2012-12-02T22:00:00Z,3.62410670370049
2012-12-02T23:00:00Z,3.6261000463177413
2012-12-03T00:00:00Z,3.6037746705794365
2012-12-03T01:00:00Z,3.5913756522736406
2012-12-03T02:00:00Z,3.5609506481692073
2012-12-03T03:00:00Z,3.540218190040133
2012-12-03T04:00:00Z,3.521704903283852
2012-12-03T05:00:00Z,3.5045604610821983
2012-12-03T06:00:00Z,3.488650605765216
2012-12-03T07:00:00Z,3.477512493059413
2012-12-03T08:00:00Z,3.483702302814549
2012-12-03T09:00:00Z,3.510551834309578
2012-12-03T10:00:00Z,3.5473365240293413
2012-12-03T11:00:00Z,3.5790616606663246
2012-12-03T12:00:00Z,3.5984946421902353
2012-12-03T13:00:00Z,3.587672566878617
2012-12-03T14:00:00Z,3.530539192198203
2012-12-03T15:00:00Z,3.4926388579076533
2012-12-03T16:00:00Z,3.4616553820643907
2012-12-03T17:00:00Z,3.4373370653933777
2012-12-03T18:00:00Z,3.423901158976601
2012-12-03T19:00:00Z,3.398448098106245
2012-12-03T20:00:00Z,3.373098155379023
2012-12-03T21:00:00Z,3.349108312611961
2012-12-03T22:00:00Z,3.2992677658958005
2012-12-03T23:00:00Z,3.2622340287001594
2012-12-04T00:00:00Z,3.2587543576668927
2012-12-04T01:00:00Z,3.254013612511038
2012-12-04T02:00:00Z,3.258415274959679
2012-12-04T03:00:00Z,3.257483161261802
2012-12-04T04:00:00Z,3.2624039588488096
2012-12-04T05:00:00Z,3.2640191786533266
2012-12-04T06:00:00Z,3.2623189915616195
2012-12-04T07:00:00Z,3.259687199104794
2012-12-04T08:00:00Z,3.25705964948775
2012-12-04T09:00:00Z,3.2638490802022
2012-12-04T10:00:00Z,3.3378634050150566
2012-12-04T11:00:00Z,3.436394063263008
2012-12-04T12:00:00Z,3.493125854039434
2012-12-04T13:00:00Z,3.4680768591837867
2012-12-04T14:00:00Z,3.333155934007452
2012-12-04T15:00:00Z,3.2600265465996925
2012-12-04T16:00:00Z,3.22593937520925
2012-12-04T17:00:00Z,3.1315
2012-12-04T18:00:00Z,3.1315
2012-12-04T19:00:00Z,3.1315
2012-12-04T20:00:00Z,3.1315
2012-12-04T21:00:00Z,3.1315
2012-12-04T22:00:00Z,3.1315
2012-12-04T23:00:00Z,3.1315
2012-12-05T00:00:00Z,3.1315
2012-12-05T01:00:00Z,3.1315
2012-12-05T02:00:00Z,3.1315
2012-12-05T03:00:00Z,3.1315
2012-12-05T04:00:00Z,3.1315
2012-12-05T05:00:00Z,3.238031227380827
2012-12-05T06:00:00Z,3.283527314669181
2012-12-05T07:00:00Z,3.311041209590017
2012-12-05T08:00:00Z,3.3310286139772374
2012-12-05T09:00:00Z,3.360519396898642
2012-12-05T10:00:00Z,3.3950399783168463
2012-12-05T11:00:00Z,3.4280240831964948
2012-12-05T12:00:00Z,3.450973909689503
2012-12-05T13:00:00Z,3.459647572225596
2012-12-05T14:00:00Z,3.4568787084310735
2012-12-05T15:00:00Z,3.450973909689503
2012-12-05T16:00:00Z,3.45087883629952
2012-12-05T17:00:00Z,3.4541142731083156
2012-12-05T18:00:00Z,3.445847431982614
2012-12-05T19:00:00Z,3.4439525995985827
2012-12-05T20:00:00Z,3.4572603571527147
2012-12-05T21:00:00Z,3.482055986434269
2012-12-05T22:00:00Z,3.512422186080424
2012-12-05T23:00:00Z,3.5490451634838798
2012-12-06T00:00:00Z,3.587672566878617
2012-12-06T01:00:00Z,3.6167816822106102
2012-12-06T02:00:00Z,3.6298829256983907
2012-12-06T03:00:00Z,3.637578045593146
2012-12-06T04:00:00Z,3.6420201785247026
2012-12-06T05:00:00Z,3.638000638959079
2012-12-06T06:00:00Z,3.6352555358853067
2012-12-06T07:00:00Z,3.6948762573375404
2012-12-06T08:00:00Z,3.831870048028386
2012-12-06T09:00:00Z,3.9041266674978177
2012-12-06T10:00:00Z,3.881142715498543
2012-12-06T11:00:00Z,3.872503555308229
2012-12-06T12:00:00Z,3.8835493272152264
2012-12-06T13:00:00Z,3.864021963784437
2012-12-06T14:00:00Z,3.788983332829181
2012-12-06T15:00:00Z,3.729752262982372
2012-12-06T16:00:00Z,3.702740252446125
2012-12-06T17:00:00Z,3.681086164335251
2012-12-06T18:00:00Z,3.6929154751024518
2012-12-06T19:00:00Z,3.664823429591272
2012-12-06T20:00:00Z,3.6542388704125073
2012-12-06T21:00:00Z,3.6762245766442656
2012-12-06T22:00:00Z,3.718017215791036
2012-12-06T23:00:00Z,3.7676712988028656
2012-12-07T00:00:00Z,3.7706201083684494
2012-12-07T01:00:00Z,3.7255368508714515
2012-12-07T02:00:00Z,3.6677207776996967
2012-12-07T03:00:00Z,3.6819517930629058
2012-12-07T04:00:00Z,3.715039890856246
2012-12-07T05:00:00Z,3.7534460026369394
2012-12-07T06:00:00Z,3.7713012585054493
2012-12-07T07:00:00Z,3.784404362669568
2012-12-07T08:00:00Z,3.8129737298712367
2012-12-07T09:00:00Z,3.8399754751686075
2012-12-07T10:00:00Z,3.8559335077728165
2012-12-07T11:00:00Z,3.8780185758513914
2012-12-07T12:00:00Z,3.9263995987712383
2012-12-07T13:00:00Z,3.986505840043284
2012-12-07T14:00:00Z,4.007935238217133
2012-12-07T15:00:00Z,3.9904428161834993
2012-12-07T16:00:00Z,3.9391175823139117
2012-12-07T17:00:00Z,3.8655721515862242
2012-12-07T18:00:00Z,3.77789841959223
2012-12-07T19:00:00Z,3.702959174623821
2012-12-07T20:00:00Z,3.64700401793513
2012-12-07T21:00:00Z,3.604500589911084
2012-12-07T22:00:00Z,3.58233712749528
2012-12-07T23:00:00Z,3.567949411798214
2012-12-08T00:00:00Z,3.5677461619527775
2012-12-08T01:00:00Z,3.5699831846552863
2012-12-08T02:00:00Z,3.5625711035267322
2012-12-08T03:00:00Z,3.5331283671339544
2012-12-08T04:00:00Z,3.5135059325124107
2012-12-08T05:00:00Z,3.5285501000028145
2012-12-08T06:00:00Z,3.5380183030166084
2012-12-08T07:00:00Z,3.503188276093525
2012-12-08T08:00:00Z,3.5208140090507913
2012-12-08T09:00:00Z,3.6023237087311637
2012-12-08T10:00:00Z,3.7001152039701046
2012-12-08T11:00:00Z,3.7698257441237573
2012-12-08T12:00:00Z,3.797023250174303
2012-12-08T13:00:00Z,3.788639525739518
2012-12-08T14:00:00Z,3.734088537785063
2012-12-08T15:00:00Z,3.677627715795654
2012-12-08T16:00:00Z,3.6551985759724523
2012-12-08T17:00:00Z,3.6320932525299363
2012-12-08T18:00:00Z,3.590037545498837
2012-12-08T19:00:00Z,3.5458302666591153
2012-12-08T20:00:00Z,3.499664729548505
2012-12-08T21:00:00Z,3.4612727624416237
2012-12-08T22:00:00Z,3.4414924306948382
2012-12-08T23:00:00Z,3.4209088922875255
2012-12-09T00:00:00Z,3.419228039526122
2012-12-09T01:00:00Z,3.423901158976601
2012-12-09T02:00:00Z,3.4007547579616078
2012-12-09T03:00:00Z,3.379194992985865
2012-12-09T04:00:00Z,3.3493769720305875
2012-12-09T05:00:00Z,3.289390756302522
2012-12-09T06:00:00Z,3.1315
2012-12-09T07:00:00Z,3.1315
2012-12-09T08:00:00Z,3.1315
2012-12-09T09:00:00Z,3.378101402373248
2012-12-09T10:00:00Z,3.4978079361090186
2012-12-09T11:00:00Z,3.5657149363773497
2012-12-09T12:00:00Z,3.5684576377414414
2012-12-09T13:00:00Z,3.430746898195062
2012-12-09T14:00:00Z,3.250214068865306
2012-12-09T15:00:00Z,3.1315
2012-12-09T16:00:00Z,3.22893305493259
2012-12-09T17:00:00Z,3.258500039020839
2012-12-09T18:00:00Z,3.2774274575472937
2012-12-09T19:00:00Z,3.228433722518623
2012-12-09T20:00:00Z,3.1315
2012-12-09T21:00:00Z,3.1315
2012-12-09T22:00:00Z,3.1315
2012-12-09T23:00:00Z,3.1315
2012-12-10T00:00:00Z,3.1315
2012-12-10T01:00:00Z,3.1315
2012-12-10T02:00:00Z,3.1315
2012-12-10T03:00:00Z,3.220713771469711
2012-12-10T04:00:00Z,3.226853521562163
2012-12-10T05:00:00Z,3.2447414775670924
2012-12-10T06:00:00Z,3.252070514318353
2012-12-10T07:00:00Z,3.2625739067017445
2012-12-10T08:00:00Z,3.2948417813083624
2012-12-10T09:00:00Z,3.3142826903741347
2012-12-10T10:00:00Z,3.319816596432642
2012-12-10T11:00:00Z,3.2850773669027014
2012-12-10T12:00:00Z,3.2278513631912604
2012-12-10T13:00:00Z,3.1315
2012-12-10T14:00:00Z,3.1315
2012-12-10T15:00:00Z,3.1315
2012-12-10T16:00:00Z,3.1315
2012-12-10T17:00:00Z,3.1315
2012-12-10T18:00:00Z,3.22253666066375
2012-12-10T19:00:00Z,3.2241126354533987
2012-12-10T20:00:00Z,3.1315
2012-12-10T21:00:00Z,3.1315
2012-12-10T22:00:00Z,3.1315
2012-12-10T23:00:00Z,3.1315
2012-12-11T00:00:00Z,3.1315
2012-12-11T01:00:00Z,3.1315
2012-12-11T02:00:00Z,3.1315
2012-12-11T03:00:00Z,3.1315
2012-12-11T04:00:00Z,3.1315
2012-12-11T05:00:00Z,3.1315
2012-12-11T06:00:00Z,3.1315
2012-12-11T07:00:00Z,3.1315
2012-12-11T08:00:00Z,3.1315
2012-12-11T09:00:00Z,3.248949525341082
2012-12-11T10:00:00Z,3.312442152584953
2012-12-11T11:00:00Z,3.368019144416662
2012-12-11T12:00:00Z,3.3950399783168463
2012-12-11T13:00:00Z,3.4059330559860794
2012-12-11T14:00:00Z,3.400200874073672
2012-12-11T15:00:00Z,3.391455027887581
2012-12-11T16:00:00Z,3.3751886182366864
2012-12-11T17:00:00Z,3.358897350638209
2012-12-11T18:00:00Z,3.3353747836506447
2012-12-11T19:00:00Z,3.3123545589168626
2012-12-11T20:00:00Z,3.2869738637556414
2012-12-11T21:00:00Z,3.2588391393709175
2012-12-11T22:00:00Z,3.23268297718592
2012-12-11T23:00:00Z,3.230265363488667
2012-12-12T00:00:00Z,3.2218735531663163
2012-12-12T01:00:00Z,3.1315
2012-12-12T02:00:00Z,3.1315
2012-12-12T03:00:00Z,3.1315
2012-12-12T04:00:00Z,3.1315
2012-12-12T05:00:00Z,3.1315
2012-12-12T06:00:00Z,3.1315
2012-12-12T07:00:00Z,3.1315
2012-12-12T08:00:00Z,3.1315
2012-12-12T09:00:00Z,3.1315
2012-12-12T10:00:00Z,3.2456663125437237
2012-12-12T11:00:00Z,3.286283975233499
2012-12-12T12:00:00Z,3.30152872957301
2012-12-12T13:00:00Z,3.26819213609205
2012-12-12T14:00:00Z,3.1315
2012-12-12T15:00:00Z,3.1315
2012-12-12T16:00:00Z,3.1315
2012-12-12T17:00:00Z,3.1315
2012-12-12T18:00:00Z,3.1315
2012-12-12T19:00:00Z,3.0542280308202474
2012-12-12T20:00:00Z,3.003908966641885
2012-12-12T21:00:00Z,3.0057831209656127
2012-12-12T22:00:00Z,2.995360849394998
2012-12-12T23:00:00Z,2.9717674970344023
2012-12-13T00:00:00Z,2.9568953307209274
2012-12-13T01:00:00Z,2.9564068068635065
2012-12-13T02:00:00Z,2.9790472566413757
2012-12-13T03:00:00Z,3.016278173762279
2012-12-13T04:00:00Z,3.043763516633051
2012-12-13T05:00:00Z,3.1315
2012-12-13T06:00:00Z,3.1315
2012-12-13T07:00:00Z,3.1315
2012-12-13T08:00:00Z,3.262828861682731
2012-12-13T09:00:00Z,3.2957086852421917
2012-12-13T10:00:00Z,3.330231568872464
2012-12-13T11:00:00Z,3.3378634050150566
2012-12-13T12:00:00Z,3.327577504449701
2012-12-13T13:00:00Z,3.3003978605116875
2012-12-13T14:00:00Z,3.240209012364839
2012-12-13T15:00:00Z,3.2158352802238688
2012-12-13T16:00:00Z,3.2605357003409967
2012-12-13T17:00:00Z,3.3148966575806513
2012-12-13T18:00:00Z,3.3529632207291606
2012-12-13T19:00:00Z,3.370647435552448
2012-12-13T20:00:00Z,3.3798332478886177
2012-12-13T21:00:00Z,3.358987423238851
2012-12-13T22:00:00Z,3.3003109026716544
2012-12-13T23:00:00Z,3.2494552246549753
2012-12-14T00:00:00Z,3.2510576448908615
2012-12-14T01:00:00Z,3.281119027661359
2012-12-14T02:00:00Z,3.2822367214317523
2012-12-14T03:00:00Z,3.238449804803642
2012-12-14T04:00:00Z,3.1315
2012-12-14T05:00:00Z,3.1315
2012-12-14T06:00:00Z,3.1315
2012-12-14T07:00:00Z,3.1315
2012-12-14T08:00:00Z,3.2594327348425702
2012-12-14T09:00:00Z,3.2712647880703036
2012-12-14T10:00:00Z,3.3477656617489844
2012-12-14T11:00:00Z,3.608654317075277
2012-12-14T12:00:00Z,3.760545197994533
2012-12-14T13:00:00Z,3.7232113664060904
2012-12-14T14:00:00Z,3.623792165711974
2012-12-14T15:00:00Z,3.5503528811541614
2012-12-14T16:00:00Z,3.5301411943747705
2012-12-14T17:00:00Z,3.5658164427237544
2012-12-14T18:00:00Z,3.5855159582081004
2012-12-14T19:00:00Z,3.6000459849399338
2012-12-14T20:00:00Z,3.5997356093916113
2012-12-14T21:00:00Z,3.5800846004344344
2012-12-14T22:00:00Z,3.5470351701874585
2012-12-14T23:00:00Z,3.523091635259045
2012-12-15T00:00:00Z,3.4932232695632766
2012-12-15T01:00:00Z,3.453542872897713
2012-12-15T02:00:00Z,3.4221238696281713
2012-12-15T03:00:00Z,3.3994626428203127
2012-12-15T04:00:00Z,3.370647435552448
2012-12-15T05:00:00Z,3.3262520579956436
2012-12-15T06:00:00Z,3.294581799053131
2012-12-15T07:00:00Z,3.2880955505971885
2012-12-15T08:00:00Z,3.33910910884227
2012-12-15T09:00:00Z,3.4110342573933896
2012-12-15T10:00:00Z,3.4977102647157365
2012-12-15T11:00:00Z,3.5573100079518354
2012-12-15T12:00:00Z,3.575894259042508
2012-12-15T13:00:00Z,3.5642944540875874
2012-12-15T14:00:00Z,3.527953809322631
2012-12-15T15:00:00Z,3.5109454270258125
2012-12-15T16:00:00Z,3.511437542049784
2012-12-15T17:00:00Z,3.5130132376037686
2012-12-15T18:00:00Z,3.5141959376052063
2012-12-15T19:00:00Z,3.5170574196265605
2012-12-15T20:00:00Z,3.5030903039964194
2012-12-15T21:00:00Z,3.489622510098901
2012-12-15T22:00:00Z,3.4748113626276074
2012-12-15T23:00:00Z,3.469325578174766
2012-12-16T00:00:00Z,3.4796377576532036
2012-12-16T01:00:00Z,3.5106502242152455
2012-12-16T02:00:00Z,3.5538784542926876
2012-12-16T03:00:00Z,3.5819273663139803
2012-12-16T04:00:00Z,3.5455291686716284
2012-12-16T05:00:00Z,3.505443147790557
2012-12-16T06:00:00Z,3.4690373324471024
2012-12-16T07:00:00Z,3.448503702887979
2012-12-16T08:00:00Z,3.5026005256976678
2012-12-16T09:00:00Z,3.560849418654232
2012-12-16T10:00:00Z,3.6543454794760346
2012-12-16T11:00:00Z,3.74368630263905
2012-12-16T12:00:00Z,3.8049817739975675
2012-12-16T13:00:00Z,3.8215822070354224
2012-12-16T14:00:00Z,3.8040573372206024
2012-12-16T15:00:00Z,3.8126255554879176
2012-12-16T16:00:00Z,3.8091473056805722
2012-12-16T17:00:00Z,3.797713973865324
2012-12-16T18:00:00Z,3.7917360375359435
2012-12-16T19:00:00Z,3.799787653571973
2012-12-16T20:00:00Z,3.8166915506261594
2012-12-16T21:00:00Z,3.843982078193087
2012-12-16T22:00:00Z,3.879580016725
2012-12-16T23:00:00Z,3.947061603907356
2012-12-17T00:00:00Z,3.9954068450767117
2012-12-17T01:00:00Z,4.140415826529602
2012-12-17T02:00:00Z,4.240782747063008
2012-12-17T03:00:00Z,4.146583686440674
2012-12-17T04:00:00Z,3.9904428161834993
2012-12-17T05:00:00Z,3.8332772286317565
2012-12-17T06:00:00Z,3.731418868599003
2012-12-17T07:00:00Z,3.6802209425314367
2012-12-17T08:00:00Z,3.698585643842086
2012-12-17T09:00:00Z,3.7504116889727235
2012-12-17T10:00:00Z,3.810074218274732
2012-12-17T11:00:00Z,3.880661751037856
2012-12-17T12:00:00Z,3.8924798011187063
2012-12-17T13:00:00Z,3.82204863759802
2012-12-17T14:00:00Z,3.68889150665567
2012-12-17T15:00:00Z,3.6439272727272725
2012-12-17T16:00:00Z,3.629777739140512
2012-12-17T17:00:00Z,3.601288022540396
2012-12-17T18:00:00Z,3.5734459247425328
2012-12-17T19:00:00Z,3.537918373111145
2012-12-17T20:00:00Z,3.528848320937572
2012-12-17T21:00:00Z,3.494197723722382
2012-12-17T22:00:00Z,3.4610814843469395
2012-12-17T23:00:00Z,3.433003535505794
2012-12-18T00:00:00Z,3.4469853325628113
2012-12-18T01:00:00Z,3.4520200628341504
2012-12-18T02:00:00Z,3.410755616065348
2012-12-18T03:00:00Z,3.368200274274649
2012-12-18T04:00:00Z,3.3387530985953036
2012-12-18T05:00:00Z,3.3297004173422975
2012-12-18T06:00:00Z,3.3424949966644406
2012-12-18T07:00:00Z,3.362684563758389
2012-12-18T08:00:00Z,3.385130935329569
2012-12-18T09:00:00Z,3.4275550690928975
2012-12-18T10:00:00Z,3.490108665366398
2012-12-18T11:00:00Z,3.5642944540875874
2012-12-18T12:00:00Z,3.626414985090183
2012-12-18T13:00:00Z,3.651788577592491
2012-12-18T14:00:00Z,3.6425497266488334
2012-12-18T15:00:00Z,3.6367331533257863
2012-12-18T16:00:00Z,3.636099741647071
2012-12-18T17:00:00Z,3.627570228786565
2012-12-18T18:00:00Z,3.6176173285198554
2012-12-18T19:00:00Z,3.60730330607073
2012-12-18T20:00:00Z,3.6134429539881703
2012-12-18T21:00:00Z,3.6233728666473826
2012-12-18T22:00:00Z,3.6312509059283946
2012-12-18T23:00:00Z,3.6423378889211993
2012-12-19T00:00:00Z,3.631882629244109
2012-12-19T01:00:00Z,3.5925086758252767
2012-12-19T02:00:00Z,3.5580173270842224
2012-12-19T03:00:00Z,3.538917926260773
2012-12-19T04:00:00Z,3.5121267348941516
2012-12-19T05:00:00Z,3.4957579816923423
2012-12-19T06:00:00Z,3.492151997546625
2012-12-19T07:00:00Z,3.4839929908491665
2012-12-19T08:00:00Z,3.5092732672157765
2012-12-19T09:00:00Z,3.562875103108913
2012-12-19T10:00:00Z,3.6613954576013548
2012-12-19T11:00:00Z,3.772664297331486
2012-12-19T12:00:00Z,3.811465433300879
2012-12-19T13:00:00Z,3.753333533095617
2012-12-19T14:00:00Z,3.651575663936099
2012-12-19T15:00:00Z,3.663215768848334
2012-12-19T16:00:00Z,3.6883483996348736
2012-12-19T17:00:00Z,3.6866115313300196
2012-12-19T18:00:00Z,3.6831426975212427
2012-12-19T19:00:00Z,3.6656814257703907
2012-12-19T20:00:00Z,3.638740413664887
2012-12-19T21:00:00Z,3.6210684551341363
2012-12-19T22:00:00Z,3.614068495917367
2012-12-19T23:00:00Z,3.619603536958909
2012-12-20T00:00:00Z,3.636310854355967
2012-12-20T01:00:00Z,3.689869502459716
2012-12-20T02:00:00Z,3.7550212842496546
2012-12-20T03:00:00Z,3.7238754942474057
2012-12-20T04:00:00Z,3.666110574530983
2012-12-20T05:00:00Z,3.6740679904965807
2012-12-20T06:00:00Z,3.6762245766442656
2012-12-20T07:00:00Z,3.6334628995764935
2012-12-20T08:00:00Z,3.6269400046328464
2012-12-20T09:00:00Z,3.666539823785966
2012-12-20T10:00:00Z,3.688782872456342
2012-12-20T11:00:00Z,3.744805524828842
2012-12-20T12:00:00Z,3.774369482026093
2012-12-20T13:00:00Z,3.6915006483555324
2012-12-20T14:00:00Z,3.5399180443690836
2012-12-20T15:00:00Z,3.489233683389509
2012-12-20T16:00:00Z,3.5083886508136595
2012-12-20T17:00:00Z,3.5135059325124107
2012-12-20T18:00:00Z,3.470575196719496
2012-12-20T19:00:00Z,3.4840898976412995
2012-12-20T20:00:00Z,3.481765621525461
2012-12-20T21:00:00Z,3.4653903613124535
2012-12-20T22:00:00Z,3.4151262337095805
2012-12-20T23:00:00Z,3.3705567365390294
2012-12-21T00:00:00Z,3.3347532080293902
2012-12-21T01:00:00Z,3.30841763292042
2012-12-21T02:00:00Z,3.2873189166491716
2012-12-21T03:00:00Z,3.2710939336171094
2012-12-21T04:00:00Z,3.2705814773231694
2012-12-21T05:00:00Z,3.2904276557738794
2012-12-21T06:00:00Z,3.3192008055540834
2012-12-21T07:00:00Z,3.3516174778583476
2012-12-21T08:00:00Z,3.3854054054054052
2012-12-21T09:00:00Z,3.377281673811642
2012-12-21T10:00:00Z,3.3751886182366864
2012-12-21T11:00:00Z,3.3829367758662605
2012-12-21T12:00:00Z,3.3832108902333617
2012-12-21T13:00:00Z,3.37527956670529
2012-12-21T14:00:00Z,3.369106215874555
2012-12-21T15:00:00Z,3.3769174776912068
2012-12-21T16:00:00Z,3.3849479800027025
2012-12-21T17:00:00Z,3.396328732951929
2012-12-21T18:00:00Z,3.410012795034437
2012-12-21T19:00:00Z,3.423526839400894
2012-12-21T20:00:00Z,3.4308408655162976
2012-12-21T21:00:00Z,3.4351689337428697
2012-12-21T22:00:00Z,3.4349805298085876
2012-12-21T23:00:00Z,3.428117901420401
2012-12-22T00:00:00Z,3.413544079574874
2012-12-22T01:00:00Z,3.400662431449204
2012-12-22T02:00:00Z,3.391363205631514
2012-12-22T03:00:00Z,3.385313910434855
2012-12-22T04:00:00Z,3.382297348382568
2012-12-22T05:00:00Z,3.3765533601099835
2012-12-22T06:00:00Z,3.370193989291578
2012-12-22T07:00:00Z,3.3614212108200934
2012-12-22T08:00:00Z,3.408713636487331
2012-12-22T09:00:00Z,3.5020129724893785
2012-12-22T10:00:00Z,3.608966232568857
2012-12-22T11:00:00Z,3.7061364577785665
2012-12-22T12:00:00Z,3.7590780865494264
2012-12-22T13:00:00Z,3.750187120146102
2012-12-22T14:00:00Z,3.698694856197958
2012-12-22T15:00:00Z,3.6697624000234397
2012-12-22T16:00:00Z,3.6793561273645885
2012-12-22T17:00:00Z,3.68889150665567
2012-12-22T18:00:00Z,3.691935864182976
2012-12-22T19:00:00Z,3.678383696003289
2012-12-22T20:00:00Z,3.6553052410412072
2012-12-22T21:00:00Z,3.637472412591476
2012-12-22T22:00:00Z,3.6222202943813055
2012-12-22T23:00:00Z,3.6182443167046965
2012-12-23T00:00:00Z,3.624421296296296
2012-12-23T01:00:00Z,3.6307246376811593
2012-12-23T02:00:00Z,3.627255089334837
2012-12-23T03:00:00Z,3.602841775246642
2012-12-23T04:00:00Z,3.5636860223619444
2012-12-23T05:00:00Z,3.5311363572294407
2012-12-23T06:00:00Z,3.5165637282425597
2012-12-23T07:00:00Z,3.5102566976796297
2012-12-23T08:00:00Z,3.5123236968286444
2012-12-23T09:00:00Z,3.537618617261634
2012-12-23T10:00:00Z,3.585721237798071
2012-12-23T11:00:00Z,3.6505114679567523
2012-12-23T12:00:00Z,3.680977989362015
2012-12-23T13:00:00Z,3.6543454794760346
2012-12-23T14:00:00Z,3.5858238864078764
2012-12-23T15:00:00Z,3.584387340468148
2012-12-23T16:00:00Z,3.56988144094847
2012-12-23T17:00:00Z,3.5754859703707913
2012-12-23T18:00:00Z,3.5582194699315424
2012-12-23T19:00:00Z,3.527854447135698
2012-12-23T20:00:00Z,3.4961482639276564
2012-12-23T21:00:00Z,3.477126360204308
2012-12-23T22:00:00Z,3.4757755702314213
2012-12-23T23:00:00Z,3.4874850349416735
2012-12-24T00:00:00Z,3.5037762237762236
2012-12-24T01:00:00Z,3.5073080584644676
2012-12-24T02:00:00Z,3.4907895103530935
2012-12-24T03:00:00Z,3.4797344223129687
2012-12-24T04:00:00Z,3.470959875859009
2012-12-24T05:00:00Z,3.4663493469116644
2012-12-24T06:00:00Z,3.457451213116565
2012-12-24T07:00:00Z,3.4471750557283216
2012-12-24T08:00:00Z,3.473558692215969
2012-12-24T09:00:00Z,3.5301411943747705
2012-12-24T10:00:00Z,3.577937101888084
2012-12-24T11:00:00Z,3.604189445819184
2012-12-24T12:00:00Z,3.613130264220606
2012-12-24T13:00:00Z,3.5835669737369105
2012-12-24T14:00:00Z,3.5126191811553533
2012-12-24T15:00:00Z,3.512028262210509
2012-12-24T16:00:00Z,3.5302406854179553
2012-12-24T17:00:00Z,3.5419199773787633
2012-12-24T18:00:00Z,3.540618463451864
2012-12-24T19:00:00Z,3.504854640588715
2012-12-24T20:00:00Z,3.4632824596328238
2012-12-24T21:00:00Z,3.4118704546073575
2012-12-24T22:00:00Z,3.428493225674009
2012-12-24T23:00:00Z,3.4470801915350298
2012-12-25T00:00:00Z,3.4440472917239475
2012-12-25T01:00:00Z,3.457642090153755
2012-12-25T02:00:00Z,3.485641139804098
2012-12-25T03:00:00Z,3.505246956765075
2012-12-25T04:00:00Z,3.4724031824356185
2012-12-25T05:00:00Z,3.467404844290657
2012-12-25T06:00:00Z,3.454685862430362
2012-12-25T07:00:00Z,3.4466059488759853
2012-12-25T08:00:00Z,3.470959875859009
2012-12-25T09:00:00Z,3.521803919363454
2012-12-25T10:00:00Z,3.574669672669159
2012-12-25T11:00:00Z,3.624421296296296
2012-12-25T12:00:00Z,3.637261164992161
2012-12-25T13:00:00Z,3.5683559809702863
2012-12-25T14:00:00Z,3.432156948706709
2012-12-25T15:00:00Z,3.4117775235604944
2012-12-25T16:00:00Z,3.4592653962993665
2012-12-25T17:00:00Z,3.4539237853636995
2012-12-25T18:00:00Z,3.418201664620004
2012-12-25T19:00:00Z,3.3712824653478695
2012-12-25T20:00:00Z,3.339198123267221
2012-12-25T21:00:00Z,3.3098163561897187
2012-12-25T22:00:00Z,3.274771241830065
2012-12-25T23:00:00Z,3.244825531694427
2012-12-26T00:00:00Z,3.2192238499100467
2012-12-26T01:00:00Z,3.1315
2012-12-26T02:00:00Z,3.1315
2012-12-26T03:00:00Z,3.1315
2012-12-26T04:00:00Z,3.1315
2012-12-26T05:00:00Z,3.1315
2012-12-26T06:00:00Z,3.1315
2012-12-26T07:00:00Z,3.1315
2012-12-26T08:00:00Z,3.2769130150425094
2012-12-26T09:00:00Z,3.3831195138420003
2012-12-26T10:00:00Z,3.4364883401920445
2012-12-26T11:00:00Z,3.458978819760857
2012-12-26T12:00:00Z,3.440641652474866
2012-12-26T13:00:00Z,3.3760073309435885
2012-12-26T14:00:00Z,3.2624039588488096
2012-12-26T15:00:00Z,3.1315
2012-12-26T16:00:00Z,3.1315
2012-12-26T17:00:00Z,3.1315
2012-12-26T18:00:00Z,3.1315
2012-12-26T19:00:00Z,3.1315
2012-12-26T20:00:00Z,3.1315
2012-12-26T21:00:00Z,3.1315
2012-12-26T22:00:00Z,3.1315
2012-12-26T23:00:00Z,3.1315
2012-12-27T00:00:00Z,3.0078040581102186
2012-12-27T01:00:00Z,2.99064081749594
2012-12-27T02:00:00Z,2.991283582089552
2012-12-27T03:00:00Z,2.990355233002293
2012-12-27T04:00:00Z,2.9907122221426365
2012-12-27T05:00:00Z,2.989356116653144
2012-12-27T06:00:00Z,2.9848683426665095
2012-12-27T07:00:00Z,2.9850817406224683
2012-12-27T08:00:00Z,3.1315
2012-12-27T09:00:00Z,3.1315
2012-12-27T10:00:00Z,3.1315
2012-12-27T11:00:00Z,3.2251087824094338
2012-12-27T12:00:00Z,3.212124320443124
2012-12-27T13:00:00Z,3.1315
2012-12-27T14:00:00Z,3.1315
2012-12-27T15:00:00Z,2.977630922100458
2012-12-27T16:00:00Z,2.946323564002445
2012-12-27T17:00:00Z,2.9452151422525294
2012-12-27T18:00:00Z,2.9461849656599854
2012-12-27T19:00:00Z,2.9484735070498784
2012-12-27T20:00:00Z,2.968527822542419
2012-12-27T21:00:00Z,2.994143659615156
2012-12-27T22:00:00Z,2.9887854927224984
2012-12-27T23:00:00Z,2.9790472566413757
2012-12-28T00:00:00Z,2.932527976775764
2012-12-28T01:00:00Z,2.9299214071856277
2012-12-28T02:00:00Z,2.9387889167820194
2012-12-28T03:00:00Z,2.9213116283408747
2012-12-28T04:00:00Z,2.9105864857328747
2012-12-28T05:00:00Z,2.9082213090014144
2012-12-28T06:00:00Z,2.908288832133736
2012-12-28T07:00:00Z,2.9111276378172337
2012-12-28T08:00:00Z,2.9523652391165984
2012-12-28T09:00:00Z,3.032342403408541
2012-12-28T10:00:00Z,3.1315
2012-12-28T11:00:00Z,3.1315
2012-12-28T12:00:00Z,3.1315
2012-12-28T13:00:00Z,3.1315
2012-12-28T14:00:00Z,3.1315
2012-12-28T15:00:00Z,3.1315
2012-12-28T16:00:00Z,3.1315
2012-12-28T17:00:00Z,3.1315
2012-12-28T18:00:00Z,3.1315
2012-12-28T19:00:00Z,3.1315
2012-12-28T20:00:00Z,3.1315
2012-12-28T21:00:00Z,3.1315
2012-12-28T22:00:00Z,3.2232829829391942
2012-12-28T23:00:00Z,3.2562129562233526
2012-12-29T00:00:00Z,3.286801364471266
2012-12-29T01:00:00Z,3.3091168467492658
2012-12-29T02:00:00Z,3.2830970041674292
2012-12-29T03:00:00Z,3.2341853860056786
2012-12-29T04:00:00Z,3.2216249582058096
2012-12-29T05:00:00Z,3.23836608066184
2012-12-29T06:00:00Z,3.247517565009979
2012-12-29T07:00:00Z,3.23836608066184
2012-12-29T08:00:00Z,3.2781136322001503
2012-12-29T09:00:00Z,3.3524247939192824
2012-12-29T10:00:00Z,3.4460370299045375
2012-12-29T11:00:00Z,3.537618617261634
2012-12-29T12:00:00Z,3.559230528798342
2012-12-29T13:00:00Z,3.493612985998774
2012-12-29T14:00:00Z,3.37527956670529
2012-12-29T15:00:00Z,3.3099038156643066
2012-12-29T16:00:00Z,3.279744449099287
2012-12-29T17:00:00Z,3.2561283111076453
2012-12-29T18:00:00Z,3.2354384605450104
2012-12-29T19:00:00Z,3.2189756636599585
2012-12-29T20:00:00Z,3.1315
2012-12-29T21:00:00Z,3.1315
2012-12-29T22:00:00Z,3.2463392510042777
2012-12-29T23:00:00Z,3.3075440310527857
2012-12-30T00:00:00Z,3.3529632207291606
2012-12-30T01:00:00Z,3.38851917978683
2012-12-30T02:00:00Z,3.499860296172113
2012-12-30T03:00:00Z,3.6269400046328464
2012-12-30T04:00:00Z,3.6320932525299363
2012-12-30T05:00:00Z,3.5692711004730158
2012-12-30T06:00:00Z,3.5342249308729747
2012-12-30T07:00:00Z,3.5932300631095795
2012-12-30T08:00:00Z,3.657867071603781
2012-12-30T09:00:00Z,3.7062461165192144
2012-12-30T10:00:00Z,3.755922038980507
2012-12-30T11:00:00Z,3.7808632659221253
2012-12-30T12:00:00Z,3.7565978886756244
2012-12-30T13:00:00Z,3.673636976860136
2012-12-30T14:00:00Z,3.511043838995404
2012-12-30T15:00:00Z,3.379924446842957
2012-12-30T16:00:00Z,3.3397323094971494
2012-12-30T17:00:00Z,3.3098163561897187
2012-12-30T18:00:00Z,3.289649919899152
2012-12-30T19:00:00Z,3.2755419575847924
2012-12-30T20:00:00Z,3.2609601166302213
2012-12-30T21:00:00Z,3.2728887959866224
2012-12-30T22:00:00Z,3.28887255159376
2012-12-30T23:00:00Z,3.3035313975261777
