timeindex,demand_el,demand_th,demand_bev,demand_hp
2012-01-01T00:00:00Z,0.0162661066911486,0.4012952149005064,0.1712753492352201,0.0
2012-01-01T01:00:00Z,0.0158530057092785,0.4012952149005064,0.1712753492352201,0.40145589499032097
2012-01-01T02:00:00Z,0.0154938969466322,0.3874574488694545,0.1712753492352201,0.38761360443141035
2012-01-01T03:00:00Z,0.0154055011845143,0.3736196828384025,0.1712753492352201,0.37376863489232576
2012-01-01T04:00:00Z,0.15205168590589,0.3736196828384025,0.1712753492352201,0.37376863489232576
2012-01-01T05:00:00Z,0.1504319584908637,0.3736196828384025,0.0,0.37376863489232576
2012-01-01T06:00:00Z,0.1530696939850392,0.3597819168073506,0.0,0.3599263443334152
2012-01-01T07:00:00Z,0.1578404491386499,0.0,0.0,0.0
2012-01-01T08:00:00Z,0.0166479488136697,0.0,0.102705094585655,0.0
2012-01-01T09:00:00Z,0.1738101547200369,0.0,0.102705094585655,0.0
2012-01-01T10:00:00Z,0.0018301255418058,0.0,0.102705094585655,0.0
2012-01-01T11:00:00Z,0.1852922245710951,0.0,0.102705094585655,0.0
2012-01-01T12:00:00Z,0.1816781294529416,0.0,0.102705094585655,0.0
2012-01-01T13:00:00Z,0.0179083129150778,0.0,0.102705094585655,0.0
2012-01-01T14:00:00Z,0.0017882444662079,0.0,0.102705094585655,0.0
2012-01-01T15:00:00Z,0.0187443875403588,0.0,0.102705094585655,0.0
2012-01-01T16:00:00Z,0.0002013110486996,0.0,0.0,0.0
2012-01-01T17:00:00Z,0.2047670578738195,0.3597819168073506,0.1369706192075646,0.3599263443334152
2012-01-01T18:00:00Z,0.2009834122275385,0.4012952149005064,0.1369706192075646,0.40145589499032097
2012-01-01T19:00:00Z,0.1937170001837591,0.249079788558935,0.1369706192075646,0.2491799829216085
2012-01-01T20:00:00Z,0.1880124737418532,0.3044308526831428,0.1369706192075646,0.3045518241374249
2012-01-01T21:00:00Z,0.0018577200420101,0.3874574488694545,0.1712753492352201,0.38761360443141035
2012-01-01T22:00:00Z,0.0017556952292399,0.3874574488694545,0.1712753492352201,0.38761360443141035
2012-01-01T23:00:00Z,0.001671207020349,0.3597819168073506,0.1712753492352201,0.3599263443334152
2012-01-02T00:00:00Z,0.0001625734817963,0.4012952149005064,0.1712753492352201,0.40145589499032097
2012-01-02T01:00:00Z,0.0159762397090272,0.3736196828384025,0.1712753492352201,0.37376863489232576
2012-01-02T02:00:00Z,0.1588653692557282,0.3736196828384025,0.1712753492352201,0.37376863489232576
2012-01-02T03:00:00Z,0.0159554409365388,0.3874574488694545,0.1712753492352201,0.38761360443141035
2012-01-02T04:00:00Z,0.1596832611092781,0.3874574488694545,0.1712753492352201,0.38761360443141035
2012-01-02T05:00:00Z,0.0158235287067328,0.3597819168073506,0.0,0.3599263443334152
2012-01-02T06:00:00Z,0.0165474285929519,0.3597819168073506,0.0,0.3599263443334152
2012-01-02T07:00:00Z,0.0017786569017556,0.0,0.0,0.0
2012-01-02T08:00:00Z,0.1893240378341319,0.0,0.102705094585655,0.0
2012-01-02T09:00:00Z,0.0019809528669081,0.0,0.102705094585655,0.0
2012-01-02T10:00:00Z,0.0021008542070093,0.0,0.102705094585655,0.0
2012-01-02T11:00:00Z,0.0002135815803957,0.0,0.102705094585655,0.0
2012-01-02T12:00:00Z,0.2088991250580959,0.0,0.102705094585655,0.0
2012-01-02T13:00:00Z,0.0020641788945952,0.0,0.102705094585655,0.0
2012-01-02T14:00:00Z,0.2085191587804293,0.0,0.102705094585655,0.0
2012-01-02T15:00:00Z,0.2174900832937209,0.0,0.102705094585655,0.0
2012-01-02T16:00:00Z,2.295344856129561e-05,0.0,0.0,0.0
2012-01-02T17:00:00Z,0.0023013585249365,0.4012952149005064,0.1369706192075646,0.40145589499032097
2012-01-02T18:00:00Z,0.224586435707429,0.4151329809315584,0.1369706192075646,0.41530086452940557
2012-01-02T19:00:00Z,0.0021453665564228,0.2629175545899869,0.1369706192075646,0.2630222734805191
2012-01-02T20:00:00Z,0.2054271868673251,0.3182686187141947,0.1369706192075646,0.3183967936765094
2012-01-02T21:00:00Z,0.1993125396480048,0.3874574488694545,0.1712753492352201,0.38761360443141035
2012-01-02T22:00:00Z,0.0187436513006247,0.3736196828384025,0.1712753492352201,0.37376863489232576
2012-01-02T23:00:00Z,0.1777147708205011,0.3597819168073506,0.1712753492352201,0.3599263443334152
2012-01-03T00:00:00Z,0.0017104548640468,0.3874574488694545,0.1712753492352201,0.38761360443141035
2012-01-03T01:00:00Z,0.0166854657107586,0.3874574488694545,0.1712753492352201,0.38761360443141035
2012-01-03T02:00:00Z,0.168940849178614,0.3597819168073506,0.1712753492352201,0.3599263443334152
2012-01-03T03:00:00Z,0.0174685937338849,0.3459441507762986,0.1712753492352201,0.3460840537745046
2012-01-03T04:00:00Z,0.0189539221519183,0.3459441507762986,0.1712753492352201,0.3460840537745046
2012-01-03T05:00:00Z,0.0021705694523419,0.3321063847452467,0.0,0.33223908423542003
2012-01-03T06:00:00Z,0.0024124018828325,0.3321063847452467,0.0,0.33223908423542003
2012-01-03T07:00:00Z,0.0254678932712758,0.0,0.0,0.0
2012-01-03T08:00:00Z,0.0260194034069884,0.0,0.102705094585655,0.0
2012-01-03T09:00:00Z,0.026573944657351,0.0,0.102705094585655,0.0
2012-01-03T10:00:00Z,0.2719129244386053,0.0,0.102705094585655,0.0
2012-01-03T11:00:00Z,0.0274512917855986,0.0,0.102705094585655,0.0
2012-01-03T12:00:00Z,0.271403137165271,0.0,0.102705094585655,0.0
2012-01-03T13:00:00Z,0.0267424691492534,0.0,0.102705094585655,0.0
2012-01-03T14:00:00Z,0.2634835669084471,0.0,0.102705094585655,0.0
2012-01-03T15:00:00Z,0.2658482083714648,0.0,0.102705094585655,0.0
2012-01-03T16:00:00Z,0.0027471007737414,0.0,0.0,0.0
2012-01-03T17:00:00Z,0.0273967395542366,0.4012952149005064,0.1369706192075646,0.40145589499032097
2012-01-03T18:00:00Z,0.0266445923424745,0.4151329809315584,0.1369706192075646,0.41530086452940557
2012-01-03T19:00:00Z,0.2507512210068056,0.2767553206210389,0.1369706192075646,0.27686724301960364
2012-01-03T20:00:00Z,0.0023578794143534,0.3459441507762986,0.1369706192075646,0.3460840537745046
2012-01-03T21:00:00Z,0.2245688129478361,0.4012952149005064,0.1712753492352201,0.40145589499032097
2012-01-03T22:00:00Z,0.0021015892718928,0.4012952149005064,0.1712753492352201,0.40145589499032097
2012-01-03T23:00:00Z,0.0001985658143719,0.3874574488694545,0.1712753492352201,0.38761360443141035
2012-01-04T00:00:00Z,0.0018974280355416,0.3874574488694545,0.1712753492352201,0.38761360443141035
2012-01-04T01:00:00Z,0.1866159092058049,0.3874574488694545,0.1712753492352201,0.38761360443141035
2012-01-04T02:00:00Z,0.1884660835737742,0.3874574488694545,0.1712753492352201,0.38761360443141035
2012-01-04T03:00:00Z,0.1930115219555677,0.3874574488694545,0.1712753492352201,0.38761360443141035
2012-01-04T04:00:00Z,0.0203719237959692,0.4012952149005064,0.1712753492352201,0.40145589499032097
2012-01-04T05:00:00Z,0.2257852728808451,0.4151329809315584,0.0,0.41530086452940557
2012-01-04T06:00:00Z,0.2448867582311723,0.4151329809315584,0.0,0.41530086452940557
2012-01-04T07:00:00Z,0.0258266887404182,0.0,0.0,0.0
2012-01-04T08:00:00Z,0.2633809241242406,0.0,0.102705094585655,0.0
2012-01-04T09:00:00Z,0.0026615763465864,0.0,0.102705094585655,0.0
2012-01-04T10:00:00Z,0.027157892419221,0.0,0.102705094585655,0.0
2012-01-04T11:00:00Z,0.272553061390395,0.0,0.102705094585655,0.0
2012-01-04T12:00:00Z,0.2688392606146337,0.0,0.102705094585655,0.0
2012-01-04T13:00:00Z,0.2661037579664057,0.0,0.102705094585655,0.0
2012-01-04T14:00:00Z,0.0265495116802177,0.0,0.102705094585655,0.0
2012-01-04T15:00:00Z,0.2682964992000168,0.0,0.102705094585655,0.0
2012-01-04T16:00:00Z,0.2739409711933989,0.0,0.0,0.0
2012-01-04T17:00:00Z,0.2728765173523004,0.4566462790247142,0.1369706192075646,0.45683041518631134
2012-01-04T18:00:00Z,0.0267365361535238,0.4566462790247142,0.1369706192075646,0.45683041518631134
2012-01-04T19:00:00Z,0.025266719680101,0.3044308526831428,0.1369706192075646,0.3045518241374249
2012-01-04T20:00:00Z,0.2403280636179961,0.3597819168073506,0.1369706192075646,0.3599263443334152
2012-01-04T21:00:00Z,0.0228537370294356,0.4289707469626103,0.1712753492352201,0.42914315508831613
2012-01-04T22:00:00Z,0.2150873570891385,0.4289707469626103,0.1712753492352201,0.42914315508831613
2012-01-04T23:00:00Z,0.2052822886217836,0.4289707469626103,0.1712753492352201,0.42914315508831613
2012-01-05T00:00:00Z,0.0019793354891943,0.4566462790247142,0.1712753492352201,0.45683041518631134
2012-01-05T01:00:00Z,0.1944701577670711,0.4566462790247142,0.1712753492352201,0.45683041518631134
2012-01-05T02:00:00Z,0.1983778480600421,0.4428085129936623,0.1712753492352201,0.4429854456472267
2012-01-05T03:00:00Z,0.0204590468032276,0.4566462790247142,0.1712753492352201,0.45683041518631134
2012-01-05T04:00:00Z,0.0217416743242548,0.4566462790247142,0.1712753492352201,0.45683041518631134
2012-01-05T05:00:00Z,0.2403559859015288,0.4566462790247142,0.0,0.45683041518631134
2012-01-05T06:00:00Z,0.262056769549275,0.4566462790247142,0.0,0.45683041518631134
2012-01-05T07:00:00Z,0.2749434712441063,0.0,0.0,0.0
2012-01-05T08:00:00Z,0.0028061538579034,0.0,0.102705094585655,0.0
2012-01-05T09:00:00Z,0.0028493679973602,0.0,0.102705094585655,0.0
2012-01-05T10:00:00Z,0.0291184322562673,0.0,0.102705094585655,0.0
2012-01-05T11:00:00Z,0.0029049497894993,0.0,0.102705094585655,0.0
2012-01-05T12:00:00Z,0.287660465764058,0.0,0.102705094585655,0.0
2012-01-05T13:00:00Z,0.2819092390092311,0.0,0.102705094585655,0.0
2012-01-05T14:00:00Z,0.02787784872346,0.0,0.102705094585655,0.0
2012-01-05T15:00:00Z,0.2807914469490982,0.0,0.102705094585655,0.0
2012-01-05T16:00:00Z,0.0288190803133162,0.0,0.0,0.0
2012-01-05T17:00:00Z,0.0028698695326368,0.5258351091799739,0.1369706192075646,0.5260472259412121
2012-01-05T18:00:00Z,0.279654406919321,0.5396728752110259,0.1369706192075646,0.5398895165001227
2012-01-05T19:00:00Z,0.263994156996385,0.3597819168073506,0.1369706192075646,0.3599263443334152
2012-01-05T20:00:00Z,0.2509827057444802,0.4289707469626103,0.1369706192075646,0.42914315508831613
2012-01-05T21:00:00Z,0.2385899308393495,0.4843218110868181,0.1712753492352201,0.4845149963041325
2012-01-05T22:00:00Z,0.002249962725626,0.4843218110868181,0.1712753492352201,0.4845149963041325
2012-01-05T23:00:00Z,0.2147380935748515,0.4704840450557662,0.1712753492352201,0.47067270574522185
2012-01-06T00:00:00Z,0.209961894946611,0.49815957711787,0.1712753492352201,0.498359965843217
2012-01-06T01:00:00Z,0.0020581327215873,0.4843218110868181,0.1712753492352201,0.4845149963041325
2012-01-06T02:00:00Z,0.0020387034333277,0.4843218110868181,0.1712753492352201,0.4845149963041325
2012-01-06T03:00:00Z,0.2059836157110486,0.4843218110868181,0.1712753492352201,0.4845149963041325
2012-01-06T04:00:00Z,0.0021272491847106,0.4843218110868181,0.1712753492352201,0.4845149963041325
2012-01-06T05:00:00Z,0.2268603395393873,0.4843218110868181,0.0,0.4845149963041325
2012-01-06T06:00:00Z,2.4364835796245506e-05,0.4843218110868181,0.0,0.4845149963041325
2012-01-06T07:00:00Z,0.0251625652547382,0.0,0.0,0.0
2012-01-06T08:00:00Z,0.2558964206400771,0.0,0.102705094585655,0.0
2012-01-06T09:00:00Z,0.257873870493995,0.0,0.102705094585655,0.0
2012-01-06T10:00:00Z,0.2601874451158814,0.0,0.102705094585655,0.0
2012-01-06T11:00:00Z,0.0025761466907164,0.0,0.102705094585655,0.0
2012-01-06T12:00:00Z,0.2524696750372401,0.0,0.102705094585655,0.0
2012-01-06T13:00:00Z,0.2467474475123653,0.0,0.102705094585655,0.0
2012-01-06T14:00:00Z,0.2445484208278328,0.0,0.102705094585655,0.0
2012-01-06T15:00:00Z,0.0249145386200591,0.0,0.102705094585655,0.0
2012-01-06T16:00:00Z,0.2637755956157454,0.0,0.0,0.0
2012-01-06T17:00:00Z,0.0266098911707517,0.49815957711787,0.1369706192075646,0.498359965843217
2012-01-06T18:00:00Z,0.0026249754413795,0.511997343148922,0.1369706192075646,0.5122022564021276
2012-01-06T19:00:00Z,0.0252872208237607,0.3321063847452467,0.1369706192075646,0.33223908423542003
2012-01-06T20:00:00Z,0.0241788119040688,0.4012952149005064,0.1369706192075646,0.40145589499032097
2012-01-06T21:00:00Z,0.2347253967265372,0.4566462790247142,0.1712753492352201,0.45683041518631134
2012-01-06T22:00:00Z,0.0223930976745215,0.4704840450557662,0.1712753492352201,0.47067270574522185
2012-01-06T23:00:00Z,0.21111920114992,0.4566462790247142,0.1712753492352201,0.45683041518631134
2012-01-07T00:00:00Z,0.2049276207945547,0.4704840450557662,0.1712753492352201,0.47067270574522185
2012-01-07T01:00:00Z,0.2013536272448971,0.4704840450557662,0.1712753492352201,0.47067270574522185
2012-01-07T02:00:00Z,0.0020201404016064,0.4843218110868181,0.1712753492352201,0.4845149963041325
2012-01-07T03:00:00Z,0.2086478049254574,0.4843218110868181,0.1712753492352201,0.4845149963041325
2012-01-07T04:00:00Z,0.0021957418021444,0.4843218110868181,0.1712753492352201,0.4845149963041325
2012-01-07T05:00:00Z,0.2405975351930153,0.4704840450557662,0.0,0.47067270574522185
2012-01-07T06:00:00Z,0.2610664292026866,0.4704840450557662,0.0,0.47067270574522185
2012-01-07T07:00:00Z,0.0027320364472245,0.0,0.0,0.0
2012-01-07T08:00:00Z,0.0028029104869045,0.0,0.102705094585655,0.0
2012-01-07T09:00:00Z,0.0283158604550568,0.0,0.102705094585655,0.0
2012-01-07T10:00:00Z,0.0286284020545211,0.0,0.102705094585655,0.0
2012-01-07T11:00:00Z,0.2869590016088851,0.0,0.102705094585655,0.0
2012-01-07T12:00:00Z,0.279681585130782,0.0,0.102705094585655,0.0
2012-01-07T13:00:00Z,0.2761184197878521,0.0,0.102705094585655,0.0
2012-01-07T14:00:00Z,0.2736659386586858,0.0,0.102705094585655,0.0
2012-01-07T15:00:00Z,0.2745315294482005,0.0,0.102705094585655,0.0
2012-01-07T16:00:00Z,0.2801733776084876,0.0,0.0,0.0
2012-01-07T17:00:00Z,0.0275989352654678,0.5535106412420778,0.1369706192075646,0.5537318070590334
2012-01-07T18:00:00Z,0.026650215960869,0.5535106412420778,0.1369706192075646,0.5537318070590334
2012-01-07T19:00:00Z,0.0025235744742989,0.3874574488694545,0.1369706192075646,0.38761360443141035
2012-01-07T20:00:00Z,0.0240665940871501,0.4428085129936623,0.1369706192075646,0.4429854456472267
2012-01-07T21:00:00Z,0.0231187794175438,0.49815957711787,0.1712753492352201,0.498359965843217
2012-01-07T22:00:00Z,0.0002185919267564,0.4843218110868181,0.1712753492352201,0.4845149963041325
2012-01-07T23:00:00Z,0.0020636051758663,0.4704840450557662,0.1712753492352201,0.47067270574522185
2012-01-08T00:00:00Z,0.0197893388608411,0.49815957711787,0.1712753492352201,0.498359965843217
2012-01-08T01:00:00Z,0.0019427298845849,0.49815957711787,0.1712753492352201,0.498359965843217
2012-01-08T02:00:00Z,0.0194019318624575,0.49815957711787,0.1712753492352201,0.498359965843217
2012-01-08T03:00:00Z,0.1921948832760333,0.49815957711787,0.1712753492352201,0.498359965843217
2012-01-08T04:00:00Z,0.001924318408596,0.49815957711787,0.1712753492352201,0.498359965843217
2012-01-08T05:00:00Z,0.1968897234974866,0.49815957711787,0.0,0.498359965843217
2012-01-08T06:00:00Z,0.2055058626984854,0.4843218110868181,0.0,0.4845149963041325
2012-01-08T07:00:00Z,0.2176528784306712,0.0,0.0,0.0
2012-01-08T08:00:00Z,0.0232505584976107,0.0,0.102705094585655,0.0
2012-01-08T09:00:00Z,0.2394890048720907,0.0,0.102705094585655,0.0
2012-01-08T10:00:00Z,0.2453441667468277,0.0,0.102705094585655,0.0
2012-01-08T11:00:00Z,0.2463992805253419,0.0,0.102705094585655,0.0
2012-01-08T12:00:00Z,0.0242882609896471,0.0,0.102705094585655,0.0
2012-01-08T13:00:00Z,0.2395983051432546,0.0,0.102705094585655,0.0
2012-01-08T14:00:00Z,0.0240526446938902,0.0,0.102705094585655,0.0
2012-01-08T15:00:00Z,0.2470485617312759,0.0,0.102705094585655,0.0
2012-01-08T16:00:00Z,0.0026107495666024,0.0,0.0,0.0
2012-01-08T17:00:00Z,0.2622546143969712,0.5535106412420778,0.1369706192075646,0.5537318070590334
2012-01-08T18:00:00Z,0.0025447574229465,0.5535106412420778,0.1369706192075646,0.5537318070590334
2012-01-08T19:00:00Z,0.2424541124969701,0.3874574488694545,0.1369706192075646,0.38761360443141035
2012-01-08T20:00:00Z,0.0231659770839024,0.4428085129936623,0.1369706192075646,0.4429854456472267
2012-01-08T21:00:00Z,0.0022644094723234,0.511997343148922,0.1712753492352201,0.5122022564021276
2012-01-08T22:00:00Z,0.0215627915658806,0.511997343148922,0.1712753492352201,0.5122022564021276
2012-01-08T23:00:00Z,0.2035795384282308,0.4843218110868181,0.1712753492352201,0.4845149963041325
2012-01-09T00:00:00Z,0.0195373647280132,0.511997343148922,0.1712753492352201,0.5122022564021276
2012-01-09T01:00:00Z,0.0190289481137584,0.511997343148922,0.1712753492352201,0.5122022564021276
2012-01-09T02:00:00Z,0.1872960106601824,0.511997343148922,0.1712753492352201,0.5122022564021276
2012-01-09T03:00:00Z,0.1885429383864431,0.49815957711787,0.1712753492352201,0.498359965843217
2012-01-09T04:00:00Z,0.1871993400333934,0.49815957711787,0.1712753492352201,0.498359965843217
2012-01-09T05:00:00Z,0.0186725571722582,0.49815957711787,0.0,0.498359965843217
2012-01-09T06:00:00Z,0.0193769702025363,0.49815957711787,0.0,0.498359965843217
2012-01-09T07:00:00Z,0.0204588940726445,0.0,0.0,0.0
2012-01-09T08:00:00Z,0.0219776509075412,0.0,0.102705094585655,0.0
2012-01-09T09:00:00Z,0.0228923347891128,0.0,0.102705094585655,0.0
2012-01-09T10:00:00Z,0.2370573577609321,0.0,0.102705094585655,0.0
2012-01-09T11:00:00Z,0.0236373545736618,0.0,0.102705094585655,0.0
2012-01-09T12:00:00Z,0.0002291205465709,0.0,0.102705094585655,0.0
2012-01-09T13:00:00Z,0.2233057310252818,0.0,0.102705094585655,0.0
2012-01-09T14:00:00Z,0.2209064706300861,0.0,0.102705094585655,0.0
2012-01-09T15:00:00Z,0.2271379763263512,0.0,0.102705094585655,0.0
2012-01-09T16:00:00Z,0.0024013112927954,0.0,0.0,0.0
2012-01-09T17:00:00Z,0.0242280890560594,0.5673484072731297,0.1369706192075646,0.5675767765981179
2012-01-09T18:00:00Z,0.2353733072733916,0.5673484072731297,0.1369706192075646,0.5675767765981179
2012-01-09T19:00:00Z,0.0225390219562882,0.4012952149005064,0.1369706192075646,0.40145589499032097
2012-01-09T20:00:00Z,0.217118086419559,0.4566462790247142,0.1369706192075646,0.45683041518631134
2012-01-09T21:00:00Z,0.0021358917776319,0.5258351091799739,0.1712753492352201,0.5260472259412121
2012-01-09T22:00:00Z,0.2028075440729983,0.511997343148922,0.1712753492352201,0.5122022564021276
2012-01-09T23:00:00Z,0.00194956085782,0.49815957711787,0.1712753492352201,0.498359965843217
2012-01-10T00:00:00Z,0.1890680182989352,0.5258351091799739,0.1712753492352201,0.5260472259412121
2012-01-10T01:00:00Z,0.0001878186723384,0.5258351091799739,0.1712753492352201,0.5260472259412121
2012-01-10T02:00:00Z,0.0188653932400612,0.5258351091799739,0.1712753492352201,0.5260472259412121
2012-01-10T03:00:00Z,0.0194345966264051,0.511997343148922,0.1712753492352201,0.5122022564021276
2012-01-10T04:00:00Z,0.0020940189259885,0.511997343148922,0.1712753492352201,0.5122022564021276
2012-01-10T05:00:00Z,0.240214279333558,0.511997343148922,0.0,0.5122022564021276
2012-01-10T06:00:00Z,0.0265642286425621,0.511997343148922,0.0,0.5122022564021276
2012-01-10T07:00:00Z,0.2794022839720787,0.0,0.0,0.0
2012-01-10T08:00:00Z,0.0280419988548146,0.0,0.102705094585655,0.0
2012-01-10T09:00:00Z,0.2813656551991664,0.0,0.102705094585655,0.0
2012-01-10T10:00:00Z,0.0283362206166398,0.0,0.102705094585655,0.0
2012-01-10T11:00:00Z,0.0283776380178519,0.0,0.102705094585655,0.0
2012-01-10T12:00:00Z,0.0028056357487714,0.0,0.102705094585655,0.0
2012-01-10T13:00:00Z,0.0027604654829997,0.0,0.102705094585655,0.0
2012-01-10T14:00:00Z,0.027435196331837,0.0,0.102705094585655,0.0
2012-01-10T15:00:00Z,0.0027557359259419,0.0,0.102705094585655,0.0
2012-01-10T16:00:00Z,0.286131769692751,0.0,0.0,0.0
2012-01-10T17:00:00Z,0.0028495191614758,0.5811861733041818,0.1369706192075646,0.5814190671570285
2012-01-10T18:00:00Z,0.2786699799876183,0.5950239393352337,0.1369706192075646,0.595264036696113
2012-01-10T19:00:00Z,0.2629578799897913,0.4151329809315584,0.1369706192075646,0.41530086452940557
2012-01-10T20:00:00Z,0.0248647641146312,0.4843218110868181,0.1369706192075646,0.4845149963041325
2012-01-10T21:00:00Z,0.2371014538216023,0.5396728752110259,0.1712753492352201,0.5398895165001227
2012-01-10T22:00:00Z,0.0223455279721271,0.5396728752110259,0.1712753492352201,0.5398895165001227
2012-01-10T23:00:00Z,0.216444172511883,0.5258351091799739,0.1712753492352201,0.5260472259412121
2012-01-11T00:00:00Z,0.2102442311361331,0.5535106412420778,0.1712753492352201,0.5537318070590334
2012-01-11T01:00:00Z,0.2086469237874777,0.5535106412420778,0.1712753492352201,0.5537318070590334
2012-01-11T02:00:00Z,0.2088279095284967,0.5396728752110259,0.1712753492352201,0.5398895165001227
2012-01-11T03:00:00Z,0.2136470097859238,0.5396728752110259,0.1712753492352201,0.5398895165001227
2012-01-11T04:00:00Z,0.225349422874425,0.5258351091799739,0.1712753492352201,0.5260472259412121
2012-01-11T05:00:00Z,0.2501599774224641,0.5258351091799739,0.0,0.5260472259412121
2012-01-11T06:00:00Z,0.0272944570575595,0.5258351091799739,0.0,0.5260472259412121
2012-01-11T07:00:00Z,0.0282727434365862,0.0,0.0,0.0
2012-01-11T08:00:00Z,0.283534860258299,0.0,0.102705094585655,0.0
2012-01-11T09:00:00Z,0.0028522448149595,0.0,0.102705094585655,0.0
2012-01-11T10:00:00Z,0.2889966625580787,0.0,0.102705094585655,0.0
2012-01-11T11:00:00Z,0.287583787178985,0.0,0.102705094585655,0.0
2012-01-11T12:00:00Z,0.2817659659737409,0.0,0.102705094585655,0.0
2012-01-11T13:00:00Z,0.027705024278217,0.0,0.102705094585655,0.0
2012-01-11T14:00:00Z,0.2756291728198656,0.0,0.102705094585655,0.0
2012-01-11T15:00:00Z,0.002773739337142,0.0,0.102705094585655,0.0
2012-01-11T16:00:00Z,0.2877781662172945,0.0,0.0,0.0
2012-01-11T17:00:00Z,0.2867321771120807,0.5673484072731297,0.1369706192075646,0.5675767765981179
2012-01-11T18:00:00Z,0.2802081923491055,0.5673484072731297,0.1369706192075646,0.5675767765981179
2012-01-11T19:00:00Z,0.2652421812499095,0.3874574488694545,0.1369706192075646,0.38761360443141035
2012-01-11T20:00:00Z,0.0025145206836539,0.4428085129936623,0.1369706192075646,0.4429854456472267
2012-01-11T21:00:00Z,0.2401518164412232,0.511997343148922,0.1712753492352201,0.5122022564021276
2012-01-11T22:00:00Z,0.2260225339674974,0.511997343148922,0.1712753492352201,0.5122022564021276
2012-01-11T23:00:00Z,0.215527221168577,0.49815957711787,0.1712753492352201,0.498359965843217
2012-01-12T00:00:00Z,0.2101646545861492,0.5258351091799739,0.1712753492352201,0.5260472259412121
2012-01-12T01:00:00Z,0.2071945930077398,0.511997343148922,0.1712753492352201,0.5122022564021276
2012-01-12T02:00:00Z,0.0208555158162108,0.511997343148922,0.1712753492352201,0.5122022564021276
2012-01-12T03:00:00Z,0.2135015045342185,0.511997343148922,0.1712753492352201,0.5122022564021276
2012-01-12T04:00:00Z,0.0022285393242143,0.511997343148922,0.1712753492352201,0.5122022564021276
2012-01-12T05:00:00Z,0.0249261304797024,0.511997343148922,0.0,0.5122022564021276
2012-01-12T06:00:00Z,0.027300993143284,0.49815957711787,0.0,0.498359965843217
2012-01-12T07:00:00Z,0.2826546425783222,0.0,0.0,0.0
2012-01-12T08:00:00Z,0.0002844015769463,0.0,0.102705094585655,0.0
2012-01-12T09:00:00Z,0.2865012014763499,0.0,0.102705094585655,0.0
2012-01-12T10:00:00Z,0.0028706453256758,0.0,0.102705094585655,0.0
2012-01-12T11:00:00Z,0.0286047640596538,0.0,0.102705094585655,0.0
2012-01-12T12:00:00Z,0.2831924696202532,0.0,0.102705094585655,0.0
2012-01-12T13:00:00Z,0.2792319893718796,0.0,0.102705094585655,0.0
2012-01-12T14:00:00Z,0.2784339916558256,0.0,0.102705094585655,0.0
2012-01-12T15:00:00Z,0.2801348620883552,0.0,0.102705094585655,0.0
2012-01-12T16:00:00Z,0.0029169865259181,0.0,0.0,0.0
2012-01-12T17:00:00Z,0.2899905078757417,0.5673484072731297,0.1369706192075646,0.5675767765981179
2012-01-12T18:00:00Z,0.0284377120472197,0.5673484072731297,0.1369706192075646,0.5675767765981179
2012-01-12T19:00:00Z,0.2706554622182768,0.3874574488694545,0.1369706192075646,0.38761360443141035
2012-01-12T20:00:00Z,0.2572642600779892,0.4428085129936623,0.1369706192075646,0.4429854456472267
2012-01-12T21:00:00Z,0.002452797947222,0.511997343148922,0.1712753492352201,0.5122022564021276
2012-01-12T22:00:00Z,0.2321600711934444,0.49815957711787,0.1712753492352201,0.498359965843217
2012-01-12T23:00:00Z,0.222430682688119,0.4843218110868181,0.1712753492352201,0.4845149963041325
2012-01-13T00:00:00Z,0.2163355379894148,0.511997343148922,0.1712753492352201,0.5122022564021276
2012-01-13T01:00:00Z,0.2144895539220598,0.511997343148922,0.1712753492352201,0.5122022564021276
2012-01-13T02:00:00Z,0.2174877140115978,0.511997343148922,0.1712753492352201,0.5122022564021276
2012-01-13T03:00:00Z,0.2205110354856657,0.511997343148922,0.1712753492352201,0.5122022564021276
2012-01-13T04:00:00Z,0.2328446958227842,0.511997343148922,0.1712753492352201,0.5122022564021276
2012-01-13T05:00:00Z,0.2610930395696719,0.511997343148922,0.0,0.5122022564021276
2012-01-13T06:00:00Z,0.0284551389983726,0.511997343148922,0.0,0.5122022564021276
2012-01-13T07:00:00Z,0.0029483734439868,0.0,0.0,0.0
2012-01-13T08:00:00Z,0.2957015743195408,0.0,0.102705094585655,0.0
2012-01-13T09:00:00Z,0.0295714899083877,0.0,0.102705094585655,0.0
2012-01-13T10:00:00Z,0.2967979449363463,0.0,0.102705094585655,0.0
2012-01-13T11:00:00Z,0.2963315488132986,0.0,0.102705094585655,0.0
2012-01-13T12:00:00Z,0.2916465381755293,0.0,0.102705094585655,0.0
2012-01-13T13:00:00Z,0.0028834680371724,0.0,0.102705094585655,0.0
2012-01-13T14:00:00Z,0.0286575461827189,0.0,0.102705094585655,0.0
2012-01-13T15:00:00Z,0.2857782767161616,0.0,0.102705094585655,0.0
2012-01-13T16:00:00Z,0.2963092462319917,0.0,0.0,0.0
2012-01-13T17:00:00Z,0.0029665158791792,0.5673484072731297,0.1369706192075646,0.5675767765981179
2012-01-13T18:00:00Z,0.2900702410724775,0.5535106412420778,0.1369706192075646,0.5537318070590334
2012-01-13T19:00:00Z,0.0275299362874084,0.3597819168073506,0.1369706192075646,0.3599263443334152
2012-01-13T20:00:00Z,0.2611936263652593,0.4151329809315584,0.1369706192075646,0.41530086452940557
2012-01-13T21:00:00Z,0.2507377298052951,0.4704840450557662,0.1712753492352201,0.47067270574522185
2012-01-13T22:00:00Z,0.237510908850321,0.4704840450557662,0.1712753492352201,0.47067270574522185
2012-01-13T23:00:00Z,0.0227380769001431,0.4566462790247142,0.1712753492352201,0.45683041518631134
2012-01-14T00:00:00Z,0.0021889918936034,0.4704840450557662,0.1712753492352201,0.47067270574522185
2012-01-14T01:00:00Z,0.0021670253195793,0.4704840450557662,0.1712753492352201,0.47067270574522185
2012-01-14T02:00:00Z,0.0021864980773126,0.4843218110868181,0.1712753492352201,0.4845149963041325
2012-01-14T03:00:00Z,0.0022416400836956,0.49815957711787,0.1712753492352201,0.498359965843217
2012-01-14T04:00:00Z,0.0023543489881816,0.49815957711787,0.1712753492352201,0.498359965843217
2012-01-14T05:00:00Z,0.2619869638404432,0.49815957711787,0.0,0.498359965843217
2012-01-14T06:00:00Z,0.0028392533165876,0.4843218110868181,0.0,0.4845149963041325
2012-01-14T07:00:00Z,0.0029508190914014,0.0,0.0,0.0
2012-01-14T08:00:00Z,0.0029510246902633,0.0,0.102705094585655,0.0
2012-01-14T09:00:00Z,0.0294145572761286,0.0,0.102705094585655,0.0
2012-01-14T10:00:00Z,0.2941496553672592,0.0,0.102705094585655,0.0
2012-01-14T11:00:00Z,0.2921909835427296,0.0,0.102705094585655,0.0
2012-01-14T12:00:00Z,0.0028540474274574,0.0,0.102705094585655,0.0
2012-01-14T13:00:00Z,0.2784697658577991,0.0,0.102705094585655,0.0
2012-01-14T14:00:00Z,0.0275720507666666,0.0,0.102705094585655,0.0
2012-01-14T15:00:00Z,0.2780922863473195,0.0,0.102705094585655,0.0
2012-01-14T16:00:00Z,0.286320137411955,0.0,0.0,0.0
2012-01-14T17:00:00Z,0.0284060498224844,0.49815957711787,0.1369706192075646,0.498359965843217
2012-01-14T18:00:00Z,0.0027564584590852,0.4566462790247142,0.1369706192075646,0.45683041518631134
2012-01-14T19:00:00Z,0.2595583125984153,0.2767553206210389,0.1369706192075646,0.27686724301960364
2012-01-14T20:00:00Z,0.2444125101896837,0.3459441507762986,0.1369706192075646,0.3460840537745046
2012-01-14T21:00:00Z,0.0232030162083978,0.4151329809315584,0.1712753492352201,0.41530086452940557
2012-01-14T22:00:00Z,0.2202374323525641,0.4289707469626103,0.1712753492352201,0.42914315508831613
2012-01-14T23:00:00Z,0.0021045549865238,0.4151329809315584,0.1712753492352201,0.41530086452940557
2012-01-15T00:00:00Z,0.020394308616821,0.4428085129936623,0.1712753492352201,0.4429854456472267
2012-01-15T01:00:00Z,0.2002653826783483,0.4566462790247142,0.1712753492352201,0.45683041518631134
2012-01-15T02:00:00Z,0.1959886717995023,0.4566462790247142,0.1712753492352201,0.45683041518631134
2012-01-15T03:00:00Z,0.1966714949911947,0.4428085129936623,0.1712753492352201,0.4429854456472267
2012-01-15T04:00:00Z,0.0019558987854033,0.4428085129936623,0.1712753492352201,0.4429854456472267
2012-01-15T05:00:00Z,0.0019688746191,0.4566462790247142,0.0,0.45683041518631134
2012-01-15T06:00:00Z,0.0208030078249616,0.4843218110868181,0.0,0.4845149963041325
2012-01-15T07:00:00Z,0.2210013985617598,0.0,0.0,0.0
2012-01-15T08:00:00Z,0.2324603434360633,0.0,0.102705094585655,0.0
2012-01-15T09:00:00Z,0.2389247045290824,0.0,0.102705094585655,0.0
2012-01-15T10:00:00Z,0.0024266649612133,0.0,0.102705094585655,0.0
2012-01-15T11:00:00Z,0.2412740337720983,0.0,0.102705094585655,0.0
2012-01-15T12:00:00Z,0.0023509180326973,0.0,0.102705094585655,0.0
2012-01-15T13:00:00Z,0.0022978461131412,0.0,0.102705094585655,0.0
2012-01-15T14:00:00Z,0.0002282879690844,0.0,0.102705094585655,0.0
2012-01-15T15:00:00Z,0.00233465261721,0.0,0.102705094585655,0.0
2012-01-15T16:00:00Z,0.024494697911687,0.0,0.0,0.0
2012-01-15T17:00:00Z,0.2472460737046242,0.5396728752110259,0.1369706192075646,0.5398895165001227
2012-01-15T18:00:00Z,0.0002390969865849,0.5396728752110259,0.1369706192075646,0.5398895165001227
2012-01-15T19:00:00Z,0.0022571579025593,0.3736196828384025,0.1369706192075646,0.37376863489232576
2012-01-15T20:00:00Z,0.0217789914967349,0.4289707469626103,0.1369706192075646,0.42914315508831613
2012-01-15T21:00:00Z,0.2131270208928697,0.49815957711787,0.1712753492352201,0.498359965843217
2012-01-15T22:00:00Z,0.202131887470207,0.49815957711787,0.1712753492352201,0.498359965843217
2012-01-15T23:00:00Z,0.1914910890004253,0.4843218110868181,0.1712753492352201,0.4845149963041325
2012-01-16T00:00:00Z,0.018513451066316,0.511997343148922,0.1712753492352201,0.5122022564021276
2012-01-16T01:00:00Z,0.0181688791222495,0.511997343148922,0.1712753492352201,0.5122022564021276
2012-01-16T02:00:00Z,0.1798834667776899,0.49815957711787,0.1712753492352201,0.498359965843217
2012-01-16T03:00:00Z,0.1817792253504728,0.49815957711787,0.1712753492352201,0.498359965843217
2012-01-16T04:00:00Z,0.0182028244733942,0.49815957711787,0.1712753492352201,0.498359965843217
2012-01-16T05:00:00Z,0.0018563544739501,0.49815957711787,0.0,0.498359965843217
2012-01-16T06:00:00Z,0.0019390310631548,0.4843218110868181,0.0,0.4845149963041325
2012-01-16T07:00:00Z,0.0020588157014258,0.0,0.0,0.0
2012-01-16T08:00:00Z,0.0222164823778816,0.0,0.102705094585655,0.0
2012-01-16T09:00:00Z,0.0232641593518476,0.0,0.102705094585655,0.0
2012-01-16T10:00:00Z,0.0024282145892068,0.0,0.102705094585655,0.0
2012-01-16T11:00:00Z,0.2464538914992359,0.0,0.102705094585655,0.0
2012-01-16T12:00:00Z,0.0024292825284381,0.0,0.102705094585655,0.0
2012-01-16T13:00:00Z,0.0023930466101632,0.0,0.102705094585655,0.0
2012-01-16T14:00:00Z,0.2367555386316379,0.0,0.102705094585655,0.0
2012-01-16T15:00:00Z,0.0024081896516729,0.0,0.102705094585655,0.0
2012-01-16T16:00:00Z,0.2543345546190474,0.0,0.0,0.0
2012-01-16T17:00:00Z,0.2569184623730886,0.5396728752110259,0.1369706192075646,0.5398895165001227
2012-01-16T18:00:00Z,0.0251098536227115,0.5535106412420778,0.1369706192075646,0.5537318070590334
2012-01-16T19:00:00Z,0.0235145278554681,0.3736196828384025,0.1369706192075646,0.37376863489232576
2012-01-16T20:00:00Z,0.2302548942347013,0.4428085129936623,0.1369706192075646,0.4429854456472267
2012-01-16T21:00:00Z,0.002280058091225,0.49815957711787,0.1712753492352201,0.498359965843217
2012-01-16T22:00:00Z,0.2171882641644267,0.49815957711787,0.1712753492352201,0.498359965843217
2012-01-16T23:00:00Z,0.0020914111491857,0.4704840450557662,0.1712753492352201,0.47067270574522185
2012-01-17T00:00:00Z,0.0203789728998064,0.49815957711787,0.1712753492352201,0.498359965843217
2012-01-17T01:00:00Z,0.2019326328017434,0.49815957711787,0.1712753492352201,0.498359965843217
2012-01-17T02:00:00Z,0.0203706902027977,0.4704840450557662,0.1712753492352201,0.47067270574522185
2012-01-17T03:00:00Z,0.0209597838104688,0.4566462790247142,0.1712753492352201,0.45683041518631134
2012-01-17T04:00:00Z,0.2235454201365891,0.4289707469626103,0.1712753492352201,0.42914315508831613
2012-01-17T05:00:00Z,0.0025415234507527,0.4289707469626103,0.0,0.42914315508831613
2012-01-17T06:00:00Z,0.2804383847510767,0.4151329809315584,0.0,0.41530086452940557
2012-01-17T07:00:00Z,0.002945843598943,0.0,0.0,0.0
2012-01-17T08:00:00Z,0.2992160616843065,0.0,0.102705094585655,0.0
2012-01-17T09:00:00Z,0.0303232572517763,0.0,0.102705094585655,0.0
2012-01-17T10:00:00Z,0.0030317811819062,0.0,0.102705094585655,0.0
2012-01-17T11:00:00Z,0.3026131227276515,0.0,0.102705094585655,0.0
2012-01-17T12:00:00Z,0.2991558701698747,0.0,0.102705094585655,0.0
2012-01-17T13:00:00Z,0.2945233166131604,0.0,0.102705094585655,0.0
2012-01-17T14:00:00Z,0.2919067284304963,0.0,0.102705094585655,0.0
2012-01-17T15:00:00Z,0.2887128969669453,0.0,0.102705094585655,0.0
2012-01-17T16:00:00Z,0.0298435148254635,0.0,0.0,0.0
2012-01-17T17:00:00Z,0.0297664485396794,0.4428085129936623,0.1369706192075646,0.4429854456472267
2012-01-17T18:00:00Z,0.2907283532390519,0.4289707469626103,0.1369706192075646,0.42914315508831613
2012-01-17T19:00:00Z,0.2737455152086697,0.2629175545899869,0.1369706192075646,0.2630222734805191
2012-01-17T20:00:00Z,0.2569040117102225,0.3736196828384025,0.1369706192075646,0.37376863489232576
2012-01-17T21:00:00Z,0.0243859145748045,0.4151329809315584,0.1712753492352201,0.41530086452940557
2012-01-17T22:00:00Z,0.0228806606899247,0.4289707469626103,0.1712753492352201,0.42914315508831613
2012-01-17T23:00:00Z,0.0021769136457953,0.4012952149005064,0.1712753492352201,0.40145589499032097
2012-01-18T00:00:00Z,0.0021180724263653,0.4289707469626103,0.1712753492352201,0.42914315508831613
2012-01-18T01:00:00Z,0.0020565286588475,0.4289707469626103,0.1712753492352201,0.42914315508831613
2012-01-18T02:00:00Z,0.2056920961056942,0.4428085129936623,0.1712753492352201,0.4429854456472267
2012-01-18T03:00:00Z,0.2120474310593654,0.4428085129936623,0.1712753492352201,0.4429854456472267
2012-01-18T04:00:00Z,0.000223152696939,0.4428085129936623,0.1712753492352201,0.4429854456472267
2012-01-18T05:00:00Z,0.2508829413443405,0.4428085129936623,0.0,0.4429854456472267
2012-01-18T06:00:00Z,0.2736484333841569,0.4428085129936623,0.0,0.4429854456472267
2012-01-18T07:00:00Z,0.002803293488213,0.0,0.0,0.0
2012-01-18T08:00:00Z,0.2805663847282529,0.0,0.102705094585655,0.0
2012-01-18T09:00:00Z,0.2823923375922041,0.0,0.102705094585655,0.0
2012-01-18T10:00:00Z,0.2831158106160241,0.0,0.102705094585655,0.0
2012-01-18T11:00:00Z,0.02842206695287,0.0,0.102705094585655,0.0
2012-01-18T12:00:00Z,0.2825902607632762,0.0,0.102705094585655,0.0
2012-01-18T13:00:00Z,0.0027883830671299,0.0,0.102705094585655,0.0
2012-01-18T14:00:00Z,0.2767772956073422,0.0,0.102705094585655,0.0
2012-01-18T15:00:00Z,0.0027661024163682,0.0,0.102705094585655,0.0
2012-01-18T16:00:00Z,0.2872281598904005,0.0,0.0,0.0
2012-01-18T17:00:00Z,0.2868719843381842,0.511997343148922,0.1369706192075646,0.5122022564021276
2012-01-18T18:00:00Z,0.0279047880486243,0.511997343148922,0.1369706192075646,0.5122022564021276
2012-01-18T19:00:00Z,0.2652575522124432,0.3459441507762986,0.1369706192075646,0.3460840537745046
2012-01-18T20:00:00Z,0.0253972573346587,0.4151329809315584,0.1369706192075646,0.41530086452940557
2012-01-18T21:00:00Z,0.0244882244846632,0.4704840450557662,0.1712753492352201,0.47067270574522185
2012-01-18T22:00:00Z,0.2308291024847696,0.4704840450557662,0.1712753492352201,0.47067270574522185
2012-01-18T23:00:00Z,0.2199035006391229,0.4566462790247142,0.1712753492352201,0.45683041518631134
2012-01-19T00:00:00Z,0.0217544136213561,0.4843218110868181,0.1712753492352201,0.4845149963041325
2012-01-19T01:00:00Z,0.0213410620046829,0.4843218110868181,0.1712753492352201,0.4845149963041325
2012-01-19T02:00:00Z,0.0021383436909166,0.4843218110868181,0.1712753492352201,0.4845149963041325
2012-01-19T03:00:00Z,0.0021738206556783,0.4843218110868181,0.1712753492352201,0.4845149963041325
2012-01-19T04:00:00Z,0.2310657369844141,0.4843218110868181,0.1712753492352201,0.4845149963041325
2012-01-19T05:00:00Z,0.0257925632455088,0.4843218110868181,0.0,0.4845149963041325
2012-01-19T06:00:00Z,0.2816378485115006,0.4843218110868181,0.0,0.4845149963041325
2012-01-19T07:00:00Z,0.002915631139897,0.0,0.0,0.0
2012-01-19T08:00:00Z,0.029513201651992,0.0,0.102705094585655,0.0
2012-01-19T09:00:00Z,0.0029560475683642,0.0,0.102705094585655,0.0
2012-01-19T10:00:00Z,0.29657076798435,0.0,0.102705094585655,0.0
2012-01-19T11:00:00Z,0.298578039463668,0.0,0.102705094585655,0.0
2012-01-19T12:00:00Z,0.0297083286785421,0.0,0.102705094585655,0.0
2012-01-19T13:00:00Z,0.0029361655709915,0.0,0.102705094585655,0.0
2012-01-19T14:00:00Z,0.0292651397717937,0.0,0.102705094585655,0.0
2012-01-19T15:00:00Z,0.2940345787471176,0.0,0.102705094585655,0.0
2012-01-19T16:00:00Z,0.3045835038968884,0.0,0.0,0.0
2012-01-19T17:00:00Z,0.003030654108526,0.5396728752110259,0.1369706192075646,0.5398895165001227
2012-01-19T18:00:00Z,0.0029593371501548,0.5535106412420778,0.1369706192075646,0.5537318070590334
2012-01-19T19:00:00Z,0.2809088341088308,0.3736196828384025,0.1369706192075646,0.37376863489232576
2012-01-19T20:00:00Z,0.0265263162124247,0.4428085129936623,0.1369706192075646,0.4429854456472267
2012-01-19T21:00:00Z,0.0254825005808939,0.511997343148922,0.1712753492352201,0.5122022564021276
2012-01-19T22:00:00Z,0.0240267157402758,0.49815957711787,0.1712753492352201,0.498359965843217
2012-01-19T23:00:00Z,0.2286620513184762,0.49815957711787,0.1712753492352201,0.498359965843217
2012-01-20T00:00:00Z,0.2223175837332207,0.5258351091799739,0.1712753492352201,0.5260472259412121
2012-01-20T01:00:00Z,0.2187374809602374,0.5258351091799739,0.1712753492352201,0.5260472259412121
2012-01-20T02:00:00Z,0.2192126101397057,0.5258351091799739,0.1712753492352201,0.5260472259412121
2012-01-20T03:00:00Z,0.0022580703698894,0.5258351091799739,0.1712753492352201,0.5260472259412121
2012-01-20T04:00:00Z,0.023634746405242,0.5258351091799739,0.1712753492352201,0.5260472259412121
2012-01-20T05:00:00Z,0.0263575058402,0.511997343148922,0.0,0.5122022564021276
2012-01-20T06:00:00Z,0.0028755636420697,0.5258351091799739,0.0,0.5260472259412121
2012-01-20T07:00:00Z,0.2988993219518903,0.0,0.0,0.0
2012-01-20T08:00:00Z,0.302505545570759,0.0,0.102705094585655,0.0
2012-01-20T09:00:00Z,0.3029878805008162,0.0,0.102705094585655,0.0
2012-01-20T10:00:00Z,0.0030439275710513,0.0,0.102705094585655,0.0
2012-01-20T11:00:00Z,0.3016435968182268,0.0,0.102705094585655,0.0
2012-01-20T12:00:00Z,0.002954109064809,0.0,0.102705094585655,0.0
2012-01-20T13:00:00Z,0.2957912154233367,0.0,0.102705094585655,0.0
2012-01-20T14:00:00Z,0.2935323692604082,0.0,0.102705094585655,0.0
2012-01-20T15:00:00Z,0.2927680114343328,0.0,0.102705094585655,0.0
2012-01-20T16:00:00Z,0.0302559774718195,0.0,0.0,0.0
2012-01-20T17:00:00Z,0.0030292172661938,0.5673484072731297,0.1369706192075646,0.5675767765981179
2012-01-20T18:00:00Z,0.2991040005141397,0.5811861733041818,0.1369706192075646,0.5814190671570285
2012-01-20T19:00:00Z,0.0028274084724399,0.4012952149005064,0.1369706192075646,0.40145589499032097
2012-01-20T20:00:00Z,0.2671710118681951,0.4566462790247142,0.1369706192075646,0.45683041518631134
2012-01-20T21:00:00Z,0.0257078878437493,0.5258351091799739,0.1712753492352201,0.5260472259412121
2012-01-20T22:00:00Z,0.2446922225461108,0.5258351091799739,0.1712753492352201,0.5260472259412121
2012-01-20T23:00:00Z,0.2345323100239311,0.49815957711787,0.1712753492352201,0.498359965843217
2012-01-21T00:00:00Z,0.0022792043664269,0.5258351091799739,0.1712753492352201,0.5260472259412121
2012-01-21T01:00:00Z,0.0022387863714922,0.5396728752110259,0.1712753492352201,0.5398895165001227
2012-01-21T02:00:00Z,0.0022520261549659,0.5258351091799739,0.1712753492352201,0.5260472259412121
2012-01-21T03:00:00Z,0.2290725245510825,0.5396728752110259,0.1712753492352201,0.5398895165001227
2012-01-21T04:00:00Z,0.23964929366101,0.5396728752110259,0.1712753492352201,0.5398895165001227
2012-01-21T05:00:00Z,0.0026296348990159,0.5396728752110259,0.0,0.5398895165001227
2012-01-21T06:00:00Z,0.0002868252938156,0.5396728752110259,0.0,0.5398895165001227
2012-01-21T07:00:00Z,0.0029591033548776,0.0,0.0,0.0
2012-01-21T08:00:00Z,0.0296366706218686,0.0,0.102705094585655,0.0
2012-01-21T09:00:00Z,0.2969564714493063,0.0,0.102705094585655,0.0
2012-01-21T10:00:00Z,0.2988267357632116,0.0,0.102705094585655,0.0
2012-01-21T11:00:00Z,0.0029719037442121,0.0,0.102705094585655,0.0
2012-01-21T12:00:00Z,0.2924182583989458,0.0,0.102705094585655,0.0
2012-01-21T13:00:00Z,0.2870564358885898,0.0,0.102705094585655,0.0
2012-01-21T14:00:00Z,0.283448058376882,0.0,0.102705094585655,0.0
2012-01-21T15:00:00Z,0.2840259869873088,0.0,0.102705094585655,0.0
2012-01-21T16:00:00Z,0.2949086088803929,0.0,0.0,0.0
2012-01-21T17:00:00Z,0.0029334673306894,0.6088617053662857,0.1369706192075646,0.6091063272550237
2012-01-21T18:00:00Z,0.2849722900157589,0.5950239393352337,0.1369706192075646,0.595264036696113
2012-01-21T19:00:00Z,0.2691337565082749,0.4289707469626103,0.1369706192075646,0.42914315508831613
2012-01-21T20:00:00Z,0.2550179260743717,0.4843218110868181,0.1369706192075646,0.4845149963041325
2012-01-21T21:00:00Z,0.2460680118066836,0.5396728752110259,0.1712753492352201,0.5398895165001227
2012-01-21T22:00:00Z,0.235060248739646,0.5396728752110259,0.1712753492352201,0.5398895165001227
2012-01-21T23:00:00Z,0.0021997879877469,0.5258351091799739,0.1712753492352201,0.5260472259412121
2012-01-22T00:00:00Z,0.0021332804762771,0.5535106412420778,0.1712753492352201,0.5537318070590334
2012-01-22T01:00:00Z,0.2074736591963152,0.5535106412420778,0.1712753492352201,0.5537318070590334
2012-01-22T02:00:00Z,0.2047872457239754,0.5535106412420778,0.1712753492352201,0.5537318070590334
2012-01-22T03:00:00Z,0.0020334122976642,0.5396728752110259,0.1712753492352201,0.5398895165001227
2012-01-22T04:00:00Z,0.0200939267214758,0.5396728752110259,0.1712753492352201,0.5398895165001227
2012-01-22T05:00:00Z,0.2044292883149558,0.5396728752110259,0.0,0.5398895165001227
2012-01-22T06:00:00Z,0.0021178727017566,0.5396728752110259,0.0,0.5398895165001227
2012-01-22T07:00:00Z,0.022584739310841,0.0,0.0,0.0
2012-01-22T08:00:00Z,0.0023617889256649,0.0,0.102705094585655,0.0
2012-01-22T09:00:00Z,0.0024268173001795,0.0,0.102705094585655,0.0
2012-01-22T10:00:00Z,0.0247294095724514,0.0,0.102705094585655,0.0
2012-01-22T11:00:00Z,0.0024668985045976,0.0,0.102705094585655,0.0
2012-01-22T12:00:00Z,0.2411708231434159,0.0,0.102705094585655,0.0
2012-01-22T13:00:00Z,0.0023670690960558,0.0,0.102705094585655,0.0
2012-01-22T14:00:00Z,0.0233825138052734,0.0,0.102705094585655,0.0
2012-01-22T15:00:00Z,0.2359258982716927,0.0,0.102705094585655,0.0
2012-01-22T16:00:00Z,0.2478105894369164,0.0,0.0,0.0
2012-01-22T17:00:00Z,0.249600396062858,0.6226994713973375,0.1369706192075646,0.6229486178139343
2012-01-22T18:00:00Z,0.0241867303973793,0.6226994713973375,0.1369706192075646,0.6229486178139343
2012-01-22T19:00:00Z,0.0022683687189786,0.4428085129936623,0.1369706192075646,0.4429854456472267
2012-01-22T20:00:00Z,0.2160919718709971,0.511997343148922,0.1369706192075646,0.5122022564021276
2012-01-22T21:00:00Z,0.2111803129640193,0.5673484072731297,0.1712753492352201,0.5675767765981179
2012-01-22T22:00:00Z,0.1994659947223709,0.5673484072731297,0.1712753492352201,0.5675767765981179
2012-01-22T23:00:00Z,0.1905625262166321,0.5535106412420778,0.1712753492352201,0.5537318070590334
2012-01-23T00:00:00Z,0.1832960358494767,0.5811861733041818,0.1712753492352201,0.5814190671570285
2012-01-23T01:00:00Z,0.0179319822392955,0.5811861733041818,0.1712753492352201,0.5814190671570285
2012-01-23T02:00:00Z,0.1788551983362888,0.5811861733041818,0.1712753492352201,0.5814190671570285
2012-01-23T03:00:00Z,0.1790621286955973,0.5673484072731297,0.1712753492352201,0.5675767765981179
2012-01-23T04:00:00Z,0.1780901943423616,0.5673484072731297,0.1712753492352201,0.5675767765981179
2012-01-23T05:00:00Z,0.1789749547781446,0.5673484072731297,0.0,0.5675767765981179
2012-01-23T06:00:00Z,0.018595843341666,0.5673484072731297,0.0,0.5675767765981179
2012-01-23T07:00:00Z,0.1969423176444494,0.0,0.0,0.0
2012-01-23T08:00:00Z,0.2096427663512279,0.0,0.102705094585655,0.0
2012-01-23T09:00:00Z,0.2198970585414495,0.0,0.102705094585655,0.0
2012-01-23T10:00:00Z,0.2296145027319398,0.0,0.102705094585655,0.0
2012-01-23T11:00:00Z,0.2293469304987878,0.0,0.102705094585655,0.0
2012-01-23T12:00:00Z,0.0022302965091541,0.0,0.102705094585655,0.0
2012-01-23T13:00:00Z,0.0217159764245996,0.0,0.102705094585655,0.0
2012-01-23T14:00:00Z,0.2153122822440757,0.0,0.102705094585655,0.0
2012-01-23T15:00:00Z,0.2183893922965899,0.0,0.102705094585655,0.0
2012-01-23T16:00:00Z,0.2329053572774716,0.0,0.0,0.0
2012-01-23T17:00:00Z,0.0237693842885317,0.6365372374283894,0.1369706192075646,0.6367935873530188
2012-01-23T18:00:00Z,0.0023148779228624,0.6503750034594414,0.1369706192075646,0.6506358779119294
2012-01-23T19:00:00Z,0.0222320804782057,0.4704840450557662,0.1369706192075646,0.47067270574522185
2012-01-23T20:00:00Z,0.0215290851010326,0.5258351091799739,0.1369706192075646,0.5260472259412121
2012-01-23T21:00:00Z,0.0021412526211,0.5811861733041818,0.1712753492352201,0.5814190671570285
2012-01-23T22:00:00Z,0.2029331356063636,0.5673484072731297,0.1712753492352201,0.5675767765981179
2012-01-23T23:00:00Z,0.001941836606482,0.5535106412420778,0.1712753492352201,0.5537318070590334
2012-01-24T00:00:00Z,0.0018917315764075,0.5811861733041818,0.1712753492352201,0.5814190671570285
2012-01-24T01:00:00Z,0.0018741428874831,0.5673484072731297,0.1712753492352201,0.5675767765981179
2012-01-24T02:00:00Z,0.0018946416814416,0.5673484072731297,0.1712753492352201,0.5675767765981179
2012-01-24T03:00:00Z,0.1952488487709488,0.5535106412420778,0.1712753492352201,0.5537318070590334
2012-01-24T04:00:00Z,0.2105900484218775,0.5535106412420778,0.1712753492352201,0.5537318070590334
2012-01-24T05:00:00Z,0.0242366967950783,0.5535106412420778,0.0,0.5537318070590334
2012-01-24T06:00:00Z,0.268479403863747,0.5535106412420778,0.0,0.5537318070590334
2012-01-24T07:00:00Z,0.2803128519602433,0.0,0.0,0.0
2012-01-24T08:00:00Z,0.2836543425683388,0.0,0.102705094585655,0.0
2012-01-24T09:00:00Z,0.0285368224471701,0.0,0.102705094585655,0.0
2012-01-24T10:00:00Z,0.0028785332728695,0.0,0.102705094585655,0.0
2012-01-24T11:00:00Z,0.0287899166042743,0.0,0.102705094585655,0.0
2012-01-24T12:00:00Z,0.2854938257954884,0.0,0.102705094585655,0.0
2012-01-24T13:00:00Z,0.0279993596089374,0.0,0.102705094585655,0.0
2012-01-24T14:00:00Z,0.2767742801573674,0.0,0.102705094585655,0.0
2012-01-24T15:00:00Z,0.2758953156514061,0.0,0.102705094585655,0.0
2012-01-24T16:00:00Z,0.2853034804110412,0.0,0.0,0.0
2012-01-24T17:00:00Z,0.2868422997786922,0.5811861733041818,0.1369706192075646,0.5814190671570285
2012-01-24T18:00:00Z,0.0027955132356612,0.5950239393352337,0.1369706192075646,0.595264036696113
2012-01-24T19:00:00Z,0.2643212941569611,0.4151329809315584,0.1369706192075646,0.41530086452940557
2012-01-24T20:00:00Z,0.2494348008652169,0.4843218110868181,0.1369706192075646,0.4845149963041325
2012-01-24T21:00:00Z,0.239161221543663,0.5396728752110259,0.1712753492352201,0.5398895165001227
2012-01-24T22:00:00Z,0.2260488897835108,0.5396728752110259,0.1712753492352201,0.5398895165001227
2012-01-24T23:00:00Z,0.0021684206505222,0.5258351091799739,0.1712753492352201,0.5260472259412121
2012-01-25T00:00:00Z,0.0020998461851606,0.5535106412420778,0.1712753492352201,0.5537318070590334
2012-01-25T01:00:00Z,0.2080971328498676,0.5396728752110259,0.1712753492352201,0.5398895165001227
2012-01-25T02:00:00Z,0.2099784995023163,0.5396728752110259,0.1712753492352201,0.5398895165001227
2012-01-25T03:00:00Z,0.0215680588129145,0.5396728752110259,0.1712753492352201,0.5398895165001227
2012-01-25T04:00:00Z,0.0228469973029335,0.5258351091799739,0.1712753492352201,0.5260472259412121
2012-01-25T05:00:00Z,0.0025344986271621,0.5258351091799739,0.0,0.5260472259412121
2012-01-25T06:00:00Z,0.0027567498220438,0.5258351091799739,0.0,0.5260472259412121
2012-01-25T07:00:00Z,0.28614383149265,0.0,0.0,0.0
2012-01-25T08:00:00Z,0.00287174929366,0.0,0.102705094585655,0.0
2012-01-25T09:00:00Z,0.0029001587485913,0.0,0.102705094585655,0.0
2012-01-25T10:00:00Z,0.0293420494108259,0.0,0.102705094585655,0.0
2012-01-25T11:00:00Z,0.029310109138106,0.0,0.102705094585655,0.0
2012-01-25T12:00:00Z,0.0028905234068797,0.0,0.102705094585655,0.0
2012-01-25T13:00:00Z,0.2834510542460128,0.0,0.102705094585655,0.0
2012-01-25T14:00:00Z,0.0028080794381016,0.0,0.102705094585655,0.0
2012-01-25T15:00:00Z,0.2782333467474385,0.0,0.102705094585655,0.0
2012-01-25T16:00:00Z,0.0286877946705179,0.0,0.0,0.0
2012-01-25T17:00:00Z,0.0288267834173426,0.5950239393352337,0.1369706192075646,0.595264036696113
2012-01-25T18:00:00Z,0.0028111403156344,0.5950239393352337,0.1369706192075646,0.595264036696113
2012-01-25T19:00:00Z,0.2655367163052385,0.4151329809315584,0.1369706192075646,0.41530086452940557
2012-01-25T20:00:00Z,0.0251863207346694,0.4704840450557662,0.1369706192075646,0.47067270574522185
2012-01-25T21:00:00Z,0.024135252358524,0.5396728752110259,0.1712753492352201,0.5398895165001227
2012-01-25T22:00:00Z,0.0022844171787145,0.5396728752110259,0.1712753492352201,0.5398895165001227
2012-01-25T23:00:00Z,0.2195915973751727,0.5258351091799739,0.1712753492352201,0.5260472259412121
2012-01-26T00:00:00Z,0.213862105357177,0.5535106412420778,0.1712753492352201,0.5537318070590334
2012-01-26T01:00:00Z,0.0212388108373561,0.5396728752110259,0.1712753492352201,0.5398895165001227
2012-01-26T02:00:00Z,0.0214580536313669,0.5396728752110259,0.1712753492352201,0.5398895165001227
2012-01-26T03:00:00Z,0.0219246220658418,0.5396728752110259,0.1712753492352201,0.5398895165001227
2012-01-26T04:00:00Z,0.2310704559678162,0.5396728752110259,0.1712753492352201,0.5398895165001227
2012-01-26T05:00:00Z,0.2593312922931709,0.5396728752110259,0.0,0.5398895165001227
2012-01-26T06:00:00Z,0.2812037999427277,0.5396728752110259,0.0,0.5398895165001227
2012-01-26T07:00:00Z,0.2917224335268428,0.0,0.0,0.0
2012-01-26T08:00:00Z,0.029376065253009,0.0,0.102705094585655,0.0
2012-01-26T09:00:00Z,0.0297612556998527,0.0,0.102705094585655,0.0
2012-01-26T10:00:00Z,0.0030225445061782,0.0,0.102705094585655,0.0
2012-01-26T11:00:00Z,0.0030275607267921,0.0,0.102705094585655,0.0
2012-01-26T12:00:00Z,0.0030032655988005,0.0,0.102705094585655,0.0
2012-01-26T13:00:00Z,0.2959676779893934,0.0,0.102705094585655,0.0
2012-01-26T14:00:00Z,0.0292813331297752,0.0,0.102705094585655,0.0
2012-01-26T15:00:00Z,0.0289953157415826,0.0,0.102705094585655,0.0
2012-01-26T16:00:00Z,0.2976284272725832,0.0,0.0,0.0
2012-01-26T17:00:00Z,0.297594258699817,0.5950239393352337,0.1369706192075646,0.595264036696113
2012-01-26T18:00:00Z,0.000290171268437,0.5950239393352337,0.1369706192075646,0.595264036696113
2012-01-26T19:00:00Z,0.2755819634050006,0.4289707469626103,0.1369706192075646,0.42914315508831613
2012-01-26T20:00:00Z,0.2593689462561677,0.4843218110868181,0.1369706192075646,0.4845149963041325
2012-01-26T21:00:00Z,0.0024717627778621,0.5535106412420778,0.1712753492352201,0.5537318070590334
2012-01-26T22:00:00Z,0.2353196165991654,0.5535106412420778,0.1712753492352201,0.5537318070590334
2012-01-26T23:00:00Z,0.2259353208883566,0.5396728752110259,0.1712753492352201,0.5398895165001227
2012-01-27T00:00:00Z,0.2214209377251345,0.5673484072731297,0.1712753492352201,0.5675767765981179
2012-01-27T01:00:00Z,0.0220288156528925,0.5535106412420778,0.1712753492352201,0.5537318070590334
2012-01-27T02:00:00Z,0.2188184477501447,0.5535106412420778,0.1712753492352201,0.5537318070590334
2012-01-27T03:00:00Z,0.2241026517949162,0.5396728752110259,0.1712753492352201,0.5398895165001227
2012-01-27T04:00:00Z,0.0023567711385835,0.5396728752110259,0.1712753492352201,0.5398895165001227
2012-01-27T05:00:00Z,0.0026292143024869,0.5396728752110259,0.0,0.5398895165001227
2012-01-27T06:00:00Z,0.0028561468855502,0.5396728752110259,0.0,0.5398895165001227
2012-01-27T07:00:00Z,0.2944397064093141,0.0,0.0,0.0
2012-01-27T08:00:00Z,0.0029796499260954,0.0,0.102705094585655,0.0
2012-01-27T09:00:00Z,0.3020209784244865,0.0,0.102705094585655,0.0
2012-01-27T10:00:00Z,0.0306058714892831,0.0,0.102705094585655,0.0
2012-01-27T11:00:00Z,0.303630504219793,0.0,0.102705094585655,0.0
2012-01-27T12:00:00Z,0.0029804261107512,0.0,0.102705094585655,0.0
2012-01-27T13:00:00Z,0.2923145974108518,0.0,0.102705094585655,0.0
2012-01-27T14:00:00Z,0.2910731914825967,0.0,0.102705094585655,0.0
2012-01-27T15:00:00Z,0.0029140043633781,0.0,0.102705094585655,0.0
2012-01-27T16:00:00Z,0.3004876221123093,0.0,0.0,0.0
2012-01-27T17:00:00Z,0.3003404133271767,0.5950239393352337,0.1369706192075646,0.595264036696113
2012-01-27T18:00:00Z,0.292762411312951,0.5950239393352337,0.1369706192075646,0.595264036696113
2012-01-27T19:00:00Z,0.000278200323654,0.4151329809315584,0.1369706192075646,0.41530086452940557
2012-01-27T20:00:00Z,0.2631796526288458,0.4843218110868181,0.1369706192075646,0.4845149963041325
2012-01-27T21:00:00Z,0.2513276810539329,0.5396728752110259,0.1712753492352201,0.5398895165001227
2012-01-27T22:00:00Z,0.2381366147200885,0.5396728752110259,0.1712753492352201,0.5398895165001227
2012-01-27T23:00:00Z,0.0022808507237898,0.511997343148922,0.1712753492352201,0.5122022564021276
2012-01-28T00:00:00Z,0.2207825434684601,0.5396728752110259,0.1712753492352201,0.5398895165001227
2012-01-28T01:00:00Z,0.0021708075554048,0.5396728752110259,0.1712753492352201,0.5398895165001227
2012-01-28T02:00:00Z,0.002179300550678,0.5396728752110259,0.1712753492352201,0.5398895165001227
2012-01-28T03:00:00Z,0.0022305295211976,0.5396728752110259,0.1712753492352201,0.5398895165001227
2012-01-28T04:00:00Z,0.2370848492658969,0.5258351091799739,0.1712753492352201,0.5260472259412121
2012-01-28T05:00:00Z,0.0264633363858085,0.5258351091799739,0.0,0.5260472259412121
2012-01-28T06:00:00Z,0.0028795381617832,0.5258351091799739,0.0,0.5260472259412121
2012-01-28T07:00:00Z,0.2959317275598241,0.0,0.0,0.0
2012-01-28T08:00:00Z,0.2969462110870546,0.0,0.102705094585655,0.0
2012-01-28T09:00:00Z,0.2974362217079568,0.0,0.102705094585655,0.0
2012-01-28T10:00:00Z,0.002974260494595,0.0,0.102705094585655,0.0
2012-01-28T11:00:00Z,0.0293156857624749,0.0,0.102705094585655,0.0
2012-01-28T12:00:00Z,0.2851192834116076,0.0,0.102705094585655,0.0
2012-01-28T13:00:00Z,0.2810376956431428,0.0,0.102705094585655,0.0
2012-01-28T14:00:00Z,0.2762955089409166,0.0,0.102705094585655,0.0
2012-01-28T15:00:00Z,0.2736770018355414,0.0,0.102705094585655,0.0
2012-01-28T16:00:00Z,0.2828149509480855,0.0,0.0,0.0
2012-01-28T17:00:00Z,0.2857491991628333,0.5811861733041818,0.1369706192075646,0.5814190671570285
2012-01-28T18:00:00Z,0.0280869682211268,0.5811861733041818,0.1369706192075646,0.5814190671570285
2012-01-28T19:00:00Z,0.2638008353236511,0.4151329809315584,0.1369706192075646,0.41530086452940557
2012-01-28T20:00:00Z,0.0024927283791413,0.4704840450557662,0.1369706192075646,0.47067270574522185
2012-01-28T21:00:00Z,0.239887161753826,0.5396728752110259,0.1712753492352201,0.5398895165001227
2012-01-28T22:00:00Z,0.002279666865962,0.5258351091799739,0.1712753492352201,0.5260472259412121
2012-01-28T23:00:00Z,0.2157141594861696,0.511997343148922,0.1712753492352201,0.5122022564021276
2012-01-29T00:00:00Z,0.0020780577968168,0.5396728752110259,0.1712753492352201,0.5398895165001227
2012-01-29T01:00:00Z,0.2029313145878724,0.5396728752110259,0.1712753492352201,0.5398895165001227
2012-01-29T02:00:00Z,0.0200112094041156,0.5396728752110259,0.1712753492352201,0.5398895165001227
2012-01-29T03:00:00Z,0.2001660882184644,0.5396728752110259,0.1712753492352201,0.5398895165001227
2012-01-29T04:00:00Z,0.0020321963272523,0.5258351091799739,0.1712753492352201,0.5260472259412121
2012-01-29T05:00:00Z,0.2080137380353053,0.5258351091799739,0.0,0.5260472259412121
2012-01-29T06:00:00Z,0.2193179354995392,0.511997343148922,0.0,0.5122022564021276
2012-01-29T07:00:00Z,0.0234200855287254,0.0,0.0,0.0
2012-01-29T08:00:00Z,0.2480114497345872,0.0,0.102705094585655,0.0
2012-01-29T09:00:00Z,0.2563409449603857,0.0,0.102705094585655,0.0
2012-01-29T10:00:00Z,0.2613814458208315,0.0,0.102705094585655,0.0
2012-01-29T11:00:00Z,0.2579070796054057,0.0,0.102705094585655,0.0
2012-01-29T12:00:00Z,0.2535727423026909,0.0,0.102705094585655,0.0
2012-01-29T13:00:00Z,0.2499255555581907,0.0,0.102705094585655,0.0
2012-01-29T14:00:00Z,0.2442548648147033,0.0,0.102705094585655,0.0
2012-01-29T15:00:00Z,0.2432664433908262,0.0,0.102705094585655,0.0
2012-01-29T16:00:00Z,0.2573687826232189,0.0,0.0,0.0
2012-01-29T17:00:00Z,0.2590914856967997,0.5673484072731297,0.1369706192075646,0.5675767765981179
2012-01-29T18:00:00Z,0.0024846649875854,0.5673484072731297,0.1369706192075646,0.5675767765981179
2012-01-29T19:00:00Z,0.0233610179547389,0.3874574488694545,0.1369706192075646,0.38761360443141035
2012-01-29T20:00:00Z,0.002214512782429,0.4566462790247142,0.1369706192075646,0.45683041518631134
2012-01-29T21:00:00Z,0.0218248733303772,0.511997343148922,0.1712753492352201,0.5122022564021276
2012-01-29T22:00:00Z,0.0206994173279058,0.511997343148922,0.1712753492352201,0.5122022564021276
2012-01-29T23:00:00Z,0.1968523828279937,0.49815957711787,0.1712753492352201,0.498359965843217
2012-01-30T00:00:00Z,0.187631430517767,0.5258351091799739,0.1712753492352201,0.5260472259412121
2012-01-30T01:00:00Z,0.1830912593830073,0.5258351091799739,0.1712753492352201,0.5260472259412121
2012-01-30T02:00:00Z,0.0018164044611867,0.5258351091799739,0.1712753492352201,0.5260472259412121
2012-01-30T03:00:00Z,0.1817474652215176,0.511997343148922,0.1712753492352201,0.5122022564021276
2012-01-30T04:00:00Z,0.1836270304363191,0.511997343148922,0.1712753492352201,0.5122022564021276
2012-01-30T05:00:00Z,0.0018592778939581,0.511997343148922,0.0,0.5122022564021276
2012-01-30T06:00:00Z,0.0190467940949728,0.49815957711787,0.0,0.498359965843217
2012-01-30T07:00:00Z,0.2002803228623143,0.0,0.0,0.0
2012-01-30T08:00:00Z,0.2139765162286229,0.0,0.102705094585655,0.0
2012-01-30T09:00:00Z,0.0022285017289938,0.0,0.102705094585655,0.0
2012-01-30T10:00:00Z,0.2295738137381242,0.0,0.102705094585655,0.0
2012-01-30T11:00:00Z,0.0230968097105847,0.0,0.102705094585655,0.0
2012-01-30T12:00:00Z,0.2248411433260782,0.0,0.102705094585655,0.0
2012-01-30T13:00:00Z,0.0217167479098529,0.0,0.102705094585655,0.0
2012-01-30T14:00:00Z,0.0214779281880188,0.0,0.102705094585655,0.0
2012-01-30T15:00:00Z,0.0216814514804727,0.0,0.102705094585655,0.0
2012-01-30T16:00:00Z,0.2347847462646772,0.0,0.0,0.0
2012-01-30T17:00:00Z,0.0024519908248326,0.5535106412420778,0.1369706192075646,0.5537318070590334
2012-01-30T18:00:00Z,0.2370686950696034,0.5535106412420778,0.1369706192075646,0.5537318070590334
2012-01-30T19:00:00Z,0.2269886136483795,0.3874574488694545,0.1369706192075646,0.38761360443141035
2012-01-30T20:00:00Z,0.2206744767904677,0.4428085129936623,0.1369706192075646,0.4429854456472267
2012-01-30T21:00:00Z,0.2208335711479035,0.511997343148922,0.1712753492352201,0.5122022564021276
2012-01-30T22:00:00Z,0.0211254025051227,0.511997343148922,0.1712753492352201,0.5122022564021276
2012-01-30T23:00:00Z,0.0205341119267557,0.4843218110868181,0.1712753492352201,0.4845149963041325
2012-01-31T00:00:00Z,0.1992517019657214,0.511997343148922,0.1712753492352201,0.5122022564021276
2012-01-31T01:00:00Z,0.0019834850616531,0.511997343148922,0.1712753492352201,0.5122022564021276
2012-01-31T02:00:00Z,0.0198884414284539,0.511997343148922,0.1712753492352201,0.5122022564021276
2012-01-31T03:00:00Z,0.2060620957337689,0.511997343148922,0.1712753492352201,0.5122022564021276
2012-01-31T04:00:00Z,0.0021979078351068,0.511997343148922,0.1712753492352201,0.5122022564021276
2012-01-31T05:00:00Z,0.0249395981842002,0.511997343148922,0.0,0.5122022564021276
2012-01-31T06:00:00Z,0.2742657390718517,0.511997343148922,0.0,0.5122022564021276
2012-01-31T07:00:00Z,0.0028712237438073,0.0,0.0,0.0
2012-01-31T08:00:00Z,0.0029319744871434,0.0,0.102705094585655,0.0
2012-01-31T09:00:00Z,0.2960350948352582,0.0,0.102705094585655,0.0
2012-01-31T10:00:00Z,0.2989633121500565,0.0,0.102705094585655,0.0
2012-01-31T11:00:00Z,0.0300940869698616,0.0,0.102705094585655,0.0
2012-01-31T12:00:00Z,0.0029900908237288,0.0,0.102705094585655,0.0
2012-01-31T13:00:00Z,0.2924520940973643,0.0,0.102705094585655,0.0
2012-01-31T14:00:00Z,0.2887586573993548,0.0,0.102705094585655,0.0
2012-01-31T15:00:00Z,2.88374921809198e-05,0.0,0.102705094585655,0.0
2012-01-31T16:00:00Z,0.299016532884027,0.0,0.0,0.0
2012-01-31T17:00:00Z,0.302118784740227,0.5673484072731297,0.1369706192075646,0.5675767765981179
2012-01-31T18:00:00Z,0.0029383864303171,0.5673484072731297,0.1369706192075646,0.5675767765981179
2012-01-31T19:00:00Z,2.7986900317902624e-05,0.4012952149005064,0.1369706192075646,0.40145589499032097
2012-01-31T20:00:00Z,0.0026618187574351,0.4566462790247142,0.1369706192075646,0.45683041518631134
2012-01-31T21:00:00Z,0.025622065004532,0.5258351091799739,0.1712753492352201,0.5260472259412121
2012-01-31T22:00:00Z,0.0024351892858368,0.511997343148922,0.1712753492352201,0.5122022564021276
2012-01-31T23:00:00Z,0.2209289298581451,0.49815957711787,0.1712753492352201,0.498359965843217
2012-02-01T00:00:00Z,0.0021645123140614,0.5258351091799739,0.1712753492352201,0.5260472259412121
2012-02-01T01:00:00Z,0.2141735191000273,0.5258351091799739,0.1712753492352201,0.5260472259412121
2012-02-01T02:00:00Z,0.002143521257685,0.511997343148922,0.1712753492352201,0.5122022564021276
2012-02-01T03:00:00Z,0.2179014964068388,0.511997343148922,0.1712753492352201,0.5122022564021276
2012-02-01T04:00:00Z,0.0230582706934395,0.511997343148922,0.1712753492352201,0.5122022564021276
2012-02-01T05:00:00Z,0.0025778905606824,0.511997343148922,0.0,0.5122022564021276
2012-02-01T06:00:00Z,0.282999715791995,0.511997343148922,0.0,0.5122022564021276
2012-02-01T07:00:00Z,0.0295718462797484,0.0,0.0,0.0
2012-02-01T08:00:00Z,0.3004782233071931,0.0,0.102705094585655,0.0
2012-02-01T09:00:00Z,0.0303896754745975,0.0,0.102705094585655,0.0
2012-02-01T10:00:00Z,0.0307572666588612,0.0,0.102705094585655,0.0
2012-02-01T11:00:00Z,0.030812715692878,0.0,0.102705094585655,0.0
2012-02-01T12:00:00Z,0.0307237677509595,0.0,0.102705094585655,0.0
2012-02-01T13:00:00Z,0.3068993303158337,0.0,0.102705094585655,0.0
2012-02-01T14:00:00Z,0.0303195173105738,0.0,0.102705094585655,0.0
2012-02-01T15:00:00Z,0.0029994888456113,0.0,0.102705094585655,0.0
2012-02-01T16:00:00Z,0.0030355602847966,0.0,0.0,0.0
2012-02-01T17:00:00Z,0.0304551812300887,0.5673484072731297,0.1369706192075646,0.5675767765981179
2012-02-01T18:00:00Z,0.2966606440582738,0.5673484072731297,0.1369706192075646,0.5675767765981179
2012-02-01T19:00:00Z,0.0027953315254289,0.4012952149005064,0.1369706192075646,0.40145589499032097
2012-02-01T20:00:00Z,0.2617341751445052,0.4566462790247142,0.1369706192075646,0.45683041518631134
2012-02-01T21:00:00Z,0.0250836936151381,0.5258351091799739,0.1712753492352201,0.5260472259412121
2012-02-01T22:00:00Z,0.2383080841709273,0.511997343148922,0.1712753492352201,0.5122022564021276
2012-02-01T23:00:00Z,0.225983900962301,0.49815957711787,0.1712753492352201,0.498359965843217
2012-02-02T00:00:00Z,0.2166335975966625,0.5258351091799739,0.1712753492352201,0.5260472259412121
2012-02-02T01:00:00Z,0.0021360762291823,0.5258351091799739,0.1712753492352201,0.5260472259412121
2012-02-02T02:00:00Z,0.2162145087926996,0.5258351091799739,0.1712753492352201,0.5260472259412121
2012-02-02T03:00:00Z,0.2208035145523756,0.511997343148922,0.1712753492352201,0.5122022564021276
2012-02-02T04:00:00Z,0.0023171794552652,0.511997343148922,0.1712753492352201,0.5122022564021276
2012-02-02T05:00:00Z,0.0259471657573328,0.511997343148922,0.0,0.5122022564021276
2012-02-02T06:00:00Z,0.2815342266850944,0.511997343148922,0.0,0.5122022564021276
2012-02-02T07:00:00Z,0.2892900423436124,0.0,0.0,0.0
2012-02-02T08:00:00Z,0.2914687636929251,0.0,0.102705094585655,0.0
2012-02-02T09:00:00Z,0.0292615956390312,0.0,0.102705094585655,0.0
2012-02-02T10:00:00Z,0.2961114601268274,0.0,0.102705094585655,0.0
2012-02-02T11:00:00Z,0.0294858354644287,0.0,0.102705094585655,0.0
2012-02-02T12:00:00Z,0.0028982539240877,0.0,0.102705094585655,0.0
2012-02-02T13:00:00Z,0.0028661628788691,0.0,0.102705094585655,0.0
2012-02-02T14:00:00Z,0.2843984733825705,0.0,0.102705094585655,0.0
2012-02-02T15:00:00Z,0.2785234956937135,0.0,0.102705094585655,0.0
2012-02-02T16:00:00Z,0.2856533900931799,0.0,0.0,0.0
2012-02-02T17:00:00Z,0.0028981947899389,0.5535106412420778,0.1369706192075646,0.5537318070590334
2012-02-02T18:00:00Z,0.2824986811559252,0.5535106412420778,0.1369706192075646,0.5537318070590334
2012-02-02T19:00:00Z,0.2667311282079125,0.3874574488694545,0.1369706192075646,0.38761360443141035
2012-02-02T20:00:00Z,0.0025263498631264,0.4428085129936623,0.1369706192075646,0.4429854456472267
2012-02-02T21:00:00Z,0.0240892412913114,0.511997343148922,0.1712753492352201,0.5122022564021276
2012-02-02T22:00:00Z,0.2290056559688496,0.49815957711787,0.1712753492352201,0.498359965843217
2012-02-02T23:00:00Z,0.21767553346717,0.4704840450557662,0.1712753492352201,0.47067270574522185
2012-02-03T00:00:00Z,0.0211055279484707,0.49815957711787,0.1712753492352201,0.498359965843217
2012-02-03T01:00:00Z,0.208244889898632,0.49815957711787,0.1712753492352201,0.498359965843217
2012-02-03T02:00:00Z,0.2083327883073125,0.49815957711787,0.1712753492352201,0.498359965843217
2012-02-03T03:00:00Z,0.2148835400840248,0.49815957711787,0.1712753492352201,0.498359965843217
2012-02-03T04:00:00Z,0.2260991538100385,0.49815957711787,0.1712753492352201,0.498359965843217
2012-02-03T05:00:00Z,0.2526087773529599,0.49815957711787,0.0,0.498359965843217
2012-02-03T06:00:00Z,0.2760259786233653,0.49815957711787,0.0,0.498359965843217
2012-02-03T07:00:00Z,0.0028696239888531,0.0,0.0,0.0
2012-02-03T08:00:00Z,0.0028772652174126,0.0,0.102705094585655,0.0
2012-02-03T09:00:00Z,0.2890127384309963,0.0,0.102705094585655,0.0
2012-02-03T10:00:00Z,0.293441181269937,0.0,0.102705094585655,0.0
2012-02-03T11:00:00Z,0.2934014713183211,0.0,0.102705094585655,0.0
2012-02-03T12:00:00Z,0.2871393803437403,0.0,0.102705094585655,0.0
2012-02-03T13:00:00Z,0.0282946504848446,0.0,0.102705094585655,0.0
2012-02-03T14:00:00Z,0.2811386740556101,0.0,0.102705094585655,0.0
2012-02-03T15:00:00Z,0.2787449550392641,0.0,0.102705094585655,0.0
2012-02-03T16:00:00Z,0.0285318528289649,0.0,0.0,0.0
2012-02-03T17:00:00Z,0.2880043053845593,0.4843218110868181,0.1369706192075646,0.4845149963041325
2012-02-03T18:00:00Z,0.0028236485587766,0.4704840450557662,0.1369706192075646,0.47067270574522185
2012-02-03T19:00:00Z,0.2676006939087575,0.3321063847452467,0.1369706192075646,0.33223908423542003
2012-02-03T20:00:00Z,0.2525406164350234,0.4151329809315584,0.1369706192075646,0.41530086452940557
2012-02-03T21:00:00Z,0.0239271549809136,0.4843218110868181,0.1712753492352201,0.4845149963041325
2012-02-03T22:00:00Z,0.225604757080082,0.4843218110868181,0.1712753492352201,0.4845149963041325
2012-02-03T23:00:00Z,0.2097178980496255,0.4704840450557662,0.1712753492352201,0.47067270574522185
2012-02-04T00:00:00Z,0.2037459756021636,0.49815957711787,0.1712753492352201,0.498359965843217
2012-02-04T01:00:00Z,0.2018155785163587,0.4843218110868181,0.1712753492352201,0.4845149963041325
2012-02-04T02:00:00Z,0.2038899535480375,0.4704840450557662,0.1712753492352201,0.47067270574522185
2012-02-04T03:00:00Z,0.0208535068216172,0.4428085129936623,0.1712753492352201,0.4429854456472267
2012-02-04T04:00:00Z,0.2210095246120166,0.4428085129936623,0.1712753492352201,0.4429854456472267
2012-02-04T05:00:00Z,0.2494996722013626,0.4566462790247142,0.0,0.45683041518631134
2012-02-04T06:00:00Z,0.0027330687493198,0.4428085129936623,0.0,0.4429854456472267
2012-02-04T07:00:00Z,0.2830354899939685,0.0,0.0,0.0
2012-02-04T08:00:00Z,0.0028669966312063,0.0,0.102705094585655,0.0
2012-02-04T09:00:00Z,0.0286689148207408,0.0,0.102705094585655,0.0
2012-02-04T10:00:00Z,0.0291551737519341,0.0,0.102705094585655,0.0
2012-02-04T11:00:00Z,0.0293614266140405,0.0,0.102705094585655,0.0
2012-02-04T12:00:00Z,0.0028635958302217,0.0,0.102705094585655,0.0
2012-02-04T13:00:00Z,0.002807608714612,0.0,0.102705094585655,0.0
2012-02-04T14:00:00Z,0.2783567648071207,0.0,0.102705094585655,0.0
2012-02-04T15:00:00Z,0.2786804361583101,0.0,0.102705094585655,0.0
2012-02-04T16:00:00Z,0.0287357364089482,0.0,0.0,0.0
2012-02-04T17:00:00Z,0.0291219881375363,0.4704840450557662,0.1369706192075646,0.47067270574522185
2012-02-04T18:00:00Z,0.2808472915161636,0.4843218110868181,0.1369706192075646,0.4845149963041325
2012-02-04T19:00:00Z,0.2642834835472123,0.3182686187141947,0.1369706192075646,0.3183967936765094
2012-02-04T20:00:00Z,0.2507412935189015,0.3874574488694545,0.1369706192075646,0.38761360443141035
2012-02-04T21:00:00Z,0.0023944603470995,0.4704840450557662,0.1712753492352201,0.47067270574522185
2012-02-04T22:00:00Z,0.2267450279491178,0.4566462790247142,0.1712753492352201,0.45683041518631134
2012-02-04T23:00:00Z,0.0021342614765611,0.4566462790247142,0.1712753492352201,0.45683041518631134
2012-02-05T00:00:00Z,0.206926707481084,0.4704840450557662,0.1712753492352201,0.47067270574522185
2012-02-05T01:00:00Z,0.020473630615833,0.4704840450557662,0.1712753492352201,0.47067270574522185
2012-02-05T02:00:00Z,0.2040329720325558,0.4704840450557662,0.1712753492352201,0.47067270574522185
2012-02-05T03:00:00Z,0.0202506478806197,0.4704840450557662,0.1712753492352201,0.47067270574522185
2012-02-05T04:00:00Z,0.2029384420150855,0.4704840450557662,0.1712753492352201,0.47067270574522185
2012-02-05T05:00:00Z,0.2068168197846003,0.4428085129936623,0.0,0.4429854456472267
2012-02-05T06:00:00Z,0.2182236012905088,0.4289707469626103,0.0,0.42914315508831613
2012-02-05T07:00:00Z,0.2315286281363873,0.0,0.0,0.0
2012-02-05T08:00:00Z,0.2423861473874735,0.0,0.102705094585655,0.0
2012-02-05T09:00:00Z,0.0024730985830392,0.0,0.102705094585655,0.0
2012-02-05T10:00:00Z,0.2535842166772702,0.0,0.102705094585655,0.0
2012-02-05T11:00:00Z,0.0249250770302957,0.0,0.102705094585655,0.0
2012-02-05T12:00:00Z,0.0242899566907368,0.0,0.102705094585655,0.0
2012-02-05T13:00:00Z,0.0235083677219482,0.0,0.102705094585655,0.0
2012-02-05T14:00:00Z,0.2313025477116545,0.0,0.102705094585655,0.0
2012-02-05T15:00:00Z,0.2347056983974811,0.0,0.102705094585655,0.0
2012-02-05T16:00:00Z,0.0247898438893486,0.0,0.0,0.0
2012-02-05T17:00:00Z,0.0025667396616458,0.4566462790247142,0.1369706192075646,0.45683041518631134
2012-02-05T18:00:00Z,0.0025024627999235,0.4704840450557662,0.1369706192075646,0.47067270574522185
2012-02-05T19:00:00Z,0.2355586203809329,0.3044308526831428,0.1369706192075646,0.3045518241374249
2012-02-05T20:00:00Z,0.2259203415427026,0.3597819168073506,0.1369706192075646,0.3599263443334152
2012-02-05T21:00:00Z,0.0221409120685785,0.4428085129936623,0.1712753492352201,0.4429854456472267
2012-02-05T22:00:00Z,0.2104740906637564,0.4428085129936623,0.1712753492352201,0.4429854456472267
2012-02-05T23:00:00Z,0.2031042721828546,0.4289707469626103,0.1712753492352201,0.42914315508831613
2012-02-06T00:00:00Z,0.195340056342264,0.4704840450557662,0.1712753492352201,0.47067270574522185
2012-02-06T01:00:00Z,0.0019161559379694,0.4704840450557662,0.1712753492352201,0.47067270574522185
2012-02-06T02:00:00Z,0.190148822144767,0.4704840450557662,0.1712753492352201,0.47067270574522185
2012-02-06T03:00:00Z,0.0018890074893913,0.4704840450557662,0.1712753492352201,0.47067270574522185
2012-02-06T04:00:00Z,0.1907246947665746,0.4704840450557662,0.1712753492352201,0.47067270574522185
2012-02-06T05:00:00Z,0.019086966154507,0.4704840450557662,0.0,0.47067270574522185
2012-02-06T06:00:00Z,0.1989761799099085,0.4704840450557662,0.0,0.47067270574522185
2012-02-06T07:00:00Z,0.2091453737521405,0.0,0.0,0.0
2012-02-06T08:00:00Z,0.0223328748307394,0.0,0.102705094585655,0.0
2012-02-06T09:00:00Z,0.2327467328602917,0.0,0.102705094585655,0.0
2012-02-06T10:00:00Z,0.2440242024724764,0.0,0.102705094585655,0.0
2012-02-06T11:00:00Z,0.0244538483549506,0.0,0.102705094585655,0.0
2012-02-06T12:00:00Z,0.2386672751731184,0.0,0.102705094585655,0.0
2012-02-06T13:00:00Z,0.2355317750438197,0.0,0.102705094585655,0.0
2012-02-06T14:00:00Z,0.0023467351728037,0.0,0.102705094585655,0.0
2012-02-06T15:00:00Z,0.0023460224300824,0.0,0.102705094585655,0.0
2012-02-06T16:00:00Z,0.0244586339132223,0.0,0.0,0.0
2012-02-06T17:00:00Z,0.0025139990499699,0.49815957711787,0.1369706192075646,0.498359965843217
2012-02-06T18:00:00Z,0.0024398820309079,0.4843218110868181,0.1369706192075646,0.4845149963041325
2012-02-06T19:00:00Z,0.0234042132965854,0.3182686187141947,0.1369706192075646,0.3183967936765094
2012-02-06T20:00:00Z,0.2250525772795049,0.3874574488694545,0.1369706192075646,0.38761360443141035
2012-02-06T21:00:00Z,0.0022310233500831,0.4428085129936623,0.1712753492352201,0.4429854456472267
2012-02-06T22:00:00Z,0.2125163139496001,0.4428085129936623,0.1712753492352201,0.4429854456472267
2012-02-06T23:00:00Z,0.0204963718080454,0.4151329809315584,0.1712753492352201,0.41530086452940557
2012-02-07T00:00:00Z,0.0020150102204804,0.4428085129936623,0.1712753492352201,0.4429854456472267
2012-02-07T01:00:00Z,0.2017540163428475,0.4566462790247142,0.1712753492352201,0.45683041518631134
2012-02-07T02:00:00Z,0.2034791866027713,0.4704840450557662,0.1712753492352201,0.47067270574522185
2012-02-07T03:00:00Z,0.0211697257035832,0.4704840450557662,0.1712753492352201,0.47067270574522185
2012-02-07T04:00:00Z,0.2255893469558602,0.4843218110868181,0.1712753492352201,0.4845149963041325
2012-02-07T05:00:00Z,0.0025530189726436,0.4843218110868181,0.0,0.4845149963041325
2012-02-07T06:00:00Z,0.2791529415046835,0.4704840450557662,0.0,0.47067270574522185
2012-02-07T07:00:00Z,0.0028900875372924,0.0,0.0,0.0
2012-02-07T08:00:00Z,0.0029099342891459,0.0,0.102705094585655,0.0
2012-02-07T09:00:00Z,0.0292524983789124,0.0,0.102705094585655,0.0
2012-02-07T10:00:00Z,0.2941604052506109,0.0,0.102705094585655,0.0
2012-02-07T11:00:00Z,0.0294168834803949,0.0,0.102705094585655,0.0
2012-02-07T12:00:00Z,0.0028820241457364,0.0,0.102705094585655,0.0
2012-02-07T13:00:00Z,0.0028061750052149,0.0,0.102705094585655,0.0
2012-02-07T14:00:00Z,0.2732160296062794,0.0,0.102705094585655,0.0
2012-02-07T15:00:00Z,0.0027250069242313,0.0,0.102705094585655,0.0
2012-02-07T16:00:00Z,0.2834274397481583,0.0,0.0,0.0
2012-02-07T17:00:00Z,0.2912400006925655,0.5396728752110259,0.1369706192075646,0.5398895165001227
2012-02-07T18:00:00Z,0.2855802556408695,0.5396728752110259,0.1369706192075646,0.5398895165001227
2012-02-07T19:00:00Z,0.0269578466846601,0.3736196828384025,0.1369706192075646,0.37376863489232576
2012-02-07T20:00:00Z,0.0025660280937751,0.4289707469626103,0.1369706192075646,0.42914315508831613
2012-02-07T21:00:00Z,0.0024736629029631,0.4843218110868181,0.1712753492352201,0.4845149963041325
2012-02-07T22:00:00Z,0.2322026007865953,0.4843218110868181,0.1712753492352201,0.4845149963041325
2012-02-07T23:00:00Z,0.0223338499567702,0.4704840450557662,0.1712753492352201,0.47067270574522185
2012-02-08T00:00:00Z,0.0021708796129107,0.49815957711787,0.1712753492352201,0.498359965843217
2012-02-08T01:00:00Z,0.2138241185198324,0.4843218110868181,0.1712753492352201,0.4845149963041325
2012-02-08T02:00:00Z,0.216350047394813,0.4843218110868181,0.1712753492352201,0.4845149963041325
2012-02-08T03:00:00Z,0.2214727486383376,0.4704840450557662,0.1712753492352201,0.47067270574522185
2012-02-08T04:00:00Z,0.2340385790426703,0.4704840450557662,0.1712753492352201,0.47067270574522185
2012-02-08T05:00:00Z,0.2596249266296764,0.4843218110868181,0.0,0.4845149963041325
2012-02-08T06:00:00Z,0.2806235412118659,0.4843218110868181,0.0,0.4845149963041325
2012-02-08T07:00:00Z,0.2900997298235296,0.0,0.0,0.0
2012-02-08T08:00:00Z,0.2932665788840595,0.0,0.102705094585655,0.0
2012-02-08T09:00:00Z,0.2961216617465472,0.0,0.102705094585655,0.0
2012-02-08T10:00:00Z,0.0300921484663064,0.0,0.102705094585655,0.0
2012-02-08T11:00:00Z,0.2998586266607512,0.0,0.102705094585655,0.0
2012-02-08T12:00:00Z,0.2948870503711576,0.0,0.102705094585655,0.0
2012-02-08T13:00:00Z,0.2883677258490526,0.0,0.102705094585655,0.0
2012-02-08T14:00:00Z,0.2842511666932179,0.0,0.102705094585655,0.0
2012-02-08T15:00:00Z,0.2821874436406708,0.0,0.102705094585655,0.0
2012-02-08T16:00:00Z,0.2880910876851322,0.0,0.0,0.0
2012-02-08T17:00:00Z,0.2911844498381599,0.5535106412420778,0.1369706192075646,0.5537318070590334
2012-02-08T18:00:00Z,0.0286788658056575,0.5535106412420778,0.1369706192075646,0.5537318070590334
2012-02-08T19:00:00Z,0.0027254427938186,0.3736196828384025,0.1369706192075646,0.37376863489232576
2012-02-08T20:00:00Z,0.2573539011817849,0.4289707469626103,0.1369706192075646,0.42914315508831613
2012-02-08T21:00:00Z,0.0002441590263737,0.49815957711787,0.1712753492352201,0.498359965843217
2012-02-08T22:00:00Z,0.0229752009208874,0.4843218110868181,0.1712753492352201,0.4845149963041325
2012-02-08T23:00:00Z,0.2197789860521771,0.4704840450557662,0.1712753492352201,0.47067270574522185
2012-02-09T00:00:00Z,0.2122046848174659,0.49815957711787,0.1712753492352201,0.498359965843217
2012-02-09T01:00:00Z,0.0020743096316599,0.49815957711787,0.1712753492352201,0.498359965843217
2012-02-09T02:00:00Z,0.0209657677163927,0.49815957711787,0.1712753492352201,0.498359965843217
2012-02-09T03:00:00Z,0.216144291886144,0.49815957711787,0.1712753492352201,0.498359965843217
2012-02-09T04:00:00Z,0.0022674166983437,0.4843218110868181,0.1712753492352201,0.4845149963041325
2012-02-09T05:00:00Z,0.2565179166283863,0.49815957711787,0.0,0.498359965843217
2012-02-09T06:00:00Z,0.281195693473315,0.4843218110868181,0.0,0.4845149963041325
2012-02-09T07:00:00Z,0.0028921599738205,0.0,0.0,0.0
2012-02-09T08:00:00Z,0.0291017963712117,0.0,0.102705094585655,0.0
2012-02-09T09:00:00Z,0.0291690252409741,0.0,0.102705094585655,0.0
2012-02-09T10:00:00Z,0.2942895996592707,0.0,0.102705094585655,0.0
2012-02-09T11:00:00Z,0.2911259031146234,0.0,0.102705094585655,0.0
2012-02-09T12:00:00Z,0.2863926844389456,0.0,0.102705094585655,0.0
2012-02-09T13:00:00Z,0.2802494100257089,0.0,0.102705094585655,0.0
2012-02-09T14:00:00Z,0.2750013717997909,0.0,0.102705094585655,0.0
2012-02-09T15:00:00Z,0.2711906850079568,0.0,0.102705094585655,0.0
2012-02-09T16:00:00Z,0.0027989363588079,0.0,0.0,0.0
2012-02-09T17:00:00Z,0.028688648395316,0.5535106412420778,0.1369706192075646,0.5537318070590334
2012-02-09T18:00:00Z,0.0028057544086859,0.5535106412420778,0.1369706192075646,0.5537318070590334
2012-02-09T19:00:00Z,0.2641346103903405,0.3736196828384025,0.1369706192075646,0.37376863489232576
2012-02-09T20:00:00Z,0.0024939991759164,0.4428085129936623,0.1369706192075646,0.4429854456472267
2012-02-09T21:00:00Z,0.0023719631322032,0.511997343148922,0.1712753492352201,0.5122022564021276
2012-02-09T22:00:00Z,0.0022267096901516,0.49815957711787,0.1712753492352201,0.498359965843217
2012-02-09T23:00:00Z,0.2123246370677615,0.4843218110868181,0.1712753492352201,0.4845149963041325
2012-02-10T00:00:00Z,0.0205176992633216,0.5258351091799739,0.1712753492352201,0.5260472259412121
2012-02-10T01:00:00Z,0.0202293400061875,0.5258351091799739,0.1712753492352201,0.5260472259412121
2012-02-10T02:00:00Z,0.0204160394374834,0.511997343148922,0.1712753492352201,0.5122022564021276
2012-02-10T03:00:00Z,0.2092803053480901,0.511997343148922,0.1712753492352201,0.5122022564021276
2012-02-10T04:00:00Z,0.221010836528564,0.511997343148922,0.1712753492352201,0.5122022564021276
2012-02-10T05:00:00Z,0.0248886605766392,0.511997343148922,0.0,0.5122022564021276
2012-02-10T06:00:00Z,0.2710549505974035,0.511997343148922,0.0,0.5122022564021276
2012-02-10T07:00:00Z,0.0280261971137129,0.0,0.0,0.0
2012-02-10T08:00:00Z,0.0281115695935185,0.0,0.102705094585655,0.0
2012-02-10T09:00:00Z,0.0285913433491817,0.0,0.102705094585655,0.0
2012-02-10T10:00:00Z,0.2884836640263298,0.0,0.102705094585655,0.0
2012-02-10T11:00:00Z,0.0028940863372525,0.0,0.102705094585655,0.0
2012-02-10T12:00:00Z,0.2846727226835238,0.0,0.102705094585655,0.0
2012-02-10T13:00:00Z,0.0027846360768236,0.0,0.102705094585655,0.0
2012-02-10T14:00:00Z,0.2765393491911502,0.0,0.102705094585655,0.0
2012-02-10T15:00:00Z,0.2746478200806695,0.0,0.102705094585655,0.0
2012-02-10T16:00:00Z,0.2808997681780625,0.0,0.0,0.0
2012-02-10T17:00:00Z,0.2878292722201139,0.5673484072731297,0.1369706192075646,0.5675767765981179
2012-02-10T18:00:00Z,0.0028077058355982,0.5673484072731297,0.1369706192075646,0.5675767765981179
2012-02-10T19:00:00Z,0.002658367437873,0.3874574488694545,0.1369706192075646,0.38761360443141035
2012-02-10T20:00:00Z,0.2509638885534038,0.4428085129936623,0.1369706192075646,0.4429854456472267
2012-02-10T21:00:00Z,0.2383528459802932,0.511997343148922,0.1712753492352201,0.5122022564021276
2012-02-10T22:00:00Z,0.2227110412123979,0.511997343148922,0.1712753492352201,0.5122022564021276
2012-02-10T23:00:00Z,0.0215872127945075,0.4843218110868181,0.1712753492352201,0.4845149963041325
2012-02-11T00:00:00Z,0.0209120574613224,0.511997343148922,0.1712753492352201,0.5122022564021276
2012-02-11T01:00:00Z,0.002065665863888,0.511997343148922,0.1712753492352201,0.5122022564021276
2012-02-11T02:00:00Z,0.2076116062422395,0.511997343148922,0.1712753492352201,0.5122022564021276
2012-02-11T03:00:00Z,0.2138879324904026,0.49815957711787,0.1712753492352201,0.498359965843217
2012-02-11T04:00:00Z,0.2269657040609087,0.49815957711787,0.1712753492352201,0.498359965843217
2012-02-11T05:00:00Z,0.0254021368809815,0.49815957711787,0.0,0.498359965843217
2012-02-11T06:00:00Z,0.27679754220003,0.49815957711787,0.0,0.498359965843217
2012-02-11T07:00:00Z,0.2860602212888039,0.0,0.0,0.0
2012-02-11T08:00:00Z,0.2908899539445187,0.0,0.102705094585655,0.0
2012-02-11T09:00:00Z,0.0292942016604468,0.0,0.102705094585655,0.0
2012-02-11T10:00:00Z,0.0296536472136097,0.0,0.102705094585655,0.0
2012-02-11T11:00:00Z,0.2935189368014296,0.0,0.102705094585655,0.0
2012-02-11T12:00:00Z,0.2881582108183372,0.0,0.102705094585655,0.0
2012-02-11T13:00:00Z,0.2802200191788768,0.0,0.102705094585655,0.0
2012-02-11T14:00:00Z,0.2762307942515227,0.0,0.102705094585655,0.0
2012-02-11T15:00:00Z,0.0273611415798589,0.0,0.102705094585655,0.0
2012-02-11T16:00:00Z,0.279049946265285,0.0,0.0,0.0
2012-02-11T17:00:00Z,0.0028577959842313,0.5811861733041818,0.1369706192075646,0.5814190671570285
2012-02-11T18:00:00Z,0.0279533642063999,0.5811861733041818,0.1369706192075646,0.5814190671570285
2012-02-11T19:00:00Z,0.2619334298129687,0.4012952149005064,0.1369706192075646,0.40145589499032097
2012-02-11T20:00:00Z,0.0024689791650802,0.4704840450557662,0.1369706192075646,0.47067270574522185
2012-02-11T21:00:00Z,0.2343712575820961,0.5258351091799739,0.1712753492352201,0.5260472259412121
2012-02-11T22:00:00Z,0.0220659017714136,0.5258351091799739,0.1712753492352201,0.5260472259412121
2012-02-11T23:00:00Z,0.0020875928846072,0.511997343148922,0.1712753492352201,0.5122022564021276
2012-02-12T00:00:00Z,0.2038346180829158,0.5396728752110259,0.1712753492352201,0.5398895165001227
2012-02-12T01:00:00Z,0.0200637252277024,0.5396728752110259,0.1712753492352201,0.5398895165001227
2012-02-12T02:00:00Z,0.0198152991438058,0.5396728752110259,0.1712753492352201,0.5398895165001227
2012-02-12T03:00:00Z,0.1982723268917687,0.5396728752110259,0.1712753492352201,0.5398895165001227
2012-02-12T04:00:00Z,0.1993087409642704,0.5396728752110259,0.1712753492352201,0.5398895165001227
2012-02-12T05:00:00Z,0.2044829594083382,0.5258351091799739,0.0,0.5260472259412121
2012-02-12T06:00:00Z,0.2159331908070652,0.5258351091799739,0.0,0.5260472259412121
2012-02-12T07:00:00Z,0.2315628946133735,0.0,0.0,0.0
2012-02-12T08:00:00Z,0.0024295605764228,0.0,0.102705094585655,0.0
2012-02-12T09:00:00Z,0.2469938136914739,0.0,0.102705094585655,0.0
2012-02-12T10:00:00Z,0.2454056701778069,0.0,0.102705094585655,0.0
2012-02-12T11:00:00Z,0.2414466780735766,0.0,0.102705094585655,0.0
2012-02-12T12:00:00Z,0.0234341719878934,0.0,0.102705094585655,0.0
2012-02-12T13:00:00Z,0.228090153607999,0.0,0.102705094585655,0.0
2012-02-12T14:00:00Z,0.2238407775873659,0.0,0.102705094585655,0.0
2012-02-12T15:00:00Z,0.2277217987708196,0.0,0.102705094585655,0.0
2012-02-12T16:00:00Z,0.0242251989234861,0.0,0.0,0.0
2012-02-12T17:00:00Z,0.0256301323122567,0.5535106412420778,0.1369706192075646,0.5537318070590334
2012-02-12T18:00:00Z,0.2499222463955561,0.5673484072731297,0.1369706192075646,0.5675767765981179
2012-02-12T19:00:00Z,0.0236326630034412,0.3874574488694545,0.1369706192075646,0.38761360443141035
2012-02-12T20:00:00Z,0.2256917351890949,0.4566462790247142,0.1369706192075646,0.45683041518631134
2012-02-12T21:00:00Z,0.0022065085250219,0.511997343148922,0.1712753492352201,0.5122022564021276
2012-02-12T22:00:00Z,0.2105430348154525,0.511997343148922,0.1712753492352201,0.5122022564021276
2012-02-12T23:00:00Z,0.019973860902285,0.49815957711787,0.1712753492352201,0.498359965843217
2012-02-13T00:00:00Z,0.0019384651767634,0.5258351091799739,0.1712753492352201,0.5260472259412121
2012-02-13T01:00:00Z,0.1893861874329629,0.5258351091799739,0.1712753492352201,0.5260472259412121
2012-02-13T02:00:00Z,0.1871589643330817,0.5258351091799739,0.1712753492352201,0.5260472259412121
2012-02-13T03:00:00Z,0.0186622811453312,0.511997343148922,0.1712753492352201,0.5122022564021276
2012-02-13T04:00:00Z,0.1852711164212716,0.511997343148922,0.1712753492352201,0.5122022564021276
2012-02-13T05:00:00Z,0.1875292380929722,0.511997343148922,0.0,0.5122022564021276
2012-02-13T06:00:00Z,0.0019513807014606,0.511997343148922,0.0,0.5122022564021276
2012-02-13T07:00:00Z,0.2079848758712609,0.0,0.0,0.0
2012-02-13T08:00:00Z,0.0021891563726929,0.0,0.102705094585655,0.0
2012-02-13T09:00:00Z,0.2245597470170678,0.0,0.102705094585655,0.0
2012-02-13T10:00:00Z,0.0230935945360012,0.0,0.102705094585655,0.0
2012-02-13T11:00:00Z,0.2268281290510203,0.0,0.102705094585655,0.0
2012-02-13T12:00:00Z,0.217735098394594,0.0,0.102705094585655,0.0
2012-02-13T13:00:00Z,0.0021053017999137,0.0,0.102705094585655,0.0
2012-02-13T14:00:00Z,0.2078329676835702,0.0,0.102705094585655,0.0
2012-02-13T15:00:00Z,0.2102999190564466,0.0,0.102705094585655,0.0
2012-02-13T16:00:00Z,0.0022884551403626,0.0,0.0,0.0
2012-02-13T17:00:00Z,0.2469331718176304,0.5811861733041818,0.1369706192075646,0.5814190671570285
2012-02-13T18:00:00Z,0.0024249849247987,0.5811861733041818,0.1369706192075646,0.5814190671570285
2012-02-13T19:00:00Z,0.0023201154070134,0.4012952149005064,0.1369706192075646,0.40145589499032097
2012-02-13T20:00:00Z,0.0225156110992113,0.4704840450557662,0.1369706192075646,0.47067270574522185
2012-02-13T21:00:00Z,0.0022513000972707,0.5396728752110259,0.1712753492352201,0.5398895165001227
2012-02-13T22:00:00Z,0.0021627253662387,0.5396728752110259,0.1712753492352201,0.5398895165001227
2012-02-13T23:00:00Z,0.0206420141256586,0.511997343148922,0.1712753492352201,0.5122022564021276
2012-02-14T00:00:00Z,0.0200781367288806,0.5396728752110259,0.1712753492352201,0.5398895165001227
2012-02-14T01:00:00Z,0.1986601059261881,0.5396728752110259,0.1712753492352201,0.5398895165001227
2012-02-14T02:00:00Z,0.2000545753119294,0.5396728752110259,0.1712753492352201,0.5398895165001227
2012-02-14T03:00:00Z,0.0206385835617912,0.5258351091799739,0.1712753492352201,0.5260472259412121
2012-02-14T04:00:00Z,0.2208603577424847,0.5258351091799739,0.1712753492352201,0.5260472259412121
2012-02-14T05:00:00Z,0.0252502404417972,0.5258351091799739,0.0,0.5260472259412121
2012-02-14T06:00:00Z,0.2737116207677194,0.5258351091799739,0.0,0.5260472259412121
2012-02-14T07:00:00Z,0.2854339671554046,0.0,0.0,0.0
2012-02-14T08:00:00Z,0.2874740561292533,0.0,0.102705094585655,0.0
2012-02-14T09:00:00Z,0.2883621257276708,0.0,0.102705094585655,0.0
2012-02-14T10:00:00Z,0.2915938461243466,0.0,0.102705094585655,0.0
2012-02-14T11:00:00Z,0.291221066016425,0.0,0.102705094585655,0.0
2012-02-14T12:00:00Z,0.002848113648494,0.0,0.102705094585655,0.0
2012-02-14T13:00:00Z,0.0278278118347226,0.0,0.102705094585655,0.0
2012-02-14T14:00:00Z,0.0274640389150374,0.0,0.102705094585655,0.0
2012-02-14T15:00:00Z,0.0027191945465007,0.0,0.102705094585655,0.0
2012-02-14T16:00:00Z,0.2790554289016028,0.0,0.0,0.0
2012-02-14T17:00:00Z,0.2875788136446109,0.5811861733041818,0.1369706192075646,0.5814190671570285
2012-02-14T18:00:00Z,0.0028184514111642,0.5811861733041818,0.1369706192075646,0.5814190671570285
2012-02-14T19:00:00Z,0.2663640265447487,0.4151329809315584,0.1369706192075646,0.41530086452940557
2012-02-14T20:00:00Z,0.0251410615718661,0.4704840450557662,0.1369706192075646,0.47067270574522185
2012-02-14T21:00:00Z,0.2387420739971682,0.5396728752110259,0.1712753492352201,0.5398895165001227
2012-02-14T22:00:00Z,0.022476042129672,0.5258351091799739,0.1712753492352201,0.5260472259412121
2012-02-14T23:00:00Z,0.002157604192301,0.511997343148922,0.1712753492352201,0.5122022564021276
2012-02-15T00:00:00Z,0.2102576635951117,0.5396728752110259,0.1712753492352201,0.5398895165001227
2012-02-15T01:00:00Z,0.0020616752878824,0.5396728752110259,0.1712753492352201,0.5398895165001227
2012-02-15T02:00:00Z,0.2081794311371664,0.5396728752110259,0.1712753492352201,0.5398895165001227
2012-02-15T03:00:00Z,0.0021417558487906,0.5396728752110259,0.1712753492352201,0.5398895165001227
2012-02-15T04:00:00Z,0.2260305621135342,0.5396728752110259,0.1712753492352201,0.5398895165001227
2012-02-15T05:00:00Z,0.0025284097679143,0.5396728752110259,0.0,0.5398895165001227
2012-02-15T06:00:00Z,0.2758924176864953,0.5396728752110259,0.0,0.5398895165001227
2012-02-15T07:00:00Z,0.2858954484866103,0.0,0.0,0.0
2012-02-15T08:00:00Z,0.2872965557784649,0.0,0.102705094585655,0.0
2012-02-15T09:00:00Z,0.2897061548592884,0.0,0.102705094585655,0.0
2012-02-15T10:00:00Z,0.2936166843746383,0.0,0.102705094585655,0.0
2012-02-15T11:00:00Z,0.2911337746139083,0.0,0.102705094585655,0.0
2012-02-15T12:00:00Z,0.0284726051112136,0.0,0.102705094585655,0.0
2012-02-15T13:00:00Z,0.278455256452401,0.0,0.102705094585655,0.0
2012-02-15T14:00:00Z,0.2771560282918373,0.0,0.102705094585655,0.0
2012-02-15T15:00:00Z,0.2733969761856104,0.0,0.102705094585655,0.0
2012-02-15T16:00:00Z,0.0280756622418058,0.0,0.0,0.0
2012-02-15T17:00:00Z,0.029107443486619,0.5950239393352337,0.1369706192075646,0.595264036696113
2012-02-15T18:00:00Z,0.2919212965784264,0.5950239393352337,0.1369706192075646,0.595264036696113
2012-02-15T19:00:00Z,0.0276127671736638,0.4151329809315584,0.1369706192075646,0.41530086452940557
2012-02-15T20:00:00Z,0.2616266567301445,0.4843218110868181,0.1369706192075646,0.4845149963041325
2012-02-15T21:00:00Z,0.2490721832153272,0.5535106412420778,0.1712753492352201,0.5537318070590334
2012-02-15T22:00:00Z,0.2345718045862631,0.5535106412420778,0.1712753492352201,0.5537318070590334
2012-02-15T23:00:00Z,0.0022121329266502,0.5258351091799739,0.1712753492352201,0.5260472259412121
2012-02-16T00:00:00Z,0.0021470755724864,0.5535106412420778,0.1712753492352201,0.5537318070590334
2012-02-16T01:00:00Z,0.002085400221697,0.5673484072731297,0.1712753492352201,0.5675767765981179
2012-02-16T02:00:00Z,0.0020948534615595,0.5673484072731297,0.1712753492352201,0.5675767765981179
2012-02-16T03:00:00Z,0.2163214397817405,0.5535106412420778,0.1712753492352201,0.5537318070590334
2012-02-16T04:00:00Z,0.0229244865349479,0.5673484072731297,0.1712753492352201,0.5675767765981179
2012-02-16T05:00:00Z,0.2545455577939063,0.5535106412420778,0.0,0.5537318070590334
2012-02-16T06:00:00Z,0.0277272367876416,0.5673484072731297,0.0,0.5675767765981179
2012-02-16T07:00:00Z,0.2887538600925768,0.0,0.0,0.0
2012-02-16T08:00:00Z,0.002940260708704,0.0,0.102705094585655,0.0
2012-02-16T09:00:00Z,0.0293445870882073,0.0,0.102705094585655,0.0
2012-02-16T10:00:00Z,0.2960791125725525,0.0,0.102705094585655,0.0
2012-02-16T11:00:00Z,0.2943594053681025,0.0,0.102705094585655,0.0
2012-02-16T12:00:00Z,0.2905458206113575,0.0,0.102705094585655,0.0
2012-02-16T13:00:00Z,0.2862463567917927,0.0,0.102705094585655,0.0
2012-02-16T14:00:00Z,0.0283571290418546,0.0,0.102705094585655,0.0
2012-02-16T15:00:00Z,0.0027880310035549,0.0,0.102705094585655,0.0
2012-02-16T16:00:00Z,0.2827540936849581,0.0,0.0,0.0
2012-02-16T17:00:00Z,0.2917627700654664,0.5950239393352337,0.1369706192075646,0.595264036696113
2012-02-16T18:00:00Z,0.0286337397925934,0.6088617053662857,0.1369706192075646,0.6091063272550237
2012-02-16T19:00:00Z,0.0026991833155577,0.4289707469626103,0.1369706192075646,0.42914315508831613
2012-02-16T20:00:00Z,0.2551972474436513,0.49815957711787,0.1369706192075646,0.498359965843217
2012-02-16T21:00:00Z,0.0024403727268584,0.5673484072731297,0.1712753492352201,0.5675767765981179
2012-02-16T22:00:00Z,0.2295250182748959,0.5535106412420778,0.1712753492352201,0.5537318070590334
2012-02-16T23:00:00Z,0.2213161997906207,0.5396728752110259,0.1712753492352201,0.5398895165001227
2012-02-17T00:00:00Z,0.0021265959677551,0.5673484072731297,0.1712753492352201,0.5675767765981179
2012-02-17T01:00:00Z,0.2083455550175954,0.5673484072731297,0.1712753492352201,0.5675767765981179
2012-02-17T02:00:00Z,0.0020917702618645,0.5673484072731297,0.1712753492352201,0.5675767765981179
2012-02-17T03:00:00Z,0.21383990068009,0.5811861733041818,0.1712753492352201,0.5814190671570285
2012-02-17T04:00:00Z,0.2263824494609161,0.5811861733041818,0.1712753492352201,0.5814190671570285
2012-02-17T05:00:00Z,0.0025166330651037,0.5811861733041818,0.0,0.5814190671570285
2012-02-17T06:00:00Z,0.0027323356425207,0.5811861733041818,0.0,0.5814190671570285
2012-02-17T07:00:00Z,0.2852525114741298,0.0,0.0,0.0
2012-02-17T08:00:00Z,0.2892502736494644,0.0,0.102705094585655,0.0
2012-02-17T09:00:00Z,0.0289906985785693,0.0,0.102705094585655,0.0
2012-02-17T10:00:00Z,0.2898096200389427,0.0,0.102705094585655,0.0
2012-02-17T11:00:00Z,0.2899340758833565,0.0,0.102705094585655,0.0
2012-02-17T12:00:00Z,0.0284439348394403,0.0,0.102705094585655,0.0
2012-02-17T13:00:00Z,0.002795484647629,0.0,0.102705094585655,0.0
2012-02-17T14:00:00Z,0.2766103493314655,0.0,0.102705094585655,0.0
2012-02-17T15:00:00Z,0.027281623772407,0.0,0.102705094585655,0.0
2012-02-17T16:00:00Z,0.0279338146917582,0.0,0.0,0.0
2012-02-17T17:00:00Z,0.0002902249199495,0.6226994713973375,0.1369706192075646,0.6229486178139343
2012-02-17T18:00:00Z,0.2844521248951088,0.6226994713973375,0.1369706192075646,0.6229486178139343
2012-02-17T19:00:00Z,0.2695228670400859,0.4428085129936623,0.1369706192075646,0.4429854456472267
2012-02-17T20:00:00Z,0.2550844422014128,0.511997343148922,0.1369706192075646,0.5122022564021276
2012-02-17T21:00:00Z,0.2408648920368834,0.5811861733041818,0.1712753492352201,0.5814190671570285
2012-02-17T22:00:00Z,0.0228400265224723,0.5811861733041818,0.1712753492352201,0.5814190671570285
2012-02-17T23:00:00Z,0.0021540393038438,0.5673484072731297,0.1712753492352201,0.5675767765981179
2012-02-18T00:00:00Z,0.0208185863444417,0.5950239393352337,0.1712753492352201,0.595264036696113
2012-02-18T01:00:00Z,0.2047996208173784,0.5950239393352337,0.1712753492352201,0.595264036696113
2012-02-18T02:00:00Z,0.020194595756608,0.5950239393352337,0.1712753492352201,0.595264036696113
2012-02-18T03:00:00Z,0.0002070936635473,0.5950239393352337,0.1712753492352201,0.595264036696113
2012-02-18T04:00:00Z,0.2183434556365845,0.5950239393352337,0.1712753492352201,0.595264036696113
2012-02-18T05:00:00Z,0.0244381758474194,0.5811861733041818,0.0,0.5814190671570285
2012-02-18T06:00:00Z,0.2660431944159382,0.5811861733041818,0.0,0.5814190671570285
2012-02-18T07:00:00Z,0.2750844141591613,0.0,0.0,0.0
2012-02-18T08:00:00Z,0.2786614623204818,0.0,0.102705094585655,0.0
2012-02-18T09:00:00Z,0.2830734376696252,0.0,0.102705094585655,0.0
2012-02-18T10:00:00Z,0.2856723443501643,0.0,0.102705094585655,0.0
2012-02-18T11:00:00Z,0.2833160834883753,0.0,0.102705094585655,0.0
2012-02-18T12:00:00Z,0.2790006221192689,0.0,0.102705094585655,0.0
2012-02-18T13:00:00Z,0.27316997546121,0.0,0.102705094585655,0.0
2012-02-18T14:00:00Z,0.0270622164993068,0.0,0.102705094585655,0.0
2012-02-18T15:00:00Z,0.0026621402748934,0.0,0.102705094585655,0.0
2012-02-18T16:00:00Z,0.2714176074089812,0.0,0.0,0.0
2012-02-18T17:00:00Z,0.0277523629266523,0.6088617053662857,0.1369706192075646,0.6091063272550237
2012-02-18T18:00:00Z,0.0026996430737746,0.6226994713973375,0.1369706192075646,0.6229486178139343
2012-02-18T19:00:00Z,0.2536296050736439,0.4428085129936623,0.1369706192075646,0.4429854456472267
2012-02-18T20:00:00Z,0.2410984131823331,0.49815957711787,0.1369706192075646,0.498359965843217
2012-02-18T21:00:00Z,0.2303465130037404,0.5673484072731297,0.1712753492352201,0.5675767765981179
2012-02-18T22:00:00Z,0.0002141913278776,0.5673484072731297,0.1712753492352201,0.5675767765981179
2012-02-18T23:00:00Z,0.2040589558125333,0.5396728752110259,0.1712753492352201,0.5398895165001227
2012-02-19T00:00:00Z,0.1966022375459946,0.5811861733041818,0.1712753492352201,0.5814190671570285
2012-02-19T01:00:00Z,0.1957003242908746,0.5811861733041818,0.1712753492352201,0.5814190671570285
2012-02-19T02:00:00Z,0.1983699961416012,0.5811861733041818,0.1712753492352201,0.5814190671570285
2012-02-19T03:00:00Z,0.0199799113830786,0.5673484072731297,0.1712753492352201,0.5675767765981179
2012-02-19T04:00:00Z,0.0019929888200932,0.5811861733041818,0.1712753492352201,0.5814190671570285
2012-02-19T05:00:00Z,0.0202950298216122,0.5811861733041818,0.0,0.5814190671570285
2012-02-19T06:00:00Z,0.2113946253015128,0.5811861733041818,0.0,0.5814190671570285
2012-02-19T07:00:00Z,0.0022701862129179,0.0,0.0,0.0
2012-02-19T08:00:00Z,0.0023762865825566,0.0,0.102705094585655,0.0
2012-02-19T09:00:00Z,0.2459460035677688,0.0,0.102705094585655,0.0
2012-02-19T10:00:00Z,0.0024962039789499,0.0,0.102705094585655,0.0
2012-02-19T11:00:00Z,0.2460457288062205,0.0,0.102705094585655,0.0
2012-02-19T12:00:00Z,0.2381731134132897,0.0,0.102705094585655,0.0
2012-02-19T13:00:00Z,0.0235752088909996,0.0,0.102705094585655,0.0
2012-02-19T14:00:00Z,0.0023124126946038,0.0,0.102705094585655,0.0
2012-02-19T15:00:00Z,0.2274450235409914,0.0,0.102705094585655,0.0
2012-02-19T16:00:00Z,0.0235155460593557,0.0,0.0,0.0
2012-02-19T17:00:00Z,0.0024734310657702,0.6088617053662857,0.1369706192075646,0.6091063272550237
2012-02-19T18:00:00Z,0.2428682473474029,0.6088617053662857,0.1369706192075646,0.6091063272550237
2012-02-19T19:00:00Z,0.0022966434577032,0.4289707469626103,0.1369706192075646,0.42914315508831613
2012-02-19T20:00:00Z,0.2205740270607883,0.49815957711787,0.1369706192075646,0.498359965843217
2012-02-19T21:00:00Z,0.2160418644912214,0.5673484072731297,0.1712753492352201,0.5675767765981179
2012-02-19T22:00:00Z,0.020488782272914,0.5535106412420778,0.1712753492352201,0.5537318070590334
2012-02-19T23:00:00Z,0.0193176441614091,0.5396728752110259,0.1712753492352201,0.5398895165001227
2012-02-20T00:00:00Z,1.8335502314198266e-05,0.5673484072731297,0.1712753492352201,0.5675767765981179
2012-02-20T01:00:00Z,0.0017913108263771,0.5673484072731297,0.1712753492352201,0.5675767765981179
2012-02-20T02:00:00Z,0.1780258712698476,0.5673484072731297,0.1712753492352201,0.5675767765981179
2012-02-20T03:00:00Z,0.1788592907326832,0.5673484072731297,0.1712753492352201,0.5675767765981179
2012-02-20T04:00:00Z,0.017891680946191,0.5673484072731297,0.1712753492352201,0.5675767765981179
2012-02-20T05:00:00Z,0.1787097714079595,0.5673484072731297,0.0,0.5675767765981179
2012-02-20T06:00:00Z,0.184048292713965,0.5535106412420778,0.0,0.5537318070590334
2012-02-20T07:00:00Z,0.019841756780208,0.0,0.0,0.0
2012-02-20T08:00:00Z,0.2127474658129268,0.0,0.102705094585655,0.0
2012-02-20T09:00:00Z,0.0222778722399656,0.0,0.102705094585655,0.0
2012-02-20T10:00:00Z,0.0233653649021051,0.0,0.102705094585655,0.0
2012-02-20T11:00:00Z,0.2338794259427025,0.0,0.102705094585655,0.0
2012-02-20T12:00:00Z,0.0228429049065392,0.0,0.102705094585655,0.0
2012-02-20T13:00:00Z,0.0022596944050901,0.0,0.102705094585655,0.0
2012-02-20T14:00:00Z,0.0225354386618377,0.0,0.102705094585655,0.0
2012-02-20T15:00:00Z,0.2251142177763919,0.0,0.102705094585655,0.0
2012-02-20T16:00:00Z,0.2337423012922259,0.0,0.0,0.0
2012-02-20T17:00:00Z,0.2452068071262231,0.5950239393352337,0.1369706192075646,0.595264036696113
2012-02-20T18:00:00Z,0.2397858504670109,0.5950239393352337,0.1369706192075646,0.595264036696113
2012-02-20T19:00:00Z,0.2268206491686153,0.4289707469626103,0.1369706192075646,0.42914315508831613
2012-02-20T20:00:00Z,0.0002188844645656,0.4843218110868181,0.1369706192075646,0.4845149963041325
2012-02-20T21:00:00Z,0.2158975928326876,0.5535106412420778,0.1712753492352201,0.5537318070590334
2012-02-20T22:00:00Z,0.2067167616718007,0.5535106412420778,0.1712753492352201,0.5537318070590334
2012-02-20T23:00:00Z,0.0019973424249464,0.5396728752110259,0.1712753492352201,0.5398895165001227
2012-02-21T00:00:00Z,0.0196695980836606,0.5673484072731297,0.1712753492352201,0.5675767765981179
2012-02-21T01:00:00Z,0.0019590234964876,0.5535106412420778,0.1712753492352201,0.5537318070590334
2012-02-21T02:00:00Z,0.0019878402329739,0.5535106412420778,0.1712753492352201,0.5537318070590334
2012-02-21T03:00:00Z,0.2070509283553698,0.5535106412420778,0.1712753492352201,0.5537318070590334
2012-02-21T04:00:00Z,0.0022015776768878,0.5535106412420778,0.1712753492352201,0.5537318070590334
2012-02-21T05:00:00Z,0.0248181186280732,0.5535106412420778,0.0,0.5537318070590334
2012-02-21T06:00:00Z,0.0027019148432946,0.5535106412420778,0.0,0.5537318070590334
2012-02-21T07:00:00Z,0.2810224030039849,0.0,0.0,0.0
2012-02-21T08:00:00Z,0.0028585240000109,0.0,0.102705094585655,0.0
2012-02-21T09:00:00Z,0.2888891049820302,0.0,0.102705094585655,0.0
2012-02-21T10:00:00Z,0.0289059526857715,0.0,0.102705094585655,0.0
2012-02-21T11:00:00Z,0.2898824216169053,0.0,0.102705094585655,0.0
2012-02-21T12:00:00Z,0.2884241382605939,0.0,0.102705094585655,0.0
2012-02-21T13:00:00Z,0.2850246883542817,0.0,0.102705094585655,0.0
2012-02-21T14:00:00Z,0.0028273140927719,0.0,0.102705094585655,0.0
2012-02-21T15:00:00Z,0.0279057122644608,0.0,0.102705094585655,0.0
2012-02-21T16:00:00Z,0.002827128074754,0.0,0.0,0.0
2012-02-21T17:00:00Z,0.0029167523390239,0.5673484072731297,0.1369706192075646,0.5675767765981179
2012-02-21T18:00:00Z,0.002859058165435,0.5811861733041818,0.1369706192075646,0.5814190671570285
2012-02-21T19:00:00Z,0.002702356587135,0.4012952149005064,0.1369706192075646,0.40145589499032097
2012-02-21T20:00:00Z,0.0025552617625145,0.4704840450557662,0.1369706192075646,0.47067270574522185
2012-02-21T21:00:00Z,0.2447986444332079,0.5258351091799739,0.1712753492352201,0.5260472259412121
2012-02-21T22:00:00Z,0.2313325064029624,0.5258351091799739,0.1712753492352201,0.5260472259412121
2012-02-21T23:00:00Z,0.2208926661350716,0.511997343148922,0.1712753492352201,0.5122022564021276
2012-02-22T00:00:00Z,0.2143763570629415,0.5535106412420778,0.1712753492352201,0.5537318070590334
2012-02-22T01:00:00Z,0.0211082888474736,0.5396728752110259,0.1712753492352201,0.5398895165001227
2012-02-22T02:00:00Z,0.2125425914422375,0.5396728752110259,0.1712753492352201,0.5398895165001227
2012-02-22T03:00:00Z,0.2196662591333146,0.5396728752110259,0.1712753492352201,0.5398895165001227
2012-02-22T04:00:00Z,0.0023139396088183,0.5396728752110259,0.1712753492352201,0.5398895165001227
2012-02-22T05:00:00Z,0.2552394050007663,0.5396728752110259,0.0,0.5398895165001227
2012-02-22T06:00:00Z,0.2705413842211788,0.5396728752110259,0.0,0.5398895165001227
2012-02-22T07:00:00Z,0.0279040635573966,0.0,0.0,0.0
2012-02-22T08:00:00Z,0.0028036545589762,0.0,0.102705094585655,0.0
2012-02-22T09:00:00Z,0.0028307681536521,0.0,0.102705094585655,0.0
2012-02-22T10:00:00Z,0.2860229589426868,0.0,0.102705094585655,0.0
2012-02-22T11:00:00Z,0.028600370118262,0.0,0.102705094585655,0.0
2012-02-22T12:00:00Z,0.0028437835406536,0.0,0.102705094585655,0.0
2012-02-22T13:00:00Z,0.002778393312142,0.0,0.102705094585655,0.0
2012-02-22T14:00:00Z,0.0274736609417751,0.0,0.102705094585655,0.0
2012-02-22T15:00:00Z,0.0027477998098719,0.0,0.102705094585655,0.0
2012-02-22T16:00:00Z,0.0281847980338801,0.0,0.0,0.0
2012-02-22T17:00:00Z,0.0029161645220873,0.5673484072731297,0.1369706192075646,0.5675767765981179
2012-02-22T18:00:00Z,0.0288224364699764,0.5673484072731297,0.1369706192075646,0.5675767765981179
2012-02-22T19:00:00Z,0.0027306195773532,0.4012952149005064,0.1369706192075646,0.40145589499032097
2012-02-22T20:00:00Z,0.0002600974417664,0.4566462790247142,0.1369706192075646,0.45683041518631134
2012-02-22T21:00:00Z,0.2485439899486404,0.5258351091799739,0.1712753492352201,0.5260472259412121
2012-02-22T22:00:00Z,0.2320713895510042,0.511997343148922,0.1712753492352201,0.5122022564021276
2012-02-22T23:00:00Z,0.2170651593982483,0.49815957711787,0.1712753492352201,0.498359965843217
2012-02-23T00:00:00Z,0.0208270335205399,0.5258351091799739,0.1712753492352201,0.5260472259412121
2012-02-23T01:00:00Z,0.2063925812186675,0.5258351091799739,0.1712753492352201,0.5260472259412121
2012-02-23T02:00:00Z,0.0207055030542186,0.5258351091799739,0.1712753492352201,0.5260472259412121
2012-02-23T03:00:00Z,0.2138210639081696,0.5258351091799739,0.1712753492352201,0.5260472259412121
2012-02-23T04:00:00Z,0.2239565591178912,0.5258351091799739,0.1712753492352201,0.5260472259412121
2012-02-23T05:00:00Z,0.2542990153872018,0.5258351091799739,0.0,0.5260472259412121
2012-02-23T06:00:00Z,0.2740663081757923,0.511997343148922,0.0,0.5122022564021276
2012-02-23T07:00:00Z,0.282095119961248,0.0,0.0,0.0
2012-02-23T08:00:00Z,0.0278795679215625,0.0,0.102705094585655,0.0
2012-02-23T09:00:00Z,0.2763315964363941,0.0,0.102705094585655,0.0
2012-02-23T10:00:00Z,0.2763480639261914,0.0,0.102705094585655,0.0
2012-02-23T11:00:00Z,0.2770763734184774,0.0,0.102705094585655,0.0
2012-02-23T12:00:00Z,0.2737222335851631,0.0,0.102705094585655,0.0
2012-02-23T13:00:00Z,0.0269184186971976,0.0,0.102705094585655,0.0
2012-02-23T14:00:00Z,0.0262488439045502,0.0,0.102705094585655,0.0
2012-02-23T15:00:00Z,0.2609647654606797,0.0,0.102705094585655,0.0
2012-02-23T16:00:00Z,0.002658817405668,0.0,0.0,0.0
2012-02-23T17:00:00Z,0.282070369774442,0.5811861733041818,0.1369706192075646,0.5814190671570285
2012-02-23T18:00:00Z,0.281163776697608,0.5811861733041818,0.1369706192075646,0.5814190671570285
2012-02-23T19:00:00Z,0.0268966878765352,0.4151329809315584,0.1369706192075646,0.41530086452940557
2012-02-23T20:00:00Z,0.0256160145237384,0.4704840450557662,0.1369706192075646,0.47067270574522185
2012-02-23T21:00:00Z,0.002424752695989,0.5396728752110259,0.1712753492352201,0.5398895165001227
2012-02-23T22:00:00Z,0.2296332807613282,0.5258351091799739,0.1712753492352201,0.5260472259412121
2012-02-23T23:00:00Z,0.0220519523781536,0.511997343148922,0.1712753492352201,0.5122022564021276
2012-02-24T00:00:00Z,0.0021373662151845,0.5396728752110259,0.1712753492352201,0.5398895165001227
2012-02-24T01:00:00Z,0.2113239776163893,0.5396728752110259,0.1712753492352201,0.5398895165001227
2012-02-24T02:00:00Z,0.212026127101102,0.5396728752110259,0.1712753492352201,0.5398895165001227
2012-02-24T03:00:00Z,0.217479881674001,0.5258351091799739,0.1712753492352201,0.5260472259412121
2012-02-24T04:00:00Z,0.2291190094747197,0.5258351091799739,0.1712753492352201,0.5260472259412121
2012-02-24T05:00:00Z,0.0258002741818729,0.5258351091799739,0.0,0.5260472259412121
2012-02-24T06:00:00Z,0.0275815788053532,0.5258351091799739,0.0,0.5260472259412121
2012-02-24T07:00:00Z,0.0282613747985644,0.0,0.0,0.0
2012-02-24T08:00:00Z,0.0280659932210425,0.0,0.102705094585655,0.0
2012-02-24T09:00:00Z,0.2832307305894138,0.0,0.102705094585655,0.0
2012-02-24T10:00:00Z,0.2889937645931679,0.0,0.102705094585655,0.0
2012-02-24T11:00:00Z,0.2877955540067595,0.0,0.102705094585655,0.0
2012-02-24T12:00:00Z,0.284022716986362,0.0,0.102705094585655,0.0
2012-02-24T13:00:00Z,0.0278027170250623,0.0,0.102705094585655,0.0
2012-02-24T14:00:00Z,0.2776757234722316,0.0,0.102705094585655,0.0
2012-02-24T15:00:00Z,0.2759410956646597,0.0,0.102705094585655,0.0
2012-02-24T16:00:00Z,0.0281116165875441,0.0,0.0,0.0
2012-02-24T17:00:00Z,0.0028931726950718,0.5950239393352337,0.1369706192075646,0.595264036696113
2012-02-24T18:00:00Z,0.0288135193536224,0.5950239393352337,0.1369706192075646,0.595264036696113
2012-02-24T19:00:00Z,0.0276567418331012,0.4151329809315584,0.1369706192075646,0.41530086452940557
2012-02-24T20:00:00Z,0.2594929909028576,0.4704840450557662,0.1369706192075646,0.47067270574522185
2012-02-24T21:00:00Z,0.2491798582764398,0.5396728752110259,0.1712753492352201,0.5398895165001227
2012-02-24T22:00:00Z,0.0234249063325163,0.5396728752110259,0.1712753492352201,0.5398895165001227
2012-02-24T23:00:00Z,0.223305417731778,0.511997343148922,0.1712753492352201,0.5122022564021276
2012-02-25T00:00:00Z,0.2149993020337061,0.5396728752110259,0.1712753492352201,0.5398895165001227
2012-02-25T01:00:00Z,0.2124784837590074,0.5396728752110259,0.1712753492352201,0.5398895165001227
2012-02-25T02:00:00Z,0.0214166049008044,0.5396728752110259,0.1712753492352201,0.5398895165001227
2012-02-25T03:00:00Z,0.2202958420101926,0.5396728752110259,0.1712753492352201,0.5398895165001227
2012-02-25T04:00:00Z,0.0230832715150486,0.5258351091799739,0.1712753492352201,0.5260472259412121
2012-02-25T05:00:00Z,0.0025713031731466,0.5258351091799739,0.0,0.5260472259412121
2012-02-25T06:00:00Z,0.2773277522936481,0.5258351091799739,0.0,0.5260472259412121
2012-02-25T07:00:00Z,0.2871309018382918,0.0,0.0,0.0
2012-02-25T08:00:00Z,0.0029006839068272,0.0,0.102705094585655,0.0
2012-02-25T09:00:00Z,0.2912011327172411,0.0,0.102705094585655,0.0
2012-02-25T10:00:00Z,0.0029262545309964,0.0,0.102705094585655,0.0
2012-02-25T11:00:00Z,0.0290406688924371,0.0,0.102705094585655,0.0
2012-02-25T12:00:00Z,0.0028490315984604,0.0,0.102705094585655,0.0
2012-02-25T13:00:00Z,0.2792759287857978,0.0,0.102705094585655,0.0
2012-02-25T14:00:00Z,0.0027643041116559,0.0,0.102705094585655,0.0
2012-02-25T15:00:00Z,0.0270325867661779,0.0,0.102705094585655,0.0
2012-02-25T16:00:00Z,0.2710300046021576,0.0,0.0,0.0
2012-02-25T17:00:00Z,0.2781604081035679,0.5950239393352337,0.1369706192075646,0.595264036696113
2012-02-25T18:00:00Z,0.0027300587819813,0.5950239393352337,0.1369706192075646,0.595264036696113
2012-02-25T19:00:00Z,0.0256526463666788,0.4151329809315584,0.1369706192075646,0.41530086452940557
2012-02-25T20:00:00Z,0.0243727249182914,0.4704840450557662,0.1369706192075646,0.47067270574522185
2012-02-25T21:00:00Z,0.2358418964509666,0.5396728752110259,0.1712753492352201,0.5398895165001227
2012-02-25T22:00:00Z,0.2222758765355174,0.5258351091799739,0.1712753492352201,0.5260472259412121
2012-02-25T23:00:00Z,0.2120312377013839,0.511997343148922,0.1712753492352201,0.5122022564021276
2012-02-26T00:00:00Z,0.2010000167832439,0.5396728752110259,0.1712753492352201,0.5398895165001227
2012-02-26T01:00:00Z,0.1932397954348276,0.5258351091799739,0.1712753492352201,0.5260472259412121
2012-02-26T02:00:00Z,0.0019031029557474,0.5258351091799739,0.1712753492352201,0.5260472259412121
2012-02-26T03:00:00Z,0.1912942231949288,0.5258351091799739,0.1712753492352201,0.5260472259412121
2012-02-26T04:00:00Z,0.1922219048407424,0.5258351091799739,0.1712753492352201,0.5260472259412121
2012-02-26T05:00:00Z,0.1958097812087905,0.511997343148922,0.0,0.5122022564021276
2012-02-26T06:00:00Z,0.2047666858377837,0.511997343148922,0.0,0.5122022564021276
2012-02-26T07:00:00Z,0.2173730681700241,0.0,0.0,0.0
2012-02-26T08:00:00Z,0.2268428146840144,0.0,0.102705094585655,0.0
2012-02-26T09:00:00Z,0.2321725441910674,0.0,0.102705094585655,0.0
2012-02-26T10:00:00Z,0.0023380377535193,0.0,0.102705094585655,0.0
2012-02-26T11:00:00Z,0.2301260131195453,0.0,0.102705094585655,0.0
2012-02-26T12:00:00Z,0.2231162276171263,0.0,0.102705094585655,0.0
2012-02-26T13:00:00Z,0.0021554784958772,0.0,0.102705094585655,0.0
2012-02-26T14:00:00Z,0.2107199477409211,0.0,0.102705094585655,0.0
2012-02-26T15:00:00Z,0.2103859377041039,0.0,0.102705094585655,0.0
2012-02-26T16:00:00Z,0.218867360698437,0.0,0.0,0.0
2012-02-26T17:00:00Z,0.0023386925369424,0.5673484072731297,0.1369706192075646,0.5675767765981179
2012-02-26T18:00:00Z,0.0231832513044722,0.5811861733041818,0.1369706192075646,0.5814190671570285
2012-02-26T19:00:00Z,0.0002204262602215,0.4012952149005064,0.1369706192075646,0.40145589499032097
2012-02-26T20:00:00Z,0.0021112383201952,0.4566462790247142,0.1369706192075646,0.45683041518631134
2012-02-26T21:00:00Z,0.2061935615203319,0.5258351091799739,0.1712753492352201,0.5260472259412121
2012-02-26T22:00:00Z,0.0019829042938203,0.5258351091799739,0.1712753492352201,0.5260472259412121
2012-02-26T23:00:00Z,0.0019097083576597,0.49815957711787,0.1712753492352201,0.498359965843217
2012-02-27T00:00:00Z,0.1838489401412815,0.5258351091799739,0.1712753492352201,0.5260472259412121
2012-02-27T01:00:00Z,0.0018187447636607,0.5258351091799739,0.1712753492352201,0.5260472259412121
2012-02-27T02:00:00Z,0.001803265714868,0.5258351091799739,0.1712753492352201,0.5260472259412121
2012-02-27T03:00:00Z,0.000180555354068,0.5258351091799739,0.1712753492352201,0.5260472259412121
2012-02-27T04:00:00Z,0.1805444964900191,0.5258351091799739,0.1712753492352201,0.5260472259412121
2012-02-27T05:00:00Z,0.001800981021991,0.511997343148922,0.0,0.5122022564021276
2012-02-27T06:00:00Z,0.1871985567996337,0.511997343148922,0.0,0.5122022564021276
2012-02-27T07:00:00Z,0.2013324799333856,0.0,0.0,0.0
2012-02-27T08:00:00Z,0.2121798954689719,0.0,0.102705094585655,0.0
2012-02-27T09:00:00Z,0.21771526299963,0.0,0.102705094585655,0.0
2012-02-27T10:00:00Z,0.2213815019053344,0.0,0.102705094585655,0.0
2012-02-27T11:00:00Z,0.0021856420028132,0.0,0.102705094585655,0.0
2012-02-27T12:00:00Z,0.0020867603071207,0.0,0.102705094585655,0.0
2012-02-27T13:00:00Z,0.0200563628303613,0.0,0.102705094585655,0.0
2012-02-27T14:00:00Z,0.1998774861588649,0.0,0.102705094585655,0.0
2012-02-27T15:00:00Z,0.0202072645626708,0.0,0.102705094585655,0.0
2012-02-27T16:00:00Z,0.210539431940158,0.0,0.0,0.0
2012-02-27T17:00:00Z,0.0227728955569298,0.5396728752110259,0.1369706192075646,0.5398895165001227
2012-02-27T18:00:00Z,2.2943266522419447e-05,0.5535106412420778,0.1369706192075646,0.5537318070590334
2012-02-27T19:00:00Z,0.2211977356844686,0.3874574488694545,0.1369706192075646,0.38761360443141035
2012-02-27T20:00:00Z,0.0021568068603336,0.4428085129936623,0.1369706192075646,0.4429854456472267
2012-02-27T21:00:00Z,0.0214625650578226,0.49815957711787,0.1712753492352201,0.498359965843217
2012-02-27T22:00:00Z,0.0204718330943545,0.49815957711787,0.1712753492352201,0.498359965843217
2012-02-27T23:00:00Z,0.1962431052863356,0.4843218110868181,0.1712753492352201,0.4845149963041325
2012-02-28T00:00:00Z,0.1912129235306736,0.511997343148922,0.1712753492352201,0.5122022564021276
2012-02-28T01:00:00Z,0.0001892073457943,0.511997343148922,0.1712753492352201,0.5122022564021276
2012-02-28T02:00:00Z,0.1901179627346355,0.511997343148922,0.1712753492352201,0.5122022564021276
2012-02-28T03:00:00Z,0.195793470365745,0.49815957711787,0.1712753492352201,0.498359965843217
2012-02-28T04:00:00Z,0.2091377372229836,0.49815957711787,0.1712753492352201,0.498359965843217
2012-02-28T05:00:00Z,0.2366869665159776,0.49815957711787,0.0,0.498359965843217
2012-02-28T06:00:00Z,0.2556083864249533,0.49815957711787,0.0,0.498359965843217
2012-02-28T07:00:00Z,0.0026670397936771,0.0,0.0,0.0
2012-02-28T08:00:00Z,0.0268765979305993,0.0,0.102705094585655,0.0
2012-02-28T09:00:00Z,0.2696838999010768,0.0,0.102705094585655,0.0
2012-02-28T10:00:00Z,0.002699687326482,0.0,0.102705094585655,0.0
2012-02-28T11:00:00Z,0.2671532128810062,0.0,0.102705094585655,0.0
2012-02-28T12:00:00Z,0.2636644743260901,0.0,0.102705094585655,0.0
2012-02-28T13:00:00Z,0.0257409520569144,0.0,0.102705094585655,0.0
2012-02-28T14:00:00Z,0.2550024572076179,0.0,0.102705094585655,0.0
2012-02-28T15:00:00Z,0.0025139379577367,0.0,0.102705094585655,0.0
2012-02-28T16:00:00Z,0.2579218631426197,0.0,0.0,0.0
2012-02-28T17:00:00Z,0.027242673557538,0.4566462790247142,0.1369706192075646,0.45683041518631134
2012-02-28T18:00:00Z,0.0027495092175524,0.49815957711787,0.1369706192075646,0.498359965843217
2012-02-28T19:00:00Z,0.2634749121754026,0.3321063847452467,0.1369706192075646,0.33223908423542003
2012-02-28T20:00:00Z,0.2541952760757317,0.4151329809315584,0.1369706192075646,0.41530086452940557
2012-02-28T21:00:00Z,0.2437878812663358,0.4704840450557662,0.1712753492352201,0.47067270574522185
2012-02-28T22:00:00Z,0.2318575275729226,0.4704840450557662,0.1712753492352201,0.47067270574522185
2012-02-28T23:00:00Z,0.2199550961630421,0.4566462790247142,0.1712753492352201,0.45683041518631134
2012-02-29T00:00:00Z,0.0021550273532316,0.4704840450557662,0.1712753492352201,0.47067270574522185
2012-02-29T01:00:00Z,0.2139416035837849,0.4428085129936623,0.1712753492352201,0.4429854456472267
2012-02-29T02:00:00Z,0.0021301287436281,0.4151329809315584,0.1712753492352201,0.41530086452940557
2012-02-29T03:00:00Z,0.0021522288590082,0.4012952149005064,0.1712753492352201,0.40145589499032097
2012-02-29T04:00:00Z,0.2271725365159973,0.4012952149005064,0.1712753492352201,0.40145589499032097
2012-02-29T05:00:00Z,0.0253809778209637,0.4151329809315584,0.0,0.41530086452940557
2012-02-29T06:00:00Z,0.0270923396697042,0.4289707469626103,0.0,0.42914315508831613
2012-02-29T07:00:00Z,0.0027957775770551,0.0,0.0,0.0
2012-02-29T08:00:00Z,0.0027846615319208,0.0,0.102705094585655,0.0
2012-02-29T09:00:00Z,0.2812882325420217,0.0,0.102705094585655,0.0
2012-02-29T10:00:00Z,0.002801403153534,0.0,0.102705094585655,0.0
2012-02-29T11:00:00Z,0.0278558281063065,0.0,0.102705094585655,0.0
2012-02-29T12:00:00Z,0.2704091547817002,0.0,0.102705094585655,0.0
2012-02-29T13:00:00Z,0.0002629531120542,0.0,0.102705094585655,0.0
2012-02-29T14:00:00Z,0.2566356170816228,0.0,0.102705094585655,0.0
2012-02-29T15:00:00Z,0.2546464970446855,0.0,0.102705094585655,0.0
2012-02-29T16:00:00Z,0.259868708137378,0.0,0.0,0.0
2012-02-29T17:00:00Z,0.272944619527705,0.1937287244347272,0.1369706192075646,0.1938054627256182
2012-02-29T18:00:00Z,0.2708004975297262,0.2214042564968311,0.1369706192075646,0.22149272282361335
2012-02-29T19:00:00Z,0.0025616725308375,0.0968643622173636,0.1369706192075646,0.09690407085289608
2012-02-29T20:00:00Z,0.0243119694755527,0.1660531923726233,0.1369706192075646,0.166120881607797
2012-02-29T21:00:00Z,0.0232684593051882,0.2352420225278831,0.1712753492352201,0.23533769236269794
2012-02-29T22:00:00Z,0.219419873373362,0.249079788558935,0.1712753492352201,0.2491799829216085
2012-02-29T23:00:00Z,0.0209794625586808,0.249079788558935,0.1712753492352201,0.2491799829216085
2012-03-01T00:00:00Z,0.2029898808922527,0.2629175545899869,0.1712753492352201,0.2630222734805191
2012-03-01T01:00:00Z,0.0201994674705932,0.3044308526831428,0.1712753492352201,0.3045518241374249
2012-03-01T02:00:00Z,0.0020373128017874,0.3044308526831428,0.1712753492352201,0.3045518241374249
2012-03-01T03:00:00Z,0.2082552090034158,0.3182686187141947,0.1712753492352201,0.3183967936765094
2012-03-01T04:00:00Z,0.0022156778426465,0.3321063847452467,0.1712753492352201,0.33223908423542003
2012-03-01T05:00:00Z,0.0024552796233895,0.3321063847452467,0.0,0.33223908423542003
2012-03-01T06:00:00Z,0.0263499398020814,0.3321063847452467,0.0,0.33223908423542003
2012-03-01T07:00:00Z,0.2730343976974087,0.0,0.0,0.0
2012-03-01T08:00:00Z,0.2743118323786092,0.0,0.102705094585655,0.0
2012-03-01T09:00:00Z,0.2754922439778288,0.0,0.102705094585655,0.0
2012-03-01T10:00:00Z,0.2773966572836562,0.0,0.102705094585655,0.0
2012-03-01T11:00:00Z,0.2757236308112834,0.0,0.102705094585655,0.0
2012-03-01T12:00:00Z,0.0271843774688047,0.0,0.102705094585655,0.0
2012-03-01T13:00:00Z,0.0264208851160336,0.0,0.102705094585655,0.0
2012-03-01T14:00:00Z,0.0258587504143709,0.0,0.102705094585655,0.0
2012-03-01T15:00:00Z,0.025509134444892,0.0,0.102705094585655,0.0
2012-03-01T16:00:00Z,0.0261875989407117,0.0,0.0,0.0
2012-03-01T17:00:00Z,0.2743950313847315,0.2905930866520909,0.1369706192075646,0.29070953357851426
2012-03-01T18:00:00Z,0.2736220579872995,0.3182686187141947,0.1369706192075646,0.3183967936765094
2012-03-01T19:00:00Z,0.0259885518291945,0.1937287244347272,0.1369706192075646,0.1938054627256182
2012-03-01T20:00:00Z,0.002460805729181,0.2629175545899869,0.1369706192075646,0.2630222734805191
2012-03-01T21:00:00Z,0.0233955703120473,0.3182686187141947,0.1712753492352201,0.3183967936765094
2012-03-01T22:00:00Z,0.0022089157939822,0.3321063847452467,0.1712753492352201,0.33223908423542003
2012-03-01T23:00:00Z,0.0209692922683113,0.3182686187141947,0.1712753492352201,0.3183967936765094
2012-03-02T00:00:00Z,0.2034688674979875,0.3459441507762986,0.1712753492352201,0.3460840537745046
2012-03-02T01:00:00Z,0.0020212909719993,0.3597819168073506,0.1712753492352201,0.3599263443334152
2012-03-02T02:00:00Z,0.2038207744262134,0.3597819168073506,0.1712753492352201,0.3599263443334152
2012-03-02T03:00:00Z,0.2096675361188778,0.3597819168073506,0.1712753492352201,0.3599263443334152
2012-03-02T04:00:00Z,0.0022125793698932,0.3459441507762986,0.1712753492352201,0.3460840537745046
2012-03-02T05:00:00Z,0.2481092756311718,0.3459441507762986,0.0,0.3460840537745046
2012-03-02T06:00:00Z,0.2666781424440699,0.3597819168073506,0.0,0.3599263443334152
2012-03-02T07:00:00Z,0.0027429876216524,0.0,0.0,0.0
2012-03-02T08:00:00Z,0.0027516180744504,0.0,0.102705094585655,0.0
2012-03-02T09:00:00Z,0.2741793288073146,0.0,0.102705094585655,0.0
2012-03-02T10:00:00Z,0.2730156000871763,0.0,0.102705094585655,0.0
2012-03-02T11:00:00Z,0.02727923490944,0.0,0.102705094585655,0.0
2012-03-02T12:00:00Z,0.0026712167793175,0.0,0.102705094585655,0.0
2012-03-02T13:00:00Z,0.2611778637858457,0.0,0.102705094585655,0.0
2012-03-02T14:00:00Z,0.0258402426006295,0.0,0.102705094585655,0.0
2012-03-02T15:00:00Z,0.2543242159334196,0.0,0.102705094585655,0.0
2012-03-02T16:00:00Z,0.2611640788716753,0.0,0.0,0.0
2012-03-02T17:00:00Z,0.0273868708088646,0.3459441507762986,0.1369706192075646,0.3460840537745046
2012-03-02T18:00:00Z,0.2743481940059025,0.3597819168073506,0.1369706192075646,0.3599263443334152
2012-03-02T19:00:00Z,2.597359793863634e-05,0.1937287244347272,0.1369706192075646,0.1938054627256182
2012-03-02T20:00:00Z,0.0244399146263659,0.2352420225278831,0.1369706192075646,0.23533769236269794
2012-03-02T21:00:00Z,0.2349793015305827,0.2767553206210389,0.1712753492352201,0.27686724301960364
2012-03-02T22:00:00Z,0.0220050484244549,0.2767553206210389,0.1712753492352201,0.27686724301960364
2012-03-02T23:00:00Z,0.0210061669137172,0.2767553206210389,0.1712753492352201,0.27686724301960364
2012-03-03T00:00:00Z,0.0205105835846148,0.3044308526831428,0.1712753492352201,0.3045518241374249
2012-03-03T01:00:00Z,0.002015008262396,0.3182686187141947,0.1712753492352201,0.3183967936765094
2012-03-03T02:00:00Z,0.0203850860393007,0.3321063847452467,0.1712753492352201,0.33223908423542003
2012-03-03T03:00:00Z,0.0020985511081389,0.3321063847452467,0.1712753492352201,0.33223908423542003
2012-03-03T04:00:00Z,0.2214010435876385,0.3321063847452467,0.1712753492352201,0.33223908423542003
2012-03-03T05:00:00Z,0.0024457402278135,0.3321063847452467,0.0,0.33223908423542003
2012-03-03T06:00:00Z,0.0265217695404497,0.3459441507762986,0.0,0.3460840537745046
2012-03-03T07:00:00Z,0.0027432257247153,0.0,0.0,0.0
2012-03-03T08:00:00Z,0.0027605336243368,0.0,0.102705094585655,0.0
2012-03-03T09:00:00Z,0.0027678067330293,0.0,0.102705094585655,0.0
2012-03-03T10:00:00Z,0.0027848095631014,0.0,0.102705094585655,0.0
2012-03-03T11:00:00Z,0.0027627384273703,0.0,0.102705094585655,0.0
2012-03-03T12:00:00Z,0.002683264481009,0.0,0.102705094585655,0.0
2012-03-03T13:00:00Z,0.0025971314812228,0.0,0.102705094585655,0.0
2012-03-03T14:00:00Z,0.002555361233202,0.0,0.102705094585655,0.0
2012-03-03T15:00:00Z,0.0025422491168311,0.0,0.102705094585655,0.0
2012-03-03T16:00:00Z,0.2594081862675279,0.0,0.0,0.0
2012-03-03T17:00:00Z,0.2691552171132902,0.2075664904657792,0.1369706192075646,0.20765043226470278
2012-03-03T18:00:00Z,0.268831271630285,0.2352420225278831,0.1369706192075646,0.23533769236269794
2012-03-03T19:00:00Z,0.2531065224072391,0.0830265961863116,0.1369706192075646,0.08305910131381151
2012-03-03T20:00:00Z,0.2403949909427611,0.1660531923726233,0.1369706192075646,0.166120881607797
2012-03-03T21:00:00Z,0.0022906505445909,0.2352420225278831,0.1712753492352201,0.23533769236269794
2012-03-03T22:00:00Z,0.0021817857513974,0.249079788558935,0.1712753492352201,0.2491799829216085
2012-03-03T23:00:00Z,0.2099172114606211,0.2352420225278831,0.1712753492352201,0.23533769236269794
2012-03-04T00:00:00Z,0.0020252905551932,0.2629175545899869,0.1712753492352201,0.2630222734805191
2012-03-04T01:00:00Z,0.1973316631463882,0.2629175545899869,0.1712753492352201,0.2630222734805191
2012-03-04T02:00:00Z,0.1959976202452066,0.2767553206210389,0.1712753492352201,0.27686724301960364
2012-03-04T03:00:00Z,0.1972822998386842,0.2767553206210389,0.1712753492352201,0.27686724301960364
2012-03-04T04:00:00Z,0.0196516150365383,0.2767553206210389,0.1712753492352201,0.27686724301960364
2012-03-04T05:00:00Z,0.0019974830154062,0.2767553206210389,0.0,0.27686724301960364
2012-03-04T06:00:00Z,0.2095063074494469,0.3044308526831428,0.0,0.3045518241374249
2012-03-04T07:00:00Z,0.2226301135841785,0.0,0.0,0.0
2012-03-04T08:00:00Z,0.2322911649439715,0.0,0.102705094585655,0.0
2012-03-04T09:00:00Z,0.0238493054613698,0.0,0.102705094585655,0.0
2012-03-04T10:00:00Z,0.0239449461357648,0.0,0.102705094585655,0.0
2012-03-04T11:00:00Z,0.2319774798232181,0.0,0.102705094585655,0.0
2012-03-04T12:00:00Z,0.0222400303008665,0.0,0.102705094585655,0.0
2012-03-04T13:00:00Z,0.0021606591955806,0.0,0.102705094585655,0.0
2012-03-04T14:00:00Z,0.0021304494778527,0.0,0.102705094585655,0.0
2012-03-04T15:00:00Z,0.2133737591080141,0.0,0.102705094585655,0.0
2012-03-04T16:00:00Z,0.222083729713423,0.0,0.0,0.0
2012-03-04T17:00:00Z,0.2354664729291061,0.1522154263415714,0.1369706192075646,0.15227591206871244
2012-03-04T18:00:00Z,0.2360139337462811,0.1798909584036753,0.1369706192075646,0.1799631721667076
2012-03-04T19:00:00Z,0.2226688836552829,0.0415132980931558,0.1369706192075646,0.04152955065690576
2012-03-04T20:00:00Z,0.2129964362442864,0.1245398942794675,0.1369706192075646,0.12458865197071728
2012-03-04T21:00:00Z,0.0020810869533824,0.1937287244347272,0.1712753492352201,0.1938054627256182
2012-03-04T22:00:00Z,0.1979065763068403,0.1937287244347272,0.1712753492352201,0.1938054627256182
2012-03-04T23:00:00Z,0.1866277556164201,0.1937287244347272,0.1712753492352201,0.1938054627256182
2012-03-05T00:00:00Z,0.0179640909072737,0.2352420225278831,0.1712753492352201,0.23533769236269794
2012-03-05T01:00:00Z,0.0176495951395791,0.249079788558935,0.1712753492352201,0.2491799829216085
2012-03-05T02:00:00Z,0.175014161236267,0.2629175545899869,0.1712753492352201,0.2630222734805191
2012-03-05T03:00:00Z,0.1765797867793432,0.2767553206210389,0.1712753492352201,0.27686724301960364
2012-03-05T04:00:00Z,0.1769942740849679,0.2905930866520909,0.1712753492352201,0.29070953357851426
2012-03-05T05:00:00Z,0.1769183983144985,0.2905930866520909,0.0,0.29070953357851426
2012-03-05T06:00:00Z,0.018389077461447,0.3044308526831428,0.0,0.3045518241374249
2012-03-05T07:00:00Z,0.00197038704349,0.0,0.0,0.0
2012-03-05T08:00:00Z,0.2102814543205621,0.0,0.102705094585655,0.0
2012-03-05T09:00:00Z,0.0213582461533703,0.0,0.102705094585655,0.0
2012-03-05T10:00:00Z,0.0220809476919371,0.0,0.102705094585655,0.0
2012-03-05T11:00:00Z,0.2195550399394396,0.0,0.102705094585655,0.0
2012-03-05T12:00:00Z,0.2140530185860999,0.0,0.102705094585655,0.0
2012-03-05T13:00:00Z,0.0020972000299035,0.0,0.102705094585655,0.0
2012-03-05T14:00:00Z,0.0208780846969961,0.0,0.102705094585655,0.0
2012-03-05T15:00:00Z,0.0021080392019038,0.0,0.102705094585655,0.0
2012-03-05T16:00:00Z,0.0002164286351121,0.0,0.0,0.0
2012-03-05T17:00:00Z,0.2292080044106638,0.2629175545899869,0.1369706192075646,0.2630222734805191
2012-03-05T18:00:00Z,0.0229604996232181,0.2905930866520909,0.1369706192075646,0.29070953357851426
2012-03-05T19:00:00Z,0.0021942270280531,0.1245398942794675,0.1369706192075646,0.12458865197071728
2012-03-05T20:00:00Z,0.0002113423150767,0.1798909584036753,0.1369706192075646,0.1799631721667076
2012-03-05T21:00:00Z,0.2106463237675108,0.249079788558935,0.1712753492352201,0.2491799829216085
2012-03-05T22:00:00Z,0.0020070114457097,0.249079788558935,0.1712753492352201,0.2491799829216085
2012-03-05T23:00:00Z,0.1929437330736671,0.249079788558935,0.1712753492352201,0.2491799829216085
2012-03-06T00:00:00Z,0.0018761828198102,0.2767553206210389,0.1712753492352201,0.27686724301960364
2012-03-06T01:00:00Z,0.1856408027558424,0.2905930866520909,0.1712753492352201,0.29070953357851426
2012-03-06T02:00:00Z,0.1879519101913856,0.2905930866520909,0.1712753492352201,0.29070953357851426
2012-03-06T03:00:00Z,0.0194814731669222,0.2905930866520909,0.1712753492352201,0.29070953357851426
2012-03-06T04:00:00Z,0.2098368908385655,0.2905930866520909,0.1712753492352201,0.29070953357851426
2012-03-06T05:00:00Z,0.2398999284641089,0.2905930866520909,0.0,0.29070953357851426
2012-03-06T06:00:00Z,0.0026015336465691,0.3044308526831428,0.0,0.3045518241374249
2012-03-06T07:00:00Z,0.2695048135019251,0.0,0.0,0.0
2012-03-06T08:00:00Z,0.0026869057347577,0.0,0.102705094585655,0.0
2012-03-06T09:00:00Z,0.2719514595395818,0.0,0.102705094585655,0.0
2012-03-06T10:00:00Z,0.00277069843207,0.0,0.102705094585655,0.0
2012-03-06T11:00:00Z,0.002778777879918,0.0,0.102705094585655,0.0
2012-03-06T12:00:00Z,0.0275369658104016,0.0,0.102705094585655,0.0
2012-03-06T13:00:00Z,0.0268408668064825,0.0,0.102705094585655,0.0
2012-03-06T14:00:00Z,0.2624311944480919,0.0,0.102705094585655,0.0
2012-03-06T15:00:00Z,0.0025753286030545,0.0,0.102705094585655,0.0
2012-03-06T16:00:00Z,0.0026043125599484,0.0,0.0,0.0
2012-03-06T17:00:00Z,0.0272408799522283,0.2905930866520909,0.1369706192075646,0.29070953357851426
2012-03-06T18:00:00Z,0.2734082547517498,0.3044308526831428,0.1369706192075646,0.3045518241374249
2012-03-06T19:00:00Z,0.0259509174470417,0.1522154263415714,0.1369706192075646,0.15227591206871244
2012-03-06T20:00:00Z,0.002459290171856,0.2075664904657792,0.1369706192075646,0.20765043226470278
2012-03-06T21:00:00Z,0.2350939669530004,0.2767553206210389,0.1712753492352201,0.27686724301960364
2012-03-06T22:00:00Z,0.2226818265931616,0.2905930866520909,0.1712753492352201,0.29070953357851426
2012-03-06T23:00:00Z,0.2103473242797515,0.2767553206210389,0.1712753492352201,0.27686724301960364
2012-03-07T00:00:00Z,0.2047022844418937,0.3182686187141947,0.1712753492352201,0.3183967936765094
2012-03-07T01:00:00Z,0.2036157042470842,0.3321063847452467,0.1712753492352201,0.33223908423542003
2012-03-07T02:00:00Z,0.00203646025184,0.3459441507762986,0.1712753492352201,0.3460840537745046
2012-03-07T03:00:00Z,0.2086861050563059,0.3736196828384025,0.1712753492352201,0.37376863489232576
2012-03-07T04:00:00Z,0.2209084482953293,0.3874574488694545,0.1712753492352201,0.38761360443141035
2012-03-07T05:00:00Z,0.0024504744842739,0.3874574488694545,0.0,0.38761360443141035
2012-03-07T06:00:00Z,0.2617895106096269,0.3874574488694545,0.0,0.38761360443141035
2012-03-07T07:00:00Z,0.0027180102970561,0.0,0.0,0.0
2012-03-07T08:00:00Z,0.0272190943052027,0.0,0.102705094585655,0.0
2012-03-07T09:00:00Z,0.2717234797729817,0.0,0.102705094585655,0.0
2012-03-07T10:00:00Z,0.0273725846250879,0.0,0.102705094585655,0.0
2012-03-07T11:00:00Z,0.2728073382304763,0.0,0.102705094585655,0.0
2012-03-07T12:00:00Z,0.2715310392382274,0.0,0.102705094585655,0.0
2012-03-07T13:00:00Z,0.263798681430812,0.0,0.102705094585655,0.0
2012-03-07T14:00:00Z,0.0258089524119302,0.0,0.102705094585655,0.0
2012-03-07T15:00:00Z,0.0253616397794371,0.0,0.102705094585655,0.0
2012-03-07T16:00:00Z,0.2590724726972833,0.0,0.0,0.0
2012-03-07T17:00:00Z,0.2718256917786205,0.2352420225278831,0.1369706192075646,0.23533769236269794
2012-03-07T18:00:00Z,0.2744019042609728,0.2629175545899869,0.1369706192075646,0.2630222734805191
2012-03-07T19:00:00Z,0.2599740530780555,0.1107021282484155,0.1369706192075646,0.11074636141180667
2012-03-07T20:00:00Z,0.2460932515145894,0.1798909584036753,0.1369706192075646,0.1799631721667076
2012-03-07T21:00:00Z,0.232210746417696,0.2629175545899869,0.1712753492352201,0.2630222734805191
2012-03-07T22:00:00Z,0.2178234667435303,0.2905930866520909,0.1712753492352201,0.29070953357851426
2012-03-07T23:00:00Z,0.0206253390789149,0.2905930866520909,0.1712753492352201,0.29070953357851426
2012-03-08T00:00:00Z,0.2014094522311186,0.3321063847452467,0.1712753492352201,0.33223908423542003
2012-03-08T01:00:00Z,0.1998171967402132,0.3321063847452467,0.1712753492352201,0.33223908423542003
2012-03-08T02:00:00Z,0.2017037327354758,0.3459441507762986,0.1712753492352201,0.3460840537745046
2012-03-08T03:00:00Z,0.0020589637326064,0.3597819168073506,0.1712753492352201,0.3599263443334152
2012-03-08T04:00:00Z,0.0219909463006118,0.3736196828384025,0.1712753492352201,0.37376863489232576
2012-03-08T05:00:00Z,0.0247321078127535,0.3874574488694545,0.0,0.38761360443141035
2012-03-08T06:00:00Z,0.0261735398947254,0.3874574488694545,0.0,0.38761360443141035
2012-03-08T07:00:00Z,0.2705925685473742,0.0,0.0,0.0
2012-03-08T08:00:00Z,0.2717444900185852,0.0,0.102705094585655,0.0
2012-03-08T09:00:00Z,0.0269752932166571,0.0,0.102705094585655,0.0
2012-03-08T10:00:00Z,0.0269299048202834,0.0,0.102705094585655,0.0
2012-03-08T11:00:00Z,0.000268142427329,0.0,0.102705094585655,0.0
2012-03-08T12:00:00Z,0.2633552927994549,0.0,0.102705094585655,0.0
2012-03-08T13:00:00Z,0.025740047421922,0.0,0.102705094585655,0.0
2012-03-08T14:00:00Z,0.2517012443956142,0.0,0.102705094585655,0.0
2012-03-08T15:00:00Z,0.247306030248928,0.0,0.102705094585655,0.0
2012-03-08T16:00:00Z,0.2516952722381966,0.0,0.0,0.0
2012-03-08T17:00:00Z,0.2655816935038884,0.2214042564968311,0.1369706192075646,0.22149272282361335
2012-03-08T18:00:00Z,0.0002699097943077,0.2352420225278831,0.1369706192075646,0.23533769236269794
2012-03-08T19:00:00Z,0.2578522336613839,0.1107021282484155,0.1369706192075646,0.11074636141180667
2012-03-08T20:00:00Z,0.2428970311880713,0.1937287244347272,0.1369706192075646,0.1938054627256182
2012-03-08T21:00:00Z,0.2314111430724347,0.3044308526831428,0.1712753492352201,0.3045518241374249
2012-03-08T22:00:00Z,0.0217866946007614,0.3044308526831428,0.1712753492352201,0.3045518241374249
2012-03-08T23:00:00Z,0.020605386198887,0.3182686187141947,0.1712753492352201,0.3183967936765094
2012-03-09T00:00:00Z,0.0199097845484053,0.3736196828384025,0.1712753492352201,0.37376863489232576
2012-03-09T01:00:00Z,0.0019738340552663,0.3874574488694545,0.1712753492352201,0.38761360443141035
2012-03-09T02:00:00Z,0.0200269014924908,0.3874574488694545,0.1712753492352201,0.38761360443141035
2012-03-09T03:00:00Z,0.2075111760934041,0.3874574488694545,0.1712753492352201,0.38761360443141035
2012-03-09T04:00:00Z,0.02204590189736,0.3874574488694545,0.1712753492352201,0.38761360443141035
2012-03-09T05:00:00Z,0.0024740972060828,0.3874574488694545,0.0,0.38761360443141035
2012-03-09T06:00:00Z,0.2643368217662468,0.4012952149005064,0.0,0.40145589499032097
2012-03-09T07:00:00Z,0.0027197486843857,0.0,0.0,0.0
2012-03-09T08:00:00Z,0.269334088123158,0.0,0.102705094585655,0.0
2012-03-09T09:00:00Z,0.270543185658826,0.0,0.102705094585655,0.0
2012-03-09T10:00:00Z,0.0271809469049373,0.0,0.102705094585655,0.0
2012-03-09T11:00:00Z,0.2688346982779836,0.0,0.102705094585655,0.0
2012-03-09T12:00:00Z,0.2637889301705039,0.0,0.102705094585655,0.0
2012-03-09T13:00:00Z,0.0257854436506332,0.0,0.102705094585655,0.0
2012-03-09T14:00:00Z,0.2532604865835489,0.0,0.102705094585655,0.0
2012-03-09T15:00:00Z,0.0251081187599338,0.0,0.102705094585655,0.0
2012-03-09T16:00:00Z,0.2570123916817187,0.0,0.0,0.0
2012-03-09T17:00:00Z,0.027067068632448,0.1798909584036753,0.1369706192075646,0.1799631721667076
2012-03-09T18:00:00Z,0.2748199748610481,0.2075664904657792,0.1369706192075646,0.20765043226470278
2012-03-09T19:00:00Z,0.0026196835224822,0.0830265961863116,0.1369706192075646,0.08305910131381151
2012-03-09T20:00:00Z,0.2462002608270062,0.1522154263415714,0.1369706192075646,0.15227591206871244
2012-03-09T21:00:00Z,0.0234602458397532,0.2352420225278831,0.1712753492352201,0.23533769236269794
2012-03-09T22:00:00Z,0.2205495705866421,0.2352420225278831,0.1712753492352201,0.23533769236269794
2012-03-09T23:00:00Z,0.0021504383866336,0.2214042564968311,0.1712753492352201,0.22149272282361335
2012-03-10T00:00:00Z,0.2096481902450137,0.249079788558935,0.1712753492352201,0.2491799829216085
2012-03-10T01:00:00Z,0.2067120426883986,0.249079788558935,0.1712753492352201,0.2491799829216085
2012-03-10T02:00:00Z,0.0207920660493388,0.2629175545899869,0.1712753492352201,0.2630222734805191
2012-03-10T03:00:00Z,0.0002122559572574,0.2767553206210389,0.1712753492352201,0.27686724301960364
2012-03-10T04:00:00Z,0.0224725097454159,0.2629175545899869,0.1712753492352201,0.2630222734805191
2012-03-10T05:00:00Z,0.2510169134789344,0.2767553206210389,0.0,0.27686724301960364
2012-03-10T06:00:00Z,0.0026826672652672,0.2767553206210389,0.0,0.27686724301960364
2012-03-10T07:00:00Z,0.2785434877354294,0.0,0.0,0.0
2012-03-10T08:00:00Z,0.2755490088445618,0.0,0.102705094585655,0.0
2012-03-10T09:00:00Z,0.002737761102774,0.0,0.102705094585655,0.0
2012-03-10T10:00:00Z,0.0027430310911261,0.0,0.102705094585655,0.0
2012-03-10T11:00:00Z,0.2715702205070556,0.0,0.102705094585655,0.0
2012-03-10T12:00:00Z,0.0267423634126959,0.0,0.102705094585655,0.0
2012-03-10T13:00:00Z,0.0258430739906708,0.0,0.102705094585655,0.0
2012-03-10T14:00:00Z,0.2563088127953947,0.0,0.102705094585655,0.0
2012-03-10T15:00:00Z,0.2537330115107662,0.0,0.102705094585655,0.0
2012-03-10T16:00:00Z,0.0260167678253871,0.0,0.0,0.0
2012-03-10T17:00:00Z,0.0270128766886155,0.3182686187141947,0.1369706192075646,0.3183967936765094
2012-03-10T18:00:00Z,0.2722050118884354,0.4012952149005064,0.1369706192075646,0.40145589499032097
2012-03-10T19:00:00Z,0.0256099679591137,0.2352420225278831,0.1369706192075646,0.23533769236269794
2012-03-10T20:00:00Z,0.2400735518077868,0.3044308526831428,0.1369706192075646,0.3045518241374249
2012-03-10T21:00:00Z,0.2271987748469467,0.3736196828384025,0.1712753492352201,0.37376863489232576
2012-03-10T22:00:00Z,0.0021711372968177,0.3736196828384025,0.1712753492352201,0.37376863489232576
2012-03-10T23:00:00Z,0.0020484875894537,0.3597819168073506,0.1712753492352201,0.3599263443334152
2012-03-11T00:00:00Z,0.1966827148148021,0.3874574488694545,0.1712753492352201,0.38761360443141035
2012-03-11T01:00:00Z,0.1940899956809645,0.4012952149005064,0.1712753492352201,0.40145589499032097
2012-03-11T02:00:00Z,0.1914071850839192,0.4012952149005064,0.1712753492352201,0.40145589499032097
2012-03-11T03:00:00Z,0.1920270558621771,0.4012952149005064,0.1712753492352201,0.40145589499032097
2012-03-11T04:00:00Z,1.934430739667142e-05,0.4012952149005064,0.1712753492352201,0.40145589499032097
2012-03-11T05:00:00Z,0.1975276673947492,0.4151329809315584,0.0,0.41530086452940557
2012-03-11T06:00:00Z,0.0208860580166697,0.4012952149005064,0.0,0.40145589499032097
2012-03-11T07:00:00Z,0.0022120412883003,0.0,0.0,0.0
2012-03-11T08:00:00Z,0.2292493787340191,0.0,0.102705094585655,0.0
2012-03-11T09:00:00Z,0.0234551469879777,0.0,0.102705094585655,0.0
2012-03-11T10:00:00Z,0.2347017039053067,0.0,0.102705094585655,0.0
2012-03-11T11:00:00Z,0.2286529658068638,0.0,0.102705094585655,0.0
2012-03-11T12:00:00Z,0.2190701203379752,0.0,0.102705094585655,0.0
2012-03-11T13:00:00Z,0.2144044359932262,0.0,0.102705094585655,0.0
2012-03-11T14:00:00Z,0.0208284041796194,0.0,0.102705094585655,0.0
2012-03-11T15:00:00Z,0.2075259008880861,0.0,0.102705094585655,0.0
2012-03-11T16:00:00Z,0.2180149673977731,0.0,0.0,0.0
2012-03-11T17:00:00Z,0.0023222712579369,0.3736196828384025,0.1369706192075646,0.37376863489232576
2012-03-11T18:00:00Z,0.0234707294236266,0.3736196828384025,0.1369706192075646,0.37376863489232576
2012-03-11T19:00:00Z,0.2214822453476737,0.2075664904657792,0.1369706192075646,0.20765043226470278
2012-03-11T20:00:00Z,0.0211595475808761,0.2629175545899869,0.1369706192075646,0.2630222734805191
2012-03-11T21:00:00Z,0.0020433742478536,0.3182686187141947,0.1712753492352201,0.3183967936765094
2012-03-11T22:00:00Z,0.1931465122940492,0.3182686187141947,0.1712753492352201,0.3183967936765094
2012-03-11T23:00:00Z,0.1830363155347655,0.2905930866520909,0.1712753492352201,0.29070953357851426
2012-03-12T00:00:00Z,0.1762399416510163,0.3182686187141947,0.1712753492352201,0.3183967936765094
2012-03-12T01:00:00Z,0.1755035452701615,0.3321063847452467,0.1712753492352201,0.33223908423542003
2012-03-12T02:00:00Z,0.0017407182332872,0.3321063847452467,0.1712753492352201,0.33223908423542003
2012-03-12T03:00:00Z,0.0017699500836661,0.3459441507762986,0.1712753492352201,0.3460840537745046
2012-03-12T04:00:00Z,0.178758096930932,0.3321063847452467,0.1712753492352201,0.33223908423542003
2012-03-12T05:00:00Z,0.1767971341476554,0.3459441507762986,0.0,0.3460840537745046
2012-03-12T06:00:00Z,0.018317642626395,0.3597819168073506,0.0,0.3599263443334152
2012-03-12T07:00:00Z,0.001965758915204,0.0,0.0,0.0
2012-03-12T08:00:00Z,0.2058235031497252,0.0,0.102705094585655,0.0
2012-03-12T09:00:00Z,0.0210629356966191,0.0,0.102705094585655,0.0
2012-03-12T10:00:00Z,0.0216279096206607,0.0,0.102705094585655,0.0
2012-03-12T11:00:00Z,0.2104493013152623,0.0,0.102705094585655,0.0
2012-03-12T12:00:00Z,0.0201242966105075,0.0,0.102705094585655,0.0
2012-03-12T13:00:00Z,0.0193979647834647,0.0,0.102705094585655,0.0
2012-03-12T14:00:00Z,0.0019178817935589,0.0,0.102705094585655,0.0
2012-03-12T15:00:00Z,0.1962510159473084,0.0,0.102705094585655,0.0
2012-03-12T16:00:00Z,0.0209553624558953,0.0,0.0,0.0
2012-03-12T17:00:00Z,0.222492479831758,0.4566462790247142,0.1369706192075646,0.45683041518631134
2012-03-12T18:00:00Z,0.2250425323065369,0.4566462790247142,0.1369706192075646,0.45683041518631134
2012-03-12T19:00:00Z,0.2153878447210413,0.2905930866520909,0.1369706192075646,0.29070953357851426
2012-03-12T20:00:00Z,0.0020784486304629,0.3736196828384025,0.1369706192075646,0.37376863489232576
2012-03-12T21:00:00Z,0.2069081644218235,0.4428085129936623,0.1712753492352201,0.4429854456472267
2012-03-12T22:00:00Z,0.1985368640941019,0.4428085129936623,0.1712753492352201,0.4429854456472267
2012-03-12T23:00:00Z,0.1896594576917166,0.4289707469626103,0.1712753492352201,0.42914315508831613
2012-03-13T00:00:00Z,0.0182692857740722,0.4566462790247142,0.1712753492352201,0.45683041518631134
2012-03-13T01:00:00Z,0.0017849826892157,0.4566462790247142,0.1712753492352201,0.45683041518631134
2012-03-13T02:00:00Z,0.1835040823168927,0.4566462790247142,0.1712753492352201,0.45683041518631134
2012-03-13T03:00:00Z,0.1912573524656917,0.4566462790247142,0.1712753492352201,0.45683041518631134
2012-03-13T04:00:00Z,0.2074156998980986,0.4566462790247142,0.1712753492352201,0.45683041518631134
2012-03-13T05:00:00Z,0.2380111210909431,0.4566462790247142,0.0,0.45683041518631134
2012-03-13T06:00:00Z,0.0026191536648438,0.4566462790247142,0.0,0.45683041518631134
2012-03-13T07:00:00Z,0.2733544661733035,0.0,0.0,0.0
2012-03-13T08:00:00Z,0.2724892670006688,0.0,0.102705094585655,0.0
2012-03-13T09:00:00Z,0.27510289847589,0.0,0.102705094585655,0.0
2012-03-13T10:00:00Z,0.0276261408901104,0.0,0.102705094585655,0.0
2012-03-13T11:00:00Z,0.0274543659781053,0.0,0.102705094585655,0.0
2012-03-13T12:00:00Z,0.0026752919445692,0.0,0.102705094585655,0.0
2012-03-13T13:00:00Z,0.0262931122766476,0.0,0.102705094585655,0.0
2012-03-13T14:00:00Z,0.0025753501419828,0.0,0.102705094585655,0.0
2012-03-13T15:00:00Z,0.2526479390409442,0.0,0.102705094585655,0.0
2012-03-13T16:00:00Z,0.0025497810842811,0.0,0.0,0.0
2012-03-13T17:00:00Z,0.0026365954974382,0.4704840450557662,0.1369706192075646,0.47067270574522185
2012-03-13T18:00:00Z,0.0264919596635561,0.4843218110868181,0.1369706192075646,0.4845149963041325
2012-03-13T19:00:00Z,0.2503360483716412,0.3182686187141947,0.1369706192075646,0.3183967936765094
2012-03-13T20:00:00Z,0.000237626856818,0.3874574488694545,0.1369706192075646,0.38761360443141035
2012-03-13T21:00:00Z,0.0226065915327361,0.4566462790247142,0.1712753492352201,0.45683041518631134
2012-03-13T22:00:00Z,0.2137094530974146,0.4566462790247142,0.1712753492352201,0.45683041518631134
2012-03-13T23:00:00Z,0.1990534459203014,0.4428085129936623,0.1712753492352201,0.4429854456472267
2012-03-14T00:00:00Z,0.19293153420786,0.4704840450557662,0.1712753492352201,0.47067270574522185
2012-03-14T01:00:00Z,0.0190652588308573,0.4704840450557662,0.1712753492352201,0.47067270574522185
2012-03-14T02:00:00Z,0.0019469577804196,0.4704840450557662,0.1712753492352201,0.47067270574522185
2012-03-14T03:00:00Z,0.020027578989693,0.4566462790247142,0.1712753492352201,0.45683041518631134
2012-03-14T04:00:00Z,0.0212680998637995,0.4566462790247142,0.1712753492352201,0.45683041518631134
2012-03-14T05:00:00Z,0.237805659294934,0.4566462790247142,0.0,0.45683041518631134
2012-03-14T06:00:00Z,0.0256170248952884,0.4566462790247142,0.0,0.45683041518631134
2012-03-14T07:00:00Z,0.0267859503714223,0.0,0.0,0.0
2012-03-14T08:00:00Z,0.2695306797968387,0.0,0.102705094585655,0.0
2012-03-14T09:00:00Z,0.0027378895531106,0.0,0.102705094585655,0.0
2012-03-14T10:00:00Z,0.2781173889893173,0.0,0.102705094585655,0.0
2012-03-14T11:00:00Z,0.0275823385421001,0.0,0.102705094585655,0.0
2012-03-14T12:00:00Z,0.2705327686498223,0.0,0.102705094585655,0.0
2012-03-14T13:00:00Z,0.2640506281504583,0.0,0.102705094585655,0.0
2012-03-14T14:00:00Z,0.2617856727642044,0.0,0.102705094585655,0.0
2012-03-14T15:00:00Z,0.0258660501530111,0.0,0.102705094585655,0.0
2012-03-14T16:00:00Z,0.2604340854268058,0.0,0.0,0.0
2012-03-14T17:00:00Z,0.0026657619477982,0.49815957711787,0.1369706192075646,0.498359965843217
2012-03-14T18:00:00Z,0.0265376143594081,0.511997343148922,0.1369706192075646,0.5122022564021276
2012-03-14T19:00:00Z,0.2515271706925245,0.3459441507762986,0.1369706192075646,0.3460840537745046
2012-03-14T20:00:00Z,0.2369378167083603,0.4012952149005064,0.1369706192075646,0.40145589499032097
2012-03-14T21:00:00Z,0.2251005503472855,0.4704840450557662,0.1712753492352201,0.47067270574522185
2012-03-14T22:00:00Z,0.0210609815283887,0.4566462790247142,0.1712753492352201,0.45683041518631134
2012-03-14T23:00:00Z,0.0198399161808727,0.4428085129936623,0.1712753492352201,0.4429854456472267
2012-03-15T00:00:00Z,0.0019153813197811,0.4704840450557662,0.1712753492352201,0.47067270574522185
2012-03-15T01:00:00Z,0.0189276524916185,0.4704840450557662,0.1712753492352201,0.47067270574522185
2012-03-15T02:00:00Z,0.0191626774458868,0.4704840450557662,0.1712753492352201,0.47067270574522185
2012-03-15T03:00:00Z,0.0199873716846396,0.4704840450557662,0.1712753492352201,0.47067270574522185
2012-03-15T04:00:00Z,0.0021291007493185,0.4566462790247142,0.1712753492352201,0.45683041518631134
2012-03-15T05:00:00Z,0.2385469508867869,0.4566462790247142,0.0,0.45683041518631134
2012-03-15T06:00:00Z,0.0258113804365852,0.4566462790247142,0.0,0.45683041518631134
2012-03-15T07:00:00Z,0.2674359211065641,0.0,0.0,0.0
2012-03-15T08:00:00Z,0.002682625753878,0.0,0.102705094585655,0.0
2012-03-15T09:00:00Z,0.0026860664997842,0.0,0.102705094585655,0.0
2012-03-15T10:00:00Z,0.0002710172868439,0.0,0.102705094585655,0.0
2012-03-15T11:00:00Z,0.0027146584481815,0.0,0.102705094585655,0.0
2012-03-15T12:00:00Z,0.0026811787295069,0.0,0.102705094585655,0.0
2012-03-15T13:00:00Z,0.0026314285043256,0.0,0.102705094585655,0.0
2012-03-15T14:00:00Z,0.0257927159760919,0.0,0.102705094585655,0.0
2012-03-15T15:00:00Z,0.025401388892741,0.0,0.102705094585655,0.0
2012-03-15T16:00:00Z,0.2575025393685289,0.0,0.0,0.0
2012-03-15T17:00:00Z,0.2691793015514006,0.4566462790247142,0.1369706192075646,0.45683041518631134
2012-03-15T18:00:00Z,0.2731691530657623,0.4843218110868181,0.1369706192075646,0.4845149963041325
2012-03-15T19:00:00Z,0.0259815418870453,0.3321063847452467,0.1369706192075646,0.33223908423542003
2012-03-15T20:00:00Z,0.2460024355601541,0.3874574488694545,0.1369706192075646,0.38761360443141035
2012-03-15T21:00:00Z,0.0234889200276953,0.4566462790247142,0.1712753492352201,0.45683041518631134
2012-03-15T22:00:00Z,0.2213246978769133,0.4566462790247142,0.1712753492352201,0.45683041518631134
2012-03-15T23:00:00Z,0.2096426880278519,0.4428085129936623,0.1712753492352201,0.4429854456472267
2012-03-16T00:00:00Z,0.0203569757796656,0.4843218110868181,0.1712753492352201,0.4845149963041325
2012-03-16T01:00:00Z,0.0200037295217106,0.4704840450557662,0.1712753492352201,0.47067270574522185
2012-03-16T02:00:00Z,0.2014035192353889,0.4704840450557662,0.1712753492352201,0.47067270574522185
2012-03-16T03:00:00Z,0.2044292491532678,0.4704840450557662,0.1712753492352201,0.47067270574522185
2012-03-16T04:00:00Z,0.2149727895709408,0.4704840450557662,0.1712753492352201,0.47067270574522185
2012-03-16T05:00:00Z,0.0024152544201853,0.4704840450557662,0.0,0.47067270574522185
2012-03-16T06:00:00Z,0.2613636859953307,0.4704840450557662,0.0,0.47067270574522185
2012-03-16T07:00:00Z,0.0027167978511961,0.0,0.0,0.0
2012-03-16T08:00:00Z,0.0027579152738782,0.0,0.102705094585655,0.0
2012-03-16T09:00:00Z,0.0027788804835405,0.0,0.102705094585655,0.0
2012-03-16T10:00:00Z,0.2802783505131292,0.0,0.102705094585655,0.0
2012-03-16T11:00:00Z,0.0028061640399423,0.0,0.102705094585655,0.0
2012-03-16T12:00:00Z,0.2764212962827219,0.0,0.102705094585655,0.0
2012-03-16T13:00:00Z,0.2705437535033018,0.0,0.102705094585655,0.0
2012-03-16T14:00:00Z,0.266405322544728,0.0,0.102705094585655,0.0
2012-03-16T15:00:00Z,0.0262670305924501,0.0,0.102705094585655,0.0
2012-03-16T16:00:00Z,0.2657125914459756,0.0,0.0,0.0
2012-03-16T17:00:00Z,0.0027037315540002,0.4428085129936623,0.1369706192075646,0.4429854456472267
2012-03-16T18:00:00Z,0.0027027356722747,0.4428085129936623,0.1369706192075646,0.4429854456472267
2012-03-16T19:00:00Z,0.2554528753619681,0.2767553206210389,0.1369706192075646,0.27686724301960364
2012-03-16T20:00:00Z,0.241703598327597,0.3459441507762986,0.1369706192075646,0.3460840537745046
2012-03-16T21:00:00Z,0.0229057124217282,0.4012952149005064,0.1712753492352201,0.40145589499032097
2012-03-16T22:00:00Z,0.2126809692667297,0.4012952149005064,0.1712753492352201,0.40145589499032097
2012-03-16T23:00:00Z,0.2009786736632924,0.3874574488694545,0.1712753492352201,0.38761360443141035
2012-03-17T00:00:00Z,0.1951601671285086,0.4012952149005064,0.1712753492352201,0.40145589499032097
2012-03-17T01:00:00Z,0.0019306794415753,0.4012952149005064,0.1712753492352201,0.40145589499032097
2012-03-17T02:00:00Z,0.0019556931865414,0.4012952149005064,0.1712753492352201,0.40145589499032097
2012-03-17T03:00:00Z,0.0019895974179137,0.4012952149005064,0.1712753492352201,0.40145589499032097
2012-03-17T04:00:00Z,0.2117390915090218,0.4012952149005064,0.1712753492352201,0.40145589499032097
2012-03-17T05:00:00Z,0.2359434231270656,0.4012952149005064,0.0,0.40145589499032097
2012-03-17T06:00:00Z,0.2556458249986663,0.3874574488694545,0.0,0.38761360443141035
2012-03-17T07:00:00Z,0.0265128367594205,0.0,0.0,0.0
2012-03-17T08:00:00Z,0.2663921446367213,0.0,0.102705094585655,0.0
2012-03-17T09:00:00Z,0.2698355535377957,0.0,0.102705094585655,0.0
2012-03-17T10:00:00Z,0.2721249262365078,0.0,0.102705094585655,0.0
2012-03-17T11:00:00Z,0.0267599078489128,0.0,0.102705094585655,0.0
2012-03-17T12:00:00Z,0.2598640478965078,0.0,0.102705094585655,0.0
2012-03-17T13:00:00Z,0.0025209847118725,0.0,0.102705094585655,0.0
2012-03-17T14:00:00Z,0.0248472314269207,0.0,0.102705094585655,0.0
2012-03-17T15:00:00Z,0.0024435773277861,0.0,0.102705094585655,0.0
2012-03-17T16:00:00Z,0.0248715664998341,0.0,0.0,0.0
2012-03-17T17:00:00Z,0.0025721071626009,0.2767553206210389,0.1369706192075646,0.27686724301960364
2012-03-17T18:00:00Z,0.0002625818592521,0.2905930866520909,0.1369706192075646,0.29070953357851426
2012-03-17T19:00:00Z,0.0024854227662479,0.1383776603105194,0.1369706192075646,0.13843362150980182
2012-03-17T20:00:00Z,0.2330191024002218,0.2352420225278831,0.1369706192075646,0.23533769236269794
2012-03-17T21:00:00Z,0.0022239628893564,0.3044308526831428,0.1712753492352201,0.3045518241374249
2012-03-17T22:00:00Z,0.2084200992906733,0.3182686187141947,0.1712753492352201,0.3183967936765094
2012-03-17T23:00:00Z,0.0001986605856568,0.3182686187141947,0.1712753492352201,0.3183967936765094
2012-03-18T00:00:00Z,0.0018971993312838,0.3597819168073506,0.1712753492352201,0.3599263443334152
2012-03-18T01:00:00Z,0.0018514099192252,0.3736196828384025,0.1712753492352201,0.37376863489232576
2012-03-18T02:00:00Z,0.1863811544671836,0.3874574488694545,0.1712753492352201,0.38761360443141035
2012-03-18T03:00:00Z,0.1887649851573135,0.4012952149005064,0.1712753492352201,0.40145589499032097
2012-03-18T04:00:00Z,0.1911666148346323,0.4151329809315584,0.1712753492352201,0.41530086452940557
2012-03-18T05:00:00Z,0.1946841372302167,0.4151329809315584,0.0,0.41530086452940557
2012-03-18T06:00:00Z,0.207610607619196,0.4151329809315584,0.0,0.41530086452940557
2012-03-18T07:00:00Z,0.0021570911741884,0.0,0.0,0.0
2012-03-18T08:00:00Z,0.0219973061587404,0.0,0.102705094585655,0.0
2012-03-18T09:00:00Z,0.0225630359033601,0.0,0.102705094585655,0.0
2012-03-18T10:00:00Z,0.023078270567493,0.0,0.102705094585655,0.0
2012-03-18T11:00:00Z,0.0227998153012502,0.0,0.102705094585655,0.0
2012-03-18T12:00:00Z,0.0222207079240151,0.0,0.102705094585655,0.0
2012-03-18T13:00:00Z,0.2171795115271622,0.0,0.102705094585655,0.0
2012-03-18T14:00:00Z,0.217301421861857,0.0,0.102705094585655,0.0
2012-03-18T15:00:00Z,0.0217074156796062,0.0,0.102705094585655,0.0
2012-03-18T16:00:00Z,0.222973248294296,0.0,0.0,0.0
2012-03-18T17:00:00Z,0.0232755789000638,0.3321063847452467,0.1369706192075646,0.33223908423542003
2012-03-18T18:00:00Z,0.2372767415370195,0.3459441507762986,0.1369706192075646,0.3460840537745046
2012-03-18T19:00:00Z,0.2254341296055348,0.1798909584036753,0.1369706192075646,0.1799631721667076
2012-03-18T20:00:00Z,0.0021566372902246,0.2352420225278831,0.1369706192075646,0.23533769236269794
2012-03-18T21:00:00Z,0.0021023059307829,0.3044308526831428,0.1712753492352201,0.3045518241374249
2012-03-18T22:00:00Z,0.0019746842555125,0.3044308526831428,0.1712753492352201,0.3045518241374249
2012-03-18T23:00:00Z,0.1848446456391237,0.3044308526831428,0.1712753492352201,0.3045518241374249
2012-03-19T00:00:00Z,0.1768878717787148,0.3459441507762986,0.1712753492352201,0.3460840537745046
2012-03-19T01:00:00Z,0.172831034197056,0.3459441507762986,0.1712753492352201,0.3460840537745046
2012-03-19T02:00:00Z,0.1727795561582008,0.3459441507762986,0.1712753492352201,0.3460840537745046
2012-03-19T03:00:00Z,0.1741359212215334,0.3459441507762986,0.1712753492352201,0.3460840537745046
2012-03-19T04:00:00Z,0.0017567772666789,0.3459441507762986,0.1712753492352201,0.3460840537745046
2012-03-19T05:00:00Z,0.1756588801055508,0.3459441507762986,0.0,0.3460840537745046
2012-03-19T06:00:00Z,0.0183516897979285,0.3597819168073506,0.0,0.3599263443334152
2012-03-19T07:00:00Z,0.1982413499965732,0.0,0.0,0.0
2012-03-19T08:00:00Z,0.2109850723685741,0.0,0.102705094585655,0.0
2012-03-19T09:00:00Z,0.2181752953483804,0.0,0.102705094585655,0.0
2012-03-19T10:00:00Z,0.0022178920444851,0.0,0.102705094585655,0.0
2012-03-19T11:00:00Z,0.218728552095377,0.0,0.102705094585655,0.0
2012-03-19T12:00:00Z,0.2107752440443548,0.0,0.102705094585655,0.0
2012-03-19T13:00:00Z,0.2036590170739947,0.0,0.102705094585655,0.0
2012-03-19T14:00:00Z,0.2022570482250045,0.0,0.102705094585655,0.0
2012-03-19T15:00:00Z,0.2015897330617538,0.0,0.102705094585655,0.0
2012-03-19T16:00:00Z,0.0208349794270319,0.0,0.0,0.0
2012-03-19T17:00:00Z,0.0223176056885944,0.3044308526831428,0.1369706192075646,0.3045518241374249
2012-03-19T18:00:00Z,0.2311139646031666,0.3182686187141947,0.1369706192075646,0.3183967936765094
2012-03-19T19:00:00Z,0.0220890737421938,0.1522154263415714,0.1369706192075646,0.15227591206871244
2012-03-19T20:00:00Z,0.2123956372080768,0.2075664904657792,0.1369706192075646,0.20765043226470278
2012-03-19T21:00:00Z,0.0206975845609082,0.2629175545899869,0.1712753492352201,0.2630222734805191
2012-03-19T22:00:00Z,0.1949346937099396,0.2629175545899869,0.1712753492352201,0.2630222734805191
2012-03-19T23:00:00Z,0.0001896447818491,0.249079788558935,0.1712753492352201,0.2491799829216085
2012-03-20T00:00:00Z,0.1856444839545129,0.2767553206210389,0.1712753492352201,0.27686724301960364
2012-03-20T01:00:00Z,0.1839997518017087,0.2767553206210389,0.1712753492352201,0.27686724301960364
2012-03-20T02:00:00Z,0.0186178287133003,0.2767553206210389,0.1712753492352201,0.27686724301960364
2012-03-20T03:00:00Z,0.1922706219805947,0.2767553206210389,0.1712753492352201,0.27686724301960364
2012-03-20T04:00:00Z,0.0205849203007464,0.2629175545899869,0.1712753492352201,0.2630222734805191
2012-03-20T05:00:00Z,0.2360198471611667,0.2629175545899869,0.0,0.2630222734805191
2012-03-20T06:00:00Z,0.0256209019023988,0.2629175545899869,0.0,0.2630222734805191
2012-03-20T07:00:00Z,0.0026342571530487,0.0,0.0,0.0
2012-03-20T08:00:00Z,0.0026362191536167,0.0,0.102705094585655,0.0
2012-03-20T09:00:00Z,0.2630309165378818,0.0,0.102705094585655,0.0
2012-03-20T10:00:00Z,0.2634906355931283,0.0,0.102705094585655,0.0
2012-03-20T11:00:00Z,0.2623984552769371,0.0,0.102705094585655,0.0
2012-03-20T12:00:00Z,0.0025955943849694,0.0,0.102705094585655,0.0
2012-03-20T13:00:00Z,0.2521174156538222,0.0,0.102705094585655,0.0
2012-03-20T14:00:00Z,0.0002501476317003,0.0,0.102705094585655,0.0
2012-03-20T15:00:00Z,0.002454013526017,0.0,0.102705094585655,0.0
2012-03-20T16:00:00Z,0.2471922263836459,0.0,0.0,0.0
2012-03-20T17:00:00Z,0.0255172409143047,0.1937287244347272,0.1369706192075646,0.1938054627256182
2012-03-20T18:00:00Z,0.2623511283770082,0.2075664904657792,0.1369706192075646,0.20765043226470278
2012-03-20T19:00:00Z,0.00025067983904,0.1660531923726233,0.1369706192075646,0.166120881607797
2012-03-20T20:00:00Z,0.2374505802699813,0.2352420225278831,0.1369706192075646,0.23533769236269794
2012-03-20T21:00:00Z,0.0022412656979585,0.3044308526831428,0.1712753492352201,0.3045518241374249
2012-03-20T22:00:00Z,0.2100840794131218,0.3044308526831428,0.1712753492352201,0.3045518241374249
2012-03-20T23:00:00Z,0.0020210007838914,0.2905930866520909,0.1712753492352201,0.29070953357851426
2012-03-21T00:00:00Z,0.0019543891023315,0.3459441507762986,0.1712753492352201,0.3460840537745046
2012-03-21T01:00:00Z,0.193023368366183,0.3321063847452467,0.1712753492352201,0.33223908423542003
2012-03-21T02:00:00Z,0.0019367592936348,0.3459441507762986,0.1712753492352201,0.3460840537745046
2012-03-21T03:00:00Z,0.0020002188509288,0.3597819168073506,0.1712753492352201,0.3599263443334152
2012-03-21T04:00:00Z,0.0211950789803842,0.3459441507762986,0.1712753492352201,0.3460840537745046
2012-03-21T05:00:00Z,0.2360696804091266,0.3321063847452467,0.0,0.33223908423542003
2012-03-21T06:00:00Z,0.2551077042440754,0.3321063847452467,0.0,0.33223908423542003
2012-03-21T07:00:00Z,0.0265770893408962,0.0,0.0,0.0
2012-03-21T08:00:00Z,0.0026508292045529,0.0,0.102705094585655,0.0
2012-03-21T09:00:00Z,0.0262745300556991,0.0,0.102705094585655,0.0
2012-03-21T10:00:00Z,0.2614478053011208,0.0,0.102705094585655,0.0
2012-03-21T11:00:00Z,0.002591717377859,0.0,0.102705094585655,0.0
2012-03-21T12:00:00Z,0.2535658302647617,0.0,0.102705094585655,0.0
2012-03-21T13:00:00Z,0.2489133238280193,0.0,0.102705094585655,0.0
2012-03-21T14:00:00Z,0.000245357374026,0.0,0.102705094585655,0.0
2012-03-21T15:00:00Z,0.2400598060553043,0.0,0.102705094585655,0.0
2012-03-21T16:00:00Z,0.2438331717584895,0.0,0.0,0.0
2012-03-21T17:00:00Z,0.2545155207792224,0.3459441507762986,0.1369706192075646,0.3460840537745046
2012-03-21T18:00:00Z,0.2613860277383257,0.3736196828384025,0.1369706192075646,0.37376863489232576
2012-03-21T19:00:00Z,0.0246390596421031,0.2075664904657792,0.1369706192075646,0.20765043226470278
2012-03-21T20:00:00Z,0.2325554475953329,0.2767553206210389,0.1369706192075646,0.27686724301960364
2012-03-21T21:00:00Z,0.0219006355319514,0.3597819168073506,0.1712753492352201,0.3599263443334152
2012-03-21T22:00:00Z,0.0020279390601515,0.3597819168073506,0.1712753492352201,0.3599263443334152
2012-03-21T23:00:00Z,0.0192963049576265,0.3459441507762986,0.1712753492352201,0.3460840537745046
2012-03-22T00:00:00Z,0.0187045287743285,0.3874574488694545,0.1712753492352201,0.38761360443141035
2012-03-22T01:00:00Z,0.018493208389797,0.4012952149005064,0.1712753492352201,0.40145589499032097
2012-03-22T02:00:00Z,0.0018718734676644,0.4012952149005064,0.1712753492352201,0.40145589499032097
2012-03-22T03:00:00Z,0.1944446439273494,0.3874574488694545,0.1712753492352201,0.38761360443141035
2012-03-22T04:00:00Z,0.2086366830060698,0.3874574488694545,0.1712753492352201,0.38761360443141035
2012-03-22T05:00:00Z,0.2337427320707938,0.4012952149005064,0.0,0.40145589499032097
2012-03-22T06:00:00Z,0.2514194173080359,0.4012952149005064,0.0,0.40145589499032097
2012-03-22T07:00:00Z,0.2618889617162627,0.0,0.0,0.0
2012-03-22T08:00:00Z,0.0262090164678703,0.0,0.102705094585655,0.0
2012-03-22T09:00:00Z,0.2624367358269416,0.0,0.102705094585655,0.0
2012-03-22T10:00:00Z,0.2619835763544325,0.0,0.102705094585655,0.0
2012-03-22T11:00:00Z,0.2599201861762333,0.0,0.102705094585655,0.0
2012-03-22T12:00:00Z,0.002539671494528,0.0,0.102705094585655,0.0
2012-03-22T13:00:00Z,0.250576716525148,0.0,0.102705094585655,0.0
2012-03-22T14:00:00Z,0.244959305258163,0.0,0.102705094585655,0.0
2012-03-22T15:00:00Z,0.2416706241863143,0.0,0.102705094585655,0.0
2012-03-22T16:00:00Z,0.0024488786454885,0.0,0.0,0.0
2012-03-22T17:00:00Z,0.0255087036663241,0.3321063847452467,0.1369706192075646,0.33223908423542003
2012-03-22T18:00:00Z,0.262108795851762,0.3459441507762986,0.1369706192075646,0.3460840537745046
2012-03-22T19:00:00Z,0.2490487253642247,0.1937287244347272,0.1369706192075646,0.1938054627256182
2012-03-22T20:00:00Z,0.0233916110653921,0.2767553206210389,0.1369706192075646,0.27686724301960364
2012-03-22T21:00:00Z,0.0220618172073568,0.3459441507762986,0.1712753492352201,0.3460840537745046
2012-03-22T22:00:00Z,0.2046440314310172,0.3182686187141947,0.1712753492352201,0.3183967936765094
2012-03-22T23:00:00Z,0.0193568175978997,0.3874574488694545,0.1712753492352201,0.38761360443141035
2012-03-23T00:00:00Z,0.0018762901228353,0.4151329809315584,0.1712753492352201,0.41530086452940557
2012-03-23T01:00:00Z,0.0185023839732917,0.4151329809315584,0.1712753492352201,0.41530086452940557
2012-03-23T02:00:00Z,0.1872318442344203,0.4151329809315584,0.1712753492352201,0.41530086452940557
2012-03-23T03:00:00Z,0.0193443680972895,0.4289707469626103,0.1712753492352201,0.42914315508831613
2012-03-23T04:00:00Z,0.2077048698021739,0.4151329809315584,0.1712753492352201,0.41530086452940557
2012-03-23T05:00:00Z,0.2317873498280548,0.4289707469626103,0.0,0.42914315508831613
2012-03-23T06:00:00Z,0.0249378398244097,0.4289707469626103,0.0,0.42914315508831613
2012-03-23T07:00:00Z,0.0025983615498424,0.0,0.0,0.0
2012-03-23T08:00:00Z,0.2600352627963748,0.0,0.102705094585655,0.0
2012-03-23T09:00:00Z,0.259970430621917,0.0,0.102705094585655,0.0
2012-03-23T10:00:00Z,0.026165057473108,0.0,0.102705094585655,0.0
2012-03-23T11:00:00Z,0.2588833021634757,0.0,0.102705094585655,0.0
2012-03-23T12:00:00Z,0.253208362376842,0.0,0.102705094585655,0.0
2012-03-23T13:00:00Z,0.0248947815484711,0.0,0.102705094585655,0.0
2012-03-23T14:00:00Z,0.2427053934679206,0.0,0.102705094585655,0.0
2012-03-23T15:00:00Z,0.2389959592203697,0.0,0.102705094585655,0.0
2012-03-23T16:00:00Z,0.0024385869538863,0.0,0.0,0.0
2012-03-23T17:00:00Z,0.25254408224441,0.3736196828384025,0.1369706192075646,0.37376863489232576
2012-03-23T18:00:00Z,0.2612408553609682,0.4012952149005064,0.1369706192075646,0.40145589499032097
2012-03-23T19:00:00Z,0.0002472559326595,0.249079788558935,0.1369706192075646,0.2491799829216085
2012-03-23T20:00:00Z,0.2328965458976752,0.3182686187141947,0.1369706192075646,0.3183967936765094
2012-03-23T21:00:00Z,0.2186322143429359,0.3874574488694545,0.1712753492352201,0.38761360443141035
2012-03-23T22:00:00Z,0.0020283032638498,0.4012952149005064,0.1712753492352201,0.40145589499032097
2012-03-23T23:00:00Z,0.1911929119081137,0.3874574488694545,0.1712753492352201,0.38761360443141035
2012-03-24T00:00:00Z,0.0018487473160591,0.4289707469626103,0.1712753492352201,0.42914315508831613
2012-03-24T01:00:00Z,0.0001833088123501,0.4289707469626103,0.1712753492352201,0.42914315508831613
2012-03-24T02:00:00Z,0.1854257659271211,0.4289707469626103,0.1712753492352201,0.42914315508831613
2012-03-24T03:00:00Z,0.0019126967860698,0.4289707469626103,0.1712753492352201,0.42914315508831613
2012-03-24T04:00:00Z,0.0020580998257694,0.4289707469626103,0.1712753492352201,0.42914315508831613
2012-03-24T05:00:00Z,0.2303030435300779,0.4289707469626103,0.0,0.42914315508831613
2012-03-24T06:00:00Z,0.0248719698652203,0.4289707469626103,0.0,0.42914315508831613
2012-03-24T07:00:00Z,0.0025777343055473,0.0,0.0,0.0
2012-03-24T08:00:00Z,0.0025785069656513,0.0,0.102705094585655,0.0
2012-03-24T09:00:00Z,0.2585671106946913,0.0,0.102705094585655,0.0
2012-03-24T10:00:00Z,0.026099238424113,0.0,0.102705094585655,0.0
2012-03-24T11:00:00Z,0.2581153806237936,0.0,0.102705094585655,0.0
2012-03-24T12:00:00Z,0.0252994431865806,0.0,0.102705094585655,0.0
2012-03-24T13:00:00Z,0.2445710954451757,0.0,0.102705094585655,0.0
2012-03-24T14:00:00Z,0.0238462156041879,0.0,0.102705094585655,0.0
2012-03-24T15:00:00Z,0.023632377123119,0.0,0.102705094585655,0.0
2012-03-24T16:00:00Z,0.2398808567220605,0.0,0.0,0.0
2012-03-24T17:00:00Z,0.0247312697526307,0.49815957711787,0.1369706192075646,0.498359965843217
2012-03-24T18:00:00Z,0.2542559571112632,0.49815957711787,0.1369706192075646,0.498359965843217
2012-03-24T19:00:00Z,0.2407682801526265,0.3321063847452467,0.1369706192075646,0.33223908423542003
2012-03-24T20:00:00Z,0.2261680588000467,0.4012952149005064,0.1369706192075646,0.40145589499032097
2012-03-24T21:00:00Z,0.2153975372388174,0.4566462790247142,0.1712753492352201,0.45683041518631134
2012-03-24T22:00:00Z,0.0020223326728997,0.4566462790247142,0.1712753492352201,0.45683041518631134
2012-03-24T23:00:00Z,0.1891798640798181,0.4428085129936623,0.1712753492352201,0.4429854456472267
2012-03-25T00:00:00Z,0.0182376431301809,0.4704840450557662,0.1712753492352201,0.47067270574522185
2012-03-25T01:00:00Z,0.017913419599191,0.4704840450557662,0.1712753492352201,0.47067270574522185
2012-03-25T02:00:00Z,0.1791703128586537,0.4704840450557662,0.1712753492352201,0.47067270574522185
2012-03-25T03:00:00Z,0.1821217138927386,0.4566462790247142,0.1712753492352201,0.45683041518631134
2012-03-25T04:00:00Z,0.1849555711203389,0.4566462790247142,0.1712753492352201,0.45683041518631134
2012-03-25T05:00:00Z,0.0018837562986495,0.4566462790247142,0.0,0.45683041518631134
2012-03-25T06:00:00Z,0.1996014550011083,0.4566462790247142,0.0,0.45683041518631134
2012-03-25T07:00:00Z,0.2112424234011623,0.0,0.0,0.0
2012-03-25T08:00:00Z,0.0217990305324765,0.0,0.102705094585655,0.0
2012-03-25T09:00:00Z,0.000224449732045,0.0,0.102705094585655,0.0
2012-03-25T10:00:00Z,0.2243780955273531,0.0,0.102705094585655,0.0
2012-03-25T11:00:00Z,0.0219157950213701,0.0,0.102705094585655,0.0
2012-03-25T12:00:00Z,0.2115929792511528,0.0,0.102705094585655,0.0
2012-03-25T13:00:00Z,0.0020557528658085,0.0,0.102705094585655,0.0
2012-03-25T14:00:00Z,0.2016473594856225,0.0,0.102705094585655,0.0
2012-03-25T15:00:00Z,0.0201962522960097,0.0,0.102705094585655,0.0
2012-03-25T16:00:00Z,0.2078149141454095,0.0,0.0,0.0
2012-03-25T17:00:00Z,0.2150800534343294,0.3874574488694545,0.1369706192075646,0.38761360443141035
2012-03-25T18:00:00Z,0.0220016844354571,0.4012952149005064,0.1369706192075646,0.40145589499032097
2012-03-25T19:00:00Z,0.0209653212731497,0.249079788558935,0.1369706192075646,0.2491799829216085
2012-03-25T20:00:00Z,0.019898212269606,0.3044308526831428,0.1369706192075646,0.3045518241374249
2012-03-25T21:00:00Z,0.0190148734030969,0.3874574488694545,0.1712753492352201,0.38761360443141035
2012-03-25T22:00:00Z,0.0017881250230596,0.4012952149005064,0.1712753492352201,0.40145589499032097
2012-03-25T23:00:00Z,0.0167372531269489,0.4012952149005064,0.1712753492352201,0.40145589499032097
2012-03-26T00:00:00Z,0.001624235708547,0.4428085129936623,0.1712753492352201,0.4429854456472267
2012-03-26T01:00:00Z,0.0015793129446435,0.4428085129936623,0.1712753492352201,0.4429854456472267
2012-03-26T02:00:00Z,0.1580905944206489,0.4428085129936623,0.1712753492352201,0.4429854456472267
2012-03-26T03:00:00Z,0.1602830223607561,0.4428085129936623,0.1712753492352201,0.4429854456472267
2012-03-26T04:00:00Z,0.0162391321204651,0.4428085129936623,0.1712753492352201,0.4429854456472267
2012-03-26T05:00:00Z,0.016524812718141,0.4428085129936623,0.0,0.4429854456472267
2012-03-26T06:00:00Z,0.1759089470641739,0.4428085129936623,0.0,0.4429854456472267
2012-03-26T07:00:00Z,0.0018905712155925,0.0,0.0,0.0
2012-03-26T08:00:00Z,0.0019589228509495,0.0,0.102705094585655,0.0
2012-03-26T09:00:00Z,0.2047799420691663,0.0,0.102705094585655,0.0
2012-03-26T10:00:00Z,0.0020491153513121,0.0,0.102705094585655,0.0
2012-03-26T11:00:00Z,0.0196908393832233,0.0,0.102705094585655,0.0
2012-03-26T12:00:00Z,0.0190474950891877,0.0,0.102705094585655,0.0
2012-03-26T13:00:00Z,0.1872581217270577,0.0,0.102705094585655,0.0
2012-03-26T14:00:00Z,0.0018564895817736,0.0,0.102705094585655,0.0
2012-03-26T15:00:00Z,0.001884214098782,0.0,0.102705094585655,0.0
2012-03-26T16:00:00Z,0.001980154751707,0.0,0.0,0.0
2012-03-26T17:00:00Z,0.0206388733582823,0.4012952149005064,0.1369706192075646,0.40145589499032097
2012-03-26T18:00:00Z,0.0210835151636548,0.4289707469626103,0.1369706192075646,0.42914315508831613
2012-03-26T19:00:00Z,0.2036590953973707,0.2629175545899869,0.1369706192075646,0.2630222734805191
2012-03-26T20:00:00Z,0.0198267813507228,0.3321063847452467,0.1369706192075646,0.33223908423542003
2012-03-26T21:00:00Z,0.0018805023539949,0.4012952149005064,0.1712753492352201,0.40145589499032097
2012-03-26T22:00:00Z,0.179003523229529,0.4012952149005064,0.1712753492352201,0.40145589499032097
2012-03-26T23:00:00Z,0.0173372571808923,0.4012952149005064,0.1712753492352201,0.40145589499032097
2012-03-27T00:00:00Z,0.1710133052875816,0.4428085129936623,0.1712753492352201,0.4429854456472267
2012-03-27T01:00:00Z,0.0174846461097896,0.4428085129936623,0.1712753492352201,0.4429854456472267
2012-03-27T02:00:00Z,0.1809757058364131,0.4428085129936623,0.1712753492352201,0.4429854456472267
2012-03-27T03:00:00Z,0.1972052296367313,0.4428085129936623,0.1712753492352201,0.4429854456472267
2012-03-27T04:00:00Z,0.0227399605773351,0.4566462790247142,0.1712753492352201,0.45683041518631134
2012-03-27T05:00:00Z,0.2479468525302574,0.4428085129936623,0.0,0.4429854456472267
2012-03-27T06:00:00Z,0.2577114278122366,0.4428085129936623,0.0,0.4429854456472267
2012-03-27T07:00:00Z,0.0026076655836736,0.0,0.0,0.0
2012-03-27T08:00:00Z,0.2624738023646187,0.0,0.102705094585655,0.0
2012-03-27T09:00:00Z,0.2642564424016593,0.0,0.102705094585655,0.0
2012-03-27T10:00:00Z,0.0262810700575924,0.0,0.102705094585655,0.0
2012-03-27T11:00:00Z,0.0025847305411057,0.0,0.102705094585655,0.0
2012-03-27T12:00:00Z,0.0254636520604671,0.0,0.102705094585655,0.0
2012-03-27T13:00:00Z,0.249830960500865,0.0,0.102705094585655,0.0
2012-03-27T14:00:00Z,0.0002440070790244,0.0,0.102705094585655,0.0
2012-03-27T15:00:00Z,0.0245042142018671,0.0,0.102705094585655,0.0
2012-03-27T16:00:00Z,0.249444415059617,0.0,0.0,0.0
2012-03-27T17:00:00Z,0.0025383223743769,0.49815957711787,0.1369706192075646,0.498359965843217
2012-03-27T18:00:00Z,0.2521384454802697,0.49815957711787,0.1369706192075646,0.498359965843217
2012-03-27T19:00:00Z,0.2380719391923826,0.3321063847452467,0.1369706192075646,0.33223908423542003
2012-03-27T20:00:00Z,0.2241062742510548,0.4012952149005064,0.1369706192075646,0.40145589499032097
2012-03-27T21:00:00Z,0.0208771839781725,0.4566462790247142,0.1712753492352201,0.45683041518631134
2012-03-27T22:00:00Z,0.1951309525092724,0.4566462790247142,0.1712753492352201,0.45683041518631134
2012-03-27T23:00:00Z,0.0187173698918185,0.4428085129936623,0.1712753492352201,0.4429854456472267
2012-03-28T00:00:00Z,0.1841642308912423,0.4704840450557662,0.1712753492352201,0.47067270574522185
2012-03-28T01:00:00Z,0.1848976314029663,0.4704840450557662,0.1712753492352201,0.47067270574522185
2012-03-28T02:00:00Z,0.1909892515497519,0.4704840450557662,0.1712753492352201,0.47067270574522185
2012-03-28T03:00:00Z,0.0020299911326019,0.4704840450557662,0.1712753492352201,0.47067270574522185
2012-03-28T04:00:00Z,0.2321745218563106,0.4704840450557662,0.1712753492352201,0.47067270574522185
2012-03-28T05:00:00Z,0.002499524890091,0.4704840450557662,0.0,0.47067270574522185
2012-03-28T06:00:00Z,0.0025876574856656,0.4704840450557662,0.0,0.47067270574522185
2012-03-28T07:00:00Z,0.0262353017928453,0.0,0.0,0.0
2012-03-28T08:00:00Z,0.2676872804008906,0.0,0.102705094585655,0.0
2012-03-28T09:00:00Z,0.2709048634282041,0.0,0.102705094585655,0.0
2012-03-28T10:00:00Z,0.0026818111907679,0.0,0.102705094585655,0.0
2012-03-28T11:00:00Z,0.0266190236763896,0.0,0.102705094585655,0.0
2012-03-28T12:00:00Z,0.0002609456839282,0.0,0.102705094585655,0.0
2012-03-28T13:00:00Z,0.0257942432819233,0.0,0.102705094585655,0.0
2012-03-28T14:00:00Z,0.0024979411914289,0.0,0.102705094585655,0.0
2012-03-28T15:00:00Z,0.2502116904314473,0.0,0.102705094585655,0.0
2012-03-28T16:00:00Z,0.0250393547520023,0.0,0.0,0.0
2012-03-28T17:00:00Z,0.0250761824033827,0.5258351091799739,0.1369706192075646,0.5260472259412121
2012-03-28T18:00:00Z,0.0024912014649268,0.5258351091799739,0.1369706192075646,0.5260472259412121
2012-03-28T19:00:00Z,0.0023593656004124,0.3597819168073506,0.1369706192075646,0.3599263443334152
2012-03-28T20:00:00Z,0.2225436445771094,0.4151329809315584,0.1369706192075646,0.41530086452940557
2012-03-28T21:00:00Z,0.0205749458188169,0.4704840450557662,0.1712753492352201,0.47067270574522185
2012-03-28T22:00:00Z,0.1920881676762763,0.4704840450557662,0.1712753492352201,0.47067270574522185
2012-03-28T23:00:00Z,0.0018492591593211,0.4566462790247142,0.1712753492352201,0.45683041518631134
2012-03-29T00:00:00Z,0.1801667428477235,0.4843218110868181,0.1712753492352201,0.4845149963041325
2012-03-29T01:00:00Z,0.0181415011861797,0.4843218110868181,0.1712753492352201,0.4845149963041325
2012-03-29T02:00:00Z,0.0188373926331525,0.4843218110868181,0.1712753492352201,0.4845149963041325
2012-03-29T03:00:00Z,0.0020240178003337,0.4843218110868181,0.1712753492352201,0.4845149963041325
2012-03-29T04:00:00Z,0.2298391145933732,0.49815957711787,0.1712753492352201,0.498359965843217
2012-03-29T05:00:00Z,0.2491613935405552,0.49815957711787,0.0,0.498359965843217
2012-03-29T06:00:00Z,0.2608487881217145,0.4843218110868181,0.0,0.4845149963041325
2012-03-29T07:00:00Z,0.2647186678049367,0.0,0.0,0.0
2012-03-29T08:00:00Z,0.2683543605940134,0.0,0.102705094585655,0.0
2012-03-29T09:00:00Z,0.2705978162135641,0.0,0.102705094585655,0.0
2012-03-29T10:00:00Z,0.2685465074161079,0.0,0.102705094585655,0.0
2012-03-29T11:00:00Z,0.0026453277706249,0.0,0.102705094585655,0.0
2012-03-29T12:00:00Z,0.025854473958043,0.0,0.102705094585655,0.0
2012-03-29T13:00:00Z,0.0025532633415766,0.0,0.102705094585655,0.0
2012-03-29T14:00:00Z,0.2523711833919598,0.0,0.102705094585655,0.0
2012-03-29T15:00:00Z,0.2538976864087398,0.0,0.102705094585655,0.0
2012-03-29T16:00:00Z,0.0255865531858679,0.0,0.0,0.0
2012-03-29T17:00:00Z,0.0025860220935754,0.4566462790247142,0.1369706192075646,0.45683041518631134
2012-03-29T18:00:00Z,0.2550937431023091,0.4566462790247142,0.1369706192075646,0.45683041518631134
2012-03-29T19:00:00Z,0.0242362816811856,0.2905930866520909,0.1369706192075646,0.29070953357851426
2012-03-29T20:00:00Z,0.0229362311251743,0.3597819168073506,0.1369706192075646,0.3599263443334152
2012-03-29T21:00:00Z,0.0211976244901032,0.4289707469626103,0.1712753492352201,0.42914315508831613
2012-03-29T22:00:00Z,0.0199059662838268,0.4012952149005064,0.1712753492352201,0.40145589499032097
2012-03-29T23:00:00Z,0.1928865765900542,0.4151329809315584,0.1712753492352201,0.41530086452940557
2012-03-30T00:00:00Z,0.0019034299558421,0.4428085129936623,0.1712753492352201,0.4429854456472267
2012-03-30T01:00:00Z,0.1923945687230647,0.4566462790247142,0.1712753492352201,0.45683041518631134
2012-03-30T02:00:00Z,0.0198432096788322,0.4566462790247142,0.1712753492352201,0.45683041518631134
2012-03-30T03:00:00Z,0.0211695416436497,0.4704840450557662,0.1712753492352201,0.47067270574522185
2012-03-30T04:00:00Z,0.0238475353530729,0.4704840450557662,0.1712753492352201,0.47067270574522185
2012-03-30T05:00:00Z,0.0256260947422256,0.4704840450557662,0.0,0.47067270574522185
2012-03-30T06:00:00Z,0.2681470190369811,0.4704840450557662,0.0,0.47067270574522185
2012-03-30T07:00:00Z,0.0272153896095194,0.0,0.0,0.0
2012-03-30T08:00:00Z,0.0277092850698696,0.0,0.102705094585655,0.0
2012-03-30T09:00:00Z,0.0278611658443787,0.0,0.102705094585655,0.0
2012-03-30T10:00:00Z,0.2791453441372145,0.0,0.102705094585655,0.0
2012-03-30T11:00:00Z,0.0027534351767728,0.0,0.102705094585655,0.0
2012-03-30T12:00:00Z,0.271162880209488,0.0,0.102705094585655,0.0
2012-03-30T13:00:00Z,0.0268573460447863,0.0,0.102705094585655,0.0
2012-03-30T14:00:00Z,0.2653558676301276,0.0,0.102705094585655,0.0
2012-03-30T15:00:00Z,0.002658634912202,0.0,0.102705094585655,0.0
2012-03-30T16:00:00Z,0.2677446914354755,0.0,0.0,0.0
2012-03-30T17:00:00Z,0.2680834791982268,0.2629175545899869,0.1369706192075646,0.2630222734805191
2012-03-30T18:00:00Z,0.2626728220629544,0.2767553206210389,0.1369706192075646,0.27686724301960364
2012-03-30T19:00:00Z,0.2504933804531176,0.1383776603105194,0.1369706192075646,0.13843362150980182
2012-03-30T20:00:00Z,0.0238821582014198,0.2214042564968311,0.1369706192075646,0.22149272282361335
2012-03-30T21:00:00Z,0.2264625351128439,0.2905930866520909,0.1712753492352201,0.29070953357851426
2012-03-30T22:00:00Z,0.2160111029853098,0.3182686187141947,0.1712753492352201,0.3183967936765094
2012-03-30T23:00:00Z,0.21101031207648,0.3182686187141947,0.1712753492352201,0.3183967936765094
2012-03-31T00:00:00Z,0.0207246100417861,0.0,0.1712753492352201,0.0
2012-03-31T01:00:00Z,0.2068167610420683,0.0,0.1712753492352201,0.0
2012-03-31T02:00:00Z,0.0021091948633162,0.0,0.1712753492352201,0.0
2012-03-31T03:00:00Z,0.2243462962367099,0.0,0.1712753492352201,0.0
2012-03-31T04:00:00Z,0.0251713022273275,0.0,0.1712753492352201,0.0
2012-03-31T05:00:00Z,0.2710777035381224,0.0,0.0,0.0
2012-03-31T06:00:00Z,0.2835212711525685,0.0,0.0,0.0
2012-03-31T07:00:00Z,0.2875695910670907,0.0,0.0,0.0
2012-03-31T08:00:00Z,0.0293716634792795,0.0,0.102705094585655,0.0
2012-03-31T09:00:00Z,0.0297251642882065,0.0,0.102705094585655,0.0
2012-03-31T10:00:00Z,0.2962308053709592,0.0,0.102705094585655,0.0
2012-03-31T11:00:00Z,0.0028925519823172,0.0,0.102705094585655,0.0
2012-03-31T12:00:00Z,0.0028184239979826,0.0,0.102705094585655,0.0
2012-03-31T13:00:00Z,0.2757273120099539,0.0,0.102705094585655,0.0
2012-03-31T14:00:00Z,0.0270223029069133,0.0,0.102705094585655,0.0
2012-03-31T15:00:00Z,0.0027255226836621,0.0,0.102705094585655,0.0
2012-03-31T16:00:00Z,0.2712172757940981,0.0,0.0,0.0
2012-03-31T17:00:00Z,0.0002690263066268,0.0,0.1369706192075646,0.0
2012-03-31T18:00:00Z,0.2612275208062096,0.0,0.1369706192075646,0.0
2012-03-31T19:00:00Z,0.2481085119782561,0.0,0.1369706192075646,0.0
2012-03-31T20:00:00Z,0.023774447894788,0.0,0.1369706192075646,0.0
2012-03-31T21:00:00Z,0.0022510757007985,0.0,0.1712753492352201,0.0
2012-03-31T22:00:00Z,0.0213205686933607,0.0,0.1712753492352201,0.0
2012-03-31T23:00:00Z,0.2057235429411455,0.0,0.1712753492352201,0.0
2012-04-01T00:00:00Z,0.2000479765675041,0.0,0.1712753492352201,0.0
2012-04-01T01:00:00Z,0.1964448075602982,0.0,0.1712753492352201,0.0
2012-04-01T02:00:00Z,0.1940431778829794,0.0,0.1712753492352201,0.0
2012-04-01T03:00:00Z,0.1938611739380729,0.0,0.1712753492352201,0.0
2012-04-01T04:00:00Z,0.1956094887555953,0.0,0.1712753492352201,0.0
2012-04-01T05:00:00Z,0.0206681114745313,0.0,0.0,0.0
2012-04-01T06:00:00Z,0.0224710059365973,0.0,0.0,0.0
2012-04-01T07:00:00Z,0.2358835253252938,0.0,0.0,0.0
2012-04-01T08:00:00Z,0.2463546166201959,0.0,0.102705094585655,0.0
2012-04-01T09:00:00Z,0.0249145699494095,0.0,0.102705094585655,0.0
2012-04-01T10:00:00Z,0.2452442065382481,0.0,0.102705094585655,0.0
2012-04-01T11:00:00Z,0.0023971683778236,0.0,0.102705094585655,0.0
2012-04-01T12:00:00Z,0.0231365784047327,0.0,0.102705094585655,0.0
2012-04-01T13:00:00Z,0.2279245388295138,0.0,0.102705094585655,0.0
2012-04-01T14:00:00Z,0.0223832328453183,0.0,0.102705094585655,0.0
2012-04-01T15:00:00Z,0.2258902262046428,0.0,0.102705094585655,0.0
2012-04-01T16:00:00Z,0.2297009325773209,0.0,0.0,0.0
2012-04-01T17:00:00Z,0.0229092800515036,0.0,0.1369706192075646,0.0
2012-04-01T18:00:00Z,0.0222370853419301,0.0,0.1369706192075646,0.0
2012-04-01T19:00:00Z,0.0021404545058989,0.0,0.1369706192075646,0.0
2012-04-01T20:00:00Z,0.2066698851312836,0.0,0.1369706192075646,0.0
2012-04-01T21:00:00Z,0.0195428434481622,0.0,0.1712753492352201,0.0
2012-04-01T22:00:00Z,0.1855568009351163,0.0,0.1712753492352201,0.0
2012-04-01T23:00:00Z,0.1774841868016502,0.0,0.1712753492352201,0.0
2012-04-02T00:00:00Z,0.1735357683531757,0.0,0.1712753492352201,0.0
2012-04-02T01:00:00Z,0.0017254925606158,0.0,0.1712753492352201,0.0
2012-04-02T02:00:00Z,0.1742472383196285,0.0,0.1712753492352201,0.0
2012-04-02T03:00:00Z,0.1725512435172529,0.0,0.1712753492352201,0.0
2012-04-02T04:00:00Z,0.1716918990169718,0.0,0.1712753492352201,0.0
2012-04-02T05:00:00Z,0.1761676100133095,0.0,0.0,0.0
2012-04-02T06:00:00Z,0.0189146508112077,0.0,0.0,0.0
2012-04-02T07:00:00Z,0.0200305866073302,0.0,0.0,0.0
2012-04-02T08:00:00Z,0.0209551627312866,0.0,0.102705094585655,0.0
2012-04-02T09:00:00Z,0.2193339917916127,0.0,0.102705094585655,0.0
2012-04-02T10:00:00Z,0.021757989083469,0.0,0.102705094585655,0.0
2012-04-02T11:00:00Z,0.0212124824345244,0.0,0.102705094585655,0.0
2012-04-02T12:00:00Z,0.208135765855064,0.0,0.102705094585655,0.0
2012-04-02T13:00:00Z,0.020490861758546,0.0,0.102705094585655,0.0
2012-04-02T14:00:00Z,0.0020337537875834,0.0,0.102705094585655,0.0
2012-04-02T15:00:00Z,0.0210283794231419,0.0,0.102705094585655,0.0
2012-04-02T16:00:00Z,0.0021527203381925,0.0,0.0,0.0
2012-04-02T17:00:00Z,0.2178980110166082,0.0,0.1369706192075646,0.0
2012-04-02T18:00:00Z,0.2184091885298659,0.0,0.1369706192075646,0.0
2012-04-02T19:00:00Z,0.2151863578363626,0.0,0.1369706192075646,0.0
2012-04-02T20:00:00Z,0.0021352687151761,0.0,0.1369706192075646,0.0
2012-04-02T21:00:00Z,0.0020160871669,0.0,0.1712753492352201,0.0
2012-04-02T22:00:00Z,0.1923003848634628,0.0,0.1712753492352201,0.0
2012-04-02T23:00:00Z,0.1878436477049534,0.0,0.1712753492352201,0.0
2012-04-03T00:00:00Z,0.1874614492110716,0.0,0.1712753492352201,0.0
2012-04-03T01:00:00Z,0.1907394391421007,0.0,0.1712753492352201,0.0
2012-04-03T02:00:00Z,0.0019675016103193,0.0,0.1712753492352201,0.0
2012-04-03T03:00:00Z,0.2119559493562343,0.0,0.1712753492352201,0.0
2012-04-03T04:00:00Z,0.2420180471012661,0.0,0.1712753492352201,0.0
2012-04-03T05:00:00Z,0.2628877022449237,0.0,0.0,0.0
2012-04-03T06:00:00Z,0.2742333131942008,0.0,0.0,0.0
2012-04-03T07:00:00Z,0.0277293123571048,0.0,0.0,0.0
2012-04-03T08:00:00Z,0.2813529863931036,0.0,0.102705094585655,0.0
2012-04-03T09:00:00Z,0.2864484115209471,0.0,0.102705094585655,0.0
2012-04-03T10:00:00Z,0.0286999308776242,0.0,0.102705094585655,0.0
2012-04-03T11:00:00Z,0.2864801716499023,0.0,0.102705094585655,0.0
2012-04-03T12:00:00Z,0.2818829419357497,0.0,0.102705094585655,0.0
2012-04-03T13:00:00Z,0.2775001616249984,0.0,0.102705094585655,0.0
2012-04-03T14:00:00Z,0.0027307695666182,0.0,0.102705094585655,0.0
2012-04-03T15:00:00Z,0.2715565530779491,0.0,0.102705094585655,0.0
2012-04-03T16:00:00Z,0.027301110628348,0.0,0.0,0.0
2012-04-03T17:00:00Z,0.00275139093666,0.0,0.1369706192075646,0.0
2012-04-03T18:00:00Z,0.2656583916698055,0.0,0.1369706192075646,0.0
2012-04-03T19:00:00Z,0.0253188987131711,0.0,0.1369706192075646,0.0
2012-04-03T20:00:00Z,0.2400724161188352,0.0,0.1369706192075646,0.0
2012-04-03T21:00:00Z,0.2278424167698109,0.0,0.1712753492352201,0.0
2012-04-03T22:00:00Z,0.0021660756486457,0.0,0.1712753492352201,0.0
2012-04-03T23:00:00Z,0.020984334272666,0.0,0.1712753492352201,0.0
2012-04-04T00:00:00Z,0.2045605191313909,0.0,0.1712753492352201,0.0
2012-04-04T01:00:00Z,0.0020406767907853,0.0,0.1712753492352201,0.0
2012-04-04T02:00:00Z,0.0020908715011252,0.0,0.1712753492352201,0.0
2012-04-04T03:00:00Z,0.2201393323241637,0.0,0.1712753492352201,0.0
2012-04-04T04:00:00Z,0.0246811232111669,0.0,0.1712753492352201,0.0
2012-04-04T05:00:00Z,0.2655701016442451,0.0,0.0,0.0
2012-04-04T06:00:00Z,0.0275447198246225,0.0,0.0,0.0
2012-04-04T07:00:00Z,0.2801985585738614,0.0,0.0,0.0
2012-04-04T08:00:00Z,0.283762898767431,0.0,0.102705094585655,0.0
2012-04-04T09:00:00Z,0.0028483960042644,0.0,0.102705094585655,0.0
2012-04-04T10:00:00Z,0.0002825112422673,0.0,0.102705094585655,0.0
2012-04-04T11:00:00Z,0.2790306003914208,0.0,0.102705094585655,0.0
2012-04-04T12:00:00Z,0.2719336801332369,0.0,0.102705094585655,0.0
2012-04-04T13:00:00Z,0.0267542019909735,0.0,0.102705094585655,0.0
2012-04-04T14:00:00Z,0.0263181796731263,0.0,0.102705094585655,0.0
2012-04-04T15:00:00Z,0.2621974187516702,0.0,0.102705094585655,0.0
2012-04-04T16:00:00Z,0.263974380343953,0.0,0.0,0.0
2012-04-04T17:00:00Z,0.0265484895601613,0.0,0.1369706192075646,0.0
2012-04-04T18:00:00Z,0.025875339305401,0.0,0.1369706192075646,0.0
2012-04-04T19:00:00Z,0.0024643142248075,0.0,0.1369706192075646,0.0
2012-04-04T20:00:00Z,0.0023355106497937,0.0,0.1369706192075646,0.0
2012-04-04T21:00:00Z,0.2188677131536289,0.0,0.1712753492352201,0.0
2012-04-04T22:00:00Z,0.2032844942709579,0.0,0.1712753492352201,0.0
2012-04-04T23:00:00Z,0.0193743424532726,0.0,0.1712753492352201,0.0
2012-04-05T00:00:00Z,0.0019084258123782,0.0,0.1712753492352201,0.0
2012-04-05T01:00:00Z,0.0190891905383845,0.0,0.1712753492352201,0.0
2012-04-05T02:00:00Z,0.1980618523996976,0.0,0.1712753492352201,0.0
2012-04-05T03:00:00Z,0.0002119442302211,0.0,0.1712753492352201,0.0
2012-04-05T04:00:00Z,0.0238703979465181,0.0,0.1712753492352201,0.0
2012-04-05T05:00:00Z,0.0257847269917431,0.0,0.0,0.0
2012-04-05T06:00:00Z,0.2712650530534388,0.0,0.0,0.0
2012-04-05T07:00:00Z,0.2756542754618634,0.0,0.0,0.0
2012-04-05T08:00:00Z,0.028180584236253,0.0,0.102705094585655,0.0
2012-04-05T09:00:00Z,0.2853133491564133,0.0,0.102705094585655,0.0
2012-04-05T10:00:00Z,0.2882075349643532,0.0,0.102705094585655,0.0
2012-04-05T11:00:00Z,0.2834628223332521,0.0,0.102705094585655,0.0
2012-04-05T12:00:00Z,0.2773547346966691,0.0,0.102705094585655,0.0
2012-04-05T13:00:00Z,0.0027200486629157,0.0,0.102705094585655,0.0
2012-04-05T14:00:00Z,0.2665930049343923,0.0,0.102705094585655,0.0
2012-04-05T15:00:00Z,0.2650382075980437,0.0,0.102705094585655,0.0
2012-04-05T16:00:00Z,0.2640398586862627,0.0,0.0,0.0
2012-04-05T17:00:00Z,0.2674394064967947,0.0,0.1369706192075646,0.0
2012-04-05T18:00:00Z,0.2611657432434145,0.0,0.1369706192075646,0.0
2012-04-05T19:00:00Z,0.0025098283301996,0.0,0.1369706192075646,0.0
2012-04-05T20:00:00Z,0.0023597517346559,0.0,0.1369706192075646,0.0
2012-04-05T21:00:00Z,0.2225953967477805,0.0,0.1712753492352201,0.0
2012-04-05T22:00:00Z,0.2096394376077491,0.0,0.1712753492352201,0.0
2012-04-05T23:00:00Z,0.2016420334960567,0.0,0.1712753492352201,0.0
2012-04-06T00:00:00Z,0.0198648425952746,0.0,0.1712753492352201,0.0
2012-04-06T01:00:00Z,0.0201710987438174,0.0,0.1712753492352201,0.0
2012-04-06T02:00:00Z,0.0020717837027849,0.0,0.1712753492352201,0.0
2012-04-06T03:00:00Z,0.0217768454362334,0.0,0.1712753492352201,0.0
2012-04-06T04:00:00Z,0.0245744389407604,0.0,0.1712753492352201,0.0
2012-04-06T05:00:00Z,0.0263116161742201,0.0,0.0,0.0
2012-04-06T06:00:00Z,0.0027617210067165,0.0,0.0,0.0
2012-04-06T07:00:00Z,0.2785593873807509,0.0,0.0,0.0
2012-04-06T08:00:00Z,0.2835650343388908,0.0,0.102705094585655,0.0
2012-04-06T09:00:00Z,0.0286175190214303,0.0,0.102705094585655,0.0
2012-04-06T10:00:00Z,0.2852556639900125,0.0,0.102705094585655,0.0
2012-04-06T11:00:00Z,0.002820172958968,0.0,0.102705094585655,0.0
2012-04-06T12:00:00Z,0.002794265544282,0.0,0.102705094585655,0.0
2012-04-06T13:00:00Z,0.2738774117738005,0.0,0.102705094585655,0.0
2012-04-06T14:00:00Z,0.0026794352511579,0.0,0.102705094585655,0.0
2012-04-06T15:00:00Z,0.0268863570232449,0.0,0.102705094585655,0.0
2012-04-06T16:00:00Z,0.2694817276868584,0.0,0.0,0.0
2012-04-06T17:00:00Z,0.2708316702333617,0.0,0.1369706192075646,0.0
2012-04-06T18:00:00Z,0.0264606028999872,0.0,0.1369706192075646,0.0
2012-04-06T19:00:00Z,0.0250895443713229,0.0,0.1369706192075646,0.0
2012-04-06T20:00:00Z,0.0237249436050072,0.0,0.1369706192075646,0.0
2012-04-06T21:00:00Z,0.2257540022729898,0.0,0.1712753492352201,0.0
2012-04-06T22:00:00Z,0.214548472681632,0.0,0.1712753492352201,0.0
2012-04-06T23:00:00Z,0.2071193438242782,0.0,0.1712753492352201,0.0
2012-04-07T00:00:00Z,0.2032184285033285,0.0,0.1712753492352201,0.0
2012-04-07T01:00:00Z,0.0204520564419225,0.0,0.1712753492352201,0.0
2012-04-07T02:00:00Z,0.0209840170629934,0.0,0.1712753492352201,0.0
2012-04-07T03:00:00Z,0.2216075627492232,0.0,0.1712753492352201,0.0
2012-04-07T04:00:00Z,0.2465479774546179,0.0,0.1712753492352201,0.0
2012-04-07T05:00:00Z,0.0263425891532468,0.0,0.0,0.0
2012-04-07T06:00:00Z,0.2716805389821071,0.0,0.0,0.0
2012-04-07T07:00:00Z,0.2739614919179026,0.0,0.0,0.0
2012-04-07T08:00:00Z,0.0277085997403299,0.0,0.102705094585655,0.0
2012-04-07T09:00:00Z,0.2722627753782121,0.0,0.102705094585655,0.0
2012-04-07T10:00:00Z,0.0271316893337907,0.0,0.102705094585655,0.0
2012-04-07T11:00:00Z,0.0265868406012042,0.0,0.102705094585655,0.0
2012-04-07T12:00:00Z,0.026147689264487,0.0,0.102705094585655,0.0
2012-04-07T13:00:00Z,0.0025356922754119,0.0,0.102705094585655,0.0
2012-04-07T14:00:00Z,0.2529093041465506,0.0,0.102705094585655,0.0
2012-04-07T15:00:00Z,0.0255306929541273,0.0,0.102705094585655,0.0
2012-04-07T16:00:00Z,0.0253390356531326,0.0,0.0,0.0
2012-04-07T17:00:00Z,0.0025249858615339,0.0,0.1369706192075646,0.0
2012-04-07T18:00:00Z,0.2460564982704162,0.0,0.1369706192075646,0.0
2012-04-07T19:00:00Z,0.0023342006913306,0.0,0.1369706192075646,0.0
2012-04-07T20:00:00Z,0.2232776716758412,0.0,0.1369706192075646,0.0
2012-04-07T21:00:00Z,0.0209037003571066,0.0,0.1712753492352201,0.0
2012-04-07T22:00:00Z,0.0197922681551023,0.0,0.1712753492352201,0.0
2012-04-07T23:00:00Z,0.0191858024226415,0.0,0.1712753492352201,0.0
2012-04-08T00:00:00Z,0.1887006229231115,0.0,0.1712753492352201,0.0
2012-04-08T01:00:00Z,0.0018961392243901,0.0,0.1712753492352201,0.0
2012-04-08T02:00:00Z,0.1929516828963279,0.0,0.1712753492352201,0.0
2012-04-08T03:00:00Z,0.0019536144841432,0.0,0.1712753492352201,0.0
2012-04-08T04:00:00Z,0.1976513595862473,0.0,0.1712753492352201,0.0
2012-04-08T05:00:00Z,0.207008457504751,0.0,0.0,0.0
2012-04-08T06:00:00Z,0.2211592593260241,0.0,0.0,0.0
2012-04-08T07:00:00Z,0.2340411049715453,0.0,0.0,0.0
2012-04-08T08:00:00Z,0.0024143153229074,0.0,0.102705094585655,0.0
2012-04-08T09:00:00Z,0.243341418442472,0.0,0.102705094585655,0.0
2012-04-08T10:00:00Z,0.0023990258166846,0.0,0.102705094585655,0.0
2012-04-08T11:00:00Z,0.233154758487399,0.0,0.102705094585655,0.0
2012-04-08T12:00:00Z,0.223139117623753,0.0,0.102705094585655,0.0
2012-04-08T13:00:00Z,0.219377715816247,0.0,0.102705094585655,0.0
2012-04-08T14:00:00Z,0.0219661373712738,0.0,0.102705094585655,0.0
2012-04-08T15:00:00Z,0.222177913573025,0.0,0.102705094585655,0.0
2012-04-08T16:00:00Z,0.2244592972873883,0.0,0.0,0.0
2012-04-08T17:00:00Z,0.0223089000453555,0.0,0.1369706192075646,0.0
2012-04-08T18:00:00Z,0.0021768509870946,0.0,0.1369706192075646,0.0
2012-04-08T19:00:00Z,0.210710353127365,0.0,0.1369706192075646,0.0
2012-04-08T20:00:00Z,0.2048588332896105,0.0,0.1369706192075646,0.0
2012-04-08T21:00:00Z,0.019481261693807,0.0,0.1712753492352201,0.0
2012-04-08T22:00:00Z,0.1859160115181513,0.0,0.1712753492352201,0.0
2012-04-08T23:00:00Z,0.1777314145378943,0.0,0.1712753492352201,0.0
2012-04-09T00:00:00Z,0.1744187077704673,0.0,0.1712753492352201,0.0
2012-04-09T01:00:00Z,0.1752477215434047,0.0,0.1712753492352201,0.0
2012-04-09T02:00:00Z,0.1767679782709512,0.0,0.1712753492352201,0.0
2012-04-09T03:00:00Z,0.1755703942715505,0.0,0.1712753492352201,0.0
2012-04-09T04:00:00Z,0.0175093375540637,0.0,0.1712753492352201,0.0
2012-04-09T05:00:00Z,0.1806155553728664,0.0,0.0,0.0
2012-04-09T06:00:00Z,0.1942785983702964,0.0,0.0,0.0
2012-04-09T07:00:00Z,0.0002062164417365,0.0,0.0,0.0
2012-04-09T08:00:00Z,0.0215386757984199,0.0,0.102705094585655,0.0
2012-04-09T09:00:00Z,0.0022240161492521,0.0,0.102705094585655,0.0
2012-04-09T10:00:00Z,0.2222287650248725,0.0,0.102705094585655,0.0
2012-04-09T11:00:00Z,0.0213031691553894,0.0,0.102705094585655,0.0
2012-04-09T12:00:00Z,0.2053101521627844,0.0,0.102705094585655,0.0
2012-04-09T13:00:00Z,0.0020070999511245,0.0,0.102705094585655,0.0
2012-04-09T14:00:00Z,0.0200581446871646,0.0,0.102705094585655,0.0
2012-04-09T15:00:00Z,0.0205401310781989,0.0,0.102705094585655,0.0
2012-04-09T16:00:00Z,0.2089580829793562,0.0,0.0,0.0
2012-04-09T17:00:00Z,0.2117028865284804,0.0,0.1369706192075646,0.0
2012-04-09T18:00:00Z,0.2129074413083423,0.0,0.1369706192075646,0.0
2012-04-09T19:00:00Z,0.208564429691739,0.0,0.1369706192075646,0.0
2012-04-09T20:00:00Z,0.0020565795690419,0.0,0.1369706192075646,0.0
2012-04-09T21:00:00Z,0.1961719484992683,0.0,0.1712753492352201,0.0
2012-04-09T22:00:00Z,0.0018582201367656,0.0,0.1712753492352201,0.0
2012-04-09T23:00:00Z,0.1800431485604454,0.0,0.1712753492352201,0.0
2012-04-10T00:00:00Z,0.0018011184795159,0.0,0.1712753492352201,0.0
2012-04-10T01:00:00Z,0.1828155219379106,0.0,0.1712753492352201,0.0
2012-04-10T02:00:00Z,0.0018831246206223,0.0,0.1712753492352201,0.0
2012-04-10T03:00:00Z,0.0020192385079321,0.0,0.1712753492352201,0.0
2012-04-10T04:00:00Z,0.0022773296964231,0.0,0.1712753492352201,0.0
2012-04-10T05:00:00Z,0.0246301503580867,0.0,0.0,0.0
2012-04-10T06:00:00Z,0.0025687463065381,0.0,0.0,0.0
2012-04-10T07:00:00Z,0.0261521184513981,0.0,0.0,0.0
2012-04-10T08:00:00Z,0.0026379622403489,0.0,0.102705094585655,0.0
2012-04-10T09:00:00Z,0.2628095550965512,0.0,0.102705094585655,0.0
2012-04-10T10:00:00Z,0.2609908863065652,0.0,0.102705094585655,0.0
2012-04-10T11:00:00Z,0.257090910866127,0.0,0.102705094585655,0.0
2012-04-10T12:00:00Z,0.2514803333136953,0.0,0.102705094585655,0.0
2012-04-10T13:00:00Z,0.0245664068785548,0.0,0.102705094585655,0.0
2012-04-10T14:00:00Z,0.2377414928691719,0.0,0.102705094585655,0.0
2012-04-10T15:00:00Z,0.0023772969541066,0.0,0.102705094585655,0.0
2012-04-10T16:00:00Z,0.2391575207641485,0.0,0.0,0.0
2012-04-10T17:00:00Z,0.2441248088489078,0.0,0.1369706192075646,0.0
2012-04-10T18:00:00Z,0.0002416307477975,0.0,0.1369706192075646,0.0
2012-04-10T19:00:00Z,0.0231261888089104,0.0,0.1369706192075646,0.0
2012-04-10T20:00:00Z,0.2190592921312476,0.0,0.1369706192075646,0.0
2012-04-10T21:00:00Z,0.0204388237075526,0.0,0.1712753492352201,0.0
2012-04-10T22:00:00Z,0.1910724897175623,0.0,0.1712753492352201,0.0
2012-04-10T23:00:00Z,0.0018530084993287,0.0,0.1712753492352201,0.0
2012-04-11T00:00:00Z,0.0018321924956976,0.0,0.1712753492352201,0.0
2012-04-11T01:00:00Z,0.0185819448586004,0.0,0.1712753492352201,0.0
2012-04-11T02:00:00Z,0.1911915020873462,0.0,0.1712753492352201,0.0
2012-04-11T03:00:00Z,0.2036684550407989,0.0,0.1712753492352201,0.0
2012-04-11T04:00:00Z,0.2273890614888619,0.0,0.1712753492352201,0.0
2012-04-11T05:00:00Z,0.2450418385155897,0.0,0.0,0.0
2012-04-11T06:00:00Z,0.2546793537009043,0.0,0.0,0.0
2012-04-11T07:00:00Z,0.2569683935252685,0.0,0.0,0.0
2012-04-11T08:00:00Z,0.0260198929280882,0.0,0.102705094585655,0.0
2012-04-11T09:00:00Z,0.2643058252902074,0.0,0.102705094585655,0.0
2012-04-11T10:00:00Z,0.2626738990093739,0.0,0.102705094585655,0.0
2012-04-11T11:00:00Z,0.0258785779769973,0.0,0.102705094585655,0.0
2012-04-11T12:00:00Z,0.0025434079111785,0.0,0.102705094585655,0.0
2012-04-11T13:00:00Z,0.2501220101659635,0.0,0.102705094585655,0.0
2012-04-11T14:00:00Z,0.2416324807022176,0.0,0.102705094585655,0.0
2012-04-11T15:00:00Z,0.2392285404853078,0.0,0.102705094585655,0.0
2012-04-11T16:00:00Z,0.0242920440087063,0.0,0.0,0.0
2012-04-11T17:00:00Z,0.2474855474266475,0.0,0.1369706192075646,0.0
2012-04-11T18:00:00Z,0.2461715553097138,0.0,0.1369706192075646,0.0
2012-04-11T19:00:00Z,0.2359686824158154,0.0,0.1369706192075646,0.0
2012-04-11T20:00:00Z,0.2224813187506825,0.0,0.1369706192075646,0.0
2012-04-11T21:00:00Z,0.0020955313503785,0.0,0.1712753492352201,0.0
2012-04-11T22:00:00Z,0.1968357978531324,0.0,0.1712753492352201,0.0
2012-04-11T23:00:00Z,0.1895020081251761,0.0,0.1712753492352201,0.0
2012-04-12T00:00:00Z,0.018575929623326,0.0,0.1712753492352201,0.0
2012-04-12T01:00:00Z,0.0184705259401165,0.0,0.1712753492352201,0.0
2012-04-12T02:00:00Z,0.0018861455532334,0.0,0.1712753492352201,0.0
2012-04-12T03:00:00Z,0.0201963384517233,0.0,0.1712753492352201,0.0
2012-04-12T04:00:00Z,0.022464696988663,0.0,0.1712753492352201,0.0
2012-04-12T05:00:00Z,0.0241314928364775,0.0,0.0,0.0
2012-04-12T06:00:00Z,0.2512994454768963,0.0,0.0,0.0
2012-04-12T07:00:00Z,0.2524074471150332,0.0,0.0,0.0
2012-04-12T08:00:00Z,0.2542157576385473,0.0,0.102705094585655,0.0
2012-04-12T09:00:00Z,0.0002557199482835,0.0,0.102705094585655,0.0
2012-04-12T10:00:00Z,0.2548602415377033,0.0,0.102705094585655,0.0
2012-04-12T11:00:00Z,2.5094809660271988e-05,0.0,0.102705094585655,0.0
2012-04-12T12:00:00Z,0.024497940499452,0.0,0.102705094585655,0.0
2012-04-12T13:00:00Z,0.00241063373262,0.0,0.102705094585655,0.0
2012-04-12T14:00:00Z,0.0023492689340163,0.0,0.102705094585655,0.0
2012-04-12T15:00:00Z,0.2373762318053433,0.0,0.102705094585655,0.0
2012-04-12T16:00:00Z,0.2389673907689852,0.0,0.0,0.0
2012-04-12T17:00:00Z,0.2402079743017925,0.0,0.1369706192075646,0.0
2012-04-12T18:00:00Z,0.0002359276311763,0.0,0.1369706192075646,0.0
2012-04-12T19:00:00Z,0.0224819163828697,0.0,0.1369706192075646,0.0
2012-04-12T20:00:00Z,0.2121490556396844,0.0,0.1369706192075646,0.0
2012-04-12T21:00:00Z,0.1956858344663205,0.0,0.1712753492352201,0.0
2012-04-12T22:00:00Z,0.0018443764800632,0.0,0.1712753492352201,0.0
2012-04-12T23:00:00Z,0.0017889458520397,0.0,0.1712753492352201,0.0
2012-04-13T00:00:00Z,0.1771983848027415,0.0,0.1712753492352201,0.0
2012-04-13T01:00:00Z,0.1779662084382036,0.0,0.1712753492352201,0.0
2012-04-13T02:00:00Z,0.0183231683405696,0.0,0.1712753492352201,0.0
2012-04-13T03:00:00Z,0.0195451226584029,0.0,0.1712753492352201,0.0
2012-04-13T04:00:00Z,0.0021714599891266,0.0,0.1712753492352201,0.0
2012-04-13T05:00:00Z,0.0235538305255291,0.0,0.0,0.0
2012-04-13T06:00:00Z,0.0024836973022753,0.0,0.0,0.0
2012-04-13T07:00:00Z,0.2525978904037003,0.0,0.0,0.0
2012-04-13T08:00:00Z,0.0254566186213052,0.0,0.102705094585655,0.0
2012-04-13T09:00:00Z,0.2557295526875764,0.0,0.102705094585655,0.0
2012-04-13T10:00:00Z,0.0254067305469821,0.0,0.102705094585655,0.0
2012-04-13T11:00:00Z,0.2473404142109781,0.0,0.102705094585655,0.0
2012-04-13T12:00:00Z,0.2424498242921358,0.0,0.102705094585655,0.0
2012-04-13T13:00:00Z,0.0023864020465629,0.0,0.102705094585655,0.0
2012-04-13T14:00:00Z,0.0233320187247866,0.0,0.102705094585655,0.0
2012-04-13T15:00:00Z,0.0023443157637201,0.0,0.102705094585655,0.0
2012-04-13T16:00:00Z,0.2332729484617353,0.0,0.0,0.0
2012-04-13T17:00:00Z,0.002335604246228,0.0,0.1369706192075646,0.0
2012-04-13T18:00:00Z,0.022681758476653,0.0,0.1369706192075646,0.0
2012-04-13T19:00:00Z,0.2162720764740364,0.0,0.1369706192075646,0.0
2012-04-13T20:00:00Z,0.0201185163453611,0.0,0.1369706192075646,0.0
2012-04-13T21:00:00Z,0.0018599890702119,0.0,0.1712753492352201,0.0
2012-04-13T22:00:00Z,0.1735922003455609,0.0,0.1712753492352201,0.0
2012-04-13T23:00:00Z,0.0165911839469366,0.0,0.1712753492352201,0.0
2012-04-14T00:00:00Z,0.0016037537541144,0.0,0.1712753492352201,0.0
2012-04-14T01:00:00Z,0.1583364710786577,0.0,0.1712753492352201,0.0
2012-04-14T02:00:00Z,0.0016054580707755,0.0,0.1712753492352201,0.0
2012-04-14T03:00:00Z,0.161376103395771,0.0,0.1712753492352201,0.0
2012-04-14T04:00:00Z,0.1613404466788613,0.0,0.1712753492352201,0.0
2012-04-14T05:00:00Z,0.00016964686588,0.0,0.0,0.0
2012-04-14T06:00:00Z,0.0018225383563757,0.0,0.0,0.0
2012-04-14T07:00:00Z,0.0194550860215584,0.0,0.0,0.0
2012-04-14T08:00:00Z,0.201750433048397,0.0,0.102705094585655,0.0
2012-04-14T09:00:00Z,0.2099507730272235,0.0,0.102705094585655,0.0
2012-04-14T10:00:00Z,0.0020842895962257,0.0,0.102705094585655,0.0
2012-04-14T11:00:00Z,0.2010924579477305,0.0,0.102705094585655,0.0
2012-04-14T12:00:00Z,0.1926956829419752,0.0,0.102705094585655,0.0
2012-04-14T13:00:00Z,0.1901762940688879,0.0,0.102705094585655,0.0
2012-04-14T14:00:00Z,0.1868764714968077,0.0,0.102705094585655,0.0
2012-04-14T15:00:00Z,0.1883701570190569,0.0,0.102705094585655,0.0
2012-04-14T16:00:00Z,0.1931586524173244,0.0,0.0,0.0
2012-04-14T17:00:00Z,0.1963007317102043,0.0,0.1369706192075646,0.0
2012-04-14T18:00:00Z,0.0195374743807396,0.0,0.1369706192075646,0.0
2012-04-14T19:00:00Z,0.1911610930366265,0.0,0.1369706192075646,0.0
2012-04-14T20:00:00Z,0.184108053449829,0.0,0.1369706192075646,0.0
2012-04-14T21:00:00Z,0.0174423710676107,0.0,0.1712753492352201,0.0
2012-04-14T22:00:00Z,0.0016311101512558,0.0,0.1712753492352201,0.0
2012-04-14T23:00:00Z,0.0156702537761315,0.0,0.1712753492352201,0.0
2012-04-15T00:00:00Z,0.0015445718279989,0.0,0.1712753492352201,0.0
2012-04-15T01:00:00Z,0.154876438041034,0.0,0.1712753492352201,0.0
2012-04-15T02:00:00Z,0.1580851901077071,0.0,0.1712753492352201,0.0
2012-04-15T03:00:00Z,0.1613441670392198,0.0,0.1712753492352201,0.0
2012-04-15T04:00:00Z,0.1669280754821344,0.0,0.1712753492352201,0.0
2012-04-15T05:00:00Z,0.0017661772466457,0.0,0.0,0.0
2012-04-15T06:00:00Z,0.1885935352873187,0.0,0.0,0.0
2012-04-15T07:00:00Z,0.0019996713705308,0.0,0.0,0.0
2012-04-15T08:00:00Z,0.2064316841641197,0.0,0.102705094585655,0.0
2012-04-15T09:00:00Z,0.2105820202758408,0.0,0.102705094585655,0.0
2012-04-15T10:00:00Z,0.2064524006970633,0.0,0.102705094585655,0.0
2012-04-15T11:00:00Z,0.0020154351247951,0.0,0.102705094585655,0.0
2012-04-15T12:00:00Z,0.1963742381985507,0.0,0.102705094585655,0.0
2012-04-15T13:00:00Z,0.1927318291799846,0.0,0.102705094585655,0.0
2012-04-15T14:00:00Z,0.0189929624386697,0.0,0.102705094585655,0.0
2012-04-15T15:00:00Z,0.1926982284516942,0.0,0.102705094585655,0.0
2012-04-15T16:00:00Z,0.0019537762219146,0.0,0.0,0.0
2012-04-15T17:00:00Z,0.0196247227053995,0.0,0.1369706192075646,0.0
2012-04-15T18:00:00Z,0.0195038736524491,0.0,0.1369706192075646,0.0
2012-04-15T19:00:00Z,0.1906639354076672,0.0,0.1369706192075646,0.0
2012-04-15T20:00:00Z,0.1854419005425706,0.0,0.1369706192075646,0.0
2012-04-15T21:00:00Z,0.1743373689445241,0.0,0.1712753492352201,0.0
2012-04-15T22:00:00Z,0.1624149846546157,0.0,0.1712753492352201,0.0
2012-04-15T23:00:00Z,0.1542016234145344,0.0,0.1712753492352201,0.0
2012-04-16T00:00:00Z,0.001503672144302,0.0,0.1712753492352201,0.0
2012-04-16T01:00:00Z,0.1508513214266424,0.0,0.1712753492352201,0.0
2012-04-16T02:00:00Z,0.0015211135852795,0.0,0.1712753492352201,0.0
2012-04-16T03:00:00Z,0.0015374216870068,0.0,0.1712753492352201,0.0
2012-04-16T04:00:00Z,0.0015257213494877,0.0,0.1712753492352201,0.0
2012-04-16T05:00:00Z,0.159574646167654,0.0,0.0,0.0
2012-04-16T06:00:00Z,0.1739157542116863,0.0,0.0,0.0
2012-04-16T07:00:00Z,0.0182435408803914,0.0,0.0,0.0
2012-04-16T08:00:00Z,0.1863815265032194,0.0,0.102705094585655,0.0
2012-04-16T09:00:00Z,0.0191149628452469,0.0,0.102705094585655,0.0
2012-04-16T10:00:00Z,0.018653794807545,0.0,0.102705094585655,0.0
2012-04-16T11:00:00Z,0.177345632749562,0.0,0.102705094585655,0.0
2012-04-16T12:00:00Z,0.0170021701976555,0.0,0.102705094585655,0.0
2012-04-16T13:00:00Z,0.0016717729067404,0.0,0.102705094585655,0.0
2012-04-16T14:00:00Z,0.016690858275194,0.0,0.102705094585655,0.0
2012-04-16T15:00:00Z,0.0016972421021378,0.0,0.102705094585655,0.0
2012-04-16T16:00:00Z,0.1752606840621275,0.0,0.0,0.0
2012-04-16T17:00:00Z,0.179154667764304,0.0,0.1369706192075646,0.0
2012-04-16T18:00:00Z,0.0181514717519405,0.0,0.1369706192075646,0.0
2012-04-16T19:00:00Z,0.0017951420143126,0.0,0.1369706192075646,0.0
2012-04-16T20:00:00Z,0.1743346080455212,0.0,0.1369706192075646,0.0
2012-04-16T21:00:00Z,0.1644444803918646,0.0,0.1712753492352201,0.0
2012-04-16T22:00:00Z,0.0015523281919211,0.0,0.1712753492352201,0.0
2012-04-16T23:00:00Z,0.1490374499434345,0.0,0.1712753492352201,0.0
2012-04-17T00:00:00Z,0.0145403450897363,0.0,0.1712753492352201,0.0
2012-04-17T01:00:00Z,0.1458721869312679,0.0,0.1712753492352201,0.0
2012-04-17T02:00:00Z,0.1485601277094391,0.0,0.1712753492352201,0.0
2012-04-17T03:00:00Z,0.0151956963573078,0.0,0.1712753492352201,0.0
2012-04-17T04:00:00Z,0.0152327863919976,0.0,0.1712753492352201,0.0
2012-04-17T05:00:00Z,0.0157964327348165,0.0,0.0,0.0
2012-04-17T06:00:00Z,0.0170691640972901,0.0,0.0,0.0
2012-04-17T07:00:00Z,0.0181257777684541,0.0,0.0,0.0
2012-04-17T08:00:00Z,0.1866620808359382,0.0,0.102705094585655,0.0
2012-04-17T09:00:00Z,0.019151755251108,0.0,0.102705094585655,0.0
2012-04-17T10:00:00Z,0.1885587009658567,0.0,0.102705094585655,0.0
2012-04-17T11:00:00Z,0.1807077615672253,0.0,0.102705094585655,0.0
2012-04-17T12:00:00Z,0.1744411082559943,0.0,0.102705094585655,0.0
2012-04-17T13:00:00Z,0.0017079731878792,0.0,0.102705094585655,0.0
2012-04-17T14:00:00Z,0.0168571975449068,0.0,0.102705094585655,0.0
2012-04-17T15:00:00Z,0.1740521347900913,0.0,0.102705094585655,0.0
2012-04-17T16:00:00Z,0.018070567620734,0.0,0.0,0.0
2012-04-17T17:00:00Z,0.0018626790865595,0.0,0.1369706192075646,0.0
2012-04-17T18:00:00Z,0.1887075937035726,0.0,0.1369706192075646,0.0
2012-04-17T19:00:00Z,0.0186455160267051,0.0,0.1369706192075646,0.0
2012-04-17T20:00:00Z,0.0180696316563911,0.0,0.1369706192075646,0.0
2012-04-17T21:00:00Z,0.1690780913141546,0.0,0.1712753492352201,0.0
2012-04-17T22:00:00Z,0.0016109520639828,0.0,0.1712753492352201,0.0
2012-04-17T23:00:00Z,1.5573428460672857e-05,0.0,0.1712753492352201,0.0
2012-04-18T00:00:00Z,0.1538508521752599,0.0,0.1712753492352201,0.0
2012-04-18T01:00:00Z,0.0015644608744755,0.0,0.1712753492352201,0.0
2012-04-18T02:00:00Z,0.0164123364340816,0.0,0.1712753492352201,0.0
2012-04-18T03:00:00Z,0.0181032167200064,0.0,0.1712753492352201,0.0
2012-04-18T04:00:00Z,0.206607011041225,0.0,0.1712753492352201,0.0
2012-04-18T05:00:00Z,0.0022682864794338,0.0,0.0,0.0
2012-04-18T06:00:00Z,0.0024079746540059,0.0,0.0,0.0
2012-04-18T07:00:00Z,0.0245441317104294,0.0,0.0,0.0
2012-04-18T08:00:00Z,0.0024984812311062,0.0,0.102705094585655,0.0
2012-04-18T09:00:00Z,0.2546408381807718,0.0,0.102705094585655,0.0
2012-04-18T10:00:00Z,0.0251503468080872,0.0,0.102705094585655,0.0
2012-04-18T11:00:00Z,0.0024744739415212,0.0,0.102705094585655,0.0
2012-04-18T12:00:00Z,0.0024159475820626,0.0,0.102705094585655,0.0
2012-04-18T13:00:00Z,0.0023804024759638,0.0,0.102705094585655,0.0
2012-04-18T14:00:00Z,0.2342591376693973,0.0,0.102705094585655,0.0
2012-04-18T15:00:00Z,0.0236400136522759,0.0,0.102705094585655,0.0
2012-04-18T16:00:00Z,0.2381419994521863,0.0,0.0,0.0
2012-04-18T17:00:00Z,0.0240506983579973,0.0,0.1369706192075646,0.0
2012-04-18T18:00:00Z,0.0237322002657907,0.0,0.1369706192075646,0.0
2012-04-18T19:00:00Z,0.0022719179427606,0.0,0.1369706192075646,0.0
2012-04-18T20:00:00Z,0.0021360621309746,0.0,0.1369706192075646,0.0
2012-04-18T21:00:00Z,0.0195213280167837,0.0,0.1712753492352201,0.0
2012-04-18T22:00:00Z,0.0183487291743169,0.0,0.1712753492352201,0.0
2012-04-18T23:00:00Z,0.0177722887080335,0.0,0.1712753492352201,0.0
2012-04-19T00:00:00Z,0.1755540051051292,0.0,0.1712753492352201,0.0
2012-04-19T01:00:00Z,0.1784576484607173,0.0,0.1712753492352201,0.0
2012-04-19T02:00:00Z,0.1840776248182652,0.0,0.1712753492352201,0.0
2012-04-19T03:00:00Z,0.1989544255922333,0.0,0.1712753492352201,0.0
2012-04-19T04:00:00Z,0.2194560391922155,0.0,0.1712753492352201,0.0
2012-04-19T05:00:00Z,0.0023968351118588,0.0,0.0,0.0
2012-04-19T06:00:00Z,0.0025189107088769,0.0,0.0,0.0
2012-04-19T07:00:00Z,0.252043909165476,0.0,0.0,0.0
2012-04-19T08:00:00Z,0.0252805280912842,0.0,0.102705094585655,0.0
2012-04-19T09:00:00Z,0.0256770480144618,0.0,0.102705094585655,0.0
2012-04-19T10:00:00Z,0.0025562944562266,0.0,0.102705094585655,0.0
2012-04-19T11:00:00Z,0.0251321640363561,0.0,0.102705094585655,0.0
2012-04-19T12:00:00Z,0.0024709415572651,0.0,0.102705094585655,0.0
2012-04-19T13:00:00Z,0.0239334717611854,0.0,0.102705094585655,0.0
2012-04-19T14:00:00Z,0.0236984428907483,0.0,0.102705094585655,0.0
2012-04-19T15:00:00Z,0.239178354782156,0.0,0.102705094585655,0.0
2012-04-19T16:00:00Z,0.2424795480133158,0.0,0.0,0.0
2012-04-19T17:00:00Z,0.2432844577672989,0.0,0.1369706192075646,0.0
2012-04-19T18:00:00Z,0.2393431080035055,0.0,0.1369706192075646,0.0
2012-04-19T19:00:00Z,0.023082699754404,0.0,0.1369706192075646,0.0
2012-04-19T20:00:00Z,0.0216786631682882,0.0,0.1369706192075646,0.0
2012-04-19T21:00:00Z,0.0020127494162331,0.0,0.1712753492352201,0.0
2012-04-19T22:00:00Z,0.1903870818544629,0.0,0.1712753492352201,0.0
2012-04-19T23:00:00Z,0.1841804242492237,0.0,0.1712753492352201,0.0
2012-04-20T00:00:00Z,0.179352962971412,0.0,0.1712753492352201,0.0
2012-04-20T01:00:00Z,0.1794517874910401,0.0,0.1712753492352201,0.0
2012-04-20T02:00:00Z,0.1849829451402399,0.0,0.1712753492352201,0.0
2012-04-20T03:00:00Z,0.0019937426825868,0.0,0.1712753492352201,0.0
2012-04-20T04:00:00Z,0.0221458425250957,0.0,0.1712753492352201,0.0
2012-04-20T05:00:00Z,0.240246333175173,0.0,0.0,0.0
2012-04-20T06:00:00Z,0.0250566798827666,0.0,0.0,0.0
2012-04-20T07:00:00Z,0.0025495457225363,0.0,0.0,0.0
2012-04-20T08:00:00Z,0.2586453557472837,0.0,0.102705094585655,0.0
2012-04-20T09:00:00Z,0.0026198785476884,0.0,0.102705094585655,0.0
2012-04-20T10:00:00Z,0.2608977206508508,0.0,0.102705094585655,0.0
2012-04-20T11:00:00Z,0.2549347858107812,0.0,0.102705094585655,0.0
2012-04-20T12:00:00Z,0.0248248231090561,0.0,0.102705094585655,0.0
2012-04-20T13:00:00Z,0.0244713418809732,0.0,0.102705094585655,0.0
2012-04-20T14:00:00Z,0.002433637308142,0.0,0.102705094585655,0.0
2012-04-20T15:00:00Z,0.0024762930019281,0.0,0.102705094585655,0.0
2012-04-20T16:00:00Z,0.2484371372829754,0.0,0.0,0.0
2012-04-20T17:00:00Z,0.0024797960149183,0.0,0.1369706192075646,0.0
2012-04-20T18:00:00Z,0.2417637115186527,0.0,0.1369706192075646,0.0
2012-04-20T19:00:00Z,0.0023263824519415,0.0,0.1369706192075646,0.0
2012-04-20T20:00:00Z,0.2191402197594669,0.0,0.1369706192075646,0.0
2012-04-20T21:00:00Z,0.0020238815176595,0.0,0.1712753492352201,0.0
2012-04-20T22:00:00Z,0.0191135647729858,0.0,0.1712753492352201,0.0
2012-04-20T23:00:00Z,0.1841634084957946,0.0,0.1712753492352201,0.0
2012-04-21T00:00:00Z,0.1811263021075563,0.0,0.1712753492352201,0.0
2012-04-21T01:00:00Z,0.1834021248622258,0.0,0.1712753492352201,0.0
2012-04-21T02:00:00Z,0.0186637653733058,0.0,0.1712753492352201,0.0
2012-04-21T03:00:00Z,0.199336800313711,0.0,0.1712753492352201,0.0
2012-04-21T04:00:00Z,0.2213251678171691,0.0,0.1712753492352201,0.0
2012-04-21T05:00:00Z,0.2427859686409481,0.0,0.0,0.0
2012-04-21T06:00:00Z,0.0253459085293738,0.0,0.0,0.0
2012-04-21T07:00:00Z,0.002548614457596,0.0,0.0,0.0
2012-04-21T08:00:00Z,0.2560743909311213,0.0,0.102705094585655,0.0
2012-04-21T09:00:00Z,0.2603355154581496,0.0,0.102705094585655,0.0
2012-04-21T10:00:00Z,0.0025869251621003,0.0,0.102705094585655,0.0
2012-04-21T11:00:00Z,0.0002549848834001,0.0,0.102705094585655,0.0
2012-04-21T12:00:00Z,0.0248565832380113,0.0,0.102705094585655,0.0
2012-04-21T13:00:00Z,0.0243891571625695,0.0,0.102705094585655,0.0
2012-04-21T14:00:00Z,0.0241157380894015,0.0,0.102705094585655,0.0
2012-04-21T15:00:00Z,0.0242495574934123,0.0,0.102705094585655,0.0
2012-04-21T16:00:00Z,0.2438736062013332,0.0,0.0,0.0
2012-04-21T17:00:00Z,0.2407021556424651,0.0,0.1369706192075646,0.0
2012-04-21T18:00:00Z,0.002348409726582,0.0,0.1369706192075646,0.0
2012-04-21T19:00:00Z,0.0022538557890285,0.0,0.1369706192075646,0.0
2012-04-21T20:00:00Z,0.002146913834715,0.0,0.1369706192075646,0.0
2012-04-21T21:00:00Z,0.0200272656961891,0.0,0.1712753492352201,0.0
2012-04-21T22:00:00Z,0.0186213963430757,0.0,0.1712753492352201,0.0
2012-04-21T23:00:00Z,0.1780390687586982,0.0,0.1712753492352201,0.0
2012-04-22T00:00:00Z,0.0017336620803462,0.0,0.1712753492352201,0.0
2012-04-22T01:00:00Z,0.1712298498412902,0.0,0.1712753492352201,0.0
2012-04-22T02:00:00Z,0.1708298523602197,0.0,0.1712753492352201,0.0
2012-04-22T03:00:00Z,0.0001737752910273,0.0,0.1712753492352201,0.0
2012-04-22T04:00:00Z,0.1778617054738178,0.0,0.1712753492352201,0.0
2012-04-22T05:00:00Z,0.0018934515577437,0.0,0.0,0.0
2012-04-22T06:00:00Z,0.0201717214146564,0.0,0.0,0.0
2012-04-22T07:00:00Z,0.0021346797233888,0.0,0.0,0.0
2012-04-22T08:00:00Z,0.0002212463059679,0.0,0.102705094585655,0.0
2012-04-22T09:00:00Z,0.2234593231655559,0.0,0.102705094585655,0.0
2012-04-22T10:00:00Z,0.2193523194615893,0.0,0.102705094585655,0.0
2012-04-22T11:00:00Z,0.0213386026506775,0.0,0.102705094585655,0.0
2012-04-22T12:00:00Z,0.0020703347203295,0.0,0.102705094585655,0.0
2012-04-22T13:00:00Z,0.0002036713236344,0.0,0.102705094585655,0.0
2012-04-22T14:00:00Z,0.2023156341102289,0.0,0.102705094585655,0.0
2012-04-22T15:00:00Z,0.207754331014098,0.0,0.102705094585655,0.0
2012-04-22T16:00:00Z,0.0021143148624032,0.0,0.0,0.0
2012-04-22T17:00:00Z,0.0021035712449216,0.0,0.1369706192075646,0.0
2012-04-22T18:00:00Z,0.2053839327829466,0.0,0.1369706192075646,0.0
2012-04-22T19:00:00Z,0.0020027749343035,0.0,0.1369706192075646,0.0
2012-04-22T20:00:00Z,0.1930251502229863,0.0,0.1369706192075646,0.0
2012-04-22T21:00:00Z,0.1831348659225777,0.0,0.1712753492352201,0.0
2012-04-22T22:00:00Z,0.0172045891305082,0.0,0.1712753492352201,0.0
2012-04-22T23:00:00Z,0.0165935218997093,0.0,0.1712753492352201,0.0
2012-04-23T00:00:00Z,0.016103648344715,0.0,0.1712753492352201,0.0
2012-04-23T01:00:00Z,0.1596914067403788,0.0,0.1712753492352201,0.0
2012-04-23T02:00:00Z,0.0160814945778223,0.0,0.1712753492352201,0.0
2012-04-23T03:00:00Z,0.0016158535408509,0.0,0.1712753492352201,0.0
2012-04-23T04:00:00Z,0.016075420600016,0.0,0.1712753492352201,0.0
2012-04-23T05:00:00Z,0.16838093494466,0.0,0.0,0.0
2012-04-23T06:00:00Z,0.0182872688211945,0.0,0.0,0.0
2012-04-23T07:00:00Z,0.0019693104886873,0.0,0.0,0.0
2012-04-23T08:00:00Z,0.2056775279577641,0.0,0.102705094585655,0.0
2012-04-23T09:00:00Z,0.0215090891431479,0.0,0.102705094585655,0.0
2012-04-23T10:00:00Z,0.0213714514745586,0.0,0.102705094585655,0.0
2012-04-23T11:00:00Z,0.206141124020121,0.0,0.102705094585655,0.0
2012-04-23T12:00:00Z,0.0020190192024794,0.0,0.102705094585655,0.0
2012-04-23T13:00:00Z,0.1986565030508936,0.0,0.102705094585655,0.0
2012-04-23T14:00:00Z,0.0019731389353046,0.0,0.102705094585655,0.0
2012-04-23T15:00:00Z,0.002016872750361,0.0,0.102705094585655,0.0
2012-04-23T16:00:00Z,0.020658908477855,0.0,0.0,0.0
2012-04-23T17:00:00Z,0.2067818875589184,0.0,0.1369706192075646,0.0
2012-04-23T18:00:00Z,0.0020794511696753,0.0,0.1369706192075646,0.0
2012-04-23T19:00:00Z,0.0203642833506435,0.0,0.1369706192075646,0.0
2012-04-23T20:00:00Z,0.1966165511429528,0.0,0.1369706192075646,0.0
2012-04-23T21:00:00Z,0.0183597022792901,0.0,0.1712753492352201,0.0
2012-04-23T22:00:00Z,0.1745315913360817,0.0,0.1712753492352201,0.0
2012-04-23T23:00:00Z,0.0016800462049439,0.0,0.1712753492352201,0.0
2012-04-24T00:00:00Z,0.0165314623727607,0.0,0.1712753492352201,0.0
2012-04-24T01:00:00Z,0.0016675955294831,0.0,0.1712753492352201,0.0
2012-04-24T02:00:00Z,0.0173259081237145,0.0,0.1712753492352201,0.0
2012-04-24T03:00:00Z,0.0001909778457081,0.0,0.1712753492352201,0.0
2012-04-24T04:00:00Z,0.2215788963936187,0.0,0.1712753492352201,0.0
2012-04-24T05:00:00Z,0.0024189873122839,0.0,0.0,0.0
2012-04-24T06:00:00Z,0.0253145517658049,0.0,0.0,0.0
2012-04-24T07:00:00Z,0.2568017997045838,0.0,0.0,0.0
2012-04-24T08:00:00Z,0.0258905810343644,0.0,0.102705094585655,0.0
2012-04-24T09:00:00Z,0.0026246742879989,0.0,0.102705094585655,0.0
2012-04-24T10:00:00Z,0.261253994107287,0.0,0.102705094585655,0.0
2012-04-24T11:00:00Z,0.2571493401045995,0.0,0.102705094585655,0.0
2012-04-24T12:00:00Z,0.2524630762928147,0.0,0.102705094585655,0.0
2012-04-24T13:00:00Z,0.2482136415296497,0.0,0.102705094585655,0.0
2012-04-24T14:00:00Z,0.0241401279886781,0.0,0.102705094585655,0.0
2012-04-24T15:00:00Z,0.2402594327598038,0.0,0.102705094585655,0.0
2012-04-24T16:00:00Z,0.0241260650265229,0.0,0.0,0.0
2012-04-24T17:00:00Z,0.024243326868854,0.0,0.1369706192075646,0.0
2012-04-24T18:00:00Z,0.0023726653012687,0.0,0.1369706192075646,0.0
2012-04-24T19:00:00Z,0.022806598105609,0.0,0.1369706192075646,0.0
2012-04-24T20:00:00Z,0.2141921600635078,0.0,0.1369706192075646,0.0
2012-04-24T21:00:00Z,0.0198736813882527,0.0,0.1712753492352201,0.0
2012-04-24T22:00:00Z,0.0018746825355435,0.0,0.1712753492352201,0.0
2012-04-24T23:00:00Z,0.1811853383521925,0.0,0.1712753492352201,0.0
2012-04-25T00:00:00Z,0.1789698050161746,0.0,0.1712753492352201,0.0
2012-04-25T01:00:00Z,0.1806482553823332,0.0,0.1712753492352201,0.0
2012-04-25T02:00:00Z,0.0185044712912613,0.0,0.1712753492352201,0.0
2012-04-25T03:00:00Z,0.1981022085191653,0.0,0.1712753492352201,0.0
2012-04-25T04:00:00Z,0.224685475616341,0.0,0.1712753492352201,0.0
2012-04-25T05:00:00Z,0.2447426432193905,0.0,0.0,0.0
2012-04-25T06:00:00Z,0.0257167814630906,0.0,0.0,0.0
2012-04-25T07:00:00Z,0.2589332724773435,0.0,0.0,0.0
2012-04-25T08:00:00Z,0.0026223151879148,0.0,0.102705094585655,0.0
2012-04-25T09:00:00Z,0.0026563447366886,0.0,0.102705094585655,0.0
2012-04-25T10:00:00Z,0.2629876820343472,0.0,0.102705094585655,0.0
2012-04-25T11:00:00Z,0.2575997190972617,0.0,0.102705094585655,0.0
2012-04-25T12:00:00Z,0.2528829679113813,0.0,0.102705094585655,0.0
2012-04-25T13:00:00Z,0.2499767790460741,0.0,0.102705094585655,0.0
2012-04-25T14:00:00Z,0.0024706439284364,0.0,0.102705094585655,0.0
2012-04-25T15:00:00Z,0.2480862681394811,0.0,0.102705094585655,0.0
2012-04-25T16:00:00Z,0.0247343008672807,0.0,0.0,0.0
2012-04-25T17:00:00Z,0.0024590203478258,0.0,0.1369706192075646,0.0
2012-04-25T18:00:00Z,0.239483248103957,0.0,0.1369706192075646,0.0
2012-04-25T19:00:00Z,0.0022999001436759,0.0,0.1369706192075646,0.0
2012-04-25T20:00:00Z,2.1558509235297044e-05,0.0,0.1369706192075646,0.0
2012-04-25T21:00:00Z,0.1989119743224585,0.0,0.1712753492352201,0.0
2012-04-25T22:00:00Z,0.1863742228484104,0.0,0.1712753492352201,0.0
2012-04-25T23:00:00Z,0.001794000059491,0.0,0.1712753492352201,0.0
2012-04-26T00:00:00Z,0.1772028296543278,0.0,0.1712753492352201,0.0
2012-04-26T01:00:00Z,0.1783488964531852,0.0,0.1712753492352201,0.0
2012-04-26T02:00:00Z,0.018471955341728,0.0,0.1712753492352201,0.0
2012-04-26T03:00:00Z,0.1966666976844166,0.0,0.1712753492352201,0.0
2012-04-26T04:00:00Z,0.0022316910568632,0.0,0.1712753492352201,0.0
2012-04-26T05:00:00Z,0.0024206352361143,0.0,0.0,0.0
2012-04-26T06:00:00Z,0.2505196383649111,0.0,0.0,0.0
2012-04-26T07:00:00Z,0.0025368005511818,0.0,0.0,0.0
2012-04-26T08:00:00Z,0.0257550815939391,0.0,0.102705094585655,0.0
2012-04-26T09:00:00Z,0.2586685590474144,0.0,0.102705094585655,0.0
2012-04-26T10:00:00Z,0.025597295236882,0.0,0.102705094585655,0.0
2012-04-26T11:00:00Z,0.0250763273016282,0.0,0.102705094585655,0.0
2012-04-26T12:00:00Z,0.0024556970869835,0.0,0.102705094585655,0.0
2012-04-26T13:00:00Z,0.2440734874568045,0.0,0.102705094585655,0.0
2012-04-26T14:00:00Z,0.237781026593192,0.0,0.102705094585655,0.0
2012-04-26T15:00:00Z,0.2382721924838898,0.0,0.102705094585655,0.0
2012-04-26T16:00:00Z,0.0024083388577042,0.0,0.0,0.0
2012-04-26T17:00:00Z,0.0024175904148736,0.0,0.1369706192075646,0.0
2012-04-26T18:00:00Z,0.0023862457914279,0.0,0.1369706192075646,0.0
2012-04-26T19:00:00Z,0.023055560704631,0.0,0.1369706192075646,0.0
2012-04-26T20:00:00Z,0.00215681860884,0.0,0.1369706192075646,0.0
2012-04-26T21:00:00Z,0.001995876994582,0.0,0.1712753492352201,0.0
2012-04-26T22:00:00Z,0.1871768220628025,0.0,0.1712753492352201,0.0
2012-04-26T23:00:00Z,0.1799564250024044,0.0,0.1712753492352201,0.0
2012-04-27T00:00:00Z,0.0017788973545199,0.0,0.1712753492352201,0.0
2012-04-27T01:00:00Z,0.0017869356825955,0.0,0.1712753492352201,0.0
2012-04-27T02:00:00Z,0.184160021009784,0.0,0.1712753492352201,0.0
2012-04-27T03:00:00Z,0.0197840363682881,0.0,0.1712753492352201,0.0
2012-04-27T04:00:00Z,0.0022259331138789,0.0,0.1712753492352201,0.0
2012-04-27T05:00:00Z,0.2410308005280285,0.0,0.0,0.0
2012-04-27T06:00:00Z,0.0251273079870461,0.0,0.0,0.0
2012-04-27T07:00:00Z,0.2519851862143436,0.0,0.0,0.0
2012-04-27T08:00:00Z,0.2549756510321927,0.0,0.102705094585655,0.0
2012-04-27T09:00:00Z,0.0025522318227151,0.0,0.102705094585655,0.0
2012-04-27T10:00:00Z,0.2529920723741052,0.0,0.102705094585655,0.0
2012-04-27T11:00:00Z,0.0024951799008091,0.0,0.102705094585655,0.0
2012-04-27T12:00:00Z,0.24556656597289,0.0,0.102705094585655,0.0
2012-04-27T13:00:00Z,0.2416059878202964,0.0,0.102705094585655,0.0
2012-04-27T14:00:00Z,0.2354364946569542,0.0,0.102705094585655,0.0
2012-04-27T15:00:00Z,0.0023614282465185,0.0,0.102705094585655,0.0
2012-04-27T16:00:00Z,0.2372354259561962,0.0,0.0,0.0
2012-04-27T17:00:00Z,0.237419348823814,0.0,0.1369706192075646,0.0
2012-04-27T18:00:00Z,0.2346311932860912,0.0,0.1369706192075646,0.0
2012-04-27T19:00:00Z,0.227941300031971,0.0,0.1369706192075646,0.0
2012-04-27T20:00:00Z,0.002146871540092,0.0,0.1369706192075646,0.0
2012-04-27T21:00:00Z,0.1989990699165354,0.0,0.1712753492352201,0.0
2012-04-27T22:00:00Z,0.0185807308462729,0.0,0.1712753492352201,0.0
2012-04-27T23:00:00Z,0.0001772360093944,0.0,0.1712753492352201,0.0
2012-04-28T00:00:00Z,0.0173725966881292,0.0,0.1712753492352201,0.0
2012-04-28T01:00:00Z,0.0017455300298898,0.0,0.1712753492352201,0.0
2012-04-28T02:00:00Z,1.805588786198996e-05,0.0,0.1712753492352201,0.0
2012-04-28T03:00:00Z,0.1951549586240067,0.0,0.1712753492352201,0.0
2012-04-28T04:00:00Z,0.0219240894668852,0.0,0.1712753492352201,0.0
2012-04-28T05:00:00Z,0.0023803762376328,0.0,0.0,0.0
2012-04-28T06:00:00Z,0.0024923152233331,0.0,0.0,0.0
2012-04-28T07:00:00Z,0.2526872965373682,0.0,0.0,0.0
2012-04-28T08:00:00Z,0.0025509947049917,0.0,0.102705094585655,0.0
2012-04-28T09:00:00Z,0.2539089649748792,0.0,0.102705094585655,0.0
2012-04-28T10:00:00Z,0.0025201928625415,0.0,0.102705094585655,0.0
2012-04-28T11:00:00Z,0.0024558639157743,0.0,0.102705094585655,0.0
2012-04-28T12:00:00Z,0.0239031645308545,0.0,0.102705094585655,0.0
2012-04-28T13:00:00Z,2.3320785194584804e-05,0.0,0.102705094585655,0.0
2012-04-28T14:00:00Z,0.2293293469008829,0.0,0.102705094585655,0.0
2012-04-28T15:00:00Z,0.2318103181580576,0.0,0.102705094585655,0.0
2012-04-28T16:00:00Z,0.0233935769821289,0.0,0.0,0.0
2012-04-28T17:00:00Z,0.2332085274850013,0.0,0.1369706192075646,0.0
2012-04-28T18:00:00Z,0.0228635940263012,0.0,0.1369706192075646,0.0
2012-04-28T19:00:00Z,0.0021858362447856,0.0,0.1369706192075646,0.0
2012-04-28T20:00:00Z,0.0204855318528113,0.0,0.1369706192075646,0.0
2012-04-28T21:00:00Z,0.0019035302097633,0.0,0.1712753492352201,0.0
2012-04-28T22:00:00Z,0.0017803964639359,0.0,0.1712753492352201,0.0
2012-04-28T23:00:00Z,0.1703525301262243,0.0,0.1712753492352201,0.0
2012-04-29T00:00:00Z,0.1658585697832859,0.0,0.1712753492352201,0.0
2012-04-29T01:00:00Z,0.0016473771332106,0.0,0.1712753492352201,0.0
2012-04-29T02:00:00Z,0.0165997799374491,0.0,0.1712753492352201,0.0
2012-04-29T03:00:00Z,0.1676040845401175,0.0,0.1712753492352201,0.0
2012-04-29T04:00:00Z,0.1716176092948657,0.0,0.1712753492352201,0.0
2012-04-29T05:00:00Z,0.1832936274056656,0.0,0.0,0.0
2012-04-29T06:00:00Z,0.019776325431924,0.0,0.0,0.0
2012-04-29T07:00:00Z,0.209350091476078,0.0,0.0,0.0
2012-04-29T08:00:00Z,0.2158531443168255,0.0,0.102705094585655,0.0
2012-04-29T09:00:00Z,0.2185154733510551,0.0,0.102705094585655,0.0
2012-04-29T10:00:00Z,0.2170742253290167,0.0,0.102705094585655,0.0
2012-04-29T11:00:00Z,0.0020954745659309,0.0,0.102705094585655,0.0
2012-04-29T12:00:00Z,0.2023933113183455,0.0,0.102705094585655,0.0
2012-04-29T13:00:00Z,0.198293630850032,0.0,0.102705094585655,0.0
2012-04-29T14:00:00Z,0.1964465502554134,0.0,0.102705094585655,0.0
2012-04-29T15:00:00Z,0.1979328146377896,0.0,0.102705094585655,0.0
2012-04-29T16:00:00Z,0.2010396092497959,0.0,0.0,0.0
2012-04-29T17:00:00Z,0.0199629661206878,0.0,0.1369706192075646,0.0
2012-04-29T18:00:00Z,0.0001958624830503,0.0,0.1369706192075646,0.0
2012-04-29T19:00:00Z,0.00189962343977,0.0,0.1369706192075646,0.0
2012-04-29T20:00:00Z,0.182011649968659,0.0,0.1369706192075646,0.0
2012-04-29T21:00:00Z,0.1708158324759213,0.0,0.1712753492352201,0.0
2012-04-29T22:00:00Z,0.0016024363549306,0.0,0.1712753492352201,0.0
2012-04-29T23:00:00Z,0.1526816212379598,0.0,0.1712753492352201,0.0
2012-04-30T00:00:00Z,0.0147697973358045,0.0,0.1712753492352201,0.0
2012-04-30T01:00:00Z,0.0145939574405866,0.0,0.1712753492352201,0.0
2012-04-30T02:00:00Z,0.0147816672434325,0.0,0.1712753492352201,0.0
2012-04-30T03:00:00Z,0.014667307282181,0.0,0.1712753492352201,0.0
2012-04-30T04:00:00Z,0.0014664779395221,0.0,0.1712753492352201,0.0
2012-04-30T05:00:00Z,0.0153970226790657,0.0,0.0,0.0
2012-04-30T06:00:00Z,0.0016557056493942,0.0,0.0,0.0
2012-04-30T07:00:00Z,0.1779856130545998,0.0,0.0,0.0
2012-04-30T08:00:00Z,0.018773116554664,0.0,0.102705094585655,0.0
2012-04-30T09:00:00Z,0.1940035462547394,0.0,0.102705094585655,0.0
2012-04-30T10:00:00Z,0.1926337291515842,0.0,0.102705094585655,0.0
2012-04-30T11:00:00Z,0.0184202893267704,0.0,0.102705094585655,0.0
2012-04-30T12:00:00Z,0.0180349148199931,0.0,0.102705094585655,0.0
2012-04-30T13:00:00Z,0.1782285917476977,0.0,0.102705094585655,0.0
2012-04-30T14:00:00Z,0.0001778163856103,0.0,0.102705094585655,0.0
2012-04-30T15:00:00Z,0.0018196819028541,0.0,0.102705094585655,0.0
2012-04-30T16:00:00Z,0.0188503943135632,0.0,0.0,0.0
2012-04-30T17:00:00Z,0.1887311298780512,0.0,0.1369706192075646,0.0
2012-04-30T18:00:00Z,0.0187716910692214,0.0,0.1369706192075646,0.0
2012-04-30T19:00:00Z,0.018550188645814,0.0,0.1369706192075646,0.0
2012-04-30T20:00:00Z,0.0017968251836622,0.0,0.1369706192075646,0.0
2012-04-30T21:00:00Z,0.1682428508328277,0.0,0.1712753492352201,0.0
2012-04-30T22:00:00Z,0.16022854845277,0.0,0.1712753492352201,0.0
2012-04-30T23:00:00Z,0.1549021672700397,0.0,0.1712753492352201,0.0
2012-05-01T00:00:00Z,0.0015189792732844,0.0,0.1712753492352201,0.0
2012-05-01T01:00:00Z,0.1540591140319599,0.0,0.1712753492352201,0.0
2012-05-01T02:00:00Z,0.0162132579932139,0.0,0.1712753492352201,0.0
2012-05-01T03:00:00Z,0.1789914222679419,0.0,0.1712753492352201,0.0
2012-05-01T04:00:00Z,0.0021141492084631,0.0,0.1712753492352201,0.0
2012-05-01T05:00:00Z,0.0232761389122019,0.0,0.0,0.0
2012-05-01T06:00:00Z,0.2444476186429615,0.0,0.0,0.0
2012-05-01T07:00:00Z,0.2471241829507734,0.0,0.0,0.0
2012-05-01T08:00:00Z,0.0250276571558015,0.0,0.102705094585655,0.0
2012-05-01T09:00:00Z,0.0025423713012976,0.0,0.102705094585655,0.0
2012-05-01T10:00:00Z,0.0254119899616784,0.0,0.102705094585655,0.0
2012-05-01T11:00:00Z,0.0025070642982617,0.0,0.102705094585655,0.0
2012-05-01T12:00:00Z,0.245167625857395,0.0,0.102705094585655,0.0
2012-05-01T13:00:00Z,0.2414456011271571,0.0,0.102705094585655,0.0
2012-05-01T14:00:00Z,0.2364420493193244,0.0,0.102705094585655,0.0
2012-05-01T15:00:00Z,0.002355351527394,0.0,0.102705094585655,0.0
2012-05-01T16:00:00Z,0.2381301922032591,0.0,0.0,0.0
2012-05-01T17:00:00Z,0.0002380850485674,0.0,0.1369706192075646,0.0
2012-05-01T18:00:00Z,0.2326025395251339,0.0,0.1369706192075646,0.0
2012-05-01T19:00:00Z,0.0226820404408065,0.0,0.1369706192075646,0.0
2012-05-01T20:00:00Z,0.0213112873733085,0.0,0.1369706192075646,0.0
2012-05-01T21:00:00Z,0.0019667739861565,0.0,0.1712753492352201,0.0
2012-05-01T22:00:00Z,0.1859256844550834,0.0,0.1712753492352201,0.0
2012-05-01T23:00:00Z,0.177707721716664,0.0,0.1712753492352201,0.0
2012-05-02T00:00:00Z,0.0017479369072333,0.0,0.1712753492352201,0.0
2012-05-02T01:00:00Z,0.1764561141686891,0.0,0.1712753492352201,0.0
2012-05-02T02:00:00Z,0.0183386802851802,0.0,0.1712753492352201,0.0
2012-05-02T03:00:00Z,0.1964666793630373,0.0,0.1712753492352201,0.0
2012-05-02T04:00:00Z,0.0022378273017535,0.0,0.1712753492352201,0.0
2012-05-02T05:00:00Z,0.000242593733705,0.0,0.0,0.0
2012-05-02T06:00:00Z,0.0252014528109065,0.0,0.0,0.0
2012-05-02T07:00:00Z,0.0253846276902838,0.0,0.0,0.0
2012-05-02T08:00:00Z,0.0255839371851106,0.0,0.102705094585655,0.0
2012-05-02T09:00:00Z,0.2577777481308379,0.0,0.102705094585655,0.0
2012-05-02T10:00:00Z,0.2560968501591803,0.0,0.102705094585655,0.0
2012-05-02T11:00:00Z,0.0025338074233692,0.0,0.102705094585655,0.0
2012-05-02T12:00:00Z,0.2470287067554679,0.0,0.102705094585655,0.0
2012-05-02T13:00:00Z,0.024246377564348,0.0,0.102705094585655,0.0
2012-05-02T14:00:00Z,0.0023917789463232,0.0,0.102705094585655,0.0
2012-05-02T15:00:00Z,0.2404935021688853,0.0,0.102705094585655,0.0
2012-05-02T16:00:00Z,0.0024028942082237,0.0,0.0,0.0
2012-05-02T17:00:00Z,0.2383555481367641,0.0,0.1369706192075646,0.0
2012-05-02T18:00:00Z,0.0232426047587811,0.0,0.1369706192075646,0.0
2012-05-02T19:00:00Z,0.002266874700582,0.0,0.1369706192075646,0.0
2012-05-02T20:00:00Z,0.2118358404591868,0.0,0.1369706192075646,0.0
2012-05-02T21:00:00Z,0.1943875461862684,0.0,0.1712753492352201,0.0
2012-05-02T22:00:00Z,0.0018171027140835,0.0,0.1712753492352201,0.0
2012-05-02T23:00:00Z,0.0175915770988305,0.0,0.1712753492352201,0.0
2012-05-03T00:00:00Z,0.0172986946667343,0.0,0.1712753492352201,0.0
2012-05-03T01:00:00Z,0.0017338320420721,0.0,0.1712753492352201,0.0
2012-05-03T02:00:00Z,0.0178764039717083,0.0,0.1712753492352201,0.0
2012-05-03T03:00:00Z,0.0192958663467211,0.0,0.1712753492352201,0.0
2012-05-03T04:00:00Z,0.2196318947521085,0.0,0.1712753492352201,0.0
2012-05-03T05:00:00Z,0.238618440548202,0.0,0.0,0.0
2012-05-03T06:00:00Z,0.2496467243397433,0.0,0.0,0.0
2012-05-03T07:00:00Z,0.0250684088083178,0.0,0.0,0.0
2012-05-03T08:00:00Z,0.2531491107429219,0.0,0.102705094585655,0.0
2012-05-03T09:00:00Z,0.2568460915736938,0.0,0.102705094585655,0.0
2012-05-03T10:00:00Z,0.0025615358565464,0.0,0.102705094585655,0.0
2012-05-03T11:00:00Z,0.2525655036877374,0.0,0.102705094585655,0.0
2012-05-03T12:00:00Z,0.2472351671745205,0.0,0.102705094585655,0.0
2012-05-03T13:00:00Z,0.2433346630512947,0.0,0.102705094585655,0.0
2012-05-03T14:00:00Z,0.2397925471156562,0.0,0.102705094585655,0.0
2012-05-03T15:00:00Z,0.0239081889754229,0.0,0.102705094585655,0.0
2012-05-03T16:00:00Z,0.0023980714463485,0.0,0.0,0.0
2012-05-03T17:00:00Z,0.023964718872028,0.0,0.1369706192075646,0.0
2012-05-03T18:00:00Z,0.0023248222502922,0.0,0.1369706192075646,0.0
2012-05-03T19:00:00Z,0.0226495714852988,0.0,0.1369706192075646,0.0
2012-05-03T20:00:00Z,0.2119705175041644,0.0,0.1369706192075646,0.0
2012-05-03T21:00:00Z,0.1953831733607346,0.0,0.1712753492352201,0.0
2012-05-03T22:00:00Z,0.0183771057334303,0.0,0.1712753492352201,0.0
2012-05-03T23:00:00Z,0.0175548081899821,0.0,0.1712753492352201,0.0
2012-05-04T00:00:00Z,0.1732680786349597,0.0,0.1712753492352201,0.0
2012-05-04T01:00:00Z,0.1739869109987536,0.0,0.1712753492352201,0.0
2012-05-04T02:00:00Z,0.1812123599169015,0.0,0.1712753492352201,0.0
2012-05-04T03:00:00Z,0.0194758534646964,0.0,0.1712753492352201,0.0
2012-05-04T04:00:00Z,0.2199703300596679,0.0,0.1712753492352201,0.0
2012-05-04T05:00:00Z,0.0023874143761973,0.0,0.0,0.0
2012-05-04T06:00:00Z,0.2504691197874115,0.0,0.0,0.0
2012-05-04T07:00:00Z,0.2543558781581549,0.0,0.0,0.0
2012-05-04T08:00:00Z,0.0256626560941276,0.0,0.102705094585655,0.0
2012-05-04T09:00:00Z,0.2600256877636627,0.0,0.102705094585655,0.0
2012-05-04T10:00:00Z,0.0025998371622456,0.0,0.102705094585655,0.0
2012-05-04T11:00:00Z,0.0256833217168769,0.0,0.102705094585655,0.0
2012-05-04T12:00:00Z,0.002521325418558,0.0,0.102705094585655,0.0
2012-05-04T13:00:00Z,0.0248000298443933,0.0,0.102705094585655,0.0
2012-05-04T14:00:00Z,0.0242589249691781,0.0,0.102705094585655,0.0
2012-05-04T15:00:00Z,0.2416387857339831,0.0,0.102705094585655,0.0
2012-05-04T16:00:00Z,0.2413190501324361,0.0,0.0,0.0
2012-05-04T17:00:00Z,0.0023993398934223,0.0,0.1369706192075646,0.0
2012-05-04T18:00:00Z,0.0233297708438963,0.0,0.1369706192075646,0.0
2012-05-04T19:00:00Z,0.0022643769681223,0.0,0.1369706192075646,0.0
2012-05-04T20:00:00Z,0.0212300582000917,0.0,0.1369706192075646,0.0
2012-05-04T21:00:00Z,0.0196972462353775,0.0,0.1712753492352201,0.0
2012-05-04T22:00:00Z,0.0018539139175549,0.0,0.1712753492352201,0.0
2012-05-04T23:00:00Z,0.1778562228375,0.0,0.1712753492352201,0.0
2012-05-05T00:00:00Z,0.1744495475997549,0.0,0.1712753492352201,0.0
2012-05-05T01:00:00Z,0.1748889025772495,0.0,0.1712753492352201,0.0
2012-05-05T02:00:00Z,0.0181704416736001,0.0,0.1712753492352201,0.0
2012-05-05T03:00:00Z,0.1943331506016584,0.0,0.1712753492352201,0.0
2012-05-05T04:00:00Z,0.0021981600363774,0.0,0.1712753492352201,0.0
2012-05-05T05:00:00Z,0.2399372887144458,0.0,0.0,0.0
2012-05-05T06:00:00Z,0.0025069714850612,0.0,0.0,0.0
2012-05-05T07:00:00Z,0.2537591715183397,0.0,0.0,0.0
2012-05-05T08:00:00Z,0.0255551102665854,0.0,0.102705094585655,0.0
2012-05-05T09:00:00Z,0.0257770278038854,0.0,0.102705094585655,0.0
2012-05-05T10:00:00Z,0.2559445503546097,0.0,0.102705094585655,0.0
2012-05-05T11:00:00Z,0.2482949803555929,0.0,0.102705094585655,0.0
2012-05-05T12:00:00Z,0.2406400256244782,0.0,0.102705094585655,0.0
2012-05-05T13:00:00Z,0.2361894760126703,0.0,0.102705094585655,0.0
2012-05-05T14:00:00Z,0.0023378501690339,0.0,0.102705094585655,0.0
2012-05-05T15:00:00Z,0.2356699374790279,0.0,0.102705094585655,0.0
2012-05-05T16:00:00Z,0.0234136865089088,0.0,0.0,0.0
2012-05-05T17:00:00Z,0.0229787607183252,0.0,0.1369706192075646,0.0
2012-05-05T18:00:00Z,0.2223321518811508,0.0,0.1369706192075646,0.0
2012-05-05T19:00:00Z,0.0216328988197099,0.0,0.1369706192075646,0.0
2012-05-05T20:00:00Z,0.2037942032209162,0.0,0.1369706192075646,0.0
2012-05-05T21:00:00Z,0.1899930956924979,0.0,0.1712753492352201,0.0
2012-05-05T22:00:00Z,0.1794889127712491,0.0,0.1712753492352201,0.0
2012-05-05T23:00:00Z,0.0171668568441355,0.0,0.1712753492352201,0.0
2012-05-06T00:00:00Z,0.0165141607390093,0.0,0.1712753492352201,0.0
2012-05-06T01:00:00Z,0.1636443483638155,0.0,0.1712753492352201,0.0
2012-05-06T02:00:00Z,0.0164880516416302,0.0,0.1712753492352201,0.0
2012-05-06T03:00:00Z,0.1677815848909059,0.0,0.1712753492352201,0.0
2012-05-06T04:00:00Z,0.0173346255154598,0.0,0.1712753492352201,0.0
2012-05-06T05:00:00Z,0.0183812999502134,0.0,0.0,0.0
2012-05-06T06:00:00Z,0.1991316126495179,0.0,0.0,0.0
2012-05-06T07:00:00Z,0.0209586050436604,0.0,0.0,0.0
2012-05-06T08:00:00Z,0.2131071071745297,0.0,0.102705094585655,0.0
2012-05-06T09:00:00Z,0.0021490336568856,0.0,0.102705094585655,0.0
2012-05-06T10:00:00Z,0.2124222671559061,0.0,0.102705094585655,0.0
2012-05-06T11:00:00Z,0.2079195737565473,0.0,0.102705094585655,0.0
2012-05-06T12:00:00Z,0.2012833515958094,0.0,0.102705094585655,0.0
2012-05-06T13:00:00Z,0.1988146575278178,0.0,0.102705094585655,0.0
2012-05-06T14:00:00Z,0.0199467649303688,0.0,0.102705094585655,0.0
2012-05-06T15:00:00Z,0.2019149708804626,0.0,0.102705094585655,0.0
2012-05-06T16:00:00Z,0.2057255989297647,0.0,0.0,0.0
2012-05-06T17:00:00Z,0.0020397185042803,0.0,0.1369706192075646,0.0
2012-05-06T18:00:00Z,0.1970731372631606,0.0,0.1369706192075646,0.0
2012-05-06T19:00:00Z,0.0193739821657431,0.0,0.1369706192075646,0.0
2012-05-06T20:00:00Z,0.0018558085600196,0.0,0.1369706192075646,0.0
2012-05-06T21:00:00Z,0.1740669770698372,0.0,0.1712753492352201,0.0
2012-05-06T22:00:00Z,0.0160987139720289,0.0,0.1712753492352201,0.0
2012-05-06T23:00:00Z,0.0015316668769575,0.0,0.1712753492352201,0.0
2012-05-07T00:00:00Z,0.0014832884857062,0.0,0.1712753492352201,0.0
2012-05-07T01:00:00Z,0.0014560397832068,0.0,0.1712753492352201,0.0
2012-05-07T02:00:00Z,0.0145906012839264,0.0,0.1712753492352201,0.0
2012-05-07T03:00:00Z,0.0146740979188775,0.0,0.1712753492352201,0.0
2012-05-07T04:00:00Z,0.1489870292701548,0.0,0.1712753492352201,0.0
2012-05-07T05:00:00Z,0.0015876152224961,0.0,0.0,0.0
2012-05-07T06:00:00Z,0.0174203073726004,0.0,0.0,0.0
2012-05-07T07:00:00Z,0.0001845749097227,0.0,0.0,0.0
2012-05-07T08:00:00Z,0.0019140051780653,0.0,0.102705094585655,0.0
2012-05-07T09:00:00Z,0.1988163414804011,0.0,0.102705094585655,0.0
2012-05-07T10:00:00Z,0.0019478588908602,0.0,0.102705094585655,0.0
2012-05-07T11:00:00Z,0.1884078893054296,0.0,0.102705094585655,0.0
2012-05-07T12:00:00Z,0.0183716426779565,0.0,0.102705094585655,0.0
2012-05-07T13:00:00Z,0.0017926207848402,0.0,0.102705094585655,0.0
2012-05-07T14:00:00Z,0.1769201801713017,0.0,0.102705094585655,0.0
2012-05-07T15:00:00Z,0.0182770319559554,0.0,0.102705094585655,0.0
2012-05-07T16:00:00Z,0.1886660235717775,0.0,0.0,0.0
2012-05-07T17:00:00Z,0.0019013888486644,0.0,0.1369706192075646,0.0
2012-05-07T18:00:00Z,0.019093705881009,0.0,0.1369706192075646,0.0
2012-05-07T19:00:00Z,0.0192779733714811,0.0,0.1369706192075646,0.0
2012-05-07T20:00:00Z,0.1887925549856544,0.0,0.1369706192075646,0.0
2012-05-07T21:00:00Z,0.0177154024400677,0.0,0.1712753492352201,0.0
2012-05-07T22:00:00Z,0.1668119414964172,0.0,0.1712753492352201,0.0
2012-05-07T23:00:00Z,0.1618002636383277,0.0,0.1712753492352201,0.0
2012-05-08T00:00:00Z,0.0016004915855053,0.0,0.1712753492352201,0.0
2012-05-08T01:00:00Z,0.0016156295359956,0.0,0.1712753492352201,0.0
2012-05-08T02:00:00Z,0.1678002062735424,0.0,0.1712753492352201,0.0
2012-05-08T03:00:00Z,0.1826215345164809,0.0,0.1712753492352201,0.0
2012-05-08T04:00:00Z,0.2132371043977932,0.0,0.1712753492352201,0.0
2012-05-08T05:00:00Z,0.0023429447130238,0.0,0.0,0.0
2012-05-08T06:00:00Z,0.2473623251754052,0.0,0.0,0.0
2012-05-08T07:00:00Z,0.0250535077860398,0.0,0.0,0.0
2012-05-08T08:00:00Z,0.2532666349685624,0.0,0.102705094585655,0.0
2012-05-08T09:00:00Z,0.2555283203538697,0.0,0.102705094585655,0.0
2012-05-08T10:00:00Z,0.0025412430530668,0.0,0.102705094585655,0.0
2012-05-08T11:00:00Z,0.2508233568360725,0.0,0.102705094585655,0.0
2012-05-08T12:00:00Z,0.2458339228167581,0.0,0.102705094585655,0.0
2012-05-08T13:00:00Z,0.2433444534732907,0.0,0.102705094585655,0.0
2012-05-08T14:00:00Z,0.2383226718997014,0.0,0.102705094585655,0.0
2012-05-08T15:00:00Z,0.002380261493887,0.0,0.102705094585655,0.0
2012-05-08T16:00:00Z,0.0024008789477601,0.0,0.0,0.0
2012-05-08T17:00:00Z,0.2396375647354587,0.0,0.1369706192075646,0.0
2012-05-08T18:00:00Z,0.0023425914745981,0.0,0.1369706192075646,0.0
2012-05-08T19:00:00Z,0.2290818254519787,0.0,0.1369706192075646,0.0
2012-05-08T20:00:00Z,0.2171120359387654,0.0,0.1369706192075646,0.0
2012-05-08T21:00:00Z,0.020108279480122,0.0,0.1712753492352201,0.0
2012-05-08T22:00:00Z,0.1906826742753676,0.0,0.1712753492352201,0.0
2012-05-08T23:00:00Z,0.1842511502577232,0.0,0.1712753492352201,0.0
2012-05-09T00:00:00Z,0.0017897866534808,0.0,0.1712753492352201,0.0
2012-05-09T01:00:00Z,0.0018022604343375,0.0,0.1712753492352201,0.0
2012-05-09T02:00:00Z,0.1853826293278065,0.0,0.1712753492352201,0.0
2012-05-09T03:00:00Z,0.0198176410127473,0.0,0.1712753492352201,0.0
2012-05-09T04:00:00Z,0.022569274360256,0.0,0.1712753492352201,0.0
2012-05-09T05:00:00Z,0.0245389623676155,0.0,0.0,0.0
2012-05-09T06:00:00Z,0.2549591443807074,0.0,0.0,0.0
2012-05-09T07:00:00Z,0.2576079822134264,0.0,0.0,0.0
2012-05-09T08:00:00Z,0.2609546421643357,0.0,0.102705094585655,0.0
2012-05-09T09:00:00Z,0.0026825901167419,0.0,0.102705094585655,0.0
2012-05-09T10:00:00Z,0.0271207318934928,0.0,0.102705094585655,0.0
2012-05-09T11:00:00Z,0.0026852636851806,0.0,0.102705094585655,0.0
2012-05-09T12:00:00Z,0.2652598431711903,0.0,0.102705094585655,0.0
2012-05-09T13:00:00Z,0.0026189891857543,0.0,0.102705094585655,0.0
2012-05-09T14:00:00Z,0.0251886508551045,0.0,0.102705094585655,0.0
2012-05-09T15:00:00Z,0.0025086848089105,0.0,0.102705094585655,0.0
2012-05-09T16:00:00Z,0.248500207181474,0.0,0.0,0.0
2012-05-09T17:00:00Z,0.2472348343001727,0.0,0.1369706192075646,0.0
2012-05-09T18:00:00Z,0.002379114448046,0.0,0.1369706192075646,0.0
2012-05-09T19:00:00Z,0.2303413436609265,0.0,0.1369706192075646,0.0
2012-05-09T20:00:00Z,0.2155416130889112,0.0,0.1369706192075646,0.0
2012-05-09T21:00:00Z,0.1990304971711427,0.0,0.1712753492352201,0.0
2012-05-09T22:00:00Z,0.1834361955307721,0.0,0.1712753492352201,0.0
2012-05-09T23:00:00Z,0.0017753594876274,0.0,0.1712753492352201,0.0
2012-05-10T00:00:00Z,0.0174101840762565,0.0,0.1712753492352201,0.0
2012-05-10T01:00:00Z,0.1757354999480919,0.0,0.1712753492352201,0.0
2012-05-10T02:00:00Z,0.1805091726474574,0.0,0.1712753492352201,0.0
2012-05-10T03:00:00Z,0.0019292073537239,0.0,0.1712753492352201,0.0
2012-05-10T04:00:00Z,0.0221485603462418,0.0,0.1712753492352201,0.0
2012-05-10T05:00:00Z,0.2430123623591848,0.0,0.0,0.0
2012-05-10T06:00:00Z,0.2552237599064165,0.0,0.0,0.0
2012-05-10T07:00:00Z,0.0025770160801897,0.0,0.0,0.0
2012-05-10T08:00:00Z,0.0261783097883219,0.0,0.102705094585655,0.0
2012-05-10T09:00:00Z,0.2681005732750318,0.0,0.102705094585655,0.0
2012-05-10T10:00:00Z,0.0268884874190713,0.0,0.102705094585655,0.0
2012-05-10T11:00:00Z,0.2681900185703878,0.0,0.102705094585655,0.0
2012-05-10T12:00:00Z,0.0026340065182456,0.0,0.102705094585655,0.0
2012-05-10T13:00:00Z,0.0260185066043336,0.0,0.102705094585655,0.0
2012-05-10T14:00:00Z,0.2556209181651084,0.0,0.102705094585655,0.0
2012-05-10T15:00:00Z,0.2535780682922567,0.0,0.102705094585655,0.0
2012-05-10T16:00:00Z,0.2471118078573703,0.0,0.0,0.0
2012-05-10T17:00:00Z,0.2427265995219641,0.0,0.1369706192075646,0.0
2012-05-10T18:00:00Z,0.2332766688220938,0.0,0.1369706192075646,0.0
2012-05-10T19:00:00Z,0.0228382015878123,0.0,0.1369706192075646,0.0
2012-05-10T20:00:00Z,0.002155446383293,0.0,0.1369706192075646,0.0
2012-05-10T21:00:00Z,0.1979333824822654,0.0,0.1712753492352201,0.0
2012-05-10T22:00:00Z,0.0018457389151882,0.0,0.1712753492352201,0.0
2012-05-10T23:00:00Z,0.1812812257452218,0.0,0.1712753492352201,0.0
2012-05-11T00:00:00Z,0.1797571115914089,0.0,0.1712753492352201,0.0
2012-05-11T01:00:00Z,0.1819507731246876,0.0,0.1712753492352201,0.0
2012-05-11T02:00:00Z,0.001865809671897,0.0,0.1712753492352201,0.0
2012-05-11T03:00:00Z,0.0197999360136096,0.0,0.1712753492352201,0.0
2012-05-11T04:00:00Z,0.2254310945747161,0.0,0.1712753492352201,0.0
2012-05-11T05:00:00Z,0.0243413799032288,0.0,0.0,0.0
2012-05-11T06:00:00Z,0.253798098236196,0.0,0.0,0.0
2012-05-11T07:00:00Z,0.0255616424361412,0.0,0.0,0.0
2012-05-11T08:00:00Z,0.0256267095807269,0.0,0.102705094585655,0.0
2012-05-11T09:00:00Z,0.0259655639183478,0.0,0.102705094585655,0.0
2012-05-11T10:00:00Z,0.258736524156911,0.0,0.102705094585655,0.0
2012-05-11T11:00:00Z,0.2596560797524678,0.0,0.102705094585655,0.0
2012-05-11T12:00:00Z,0.2572483408518236,0.0,0.102705094585655,0.0
2012-05-11T13:00:00Z,0.0025229474956743,0.0,0.102705094585655,0.0
2012-05-11T14:00:00Z,0.0024593551802581,0.0,0.102705094585655,0.0
2012-05-11T15:00:00Z,0.2468341906512504,0.0,0.102705094585655,0.0
2012-05-11T16:00:00Z,0.002445748451768,0.0,0.0,0.0
2012-05-11T17:00:00Z,0.2436464096684928,0.0,0.1369706192075646,0.0
2012-05-11T18:00:00Z,0.0023583082348368,0.0,0.1369706192075646,0.0
2012-05-11T19:00:00Z,0.0022904649181899,0.0,0.1369706192075646,0.0
2012-05-11T20:00:00Z,0.0214146154870548,0.0,0.1369706192075646,0.0
2012-05-11T21:00:00Z,0.1978209884377508,0.0,0.1712753492352201,0.0
2012-05-11T22:00:00Z,0.1878609963327304,0.0,0.1712753492352201,0.0
2012-05-11T23:00:00Z,0.0018142106234259,0.0,0.1712753492352201,0.0
2012-05-12T00:00:00Z,0.1763237280824585,0.0,0.1712753492352201,0.0
2012-05-12T01:00:00Z,0.1764473615314246,0.0,0.1712753492352201,0.0
2012-05-12T02:00:00Z,0.0180733402682432,0.0,0.1712753492352201,0.0
2012-05-12T03:00:00Z,0.1937874324795986,0.0,0.1712753492352201,0.0
2012-05-12T04:00:00Z,0.22095117369692,0.0,0.1712753492352201,0.0
2012-05-12T05:00:00Z,0.2419366886944789,0.0,0.0,0.0
2012-05-12T06:00:00Z,0.2532996678523771,0.0,0.0,0.0
2012-05-12T07:00:00Z,0.0256722859532029,0.0,0.0,0.0
2012-05-12T08:00:00Z,0.0026133518607689,0.0,0.102705094585655,0.0
2012-05-12T09:00:00Z,0.2650086209427717,0.0,0.102705094585655,0.0
2012-05-12T10:00:00Z,0.2625879586850926,0.0,0.102705094585655,0.0
2012-05-12T11:00:00Z,0.0025721933183144,0.0,0.102705094585655,0.0
2012-05-12T12:00:00Z,0.0025219277253192,0.0,0.102705094585655,0.0
2012-05-12T13:00:00Z,0.2526008862728311,0.0,0.102705094585655,0.0
2012-05-12T14:00:00Z,0.24791542527565,0.0,0.102705094585655,0.0
2012-05-12T15:00:00Z,0.024574834473809,0.0,0.102705094585655,0.0
2012-05-12T16:00:00Z,0.0024140893599678,0.0,0.0,0.0
2012-05-12T17:00:00Z,0.0023776764308632,0.0,0.1369706192075646,0.0
2012-05-12T18:00:00Z,0.0022722582578292,0.0,0.1369706192075646,0.0
2012-05-12T19:00:00Z,0.0220709692938387,0.0,0.1369706192075646,0.0
2012-05-12T20:00:00Z,0.0208219346687644,0.0,0.1369706192075646,0.0
2012-05-12T21:00:00Z,0.0193613446890306,0.0,0.1712753492352201,0.0
2012-05-12T22:00:00Z,0.1815746251115994,0.0,0.1712753492352201,0.0
2012-05-12T23:00:00Z,0.1741760423708733,0.0,0.1712753492352201,0.0
2012-05-13T00:00:00Z,0.0016789445866609,0.0,0.1712753492352201,0.0
2012-05-13T01:00:00Z,0.1671481837494495,0.0,0.1712753492352201,0.0
2012-05-13T02:00:00Z,0.1687534996632976,0.0,0.1712753492352201,0.0
2012-05-13T03:00:00Z,0.1700176389514274,0.0,0.1712753492352201,0.0
2012-05-13T04:00:00Z,0.175296673653385,0.0,0.1712753492352201,0.0
2012-05-13T05:00:00Z,0.1861636308712753,0.0,0.0,0.0
2012-05-13T06:00:00Z,0.200006014818829,0.0,0.0,0.0
2012-05-13T07:00:00Z,0.0208706753056295,0.0,0.0,0.0
2012-05-13T08:00:00Z,0.0021591843664111,0.0,0.102705094585655,0.0
2012-05-13T09:00:00Z,0.0219556890329196,0.0,0.102705094585655,0.0
2012-05-13T10:00:00Z,0.2163733094374756,0.0,0.102705094585655,0.0
2012-05-13T11:00:00Z,0.2085458083091025,0.0,0.102705094585655,0.0
2012-05-13T12:00:00Z,0.2022813872140867,0.0,0.102705094585655,0.0
2012-05-13T13:00:00Z,0.0197801750258528,0.0,0.102705094585655,0.0
2012-05-13T14:00:00Z,0.1969474086638873,0.0,0.102705094585655,0.0
2012-05-13T15:00:00Z,0.0197565801088423,0.0,0.102705094585655,0.0
2012-05-13T16:00:00Z,0.1998172750635891,0.0,0.0,0.0
2012-05-13T17:00:00Z,0.1980302097558063,0.0,0.1369706192075646,0.0
2012-05-13T18:00:00Z,0.0019123470721961,0.0,0.1369706192075646,0.0
2012-05-13T19:00:00Z,0.1883066563419905,0.0,0.1369706192075646,0.0
2012-05-13T20:00:00Z,0.0001814247435412,0.0,0.1369706192075646,0.0
2012-05-13T21:00:00Z,0.0169271599004906,0.0,0.1712753492352201,0.0
2012-05-13T22:00:00Z,0.1607611865710431,0.0,0.1712753492352201,0.0
2012-05-13T23:00:00Z,0.1533287289702107,0.0,0.1712753492352201,0.0
2012-05-14T00:00:00Z,0.1480762850543944,0.0,0.1712753492352201,0.0
2012-05-14T01:00:00Z,0.1461685038434003,0.0,0.1712753492352201,0.0
2012-05-14T02:00:00Z,0.0014589565457279,0.0,0.1712753492352201,0.0
2012-05-14T03:00:00Z,0.1445856275767672,0.0,0.1712753492352201,0.0
2012-05-14T04:00:00Z,0.1467999860621454,0.0,0.1712753492352201,0.0
2012-05-14T05:00:00Z,0.0157474845410051,0.0,0.0,0.0
2012-05-14T06:00:00Z,0.1718941887162542,0.0,0.0,0.0
2012-05-14T07:00:00Z,0.001847890458326,0.0,0.0,0.0
2012-05-14T08:00:00Z,0.0019165765344984,0.0,0.102705094585655,0.0
2012-05-14T09:00:00Z,0.1967271241689762,0.0,0.102705094585655,0.0
2012-05-14T10:00:00Z,0.1950557620683428,0.0,0.102705094585655,0.0
2012-05-14T11:00:00Z,0.0188938912004073,0.0,0.102705094585655,0.0
2012-05-14T12:00:00Z,0.1823002324474145,0.0,0.102705094585655,0.0
2012-05-14T13:00:00Z,0.0178389653979954,0.0,0.102705094585655,0.0
2012-05-14T14:00:00Z,0.0017778325482236,0.0,0.102705094585655,0.0
2012-05-14T15:00:00Z,0.0018197124489708,0.0,0.102705094585655,0.0
2012-05-14T16:00:00Z,0.0188235137309309,0.0,0.0,0.0
2012-05-14T17:00:00Z,0.0190668135498703,0.0,0.1369706192075646,0.0
2012-05-14T18:00:00Z,0.0018959998087809,0.0,0.1369706192075646,0.0
2012-05-14T19:00:00Z,0.1896350012175705,0.0,0.1369706192075646,0.0
2012-05-14T20:00:00Z,0.000188243576653,0.0,0.1369706192075646,0.0
2012-05-14T21:00:00Z,0.1765682145005438,0.0,0.1712753492352201,0.0
2012-05-14T22:00:00Z,0.1682427725094517,0.0,0.1712753492352201,0.0
2012-05-14T23:00:00Z,0.0016218863988848,0.0,0.1712753492352201,0.0
2012-05-15T00:00:00Z,0.1592993786628131,0.0,0.1712753492352201,0.0
2012-05-15T01:00:00Z,0.1625124972576964,0.0,0.1712753492352201,0.0
2012-05-15T02:00:00Z,0.1702427207531166,0.0,0.1712753492352201,0.0
2012-05-15T03:00:00Z,0.1841189403990885,0.0,0.1712753492352201,0.0
2012-05-15T04:00:00Z,0.0213833448791994,0.0,0.1712753492352201,0.0
2012-05-15T05:00:00Z,0.2351070273759431,0.0,0.0,0.0
2012-05-15T06:00:00Z,0.0248023403839844,0.0,0.0,0.0
2012-05-15T07:00:00Z,0.2542811184957931,0.0,0.0,0.0
2012-05-15T08:00:00Z,0.0025861411451069,0.0,0.102705094585655,0.0
2012-05-15T09:00:00Z,0.2617559490430244,0.0,0.102705094585655,0.0
2012-05-15T10:00:00Z,0.2607861294209397,0.0,0.102705094585655,0.0
2012-05-15T11:00:00Z,0.2577493559070493,0.0,0.102705094585655,0.0
2012-05-15T12:00:00Z,0.0025471717410107,0.0,0.102705094585655,0.0
2012-05-15T13:00:00Z,0.2553660147380192,0.0,0.102705094585655,0.0
2012-05-15T14:00:00Z,0.0248009736410738,0.0,0.102705094585655,0.0
2012-05-15T15:00:00Z,0.0248679440436955,0.0,0.102705094585655,0.0
2012-05-15T16:00:00Z,0.2464493095817417,0.0,0.0,0.0
2012-05-15T17:00:00Z,0.2448829987091259,0.0,0.1369706192075646,0.0
2012-05-15T18:00:00Z,0.0237885539347999,0.0,0.1369706192075646,0.0
2012-05-15T19:00:00Z,0.2299773553519573,0.0,0.1369706192075646,0.0
2012-05-15T20:00:00Z,0.0215359893066242,0.0,0.1369706192075646,0.0
2012-05-15T21:00:00Z,0.0198592620547369,0.0,0.1712753492352201,0.0
2012-05-15T22:00:00Z,0.0018440561374555,0.0,0.1712753492352201,0.0
2012-05-15T23:00:00Z,0.0178921156409276,0.0,0.1712753492352201,0.0
2012-05-16T00:00:00Z,0.0017665324431557,0.0,0.1712753492352201,0.0
2012-05-16T01:00:00Z,0.1777590822704552,0.0,0.1712753492352201,0.0
2012-05-16T02:00:00Z,0.0018252005679249,0.0,0.1712753492352201,0.0
2012-05-16T03:00:00Z,0.0193885268166605,0.0,0.1712753492352201,0.0
2012-05-16T04:00:00Z,0.0220117842347882,0.0,0.1712753492352201,0.0
2012-05-16T05:00:00Z,0.2403842802210974,0.0,0.0,0.0
2012-05-16T06:00:00Z,0.2517558749503521,0.0,0.0,0.0
2012-05-16T07:00:00Z,0.0256096076715842,0.0,0.0,0.0
2012-05-16T08:00:00Z,0.0025906345571862,0.0,0.102705094585655,0.0
2012-05-16T09:00:00Z,0.0026409494939083,0.0,0.102705094585655,0.0
2012-05-16T10:00:00Z,0.0026245556280844,0.0,0.102705094585655,0.0
2012-05-16T11:00:00Z,0.2610107608632171,0.0,0.102705094585655,0.0
2012-05-16T12:00:00Z,2.567244455803863e-05,0.0,0.102705094585655,0.0
2012-05-16T13:00:00Z,0.0252272642794569,0.0,0.102705094585655,0.0
2012-05-16T14:00:00Z,0.247744601992663,0.0,0.102705094585655,0.0
2012-05-16T15:00:00Z,0.0024606800201626,0.0,0.102705094585655,0.0
2012-05-16T16:00:00Z,0.002451077182652,0.0,0.0,0.0
2012-05-16T17:00:00Z,0.2435573364091728,0.0,0.1369706192075646,0.0
2012-05-16T18:00:00Z,0.0235386867007856,0.0,0.1369706192075646,0.0
2012-05-16T19:00:00Z,0.0022910727075874,0.0,0.1369706192075646,0.0
2012-05-16T20:00:00Z,0.0021681053989339,0.0,0.1369706192075646,0.0
2012-05-16T21:00:00Z,0.0201394169382382,0.0,0.1712753492352201,0.0
2012-05-16T22:00:00Z,0.0189469357067819,0.0,0.1712753492352201,0.0
2012-05-16T23:00:00Z,0.0183619266631676,0.0,0.1712753492352201,0.0
2012-05-17T00:00:00Z,0.0018100849395967,0.0,0.1712753492352201,0.0
2012-05-17T01:00:00Z,0.1818065406278418,0.0,0.1712753492352201,0.0
2012-05-17T02:00:00Z,0.0186879947096616,0.0,0.1712753492352201,0.0
2012-05-17T03:00:00Z,0.1982430339491565,0.0,0.1712753492352201,0.0
2012-05-17T04:00:00Z,0.0022452535326459,0.0,0.1712753492352201,0.0
2012-05-17T05:00:00Z,0.0243539899667597,0.0,0.0,0.0
2012-05-17T06:00:00Z,0.0002552766379756,0.0,0.0,0.0
2012-05-17T07:00:00Z,0.0258179752648417,0.0,0.0,0.0
2012-05-17T08:00:00Z,0.2632949250574273,0.0,0.102705094585655,0.0
2012-05-17T09:00:00Z,0.2668728543567273,0.0,0.102705094585655,0.0
2012-05-17T10:00:00Z,0.0026451229549968,0.0,0.102705094585655,0.0
2012-05-17T11:00:00Z,0.2604203788360114,0.0,0.102705094585655,0.0
2012-05-17T12:00:00Z,0.2549533288700417,0.0,0.102705094585655,0.0
2012-05-17T13:00:00Z,0.0025043605753233,0.0,0.102705094585655,0.0
2012-05-17T14:00:00Z,0.0024523703015892,0.0,0.102705094585655,0.0
2012-05-17T15:00:00Z,0.0244426089504992,0.0,0.102705094585655,0.0
2012-05-17T16:00:00Z,0.2438045445645731,0.0,0.0,0.0
2012-05-17T17:00:00Z,0.0241931489980399,0.0,0.1369706192075646,0.0
2012-05-17T18:00:00Z,0.2348737803623093,0.0,0.1369706192075646,0.0
2012-05-17T19:00:00Z,0.2291856430868249,0.0,0.1369706192075646,0.0
2012-05-17T20:00:00Z,0.2176050228479545,0.0,0.1369706192075646,0.0
2012-05-17T21:00:00Z,0.2038314851478771,0.0,0.1712753492352201,0.0
2012-05-17T22:00:00Z,0.1945779111515596,0.0,0.1712753492352201,0.0
2012-05-17T23:00:00Z,0.0001860638370998,0.0,0.1712753492352201,0.0
2012-05-18T00:00:00Z,0.1812656785550921,0.0,0.1712753492352201,0.0
2012-05-18T01:00:00Z,0.1817680446885533,0.0,0.1712753492352201,0.0
2012-05-18T02:00:00Z,0.0018374256720629,0.0,0.1712753492352201,0.0
2012-05-18T03:00:00Z,0.0194964250993945,0.0,0.1712753492352201,0.0
2012-05-18T04:00:00Z,0.2229893045863695,0.0,0.1712753492352201,0.0
2012-05-18T05:00:00Z,0.0024399517387125,0.0,0.0,0.0
2012-05-18T06:00:00Z,0.0255686523782903,0.0,0.0,0.0
2012-05-18T07:00:00Z,0.2577299121289652,0.0,0.0,0.0
2012-05-18T08:00:00Z,0.0260260843909585,0.0,0.102705094585655,0.0
2012-05-18T09:00:00Z,0.260808001223679,0.0,0.102705094585655,0.0
2012-05-18T10:00:00Z,0.2579967402900455,0.0,0.102705094585655,0.0
2012-05-18T11:00:00Z,0.0025513401110797,0.0,0.102705094585655,0.0
2012-05-18T12:00:00Z,0.2502481891246486,0.0,0.102705094585655,0.0
2012-05-18T13:00:00Z,0.0250715456595254,0.0,0.102705094585655,0.0
2012-05-18T14:00:00Z,0.0251435796684035,0.0,0.102705094585655,0.0
2012-05-18T15:00:00Z,0.2538069096159924,0.0,0.102705094585655,0.0
2012-05-18T16:00:00Z,0.0024986621581047,0.0,0.0,0.0
2012-05-18T17:00:00Z,0.0242542725606456,0.0,0.1369706192075646,0.0
2012-05-18T18:00:00Z,0.0023584715390757,0.0,0.1369706192075646,0.0
2012-05-18T19:00:00Z,0.226352862805644,0.0,0.1369706192075646,0.0
2012-05-18T20:00:00Z,0.0214835557225822,0.0,0.1369706192075646,0.0
2012-05-18T21:00:00Z,0.0019853816622022,0.0,0.1712753492352201,0.0
2012-05-18T22:00:00Z,0.1889635936579254,0.0,0.1712753492352201,0.0
2012-05-18T23:00:00Z,0.0018544003057196,0.0,0.1712753492352201,0.0
2012-05-19T00:00:00Z,0.0018397593170499,0.0,0.1712753492352201,0.0
2012-05-19T01:00:00Z,0.1824256869148719,0.0,0.1712753492352201,0.0
2012-05-19T02:00:00Z,0.1839586907718572,0.0,0.1712753492352201,0.0
2012-05-19T03:00:00Z,0.0019217560593512,0.0,0.1712753492352201,0.0
2012-05-19T04:00:00Z,0.217668131908141,0.0,0.1712753492352201,0.0
2012-05-19T05:00:00Z,0.0023837222122542,0.0,0.0,0.0
2012-05-19T06:00:00Z,0.0025020566932191,0.0,0.0,0.0
2012-05-19T07:00:00Z,0.0025527730372431,0.0,0.0,0.0
2012-05-19T08:00:00Z,0.2593610160143509,0.0,0.102705094585655,0.0
2012-05-19T09:00:00Z,0.2635320294973276,0.0,0.102705094585655,0.0
2012-05-19T10:00:00Z,0.2617654457523606,0.0,0.102705094585655,0.0
2012-05-19T11:00:00Z,0.0025667690329118,0.0,0.102705094585655,0.0
2012-05-19T12:00:00Z,0.0251475937414219,0.0,0.102705094585655,0.0
2012-05-19T13:00:00Z,0.2465484865565617,0.0,0.102705094585655,0.0
2012-05-19T14:00:00Z,0.2396424207847688,0.0,0.102705094585655,0.0
2012-05-19T15:00:00Z,0.2378538869136866,0.0,0.102705094585655,0.0
2012-05-19T16:00:00Z,0.238977749035457,0.0,0.0,0.0
2012-05-19T17:00:00Z,0.0236321069074719,0.0,0.1369706192075646,0.0
2012-05-19T18:00:00Z,0.0228821527502369,0.0,0.1369706192075646,0.0
2012-05-19T19:00:00Z,0.0002215588162381,0.0,0.1369706192075646,0.0
2012-05-19T20:00:00Z,0.2081009706952901,0.0,0.1369706192075646,0.0
2012-05-19T21:00:00Z,0.0019092157036249,0.0,0.1712753492352201,0.0
2012-05-19T22:00:00Z,0.0183164756080931,0.0,0.1712753492352201,0.0
2012-05-19T23:00:00Z,0.0175871283310755,0.0,0.1712753492352201,0.0
2012-05-20T00:00:00Z,0.1726191890459056,0.0,0.1712753492352201,0.0
2012-05-20T01:00:00Z,0.1715373669961861,0.0,0.1712753492352201,0.0
2012-05-20T02:00:00Z,0.1719444331619379,0.0,0.1712753492352201,0.0
2012-05-20T03:00:00Z,0.0173331373713164,0.0,0.1712753492352201,0.0
2012-05-20T04:00:00Z,0.1812199768652145,0.0,0.1712753492352201,0.0
2012-05-20T05:00:00Z,0.1944440369211856,0.0,0.0,0.0
2012-05-20T06:00:00Z,0.2100633824610221,0.0,0.0,0.0
2012-05-20T07:00:00Z,0.0219826009449024,0.0,0.0,0.0
2012-05-20T08:00:00Z,0.2244902937634278,0.0,0.102705094585655,0.0
2012-05-20T09:00:00Z,0.2254812802778678,0.0,0.102705094585655,0.0
2012-05-20T10:00:00Z,0.0224123808896849,0.0,0.102705094585655,0.0
2012-05-20T11:00:00Z,0.0021698927383735,0.0,0.102705094585655,0.0
2012-05-20T12:00:00Z,0.2100436253894341,0.0,0.102705094585655,0.0
2012-05-20T13:00:00Z,0.2059384427039588,0.0,0.102705094585655,0.0
2012-05-20T14:00:00Z,0.2040270781985141,0.0,0.102705094585655,0.0
2012-05-20T15:00:00Z,0.2059804044526338,0.0,0.102705094585655,0.0
2012-05-20T16:00:00Z,0.2048813512602014,0.0,0.0,0.0
2012-05-20T17:00:00Z,0.2018566003845221,0.0,0.1369706192075646,0.0
2012-05-20T18:00:00Z,0.0019216749946571,0.0,0.1369706192075646,0.0
2012-05-20T19:00:00Z,0.1865553848170253,0.0,0.1369706192075646,0.0
2012-05-20T20:00:00Z,0.1796840163007864,0.0,0.1369706192075646,0.0
2012-05-20T21:00:00Z,0.0016785909566184,0.0,0.1712753492352201,0.0
2012-05-20T22:00:00Z,0.0015642807307107,0.0,0.1712753492352201,0.0
2012-05-20T23:00:00Z,0.1498527375447335,0.0,0.1712753492352201,0.0
2012-05-21T00:00:00Z,0.139650099620963,0.0,0.1712753492352201,0.0
2012-05-21T01:00:00Z,0.001427720008541,0.0,0.1712753492352201,0.0
2012-05-21T02:00:00Z,0.0143362970306634,0.0,0.1712753492352201,0.0
2012-05-21T03:00:00Z,0.1422247064741079,0.0,0.1712753492352201,0.0
2012-05-21T04:00:00Z,0.0014360305103482,0.0,0.1712753492352201,0.0
2012-05-21T05:00:00Z,0.0152543997275961,0.0,0.0,0.0
2012-05-21T06:00:00Z,0.0016673386288099,0.0,0.0,0.0
2012-05-21T07:00:00Z,0.1781955392830391,0.0,0.0,0.0
2012-05-21T08:00:00Z,0.0018638883994845,0.0,0.102705094585655,0.0
2012-05-21T09:00:00Z,0.1933029044950142,0.0,0.102705094585655,0.0
2012-05-21T10:00:00Z,0.0193572287956235,0.0,0.102705094585655,0.0
2012-05-21T11:00:00Z,0.0186296829562531,0.0,0.102705094585655,0.0
2012-05-21T12:00:00Z,0.1804856364729788,0.0,0.102705094585655,0.0
2012-05-21T13:00:00Z,0.0017869842430886,0.0,0.102705094585655,0.0
2012-05-21T14:00:00Z,0.0178050396276947,0.0,0.102705094585655,0.0
2012-05-21T15:00:00Z,0.018116472951389,0.0,0.102705094585655,0.0
2012-05-21T16:00:00Z,0.0187503205360884,0.0,0.0,0.0
2012-05-21T17:00:00Z,0.0018878721920566,0.0,0.1369706192075646,0.0
2012-05-21T18:00:00Z,0.187708344072968,0.0,0.1369706192075646,0.0
2012-05-21T19:00:00Z,0.1855768125576762,0.0,0.1369706192075646,0.0
2012-05-21T20:00:00Z,0.1844184098271037,0.0,0.1369706192075646,0.0
2012-05-21T21:00:00Z,0.1739067274426059,0.0,0.1712753492352201,0.0
2012-05-21T22:00:00Z,0.0016417868022509,0.0,0.1712753492352201,0.0
2012-05-21T23:00:00Z,0.0159224628790873,0.0,0.1712753492352201,0.0
2012-05-22T00:00:00Z,0.00157347080403,0.0,0.1712753492352201,0.0
2012-05-22T01:00:00Z,0.1579032057436445,0.0,0.1712753492352201,0.0
2012-05-22T02:00:00Z,0.0164232703773668,0.0,0.1712753492352201,0.0
2012-05-22T03:00:00Z,0.0177019778134267,0.0,0.1712753492352201,0.0
2012-05-22T04:00:00Z,0.2057269304271562,0.0,0.1712753492352201,0.0
2012-05-22T05:00:00Z,0.2292617342465781,0.0,0.0,0.0
2012-05-22T06:00:00Z,0.2441851961717794,0.0,0.0,0.0
2012-05-22T07:00:00Z,0.2464767815058626,0.0,0.0,0.0
2012-05-22T08:00:00Z,0.0250830435311175,0.0,0.102705094585655,0.0
2012-05-22T09:00:00Z,0.2595724108060896,0.0,0.102705094585655,0.0
2012-05-22T10:00:00Z,0.2623766422167299,0.0,0.102705094585655,0.0
2012-05-22T11:00:00Z,0.0025840268055726,0.0,0.102705094585655,0.0
2012-05-22T12:00:00Z,0.2537602484647592,0.0,0.102705094585655,0.0
2012-05-22T13:00:00Z,0.2523998693284082,0.0,0.102705094585655,0.0
2012-05-22T14:00:00Z,0.2442400812774893,0.0,0.102705094585655,0.0
2012-05-22T15:00:00Z,0.2475604833166053,0.0,0.102705094585655,0.0
2012-05-22T16:00:00Z,0.2509643584936595,0.0,0.0,0.0
2012-05-22T17:00:00Z,0.0245716153830567,0.0,0.1369706192075646,0.0
2012-05-22T18:00:00Z,0.2354595021486449,0.0,0.1369706192075646,0.0
2012-05-22T19:00:00Z,0.228535970264011,0.0,0.1369706192075646,0.0
2012-05-22T20:00:00Z,0.2178595542390078,0.0,0.1369706192075646,0.0
2012-05-22T21:00:00Z,0.2037713132142894,0.0,0.1712753492352201,0.0
2012-05-22T22:00:00Z,0.1933373276187523,0.0,0.1712753492352201,0.0
2012-05-22T23:00:00Z,0.0189562091944965,0.0,0.1712753492352201,0.0
2012-05-23T00:00:00Z,0.1844863553557563,0.0,0.1712753492352201,0.0
2012-05-23T01:00:00Z,0.1835799580873621,0.0,0.1712753492352201,0.0
2012-05-23T02:00:00Z,0.0185417258050406,0.0,0.1712753492352201,0.0
2012-05-23T03:00:00Z,0.0001933389038766,0.0,0.1712753492352201,0.0
2012-05-23T04:00:00Z,0.0021732669094102,0.0,0.1712753492352201,0.0
2012-05-23T05:00:00Z,0.239223018687302,0.0,0.0,0.0
2012-05-23T06:00:00Z,0.2511977817348894,0.0,0.0,0.0
2012-05-23T07:00:00Z,0.2550649005191087,0.0,0.0,0.0
2012-05-23T08:00:00Z,0.0025956116161121,0.0,0.102705094585655,0.0
2012-05-23T09:00:00Z,0.2626561783455611,0.0,0.102705094585655,0.0
2012-05-23T10:00:00Z,0.2610932157972679,0.0,0.102705094585655,0.0
2012-05-23T11:00:00Z,0.0257119567431309,0.0,0.102705094585655,0.0
2012-05-23T12:00:00Z,0.0251946425933661,0.0,0.102705094585655,0.0
2012-05-23T13:00:00Z,0.2478507497479442,0.0,0.102705094585655,0.0
2012-05-23T14:00:00Z,0.0024091824004633,0.0,0.102705094585655,0.0
2012-05-23T15:00:00Z,0.24037772063836,0.0,0.102705094585655,0.0
2012-05-23T16:00:00Z,0.0239965925698784,0.0,0.0,0.0
2012-05-23T17:00:00Z,0.2378978654892928,0.0,0.1369706192075646,0.0
2012-05-23T18:00:00Z,0.0022472656601745,0.0,0.1369706192075646,0.0
2012-05-23T19:00:00Z,0.0216491509202233,0.0,0.1369706192075646,0.0
2012-05-23T20:00:00Z,0.2054648016686339,0.0,0.1369706192075646,0.0
2012-05-23T21:00:00Z,0.1901156326142005,0.0,0.1712753492352201,0.0
2012-05-23T22:00:00Z,0.1785481315408048,0.0,0.1712753492352201,0.0
2012-05-23T23:00:00Z,0.0001705342697297,0.0,0.1712753492352201,0.0
2012-05-24T00:00:00Z,0.0016551358468341,0.0,0.1712753492352201,0.0
2012-05-24T01:00:00Z,0.0166601320148016,0.0,0.1712753492352201,0.0
2012-05-24T02:00:00Z,0.0017097072674232,0.0,0.1712753492352201,0.0
2012-05-24T03:00:00Z,0.0181710956737894,0.0,0.1712753492352201,0.0
2012-05-24T04:00:00Z,0.0020963138009044,0.0,0.1712753492352201,0.0
2012-05-24T05:00:00Z,0.0022902573612436,0.0,0.0,0.0
2012-05-24T06:00:00Z,0.2417006220393101,0.0,0.0,0.0
2012-05-24T07:00:00Z,0.2430136351140442,0.0,0.0,0.0
2012-05-24T08:00:00Z,0.024843397497667,0.0,0.102705094585655,0.0
2012-05-24T09:00:00Z,0.0250936093545357,0.0,0.102705094585655,0.0
2012-05-24T10:00:00Z,0.0025307700428492,0.0,0.102705094585655,0.0
2012-05-24T11:00:00Z,0.2526996520499273,0.0,0.102705094585655,0.0
2012-05-24T12:00:00Z,0.2461701454889464,0.0,0.102705094585655,0.0
2012-05-24T13:00:00Z,2.4355045374248368e-05,0.0,0.102705094585655,0.0
2012-05-24T14:00:00Z,0.0238711694317714,0.0,0.102705094585655,0.0
2012-05-24T15:00:00Z,0.0235361020293786,0.0,0.102705094585655,0.0
2012-05-24T16:00:00Z,0.0023304850303747,0.0,0.0,0.0
2012-05-24T17:00:00Z,0.2308377572178141,0.0,0.1369706192075646,0.0
2012-05-24T18:00:00Z,0.2222356770628017,0.0,0.1369706192075646,0.0
2012-05-24T19:00:00Z,0.0021427979413079,0.0,0.1369706192075646,0.0
2012-05-24T20:00:00Z,0.2029754106485426,0.0,0.1369706192075646,0.0
2012-05-24T21:00:00Z,0.1890418191296738,0.0,0.1712753492352201,0.0
2012-05-24T22:00:00Z,0.1799207487046508,0.0,0.1712753492352201,0.0
2012-05-24T23:00:00Z,0.0172978487742738,0.0,0.1712753492352201,0.0
2012-05-25T00:00:00Z,0.1700793969333785,0.0,0.1712753492352201,0.0
2012-05-25T01:00:00Z,0.1662059339557058,0.0,0.1712753492352201,0.0
2012-05-25T02:00:00Z,0.164128954671776,0.0,0.1712753492352201,0.0
2012-05-25T03:00:00Z,0.1619230942726902,0.0,0.1712753492352201,0.0
2012-05-25T04:00:00Z,0.0016167131399021,0.0,0.1712753492352201,0.0
2012-05-25T05:00:00Z,0.1732986247515874,0.0,0.0,0.0
2012-05-25T06:00:00Z,0.0018842458197493,0.0,0.0,0.0
2012-05-25T07:00:00Z,0.1980491640127907,0.0,0.0,0.0
2012-05-25T08:00:00Z,0.2040293887381053,0.0,0.102705094585655,0.0
2012-05-25T09:00:00Z,0.0020888397927526,0.0,0.102705094585655,0.0
2012-05-25T10:00:00Z,0.0020645920504035,0.0,0.102705094585655,0.0
2012-05-25T11:00:00Z,0.1992098772829543,0.0,0.102705094585655,0.0
2012-05-25T12:00:00Z,0.0019276639916005,0.0,0.102705094585655,0.0
2012-05-25T13:00:00Z,0.1892659806316954,0.0,0.102705094585655,0.0
2012-05-25T14:00:00Z,0.1891716597061854,0.0,0.102705094585655,0.0
2012-05-25T15:00:00Z,0.1905853574807269,0.0,0.102705094585655,0.0
2012-05-25T16:00:00Z,0.0193707552426532,0.0,0.0,0.0
2012-05-25T17:00:00Z,0.1934081319506277,0.0,0.1369706192075646,0.0
2012-05-25T18:00:00Z,0.0018829499594939,0.0,0.1369706192075646,0.0
2012-05-25T19:00:00Z,0.1842865720045049,0.0,0.1369706192075646,0.0
2012-05-25T20:00:00Z,0.1794575246783298,0.0,0.1369706192075646,0.0
2012-05-25T21:00:00Z,0.172536127105691,0.0,0.1712753492352201,0.0
2012-05-25T22:00:00Z,0.0167316451732295,0.0,0.1712753492352201,0.0
2012-05-25T23:00:00Z,0.0016143982925254,0.0,0.1712753492352201,0.0
2012-05-26T00:00:00Z,0.0158521676491557,0.0,0.1712753492352201,0.0
2012-05-26T01:00:00Z,0.1597268284871606,0.0,0.1712753492352201,0.0
2012-05-26T02:00:00Z,0.1632389269889591,0.0,0.1712753492352201,0.0
2012-05-26T03:00:00Z,0.0168835259477386,0.0,0.1712753492352201,0.0
2012-05-26T04:00:00Z,0.1876821057420186,0.0,0.1712753492352201,0.0
2012-05-26T05:00:00Z,0.0020508290667783,0.0,0.0,0.0
2012-05-26T06:00:00Z,0.2201097652497356,0.0,0.0,0.0
2012-05-26T07:00:00Z,0.2257401977779753,0.0,0.0,0.0
2012-05-26T08:00:00Z,0.0002303741122033,0.0,0.102705094585655,0.0
2012-05-26T09:00:00Z,0.2370877863924957,0.0,0.102705094585655,0.0
2012-05-26T10:00:00Z,0.0023838796422399,0.0,0.102705094585655,0.0
2012-05-26T11:00:00Z,0.2318839225506239,0.0,0.102705094585655,0.0
2012-05-26T12:00:00Z,0.2267103894360958,0.0,0.102705094585655,0.0
2012-05-26T13:00:00Z,0.0221628230330056,0.0,0.102705094585655,0.0
2012-05-26T14:00:00Z,0.2216378934765669,0.0,0.102705094585655,0.0
2012-05-26T15:00:00Z,0.2215024527786736,0.0,0.102705094585655,0.0
2012-05-26T16:00:00Z,0.2190981405257279,0.0,0.0,0.0
2012-05-26T17:00:00Z,0.2153469599187858,0.0,0.1369706192075646,0.0
2012-05-26T18:00:00Z,0.2089616466929627,0.0,0.1369706192075646,0.0
2012-05-26T19:00:00Z,0.0020265629184358,0.0,0.1369706192075646,0.0
2012-05-26T20:00:00Z,0.1922267804708965,0.0,0.1369706192075646,0.0
2012-05-26T21:00:00Z,0.1803721067395127,0.0,0.1712753492352201,0.0
2012-05-26T22:00:00Z,0.0170566676026543,0.0,0.1712753492352201,0.0
2012-05-26T23:00:00Z,0.1639645343247743,0.0,0.1712753492352201,0.0
2012-05-27T00:00:00Z,0.0016083294057385,0.0,0.1712753492352201,0.0
2012-05-27T01:00:00Z,0.0159973556911882,0.0,0.1712753492352201,0.0
2012-05-27T02:00:00Z,0.001595978592582,0.0,0.1712753492352201,0.0
2012-05-27T03:00:00Z,0.0160886572505546,0.0,0.1712753492352201,0.0
2012-05-27T04:00:00Z,0.0016963801533853,0.0,0.1712753492352201,0.0
2012-05-27T05:00:00Z,0.0018016847575241,0.0,0.0,0.0
2012-05-27T06:00:00Z,0.1938214835673009,0.0,0.0,0.0
2012-05-27T07:00:00Z,0.2066970241810567,0.0,0.0,0.0
2012-05-27T08:00:00Z,0.2128011173254652,0.0,0.102705094585655,0.0
2012-05-27T09:00:00Z,0.0021626278536356,0.0,0.102705094585655,0.0
2012-05-27T10:00:00Z,0.2144736934384262,0.0,0.102705094585655,0.0
2012-05-27T11:00:00Z,0.000208544995704,0.0,0.102705094585655,0.0
2012-05-27T12:00:00Z,0.2018697195499968,0.0,0.102705094585655,0.0
2012-05-27T13:00:00Z,0.0019999686077426,0.0,0.102705094585655,0.0
2012-05-27T14:00:00Z,0.1994254819561512,0.0,0.102705094585655,0.0
2012-05-27T15:00:00Z,0.0205447795705626,0.0,0.102705094585655,0.0
2012-05-27T16:00:00Z,0.2048233332194528,0.0,0.0,0.0
2012-05-27T17:00:00Z,0.0020100171052624,0.0,0.1369706192075646,0.0
2012-05-27T18:00:00Z,0.0193243447262232,0.0,0.1369706192075646,0.0
2012-05-27T19:00:00Z,0.001865809671897,0.0,0.1369706192075646,0.0
2012-05-27T20:00:00Z,0.1798202010707514,0.0,0.1369706192075646,0.0
2012-05-27T21:00:00Z,0.1704487112319135,0.0,0.1712753492352201,0.0
2012-05-27T22:00:00Z,0.0016097125965581,0.0,0.1712753492352201,0.0
2012-05-27T23:00:00Z,0.1533333108877048,0.0,0.1712753492352201,0.0
2012-05-28T00:00:00Z,0.0014974383868087,0.0,0.1712753492352201,0.0
2012-05-28T01:00:00Z,0.1470980260885492,0.0,0.1712753492352201,0.0
2012-05-28T02:00:00Z,0.1467446310161798,0.0,0.1712753492352201,0.0
2012-05-28T03:00:00Z,0.001449061170408,0.0,0.1712753492352201,0.0
2012-05-28T04:00:00Z,0.1465708706065939,0.0,0.1712753492352201,0.0
2012-05-28T05:00:00Z,0.0015497591851893,0.0,0.0,0.0
2012-05-28T06:00:00Z,0.1642669212985443,0.0,0.0,0.0
2012-05-28T07:00:00Z,0.174994267098771,0.0,0.0,0.0
2012-05-28T08:00:00Z,0.0184216169079931,0.0,0.102705094585655,0.0
2012-05-28T09:00:00Z,0.1950514347018205,0.0,0.102705094585655,0.0
2012-05-28T10:00:00Z,0.0019288317931362,0.0,0.102705094585655,0.0
2012-05-28T11:00:00Z,0.1879575690552994,0.0,0.102705094585655,0.0
2012-05-28T12:00:00Z,0.1849194053014855,0.0,0.102705094585655,0.0
2012-05-28T13:00:00Z,0.1816952431105907,0.0,0.102705094585655,0.0
2012-05-28T14:00:00Z,0.0182747919074027,0.0,0.102705094585655,0.0
2012-05-28T15:00:00Z,0.0018631321872895,0.0,0.102705094585655,0.0
2012-05-28T16:00:00Z,0.0193197706410666,0.0,0.0,0.0
2012-05-28T17:00:00Z,0.0192341161971076,0.0,0.1369706192075646,0.0
2012-05-28T18:00:00Z,0.0187704222305307,0.0,0.1369706192075646,0.0
2012-05-28T19:00:00Z,0.1849813590918765,0.0,0.1369706192075646,0.0
2012-05-28T20:00:00Z,0.0181248887981368,0.0,0.1369706192075646,0.0
2012-05-28T21:00:00Z,0.0171047464069925,0.0,0.1712753492352201,0.0
2012-05-28T22:00:00Z,0.0001639515815964,0.0,0.1712753492352201,0.0
2012-05-28T23:00:00Z,0.0015864462461098,0.0,0.1712753492352201,0.0
2012-05-29T00:00:00Z,0.1561308260688558,0.0,0.1712753492352201,0.0
2012-05-29T01:00:00Z,0.1579874229536546,0.0,0.1712753492352201,0.0
2012-05-29T02:00:00Z,0.0016368739684933,0.0,0.1712753492352201,0.0
2012-05-29T03:00:00Z,0.1768465757787355,0.0,0.1712753492352201,0.0
2012-05-29T04:00:00Z,0.2069184639457633,0.0,0.1712753492352201,0.0
2012-05-29T05:00:00Z,0.002281707189906,0.0,0.0,0.0
2012-05-29T06:00:00Z,0.241651434959202,0.0,0.0,0.0
2012-05-29T07:00:00Z,0.2461552640475124,0.0,0.0,0.0
2012-05-29T08:00:00Z,0.2517072165530318,0.0,0.102705094585655,0.0
2012-05-29T09:00:00Z,0.2551713028253618,0.0,0.102705094585655,0.0
2012-05-29T10:00:00Z,0.2552915879500052,0.0,0.102705094585655,0.0
2012-05-29T11:00:00Z,0.0025210986723846,0.0,0.102705094585655,0.0
2012-05-29T12:00:00Z,0.2466848083924347,0.0,0.102705094585655,0.0
2012-05-29T13:00:00Z,0.2421333782723795,0.0,0.102705094585655,0.0
2012-05-29T14:00:00Z,0.0236476188520824,0.0,0.102705094585655,0.0
2012-05-29T15:00:00Z,0.0023458285797269,0.0,0.102705094585655,0.0
2012-05-29T16:00:00Z,0.0232918192520708,0.0,0.0,0.0
2012-05-29T17:00:00Z,0.0231246419222351,0.0,0.1369706192075646,0.0
2012-05-29T18:00:00Z,0.0224123808896849,0.0,0.1369706192075646,0.0
2012-05-29T19:00:00Z,0.0216364468686413,0.0,0.1369706192075646,0.0
2012-05-29T20:00:00Z,0.2071894628266139,0.0,0.1369706192075646,0.0
2012-05-29T21:00:00Z,0.1916085153218459,0.0,0.1712753492352201,0.0
2012-05-29T22:00:00Z,0.1795347515270346,0.0,0.1712753492352201,0.0
2012-05-29T23:00:00Z,0.1729925565791469,0.0,0.1712753492352201,0.0
2012-05-30T00:00:00Z,0.0170587275074423,0.0,0.1712753492352201,0.0
2012-05-30T01:00:00Z,0.1710365673302442,0.0,0.1712753492352201,0.0
2012-05-30T02:00:00Z,0.0176377291481198,0.0,0.1712753492352201,0.0
2012-05-30T03:00:00Z,1.876118986258767e-05,0.0,0.1712753492352201,0.0
2012-05-30T04:00:00Z,0.2138579346374067,0.0,0.1712753492352201,0.0
2012-05-30T05:00:00Z,0.2343084813962574,0.0,0.0,0.0
2012-05-30T06:00:00Z,0.2458371732368608,0.0,0.0,0.0
2012-05-30T07:00:00Z,0.0002501284424732,0.0,0.0,0.0
2012-05-30T08:00:00Z,0.2532939894076194,0.0,0.102705094585655,0.0
2012-05-30T09:00:00Z,0.2570096112018719,0.0,0.102705094585655,0.0
2012-05-30T10:00:00Z,0.2541488890563144,0.0,0.102705094585655,0.0
2012-05-30T11:00:00Z,0.0250065607544844,0.0,0.102705094585655,0.0
2012-05-30T12:00:00Z,0.0024509624389062,0.0,0.102705094585655,0.0
2012-05-30T13:00:00Z,0.2409903856660288,0.0,0.102705094585655,0.0
2012-05-30T14:00:00Z,0.0234426739903547,0.0,0.102705094585655,0.0
2012-05-30T15:00:00Z,0.2361943124811363,0.0,0.102705094585655,0.0
2012-05-30T16:00:00Z,0.2353713687698365,0.0,0.0,0.0
2012-05-30T17:00:00Z,0.2329216681205171,0.0,0.1369706192075646,0.0
2012-05-30T18:00:00Z,0.0022388439391735,0.0,0.1369706192075646,0.0
2012-05-30T19:00:00Z,0.0215166982591232,0.0,0.1369706192075646,0.0
2012-05-30T20:00:00Z,0.2035795971707628,0.0,0.1369706192075646,0.0
2012-05-30T21:00:00Z,0.0188477313187803,0.0,0.1712753492352201,0.0
2012-05-30T22:00:00Z,0.0017273507827107,0.0,0.1712753492352201,0.0
2012-05-30T23:00:00Z,0.0167935480534261,0.0,0.1712753492352201,0.0
2012-05-31T00:00:00Z,0.1654472154127,0.0,0.1712753492352201,0.0
2012-05-31T01:00:00Z,0.0016729305262372,0.0,0.1712753492352201,0.0
2012-05-31T02:00:00Z,0.0017078788082112,0.0,0.1712753492352201,0.0
2012-05-31T03:00:00Z,0.182591556244329,0.0,0.1712753492352201,0.0
2012-05-31T04:00:00Z,0.2080782764971032,0.0,0.1712753492352201,0.0
2012-05-31T05:00:00Z,0.2277099719410484,0.0,0.0,0.0
2012-05-31T06:00:00Z,0.0023934491923157,0.0,0.0,0.0
2012-05-31T07:00:00Z,0.2415491642110313,0.0,0.0,0.0
2012-05-31T08:00:00Z,0.245259146722214,0.0,0.102705094585655,0.0
2012-05-31T09:00:00Z,0.0250413872436087,0.0,0.102705094585655,0.0
2012-05-31T10:00:00Z,0.0246759695330282,0.0,0.102705094585655,0.0
2012-05-31T11:00:00Z,0.2484473389026953,0.0,0.102705094585655,0.0
2012-05-31T12:00:00Z,0.2467089515730769,0.0,0.102705094585655,0.0
2012-05-31T13:00:00Z,0.2411467387053057,0.0,0.102705094585655,0.0
2012-05-31T14:00:00Z,0.2365485299489534,0.0,0.102705094585655,0.0
2012-05-31T15:00:00Z,0.0002372653944379,0.0,0.102705094585655,0.0
2012-05-31T16:00:00Z,0.0234967523652921,0.0,0.0,0.0
2012-05-31T17:00:00Z,0.2315903077949624,0.0,0.1369706192075646,0.0
2012-05-31T18:00:00Z,0.2220205227490165,0.0,0.1369706192075646,0.0
2012-05-31T19:00:00Z,0.0212617556703461,0.0,0.1369706192075646,0.0
2012-05-31T20:00:00Z,0.2034447634790332,0.0,0.1369706192075646,0.0
2012-05-31T21:00:00Z,0.0018793204542515,0.0,0.1712753492352201,0.0
2012-05-31T22:00:00Z,0.1801135221137531,0.0,0.1712753492352201,0.0
2012-05-31T23:00:00Z,0.0017311522077633,0.0,0.1712753492352201,0.0
2012-06-01T00:00:00Z,0.0016994320237299,0.0,0.1712753492352201,0.0
2012-06-01T01:00:00Z,0.0017154926235891,0.0,0.1712753492352201,0.0
2012-06-01T02:00:00Z,0.1761945336737986,0.0,0.1712753492352201,0.0
2012-06-01T03:00:00Z,0.0018497071690316,0.0,0.1712753492352201,0.0
2012-06-01T04:00:00Z,0.0021085479122307,0.0,0.1712753492352201,0.0
2012-06-01T05:00:00Z,0.0023053338278837,0.0,0.0,0.0
2012-06-01T06:00:00Z,0.0242634912219971,0.0,0.0,0.0
2012-06-01T07:00:00Z,0.2459249345796333,0.0,0.0,0.0
2012-06-01T08:00:00Z,0.2489248177834427,0.0,0.102705094585655,0.0
2012-06-01T09:00:00Z,0.0025096133325326,0.0,0.102705094585655,0.0
2012-06-01T10:00:00Z,0.2517869105880796,0.0,0.102705094585655,0.0
2012-06-01T11:00:00Z,0.0253388476770303,0.0,0.102705094585655,0.0
2012-06-01T12:00:00Z,0.0246202737803771,0.0,0.102705094585655,0.0
2012-06-01T13:00:00Z,0.2402312755061431,0.0,0.102705094585655,0.0
2012-06-01T14:00:00Z,0.2372958524407558,0.0,0.102705094585655,0.0
2012-06-01T15:00:00Z,0.2359531939682177,0.0,0.102705094585655,0.0
2012-06-01T16:00:00Z,0.233709836252887,0.0,0.0,0.0
2012-06-01T17:00:00Z,0.2309384419176215,0.0,0.1369706192075646,0.0
2012-06-01T18:00:00Z,0.2228450525086797,0.0,0.1369706192075646,0.0
2012-06-01T19:00:00Z,0.2137802770101341,0.0,0.1369706192075646,0.0
2012-06-01T20:00:00Z,0.0002042798962657,0.0,0.1369706192075646,0.0
2012-06-01T21:00:00Z,0.1882505572239532,0.0,0.1712753492352201,0.0
2012-06-01T22:00:00Z,0.0001790910985542,0.0,0.1712753492352201,0.0
2012-06-01T23:00:00Z,0.1722341317488009,0.0,0.1712753492352201,0.0
2012-06-02T00:00:00Z,0.0168306733336351,0.0,0.1712753492352201,0.0
2012-06-02T01:00:00Z,0.0168716599562794,0.0,0.1712753492352201,0.0
2012-06-02T02:00:00Z,0.1725624829217044,0.0,0.1712753492352201,0.0
2012-06-02T03:00:00Z,0.0180476345362504,0.0,0.1712753492352201,0.0
2012-06-02T04:00:00Z,0.020613175458627,0.0,0.1712753492352201,0.0
2012-06-02T05:00:00Z,0.2275001044551411,0.0,0.0,0.0
2012-06-02T06:00:00Z,0.2394078422737434,0.0,0.0,0.0
2012-06-02T07:00:00Z,0.0024000138660725,0.0,0.0,0.0
2012-06-02T08:00:00Z,0.0024482606740521,0.0,0.102705094585655,0.0
2012-06-02T09:00:00Z,0.2507779488588548,0.0,0.102705094585655,0.0
2012-06-02T10:00:00Z,0.0025103311662733,0.0,0.102705094585655,0.0
2012-06-02T11:00:00Z,0.0024549866939634,0.0,0.102705094585655,0.0
2012-06-02T12:00:00Z,0.0240107260230719,0.0,0.102705094585655,0.0
2012-06-02T13:00:00Z,0.000235498419076,0.0,0.102705094585655,0.0
2012-06-02T14:00:00Z,0.2332251907832386,0.0,0.102705094585655,0.0
2012-06-02T15:00:00Z,0.232210628932632,0.0,0.102705094585655,0.0
2012-06-02T16:00:00Z,0.2301717148094229,0.0,0.0,0.0
2012-06-02T17:00:00Z,0.0022706068094469,0.0,0.1369706192075646,0.0
2012-06-02T18:00:00Z,0.2182053323630642,0.0,0.1369706192075646,0.0
2012-06-02T19:00:00Z,0.2063973002020696,0.0,0.1369706192075646,0.0
2012-06-02T20:00:00Z,0.0196686268737986,0.0,0.1369706192075646,0.0
2012-06-02T21:00:00Z,0.1831135032217823,0.0,0.1712753492352201,0.0
2012-06-02T22:00:00Z,0.0017075768715968,0.0,0.1712753492352201,0.0
2012-06-02T23:00:00Z,0.1627688300863969,0.0,0.1712753492352201,0.0
2012-06-03T00:00:00Z,0.1578887159190903,0.0,0.1712753492352201,0.0
2012-06-03T01:00:00Z,0.0015507820884795,0.0,0.1712753492352201,0.0
2012-06-03T02:00:00Z,0.0015566821883912,0.0,0.1712753492352201,0.0
2012-06-03T03:00:00Z,0.1541648310086732,0.0,0.1712753492352201,0.0
2012-06-03T04:00:00Z,0.0160264606576981,0.0,0.1712753492352201,0.0
2012-06-03T05:00:00Z,0.0172563256365042,0.0,0.0,0.0
2012-06-03T06:00:00Z,0.1884199119436408,0.0,0.0,0.0
2012-06-03T07:00:00Z,0.1970431589910087,0.0,0.0,0.0
2012-06-03T08:00:00Z,0.020182064016453,0.0,0.102705094585655,0.0
2012-06-03T09:00:00Z,0.2071537277863283,0.0,0.102705094585655,0.0
2012-06-03T10:00:00Z,0.0020434560957815,0.0,0.102705094585655,0.0
2012-06-03T11:00:00Z,0.0019835109083672,0.0,0.102705094585655,0.0
2012-06-03T12:00:00Z,0.1931317287568353,0.0,0.102705094585655,0.0
2012-06-03T13:00:00Z,0.0019079879847066,0.0,0.102705094585655,0.0
2012-06-03T14:00:00Z,0.0188771613273004,0.0,0.102705094585655,0.0
2012-06-03T15:00:00Z,0.0187362419092581,0.0,0.102705094585655,0.0
2012-06-03T16:00:00Z,0.0188540206858706,0.0,0.0,0.0
2012-06-03T17:00:00Z,0.0018637728725049,0.0,0.1369706192075646,0.0
2012-06-03T18:00:00Z,0.1808746686814138,0.0,0.1369706192075646,0.0
2012-06-03T19:00:00Z,0.0176405527058235,0.0,0.1369706192075646,0.0
2012-06-03T20:00:00Z,0.0017209772179912,0.0,0.1369706192075646,0.0
2012-06-03T21:00:00Z,0.0160956946058854,0.0,0.1712753492352201,0.0
2012-06-03T22:00:00Z,0.0015459248643188,0.0,0.1712753492352201,0.0
2012-06-03T23:00:00Z,0.0014872344173875,0.0,0.1712753492352201,0.0
2012-06-04T00:00:00Z,0.1424433265972797,0.0,0.1712753492352201,0.0
2012-06-04T01:00:00Z,0.136991216815276,0.0,0.1712753492352201,0.0
2012-06-04T02:00:00Z,0.1371055885250338,0.0,0.1712753492352201,0.0
2012-06-04T03:00:00Z,0.0013926930115742,0.0,0.1712753492352201,0.0
2012-06-04T04:00:00Z,0.0142431000455986,0.0,0.1712753492352201,0.0
2012-06-04T05:00:00Z,0.1520236069756053,0.0,0.0,0.0
2012-06-04T06:00:00Z,0.016263126486693,0.0,0.0,0.0
2012-06-04T07:00:00Z,0.1733259008672684,0.0,0.0,0.0
2012-06-04T08:00:00Z,0.178852515760662,0.0,0.102705094585655,0.0
2012-06-04T09:00:00Z,0.1869445540913682,0.0,0.102705094585655,0.0
2012-06-04T10:00:00Z,0.1874037640446709,0.0,0.102705094585655,0.0
2012-06-04T11:00:00Z,0.0001837215765415,0.0,0.102705094585655,0.0
2012-06-04T12:00:00Z,0.178376564185746,0.0,0.102705094585655,0.0
2012-06-04T13:00:00Z,0.1732162873026005,0.0,0.102705094585655,0.0
2012-06-04T14:00:00Z,0.1711712639560658,0.0,0.102705094585655,0.0
2012-06-04T15:00:00Z,0.1733647101000607,0.0,0.102705094585655,0.0
2012-06-04T16:00:00Z,0.1783546336404749,0.0,0.0,0.0
2012-06-04T17:00:00Z,0.1751937371565185,0.0,0.1369706192075646,0.0
2012-06-04T18:00:00Z,0.1720291790547356,0.0,0.1369706192075646,0.0
2012-06-04T19:00:00Z,0.0171759110263974,0.0,0.1369706192075646,0.0
2012-06-04T20:00:00Z,0.1741174564856489,0.0,0.1369706192075646,0.0
2012-06-04T21:00:00Z,0.0016470567906029,0.0,0.1712753492352201,0.0
2012-06-04T22:00:00Z,0.0015519769115799,0.0,0.1712753492352201,0.0
2012-06-04T23:00:00Z,0.1495079972054086,0.0,0.1712753492352201,0.0
2012-06-05T00:00:00Z,0.1461958974441453,0.0,0.1712753492352201,0.0
2012-06-05T01:00:00Z,0.1431452998543964,0.0,0.1712753492352201,0.0
2012-06-05T02:00:00Z,0.0014624137395431,0.0,0.1712753492352201,0.0
2012-06-05T03:00:00Z,0.1473992773733676,0.0,0.1712753492352201,0.0
2012-06-05T04:00:00Z,0.1525115420270444,0.0,0.1712753492352201,0.0
2012-06-05T05:00:00Z,0.1593139859724311,0.0,0.0,0.0
2012-06-05T06:00:00Z,0.1712318079256894,0.0,0.0,0.0
2012-06-05T07:00:00Z,0.0182649701560563,0.0,0.0,0.0
2012-06-05T08:00:00Z,0.0192139910056525,0.0,0.102705094585655,0.0
2012-06-05T09:00:00Z,0.0200338957699648,0.0,0.102705094585655,0.0
2012-06-05T10:00:00Z,0.0019594617157761,0.0,0.102705094585655,0.0
2012-06-05T11:00:00Z,0.1889185968784316,0.0,0.102705094585655,0.0
2012-06-05T12:00:00Z,0.0182041716354608,0.0,0.102705094585655,0.0
2012-06-05T13:00:00Z,0.001819936453826,0.0,0.102705094585655,0.0
2012-06-05T14:00:00Z,0.0017999765246942,0.0,0.102705094585655,0.0
2012-06-05T15:00:00Z,0.1824892854961582,0.0,0.102705094585655,0.0
2012-06-05T16:00:00Z,0.0018375302337698,0.0,0.0,0.0
2012-06-05T17:00:00Z,0.018513509808848,0.0,0.1369706192075646,0.0
2012-06-05T18:00:00Z,0.0018281216382316,0.0,0.1369706192075646,0.0
2012-06-05T19:00:00Z,0.1799434233219937,0.0,0.1369706192075646,0.0
2012-06-05T20:00:00Z,0.1792050101142077,0.0,0.1369706192075646,0.0
2012-06-05T21:00:00Z,0.1670716813919724,0.0,0.1712753492352201,0.0
2012-06-05T22:00:00Z,0.156301336058339,0.0,0.1712753492352201,0.0
2012-06-05T23:00:00Z,0.1527186290331049,0.0,0.1712753492352201,0.0
2012-06-06T00:00:00Z,0.0151278878945631,0.0,0.1712753492352201,0.0
2012-06-06T01:00:00Z,0.1512046969181679,0.0,0.1712753492352201,0.0
2012-06-06T02:00:00Z,0.0157345024414383,0.0,0.1712753492352201,0.0
2012-06-06T03:00:00Z,0.1711642148522287,0.0,0.1712753492352201,0.0
2012-06-06T04:00:00Z,0.020173225223475,0.0,0.1712753492352201,0.0
2012-06-06T05:00:00Z,0.2246097760734675,0.0,0.0,0.0
2012-06-06T06:00:00Z,0.237810809056904,0.0,0.0,0.0
2012-06-06T07:00:00Z,0.0243416070410191,0.0,0.0,0.0
2012-06-06T08:00:00Z,0.0024946484767032,0.0,0.102705094585655,0.0
2012-06-06T09:00:00Z,0.0255123652841506,0.0,0.102705094585655,0.0
2012-06-06T10:00:00Z,0.0025367175284033,0.0,0.102705094585655,0.0
2012-06-06T11:00:00Z,0.0002509574954078,0.0,0.102705094585655,0.0
2012-06-06T12:00:00Z,0.0247872787987857,0.0,0.102705094585655,0.0
2012-06-06T13:00:00Z,0.2425919616386744,0.0,0.102705094585655,0.0
2012-06-06T14:00:00Z,0.0023603270198524,0.0,0.102705094585655,0.0
2012-06-06T15:00:00Z,0.236363706362512,0.0,0.102705094585655,0.0
2012-06-06T16:00:00Z,0.2366360759024421,0.0,0.0,0.0
2012-06-06T17:00:00Z,0.230505979397212,0.0,0.1369706192075646,0.0
2012-06-06T18:00:00Z,0.0022130767233306,0.0,0.1369706192075646,0.0
2012-06-06T19:00:00Z,0.212427456079564,0.0,0.1369706192075646,0.0
2012-06-06T20:00:00Z,0.2019644125115426,0.0,0.1369706192075646,0.0
2012-06-06T21:00:00Z,0.1867462393034162,0.0,0.1712753492352201,0.0
2012-06-06T22:00:00Z,0.0017522552665673,0.0,0.1712753492352201,0.0
2012-06-06T23:00:00Z,0.1688000237486229,0.0,0.1712753492352201,0.0
2012-06-07T00:00:00Z,0.0165617696030917,0.0,0.1712753492352201,0.0
2012-06-07T01:00:00Z,0.1662858237991935,0.0,0.1712753492352201,0.0
2012-06-07T02:00:00Z,0.169852670340794,0.0,0.1712753492352201,0.0
2012-06-07T03:00:00Z,0.1796707600694037,0.0,0.1712753492352201,0.0
2012-06-07T04:00:00Z,0.0020553851375584,0.0,0.1712753492352201,0.0
2012-06-07T05:00:00Z,0.0226919875095545,0.0,0.0,0.0
2012-06-07T06:00:00Z,0.0238965148762348,0.0,0.0,0.0
2012-06-07T07:00:00Z,0.024138749497261,0.0,0.0,0.0
2012-06-07T08:00:00Z,0.0246067982435417,0.0,0.102705094585655,0.0
2012-06-07T09:00:00Z,0.2526954617493129,0.0,0.102705094585655,0.0
2012-06-07T10:00:00Z,0.0025283952780898,0.0,0.102705094585655,0.0
2012-06-07T11:00:00Z,0.2510994467363611,0.0,0.102705094585655,0.0
2012-06-07T12:00:00Z,0.246101730020038,0.0,0.102705094585655,0.0
2012-06-07T13:00:00Z,0.2415037366529696,0.0,0.102705094585655,0.0
2012-06-07T14:00:00Z,0.0237856011435259,0.0,0.102705094585655,0.0
2012-06-07T15:00:00Z,0.2379123748946909,0.0,0.102705094585655,0.0
2012-06-07T16:00:00Z,0.002364819648698,0.0,0.0,0.0
2012-06-07T17:00:00Z,0.0232662075081291,0.0,0.1369706192075646,0.0
2012-06-07T18:00:00Z,0.0221610725055527,0.0,0.1369706192075646,0.0
2012-06-07T19:00:00Z,0.0021455694139665,0.0,0.1369706192075646,0.0
2012-06-07T20:00:00Z,0.2041343812235908,0.0,0.1369706192075646,0.0
2012-06-07T21:00:00Z,0.0188323877694281,0.0,0.1712753492352201,0.0
2012-06-07T22:00:00Z,0.1791575461483709,0.0,0.1712753492352201,0.0
2012-06-07T23:00:00Z,0.1719773093990006,0.0,0.1712753492352201,0.0
2012-06-08T00:00:00Z,0.0169498932603654,0.0,0.1712753492352201,0.0
2012-06-08T01:00:00Z,0.1719498962174117,0.0,0.1712753492352201,0.0
2012-06-08T02:00:00Z,0.001747625180197,0.0,0.1712753492352201,0.0
2012-06-08T03:00:00Z,0.1862426395767835,0.0,0.1712753492352201,0.0
2012-06-08T04:00:00Z,0.0211314216565659,0.0,0.1712753492352201,0.0
2012-06-08T05:00:00Z,0.0231232790954932,0.0,0.0,0.0
2012-06-08T06:00:00Z,0.0243327134216779,0.0,0.0,0.0
2012-06-08T07:00:00Z,0.0246955895387083,0.0,0.0,0.0
2012-06-08T08:00:00Z,0.2505591133463991,0.0,0.102705094585655,0.0
2012-06-08T09:00:00Z,0.2532446456807593,0.0,0.102705094585655,0.0
2012-06-08T10:00:00Z,0.2537646149929695,0.0,0.102705094585655,0.0
2012-06-08T11:00:00Z,0.002524144668476,0.0,0.102705094585655,0.0
2012-06-08T12:00:00Z,0.2460748846829248,0.0,0.102705094585655,0.0
2012-06-08T13:00:00Z,0.2429961690012033,0.0,0.102705094585655,0.0
2012-06-08T14:00:00Z,0.2399241108064391,0.0,0.102705094585655,0.0
2012-06-08T15:00:00Z,0.0238599496081639,0.0,0.102705094585655,0.0
2012-06-08T16:00:00Z,0.2361401714474982,0.0,0.0,0.0
2012-06-08T17:00:00Z,0.2307261464070591,0.0,0.1369706192075646,0.0
2012-06-08T18:00:00Z,0.2225869378231759,0.0,0.1369706192075646,0.0
2012-06-08T19:00:00Z,0.2131339720924869,0.0,0.1369706192075646,0.0
2012-06-08T20:00:00Z,0.0204437580802386,0.0,0.1369706192075646,0.0
2012-06-08T21:00:00Z,0.0190792473858053,0.0,0.1712753492352201,0.0
2012-06-08T22:00:00Z,0.0017997540863065,0.0,0.1712753492352201,0.0
2012-06-08T23:00:00Z,0.0173249682432029,0.0,0.1712753492352201,0.0
2012-06-09T00:00:00Z,0.0171513488156937,0.0,0.1712753492352201,0.0
2012-06-09T01:00:00Z,0.1720370897157085,0.0,0.1712753492352201,0.0
2012-06-09T02:00:00Z,0.0017490686800161,0.0,0.1712753492352201,0.0
2012-06-09T03:00:00Z,0.1836709306885494,0.0,0.1712753492352201,0.0
2012-06-09T04:00:00Z,0.2075840755755867,0.0,0.1712753492352201,0.0
2012-06-09T05:00:00Z,0.0227403991882405,0.0,0.0,0.0
2012-06-09T06:00:00Z,0.2409481302046938,0.0,0.0,0.0
2012-06-09T07:00:00Z,0.2456640002525946,0.0,0.0,0.0
2012-06-09T08:00:00Z,0.2490795847743562,0.0,0.102705094585655,0.0
2012-06-09T09:00:00Z,0.2513144444033943,0.0,0.102705094585655,0.0
2012-06-09T10:00:00Z,0.0025011536246942,0.0,0.102705094585655,0.0
2012-06-09T11:00:00Z,0.244917147701048,0.0,0.102705094585655,0.0
2012-06-09T12:00:00Z,0.2401295334407602,0.0,0.102705094585655,0.0
2012-06-09T13:00:00Z,0.0023469149249516,0.0,0.102705094585655,0.0
2012-06-09T14:00:00Z,0.023054957614636,0.0,0.102705094585655,0.0
2012-06-09T15:00:00Z,0.2279293752979799,0.0,0.102705094585655,0.0
2012-06-09T16:00:00Z,0.2246536567448538,0.0,0.0,0.0
2012-06-09T17:00:00Z,0.0021905035347596,0.0,0.1369706192075646,0.0
2012-06-09T18:00:00Z,0.209572921480708,0.0,0.1369706192075646,0.0
2012-06-09T19:00:00Z,0.0020029268816529,0.0,0.1369706192075646,0.0
2012-06-09T20:00:00Z,0.001928496569087,0.0,0.1369706192075646,0.0
2012-06-09T21:00:00Z,0.1794233561055635,0.0,0.1712753492352201,0.0
2012-06-09T22:00:00Z,0.16937211726754,0.0,0.1712753492352201,0.0
2012-06-09T23:00:00Z,0.0163129401538089,0.0,0.1712753492352201,0.0
2012-06-10T00:00:00Z,0.1586558542250128,0.0,0.1712753492352201,0.0
2012-06-10T01:00:00Z,0.1572945743698381,0.0,0.1712753492352201,0.0
2012-06-10T02:00:00Z,0.0015584107852988,0.0,0.1712753492352201,0.0
2012-06-10T03:00:00Z,0.0156652763255887,0.0,0.1712753492352201,0.0
2012-06-10T04:00:00Z,0.1652778411121683,0.0,0.1712753492352201,0.0
2012-06-10T05:00:00Z,0.176453784048254,0.0,0.0,0.0
2012-06-10T06:00:00Z,0.0190593023381149,0.0,0.0,0.0
2012-06-10T07:00:00Z,0.2034931673253817,0.0,0.0,0.0
2012-06-10T08:00:00Z,0.0212089500502682,0.0,0.102705094585655,0.0
2012-06-10T09:00:00Z,0.2157784629778397,0.0,0.102705094585655,0.0
2012-06-10T10:00:00Z,0.214052861939348,0.0,0.102705094585655,0.0
2012-06-10T11:00:00Z,0.020831830827318,0.0,0.102705094585655,0.0
2012-06-10T12:00:00Z,0.0201877307127043,0.0,0.102705094585655,0.0
2012-06-10T13:00:00Z,0.0199878337925578,0.0,0.102705094585655,0.0
2012-06-10T14:00:00Z,0.0198152443174427,0.0,0.102705094585655,0.0
2012-06-10T15:00:00Z,0.0019748005657258,0.0,0.102705094585655,0.0
2012-06-10T16:00:00Z,0.0195683220423647,0.0,0.0,0.0
2012-06-10T17:00:00Z,0.0192008757563466,0.0,0.1369706192075646,0.0
2012-06-10T18:00:00Z,0.1848664391184869,0.0,0.1369706192075646,0.0
2012-06-10T19:00:00Z,0.1792090046063821,0.0,0.1369706192075646,0.0
2012-06-10T20:00:00Z,0.0176076177262288,0.0,0.1369706192075646,0.0
2012-06-10T21:00:00Z,0.1664881526601639,0.0,0.1712753492352201,0.0
2012-06-10T22:00:00Z,0.0001562194979208,0.0,0.1712753492352201,0.0
2012-06-10T23:00:00Z,0.0001487278670094,0.0,0.1712753492352201,0.0
2012-06-11T00:00:00Z,0.1439165501375572,0.0,0.1712753492352201,0.0
2012-06-11T01:00:00Z,0.1417247879461457,0.0,0.1712753492352201,0.0
2012-06-11T02:00:00Z,0.1410778760223348,0.0,0.1712753492352201,0.0
2012-06-11T03:00:00Z,0.0014074890805284,0.0,0.1712753492352201,0.0
2012-06-11T04:00:00Z,0.1449668470284493,0.0,0.1712753492352201,0.0
2012-06-11T05:00:00Z,0.1547697028604331,0.0,0.0,0.0
2012-06-11T06:00:00Z,0.1680752388082554,0.0,0.0,0.0
2012-06-11T07:00:00Z,1.7898457876295615e-05,0.0,0.0,0.0
2012-06-11T08:00:00Z,0.0018685365002313,0.0,0.102705094585655,0.0
2012-06-11T09:00:00Z,0.1948099049911779,0.0,0.102705094585655,0.0
2012-06-11T10:00:00Z,0.0019539986603023,0.0,0.102705094585655,0.0
2012-06-11T11:00:00Z,0.1891259971779958,0.0,0.102705094585655,0.0
2012-06-11T12:00:00Z,0.0183617895972596,0.0,0.102705094585655,0.0
2012-06-11T13:00:00Z,0.1825846637872437,0.0,0.102705094585655,0.0
2012-06-11T14:00:00Z,0.0018467535945238,0.0,0.102705094585655,0.0
2012-06-11T15:00:00Z,0.0018863186478943,0.0,0.102705094585655,0.0
2012-06-11T16:00:00Z,0.1908310579111397,0.0,0.0,0.0
2012-06-11T17:00:00Z,0.0018964098316541,0.0,0.1369706192075646,0.0
2012-06-11T18:00:00Z,0.1883631862385957,0.0,0.1369706192075646,0.0
2012-06-11T19:00:00Z,0.0001839765191303,0.0,0.1369706192075646,0.0
2012-06-11T20:00:00Z,0.0018302481178892,0.0,0.1369706192075646,0.0
2012-06-11T21:00:00Z,0.1731155242794172,0.0,0.1712753492352201,0.0
2012-06-11T22:00:00Z,0.0016576237888717,0.0,0.1712753492352201,0.0
2012-06-11T23:00:00Z,0.0160177628467968,0.0,0.1712753492352201,0.0
2012-06-12T00:00:00Z,0.1574967465840566,0.0,0.1712753492352201,0.0
2012-06-12T01:00:00Z,0.1591589840113897,0.0,0.1712753492352201,0.0
2012-06-12T02:00:00Z,0.1650105038491442,0.0,0.1712753492352201,0.0
2012-06-12T03:00:00Z,0.1760435653666195,0.0,0.1712753492352201,0.0
2012-06-12T04:00:00Z,0.0202301310722848,0.0,0.1712753492352201,0.0
2012-06-12T05:00:00Z,0.2220527528182274,0.0,0.0,0.0
2012-06-12T06:00:00Z,0.235496333716194,0.0,0.0,0.0
2012-06-12T07:00:00Z,0.2407335045736965,0.0,0.0,0.0
2012-06-12T08:00:00Z,0.0024864049413825,0.0,0.102705094585655,0.0
2012-06-12T09:00:00Z,0.2574674700769391,0.0,0.102705094585655,0.0
2012-06-12T10:00:00Z,0.0257238109860837,0.0,0.102705094585655,0.0
2012-06-12T11:00:00Z,0.002544961063724,0.0,0.102705094585655,0.0
2012-06-12T12:00:00Z,0.2499639340124153,0.0,0.102705094585655,0.0
2012-06-12T13:00:00Z,0.247112649833662,0.0,0.102705094585655,0.0
2012-06-12T14:00:00Z,0.2412976286891088,0.0,0.102705094585655,0.0
2012-06-12T15:00:00Z,0.0024102973337203,0.0,0.102705094585655,0.0
2012-06-12T16:00:00Z,0.0002382146737546,0.0,0.0,0.0
2012-06-12T17:00:00Z,0.2293964896149318,0.0,0.1369706192075646,0.0
2012-06-12T18:00:00Z,0.2196556854775589,0.0,0.1369706192075646,0.0
2012-06-12T19:00:00Z,0.0209898560706718,0.0,0.1369706192075646,0.0
2012-06-12T20:00:00Z,0.2033453515340853,0.0,0.1369706192075646,0.0
2012-06-12T21:00:00Z,0.0189281811744063,0.0,0.1712753492352201,0.0
2012-06-12T22:00:00Z,0.0181061342657612,0.0,0.1712753492352201,0.0
2012-06-12T23:00:00Z,0.1751039002442828,0.0,0.1712753492352201,0.0
2012-06-13T00:00:00Z,0.0017091684025965,0.0,0.1712753492352201,0.0
2012-06-13T01:00:00Z,0.1728473842017895,0.0,0.1712753492352201,0.0
2012-06-13T02:00:00Z,0.0017526323936226,0.0,0.1712753492352201,0.0
2012-06-13T03:00:00Z,0.0018344948113342,0.0,0.1712753492352201,0.0
2012-06-13T04:00:00Z,0.2075230225040193,0.0,0.1712753492352201,0.0
2012-06-13T05:00:00Z,0.0226570161221846,0.0,0.0,0.0
2012-06-13T06:00:00Z,0.2385252553116436,0.0,0.0,0.0
2012-06-13T07:00:00Z,0.2432479394932537,0.0,0.0,0.0
2012-06-13T08:00:00Z,0.0024644994595917,0.0,0.102705094585655,0.0
2012-06-13T09:00:00Z,0.2520250136510235,0.0,0.102705094585655,0.0
2012-06-13T10:00:00Z,0.002511215437188,0.0,0.102705094585655,0.0
2012-06-13T11:00:00Z,0.2505115514763423,0.0,0.102705094585655,0.0
2012-06-13T12:00:00Z,0.0246890730338277,0.0,0.102705094585655,0.0
2012-06-13T13:00:00Z,0.2409521051160242,0.0,0.102705094585655,0.0
2012-06-13T14:00:00Z,0.0023270822713058,0.0,0.102705094585655,0.0
2012-06-13T15:00:00Z,0.2312470947614689,0.0,0.102705094585655,0.0
2012-06-13T16:00:00Z,0.0230117466081142,0.0,0.0,0.0
2012-06-13T17:00:00Z,0.022685643316101,0.0,0.1369706192075646,0.0
2012-06-13T18:00:00Z,0.2179889248752635,0.0,0.1369706192075646,0.0
2012-06-13T19:00:00Z,0.0209998657981206,0.0,0.1369706192075646,0.0
2012-06-13T20:00:00Z,0.2008241220616628,0.0,0.1369706192075646,0.0
2012-06-13T21:00:00Z,0.0185448861532609,0.0,0.1712753492352201,0.0
2012-06-13T22:00:00Z,0.1751273972570733,0.0,0.1712753492352201,0.0
2012-06-13T23:00:00Z,0.169067126041519,0.0,0.1712753492352201,0.0
2012-06-14T00:00:00Z,0.0016664774632912,0.0,0.1712753492352201,0.0
2012-06-14T01:00:00Z,0.1669482241706022,0.0,0.1712753492352201,0.0
2012-06-14T02:00:00Z,0.1702287596113503,0.0,0.1712753492352201,0.0
2012-06-14T03:00:00Z,0.1778757449389601,0.0,0.1712753492352201,0.0
2012-06-14T04:00:00Z,0.0020304892692731,0.0,0.1712753492352201,0.0
2012-06-14T05:00:00Z,0.0222898635488264,0.0,0.0,0.0
2012-06-14T06:00:00Z,0.0234714225855039,0.0,0.0,0.0
2012-06-14T07:00:00Z,0.2387172259061422,0.0,0.0,0.0
2012-06-14T08:00:00Z,0.2441300173534097,0.0,0.102705094585655,0.0
2012-06-14T09:00:00Z,0.2500471525993817,0.0,0.102705094585655,0.0
2012-06-14T10:00:00Z,0.2498422586478484,0.0,0.102705094585655,0.0
2012-06-14T11:00:00Z,0.2476529832236239,0.0,0.102705094585655,0.0
2012-06-14T12:00:00Z,0.2423568544448613,0.0,0.102705094585655,0.0
2012-06-14T13:00:00Z,0.2366517797393237,0.0,0.102705094585655,0.0
2012-06-14T14:00:00Z,0.0230188701191586,0.0,0.102705094585655,0.0
2012-06-14T15:00:00Z,0.0022876609413302,0.0,0.102705094585655,0.0
2012-06-14T16:00:00Z,0.0022734248845142,0.0,0.0,0.0
2012-06-14T17:00:00Z,0.2241714980423924,0.0,0.1369706192075646,0.0
2012-06-14T18:00:00Z,0.2166741886862581,0.0,0.1369706192075646,0.0
2012-06-14T19:00:00Z,0.2077190659140682,0.0,0.1369706192075646,0.0
2012-06-14T20:00:00Z,0.0019903054612325,0.0,0.1369706192075646,0.0
2012-06-14T21:00:00Z,0.0018608960549056,0.0,0.1712753492352201,0.0
2012-06-14T22:00:00Z,0.1735465573982153,0.0,0.1712753492352201,0.0
2012-06-14T23:00:00Z,0.0164022953772824,0.0,0.1712753492352201,0.0
2012-06-15T00:00:00Z,0.0158216920235663,0.0,0.1712753492352201,0.0
2012-06-15T01:00:00Z,0.1568321923198087,0.0,0.1712753492352201,0.0
2012-06-15T02:00:00Z,0.1575096895219353,0.0,0.1712753492352201,0.0
2012-06-15T03:00:00Z,0.0157146592141367,0.0,0.1712753492352201,0.0
2012-06-15T04:00:00Z,0.1672799628295163,0.0,0.1712753492352201,0.0
2012-06-15T05:00:00Z,0.0018058069168013,0.0,0.0,0.0
2012-06-15T06:00:00Z,0.0019269473327104,0.0,0.0,0.0
2012-06-15T07:00:00Z,0.0020042196089733,0.0,0.0,0.0
2012-06-15T08:00:00Z,0.2078505904431631,0.0,0.102705094585655,0.0
2012-06-15T09:00:00Z,0.2158342879640611,0.0,0.102705094585655,0.0
2012-06-15T10:00:00Z,0.0215466843636127,0.0,0.102705094585655,0.0
2012-06-15T11:00:00Z,0.0021106442373885,0.0,0.102705094585655,0.0
2012-06-15T12:00:00Z,0.2078630830216301,0.0,0.102705094585655,0.0
2012-06-15T13:00:00Z,0.205818921232231,0.0,0.102705094585655,0.0
2012-06-15T14:00:00Z,0.002048395559487,0.0,0.102705094585655,0.0
2012-06-15T15:00:00Z,0.2068776770477278,0.0,0.102705094585655,0.0
2012-06-15T16:00:00Z,0.020871967641333,0.0,0.0,0.0
2012-06-15T17:00:00Z,0.2051120331832723,0.0,0.1369706192075646,0.0
2012-06-15T18:00:00Z,0.1987244289987021,0.0,0.1369706192075646,0.0
2012-06-15T19:00:00Z,0.1931341763623342,0.0,0.1369706192075646,0.0
2012-06-15T20:00:00Z,0.1896828763811311,0.0,0.1369706192075646,0.0
2012-06-15T21:00:00Z,0.1773404046642162,0.0,0.1712753492352201,0.0
2012-06-15T22:00:00Z,0.1693506762433686,0.0,0.1712753492352201,0.0
2012-06-15T23:00:00Z,0.0016262787738091,0.0,0.1712753492352201,0.0
2012-06-16T00:00:00Z,0.1577593061211466,0.0,0.1712753492352201,0.0
2012-06-16T01:00:00Z,0.0015827830618157,0.0,0.1712753492352201,0.0
2012-06-16T02:00:00Z,0.1604109048528685,0.0,0.1712753492352201,0.0
2012-06-16T03:00:00Z,0.0167806560257417,0.0,0.1712753492352201,0.0
2012-06-16T04:00:00Z,0.0188258986777291,0.0,0.1712753492352201,0.0
2012-06-16T05:00:00Z,0.206763227014594,0.0,0.0,0.0
2012-06-16T06:00:00Z,0.2207420111213965,0.0,0.0,0.0
2012-06-16T07:00:00Z,0.0022578213015538,0.0,0.0,0.0
2012-06-16T08:00:00Z,0.2304517208785099,0.0,0.102705094585655,0.0
2012-06-16T09:00:00Z,0.0023639670987506,0.0,0.102705094585655,0.0
2012-06-16T10:00:00Z,0.2383859767683279,0.0,0.102705094585655,0.0
2012-06-16T11:00:00Z,0.2346640499423099,0.0,0.102705094585655,0.0
2012-06-16T12:00:00Z,0.0022621118560893,0.0,0.102705094585655,0.0
2012-06-16T13:00:00Z,0.2211509374673274,0.0,0.102705094585655,0.0
2012-06-16T14:00:00Z,0.0219590960997743,0.0,0.102705094585655,0.0
2012-06-16T15:00:00Z,0.0021778406029499,0.0,0.102705094585655,0.0
2012-06-16T16:00:00Z,0.2148747678659163,0.0,0.0,0.0
2012-06-16T17:00:00Z,0.0211096516742155,0.0,0.1369706192075646,0.0
2012-06-16T18:00:00Z,0.2023324932169061,0.0,0.1369706192075646,0.0
2012-06-16T19:00:00Z,0.0019464631683004,0.0,0.1369706192075646,0.0
2012-06-16T20:00:00Z,0.0188991701959476,0.0,0.1369706192075646,0.0
2012-06-16T21:00:00Z,0.0001769039182803,0.0,0.1712753492352201,0.0
2012-06-16T22:00:00Z,0.1674799811508956,0.0,0.1712753492352201,0.0
2012-06-16T23:00:00Z,0.0016373435171322,0.0,0.1712753492352201,0.0
2012-06-17T00:00:00Z,0.016109863304598,0.0,0.1712753492352201,0.0
2012-06-17T01:00:00Z,0.1606285067721527,0.0,0.1712753492352201,0.0
2012-06-17T02:00:00Z,0.1613651968656674,0.0,0.1712753492352201,0.0
2012-06-17T03:00:00Z,0.0161824220800952,0.0,0.1712753492352201,0.0
2012-06-17T04:00:00Z,0.1707396042502601,0.0,0.1712753492352201,0.0
2012-06-17T05:00:00Z,0.1816312724932685,0.0,0.0,0.0
2012-06-17T06:00:00Z,0.0019244613487571,0.0,0.0,0.0
2012-06-17T07:00:00Z,0.0202553277023338,0.0,0.0,0.0
2012-06-17T08:00:00Z,0.0021041708103647,0.0,0.102705094585655,0.0
2012-06-17T09:00:00Z,0.2162588006618098,0.0,0.102705094585655,0.0
2012-06-17T10:00:00Z,0.2140566802039265,0.0,0.102705094585655,0.0
2012-06-17T11:00:00Z,0.2087533260937308,0.0,0.102705094585655,0.0
2012-06-17T12:00:00Z,0.0020335877420264,0.0,0.102705094585655,0.0
2012-06-17T13:00:00Z,0.0200954618596448,0.0,0.102705094585655,0.0
2012-06-17T14:00:00Z,0.2006090264904096,0.0,0.102705094585655,0.0
2012-06-17T15:00:00Z,0.1996891771821929,0.0,0.102705094585655,0.0
2012-06-17T16:00:00Z,0.1983181264858661,0.0,0.0,0.0
2012-06-17T17:00:00Z,0.0195047900359479,0.0,0.1369706192075646,0.0
2012-06-17T18:00:00Z,0.1885726816884672,0.0,0.1369706192075646,0.0
2012-06-17T19:00:00Z,0.0017966211512678,0.0,0.1369706192075646,0.0
2012-06-17T20:00:00Z,0.017646818575901,0.0,0.1369706192075646,0.0
2012-06-17T21:00:00Z,0.1675914940574306,0.0,0.1712753492352201,0.0
2012-06-17T22:00:00Z,0.0016133248706577,0.0,0.1712753492352201,0.0
2012-06-17T23:00:00Z,0.1542896784699668,0.0,0.1712753492352201,0.0
2012-06-18T00:00:00Z,0.1495296536188639,0.0,0.1712753492352201,0.0
2012-06-18T01:00:00Z,0.0014915484689358,0.0,0.1712753492352201,0.0
2012-06-18T02:00:00Z,0.1479379855532782,0.0,0.1712753492352201,0.0
2012-06-18T03:00:00Z,0.0014849344514522,0.0,0.1712753492352201,0.0
2012-06-18T04:00:00Z,0.1535902507225691,0.0,0.1712753492352201,0.0
2012-06-18T05:00:00Z,0.0016350580410214,0.0,0.0,0.0
2012-06-18T06:00:00Z,0.0017835857918053,0.0,0.0,0.0
2012-06-18T07:00:00Z,0.1888883248936198,0.0,0.0,0.0
2012-06-18T08:00:00Z,0.0019547630964518,0.0,0.102705094585655,0.0
2012-06-18T09:00:00Z,0.2031237159609387,0.0,0.102705094585655,0.0
2012-06-18T10:00:00Z,0.200028199915072,0.0,0.102705094585655,0.0
2012-06-18T11:00:00Z,0.0019367275726675,0.0,0.102705094585655,0.0
2012-06-18T12:00:00Z,0.1904532063646242,0.0,0.102705094585655,0.0
2012-06-18T13:00:00Z,0.186898030006043,0.0,0.102705094585655,0.0
2012-06-18T14:00:00Z,0.0184326761686798,0.0,0.102705094585655,0.0
2012-06-18T15:00:00Z,0.0188649467968182,0.0,0.102705094585655,0.0
2012-06-18T16:00:00Z,0.1918283690381892,0.0,0.0,0.0
2012-06-18T17:00:00Z,0.0001917873177987,0.0,0.1369706192075646,0.0
2012-06-18T18:00:00Z,0.0018592066196859,0.0,0.1369706192075646,0.0
2012-06-18T19:00:00Z,0.0181671129301214,0.0,0.1369706192075646,0.0
2012-06-18T20:00:00Z,0.1814558672927873,0.0,0.1369706192075646,0.0
2012-06-18T21:00:00Z,0.001713416662509,0.0,0.1712753492352201,0.0
2012-06-18T22:00:00Z,0.1647513709597528,0.0,0.1712753492352201,0.0
2012-06-18T23:00:00Z,0.0015901493753256,0.0,0.1712753492352201,0.0
2012-06-19T00:00:00Z,0.0015596670922493,0.0,0.1712753492352201,0.0
2012-06-19T01:00:00Z,0.1554872428885235,0.0,0.1712753492352201,0.0
2012-06-19T02:00:00Z,0.0016080121960658,0.0,0.1712753492352201,0.0
2012-06-19T03:00:00Z,0.1724252212053198,0.0,0.1712753492352201,0.0
2012-06-19T04:00:00Z,0.2024630387038014,0.0,0.1712753492352201,0.0
2012-06-19T05:00:00Z,0.0225038469281408,0.0,0.0,0.0
2012-06-19T06:00:00Z,0.0023841874531074,0.0,0.0,0.0
2012-06-19T07:00:00Z,0.0242841411800711,0.0,0.0,0.0
2012-06-19T08:00:00Z,0.0024871584122593,0.0,0.102705094585655,0.0
2012-06-19T09:00:00Z,0.2527021192362703,0.0,0.102705094585655,0.0
2012-06-19T10:00:00Z,0.2519604556083816,0.0,0.102705094585655,0.0
2012-06-19T11:00:00Z,0.0250434667292407,0.0,0.102705094585655,0.0
2012-06-19T12:00:00Z,0.0024659735055274,0.0,0.102705094585655,0.0
2012-06-19T13:00:00Z,0.2418981535935024,0.0,0.102705094585655,0.0
2012-06-19T14:00:00Z,0.0234132244009906,0.0,0.102705094585655,0.0
2012-06-19T15:00:00Z,0.2327770440067915,0.0,0.102705094585655,0.0
2012-06-19T16:00:00Z,0.0233612803380484,0.0,0.0,0.0
2012-06-19T17:00:00Z,0.2303121486225342,0.0,0.1369706192075646,0.0
2012-06-19T18:00:00Z,0.2226742879682246,0.0,0.1369706192075646,0.0
2012-06-19T19:00:00Z,0.0212449670547073,0.0,0.1369706192075646,0.0
2012-06-19T20:00:00Z,0.20613376162278,0.0,0.1369706192075646,0.0
2012-06-19T21:00:00Z,0.1922354939464729,0.0,0.1712753492352201,0.0
2012-06-19T22:00:00Z,0.0018173466913996,0.0,0.1712753492352201,0.0
2012-06-19T23:00:00Z,0.1780390883395422,0.0,0.1712753492352201,0.0
2012-06-20T00:00:00Z,0.0175230833065461,0.0,0.1712753492352201,0.0
2012-06-20T01:00:00Z,0.0017425889871222,0.0,0.1712753492352201,0.0
2012-06-20T02:00:00Z,0.1770133654078602,0.0,0.1712753492352201,0.0
2012-06-20T03:00:00Z,0.0018563822787485,0.0,0.1712753492352201,0.0
2012-06-20T04:00:00Z,0.2093066807449474,0.0,0.1712753492352201,0.0
2012-06-20T05:00:00Z,0.2301303404860676,0.0,0.0,0.0
2012-06-20T06:00:00Z,0.2445249042341983,0.0,0.0,0.0
2012-06-20T07:00:00Z,0.2473772653593712,0.0,0.0,0.0
2012-06-20T08:00:00Z,0.252063490009468,0.0,0.102705094585655,0.0
2012-06-20T09:00:00Z,0.2561176058538118,0.0,0.102705094585655,0.0
2012-06-20T10:00:00Z,0.2528852197084404,0.0,0.102705094585655,0.0
2012-06-20T11:00:00Z,0.0249756543503273,0.0,0.102705094585655,0.0
2012-06-20T12:00:00Z,0.0024492393246349,0.0,0.102705094585655,0.0
2012-06-20T13:00:00Z,0.002402225326593,0.0,0.102705094585655,0.0
2012-06-20T14:00:00Z,0.2352489297523539,0.0,0.102705094585655,0.0
2012-06-20T15:00:00Z,0.2355804921836721,0.0,0.102705094585655,0.0
2012-06-20T16:00:00Z,0.0232576115176166,0.0,0.0,0.0
2012-06-20T17:00:00Z,0.2297963304492504,0.0,0.1369706192075646,0.0
2012-06-20T18:00:00Z,0.0022243595972557,0.0,0.1369706192075646,0.0
2012-06-20T19:00:00Z,0.2121915852328352,0.0,0.1369706192075646,0.0
2012-06-20T20:00:00Z,0.00202736064202,0.0,0.1369706192075646,0.0
2012-06-20T21:00:00Z,0.1889024035204501,0.0,0.1712753492352201,0.0
2012-06-20T22:00:00Z,0.0017709545809629,0.0,0.1712753492352201,0.0
2012-06-20T23:00:00Z,0.0172433396207686,0.0,0.1712753492352201,0.0
2012-06-21T00:00:00Z,0.0167434837515071,0.0,0.1712753492352201,0.0
2012-06-21T01:00:00Z,0.0166786202476989,0.0,0.1712753492352201,0.0
2012-06-21T02:00:00Z,0.1709219606503585,0.0,0.1712753492352201,0.0
2012-06-21T03:00:00Z,0.1800028120218217,0.0,0.1712753492352201,0.0
2012-06-21T04:00:00Z,0.0206095882480077,0.0,0.1712753492352201,0.0
2012-06-21T05:00:00Z,0.2260983314145908,0.0,0.0,0.0
2012-06-21T06:00:00Z,0.2378626003892631,0.0,0.0,0.0
2012-06-21T07:00:00Z,0.0243641015145973,0.0,0.0,0.0
2012-06-21T08:00:00Z,0.0025130153083678,0.0,0.102705094585655,0.0
2012-06-21T09:00:00Z,0.002547131796089,0.0,0.102705094585655,0.0
2012-06-21T10:00:00Z,0.2529519708056094,0.0,0.102705094585655,0.0
2012-06-21T11:00:00Z,0.2509077502736785,0.0,0.102705094585655,0.0
2012-06-21T12:00:00Z,0.2451791393936623,0.0,0.102705094585655,0.0
2012-06-21T13:00:00Z,0.0024254333261262,0.0,0.102705094585655,0.0
2012-06-21T14:00:00Z,0.0238013206450828,0.0,0.102705094585655,0.0
2012-06-21T15:00:00Z,0.2368440244656381,0.0,0.102705094585655,0.0
2012-06-21T16:00:00Z,0.2337582400992354,0.0,0.0,0.0
2012-06-21T17:00:00Z,0.0229788351255323,0.0,0.1369706192075646,0.0
2012-06-21T18:00:00Z,0.2216236582029846,0.0,0.1369706192075646,0.0
2012-06-21T19:00:00Z,0.2112205711792671,0.0,0.1369706192075646,0.0
2012-06-21T20:00:00Z,0.204533027626426,0.0,0.1369706192075646,0.0
2012-06-21T21:00:00Z,0.0190472640352286,0.0,0.1712753492352201,0.0
2012-06-21T22:00:00Z,0.0017831507054518,0.0,0.1712753492352201,0.0
2012-06-21T23:00:00Z,0.0017118180824055,0.0,0.1712753492352201,0.0
2012-06-22T00:00:00Z,0.0166874355436642,0.0,0.1712753492352201,0.0
2012-06-22T01:00:00Z,0.0166841381295359,0.0,0.1712753492352201,0.0
2012-06-22T02:00:00Z,0.1708101344503196,0.0,0.1712753492352201,0.0
2012-06-22T03:00:00Z,0.1791616972872972,0.0,0.1712753492352201,0.0
2012-06-22T04:00:00Z,0.205524072883398,0.0,0.1712753492352201,0.0
2012-06-22T05:00:00Z,0.2238896122122822,0.0,0.0,0.0
2012-06-22T06:00:00Z,0.2366788404657208,0.0,0.0,0.0
2012-06-22T07:00:00Z,0.2410570192781339,0.0,0.0,0.0
2012-06-22T08:00:00Z,0.2466365611928381,0.0,0.102705094585655,0.0
2012-06-22T09:00:00Z,0.0025333664627625,0.0,0.102705094585655,0.0
2012-06-22T10:00:00Z,0.2542082777561424,0.0,0.102705094585655,0.0
2012-06-22T11:00:00Z,0.2532883697053937,0.0,0.102705094585655,0.0
2012-06-22T12:00:00Z,0.2498221295402245,0.0,0.102705094585655,0.0
2012-06-22T13:00:00Z,0.0245425221650533,0.0,0.102705094585655,0.0
2012-06-22T14:00:00Z,0.0237767036080159,0.0,0.102705094585655,0.0
2012-06-22T15:00:00Z,0.2347416684078946,0.0,0.102705094585655,0.0
2012-06-22T16:00:00Z,0.0232916234436309,0.0,0.0,0.0
2012-06-22T17:00:00Z,0.0229854495346328,0.0,0.1369706192075646,0.0
2012-06-22T18:00:00Z,0.0022301414288697,0.0,0.1369706192075646,0.0
2012-06-22T19:00:00Z,0.2145359996840091,0.0,0.1369706192075646,0.0
2012-06-22T20:00:00Z,0.2093646596240081,0.0,0.1369706192075646,0.0
2012-06-22T21:00:00Z,0.1960949762015353,0.0,0.1712753492352201,0.0
2012-06-22T22:00:00Z,0.0184512035632651,0.0,0.1712753492352201,0.0
2012-06-22T23:00:00Z,0.0181408902638472,0.0,0.1712753492352201,0.0
2012-06-23T00:00:00Z,0.0017739794297428,0.0,0.1712753492352201,0.0
2012-06-23T01:00:00Z,0.1784747621183664,0.0,0.1712753492352201,0.0
2012-06-23T02:00:00Z,0.0017955567365883,0.0,0.1712753492352201,0.0
2012-06-23T03:00:00Z,0.1895293234025451,0.0,0.1712753492352201,0.0
2012-06-23T04:00:00Z,0.2127513624008813,0.0,0.1712753492352201,0.0
2012-06-23T05:00:00Z,0.023269998359526,0.0,0.0,0.0
2012-06-23T06:00:00Z,0.2416234735139813,0.0,0.0,0.0
2012-06-23T07:00:00Z,0.2473000972531983,0.0,0.0,0.0
2012-06-23T08:00:00Z,0.2539599926543226,0.0,0.102705094585655,0.0
2012-06-23T09:00:00Z,0.0025577688937792,0.0,0.102705094585655,0.0
2012-06-23T10:00:00Z,0.2554486654805099,0.0,0.102705094585655,0.0
2012-06-23T11:00:00Z,0.025274160400818,0.0,0.102705094585655,0.0
2012-06-23T12:00:00Z,0.2465310204437208,0.0,0.102705094585655,0.0
2012-06-23T13:00:00Z,0.0244004200640338,0.0,0.102705094585655,0.0
2012-06-23T14:00:00Z,0.2362795870567219,0.0,0.102705094585655,0.0
2012-06-23T15:00:00Z,0.0023539178179969,0.0,0.102705094585655,0.0
2012-06-23T16:00:00Z,0.0023417506731571,0.0,0.0,0.0
2012-06-23T17:00:00Z,0.2264449515149389,0.0,0.1369706192075646,0.0
2012-06-23T18:00:00Z,0.2180137338046016,0.0,0.1369706192075646,0.0
2012-06-23T19:00:00Z,0.2055002625771036,0.0,0.1369706192075646,0.0
2012-06-23T20:00:00Z,0.0195579402788801,0.0,0.1369706192075646,0.0
2012-06-23T21:00:00Z,0.1817905039166123,0.0,0.1712753492352201,0.0
2012-06-23T22:00:00Z,0.0176193388194425,0.0,0.1712753492352201,0.0
2012-06-23T23:00:00Z,0.0016868497649974,0.0,0.1712753492352201,0.0
2012-06-24T00:00:00Z,0.001628886550612,0.0,0.1712753492352201,0.0
2012-06-24T01:00:00Z,0.0159127664451424,0.0,0.1712753492352201,0.0
2012-06-24T02:00:00Z,0.0158211045982466,0.0,0.1712753492352201,0.0
2012-06-24T03:00:00Z,0.1580864628625666,0.0,0.1712753492352201,0.0
2012-06-24T04:00:00Z,0.0165918496956323,0.0,0.1712753492352201,0.0
2012-06-24T05:00:00Z,0.1754256330919169,0.0,0.0,0.0
2012-06-24T06:00:00Z,0.1895118964513921,0.0,0.0,0.0
2012-06-24T07:00:00Z,0.0020002411730909,0.0,0.0,0.0
2012-06-24T08:00:00Z,0.2075497111943805,0.0,0.102705094585655,0.0
2012-06-24T09:00:00Z,0.2104002513010621,0.0,0.102705094585655,0.0
2012-06-24T10:00:00Z,0.207974713413229,0.0,0.102705094585655,0.0
2012-06-24T11:00:00Z,0.2030310789880121,0.0,0.102705094585655,0.0
2012-06-24T12:00:00Z,0.198464767426523,0.0,0.102705094585655,0.0
2012-06-24T13:00:00Z,0.0019499070471417,0.0,0.102705094585655,0.0
2012-06-24T14:00:00Z,0.0019188087507135,0.0,0.102705094585655,0.0
2012-06-24T15:00:00Z,0.0192915859742244,0.0,0.102705094585655,0.0
2012-06-24T16:00:00Z,0.1934185881213195,0.0,0.0,0.0
2012-06-24T17:00:00Z,0.1898013600681273,0.0,0.1369706192075646,0.0
2012-06-24T18:00:00Z,0.1845302947696745,0.0,0.1369706192075646,0.0
2012-06-24T19:00:00Z,0.001787422853994,0.0,0.1369706192075646,0.0
2012-06-24T20:00:00Z,0.0017458190431471,0.0,0.1369706192075646,0.0
2012-06-24T21:00:00Z,0.1637284480887615,0.0,0.1712753492352201,0.0
2012-06-24T22:00:00Z,0.0154186125176514,0.0,0.1712753492352201,0.0
2012-06-24T23:00:00Z,0.0149510337116265,0.0,0.1712753492352201,0.0
2012-06-25T00:00:00Z,0.1449755017614938,0.0,0.1712753492352201,0.0
2012-06-25T01:00:00Z,0.1446063245288668,0.0,0.1712753492352201,0.0
2012-06-25T02:00:00Z,0.1447943985354109,0.0,0.1712753492352201,0.0
2012-06-25T03:00:00Z,0.1432670339614953,0.0,0.1712753492352201,0.0
2012-06-25T04:00:00Z,0.0014591276823044,0.0,0.1712753492352201,0.0
2012-06-25T05:00:00Z,0.1539122968637071,0.0,0.0,0.0
2012-06-25T06:00:00Z,0.1664627563055061,0.0,0.0,0.0
2012-06-25T07:00:00Z,0.1788357741390487,0.0,0.0,0.0
2012-06-25T08:00:00Z,0.1865279520545923,0.0,0.102705094585655,0.0
2012-06-25T09:00:00Z,0.0193452805646195,0.0,0.102705094585655,0.0
2012-06-25T10:00:00Z,0.0195317019479307,0.0,0.102705094585655,0.0
2012-06-25T11:00:00Z,0.0018976395086568,0.0,0.102705094585655,0.0
2012-06-25T12:00:00Z,0.1846675173243711,0.0,0.102705094585655,0.0
2012-06-25T13:00:00Z,0.0180583805034333,0.0,0.102705094585655,0.0
2012-06-25T14:00:00Z,0.0018028889794296,0.0,0.102705094585655,0.0
2012-06-25T15:00:00Z,0.0183679105690916,0.0,0.102705094585655,0.0
2012-06-25T16:00:00Z,0.1843502097474792,0.0,0.0,0.0
2012-06-25T17:00:00Z,1.829829871061201e-05,0.0,0.1369706192075646,0.0
2012-06-25T18:00:00Z,0.1817679663651774,0.0,0.1369706192075646,0.0
2012-06-25T19:00:00Z,0.0178366470260668,0.0,0.1369706192075646,0.0
2012-06-25T20:00:00Z,0.001768265347849,0.0,0.1369706192075646,0.0
2012-06-25T21:00:00Z,0.0016701018775141,0.0,0.1712753492352201,0.0
2012-06-25T22:00:00Z,0.0016044089291544,0.0,0.1712753492352201,0.0
2012-06-25T23:00:00Z,0.1587284795753795,0.0,0.1712753492352201,0.0
2012-06-26T00:00:00Z,0.1569201298901773,0.0,0.1712753492352201,0.0
2012-06-26T01:00:00Z,0.1574865449643367,0.0,0.1712753492352201,0.0
2012-06-26T02:00:00Z,0.1612222371236811,0.0,0.1712753492352201,0.0
2012-06-26T03:00:00Z,0.0017309994771802,0.0,0.1712753492352201,0.0
2012-06-26T04:00:00Z,0.2004079508034548,0.0,0.1712753492352201,0.0
2012-06-26T05:00:00Z,0.2235457530109369,0.0,0.0,0.0
2012-06-26T06:00:00Z,0.2373294923307342,0.0,0.0,0.0
2012-06-26T07:00:00Z,0.0024362270705684,0.0,0.0,0.0
2012-06-26T08:00:00Z,0.0024925928797009,0.0,0.102705094585655,0.0
2012-06-26T09:00:00Z,0.0254045688218054,0.0,0.102705094585655,0.0
2012-06-26T10:00:00Z,0.2523059400197781,0.0,0.102705094585655,0.0
2012-06-26T11:00:00Z,0.0250577411645109,0.0,0.102705094585655,0.0
2012-06-26T12:00:00Z,0.0247113482019531,0.0,0.102705094585655,0.0
2012-06-26T13:00:00Z,0.0024122534600351,0.0,0.102705094585655,0.0
2012-06-26T14:00:00Z,0.0239301939279012,0.0,0.102705094585655,0.0
2012-06-26T15:00:00Z,0.0024140697791238,0.0,0.102705094585655,0.0
2012-06-26T16:00:00Z,0.0239506128320161,0.0,0.0,0.0
2012-06-26T17:00:00Z,0.2344074038201055,0.0,0.1369706192075646,0.0
2012-06-26T18:00:00Z,0.0022543214214986,0.0,0.1369706192075646,0.0
2012-06-26T19:00:00Z,0.0214251421487849,0.0,0.1369706192075646,0.0
2012-06-26T20:00:00Z,0.0020667995947551,0.0,0.1369706192075646,0.0
2012-06-26T21:00:00Z,0.0019333393034231,0.0,0.1712753492352201,0.0
2012-06-26T22:00:00Z,0.0180329645679315,0.0,0.1712753492352201,0.0
2012-06-26T23:00:00Z,0.0017156398715359,0.0,0.1712753492352201,0.0
2012-06-27T00:00:00Z,0.1666514373182139,0.0,0.1712753492352201,0.0
2012-06-27T01:00:00Z,0.0016788482489085,0.0,0.1712753492352201,0.0
2012-06-27T02:00:00Z,0.001714648689213,0.0,0.1712753492352201,0.0
2012-06-27T03:00:00Z,0.0180755294066016,0.0,0.1712753492352201,0.0
2012-06-27T04:00:00Z,0.0020665031407771,0.0,0.1712753492352201,0.0
2012-06-27T05:00:00Z,0.0022709592646387,0.0,0.0,0.0
2012-06-27T06:00:00Z,0.0239542157073107,0.0,0.0,0.0
2012-06-27T07:00:00Z,0.2438164888794083,0.0,0.0,0.0
2012-06-27T08:00:00Z,0.2494087191810194,0.0,0.102705094585655,0.0
2012-06-27T09:00:00Z,0.0025441762634968,0.0,0.102705094585655,0.0
2012-06-27T10:00:00Z,0.2521926452564399,0.0,0.102705094585655,0.0
2012-06-27T11:00:00Z,0.247865944482882,0.0,0.102705094585655,0.0
2012-06-27T12:00:00Z,0.2425065695780249,0.0,0.102705094585655,0.0
2012-06-27T13:00:00Z,0.2356296009404043,0.0,0.102705094585655,0.0
2012-06-27T14:00:00Z,0.00232227086632,0.0,0.102705094585655,0.0
2012-06-27T15:00:00Z,0.023104595054156,0.0,0.102705094585655,0.0
2012-06-27T16:00:00Z,0.002296050941364,0.0,0.0,0.0
2012-06-27T17:00:00Z,0.2247706522877066,0.0,0.1369706192075646,0.0
2012-06-27T18:00:00Z,0.002184306589253,0.0,0.1369706192075646,0.0
2012-06-27T19:00:00Z,0.2092984372096268,0.0,0.1369706192075646,0.0
2012-06-27T20:00:00Z,0.2020900823682839,0.0,0.1369706192075646,0.0
2012-06-27T21:00:00Z,0.0018767193349356,0.0,0.1712753492352201,0.0
2012-06-27T22:00:00Z,0.1787451344122093,0.0,0.1712753492352201,0.0
2012-06-27T23:00:00Z,0.0017569276475607,0.0,0.1712753492352201,0.0
2012-06-28T00:00:00Z,0.1726770896015902,0.0,0.1712753492352201,0.0
2012-06-28T01:00:00Z,0.0016944917767907,0.0,0.1712753492352201,0.0
2012-06-28T02:00:00Z,0.0171676204970512,0.0,0.1712753492352201,0.0
2012-06-28T03:00:00Z,0.1816308612955447,0.0,0.1712753492352201,0.0
2012-06-28T04:00:00Z,0.2072519061381047,0.0,0.1712753492352201,0.0
2012-06-28T05:00:00Z,0.2268374691136045,0.0,0.0,0.0
2012-06-28T06:00:00Z,0.2389022453010235,0.0,0.0,0.0
2012-06-28T07:00:00Z,0.0244266309818016,0.0,0.0,0.0
2012-06-28T08:00:00Z,0.249159455037,0.0,0.102705094585655,0.0
2012-06-28T09:00:00Z,0.0025229835244273,0.0,0.102705094585655,0.0
2012-06-28T10:00:00Z,0.2501241444779586,0.0,0.102705094585655,0.0
2012-06-28T11:00:00Z,0.0245690189631434,0.0,0.102705094585655,0.0
2012-06-28T12:00:00Z,0.2418314220771774,0.0,0.102705094585655,0.0
2012-06-28T13:00:00Z,0.2393760234022563,0.0,0.102705094585655,0.0
2012-06-28T14:00:00Z,0.2376154901380829,0.0,0.102705094585655,0.0
2012-06-28T15:00:00Z,0.2351595823612179,0.0,0.102705094585655,0.0
2012-06-28T16:00:00Z,0.0234536040174711,0.0,0.0,0.0
2012-06-28T17:00:00Z,0.0231615674778354,0.0,0.1369706192075646,0.0
2012-06-28T18:00:00Z,0.0022295861161341,0.0,0.1369706192075646,0.0
2012-06-28T19:00:00Z,0.2149365454287114,0.0,0.1369706192075646,0.0
2012-06-28T20:00:00Z,0.2081374889693353,0.0,0.1369706192075646,0.0
2012-06-28T21:00:00Z,0.1937298452174179,0.0,0.1712753492352201,0.0
2012-06-28T22:00:00Z,0.1822368100937241,0.0,0.1712753492352201,0.0
2012-06-28T23:00:00Z,0.0176285731454691,0.0,0.1712753492352201,0.0
2012-06-29T00:00:00Z,0.0171920103963277,0.0,0.1712753492352201,0.0
2012-06-29T01:00:00Z,0.001726104657799,0.0,0.1712753492352201,0.0
2012-06-29T02:00:00Z,0.1760381218919898,0.0,0.1712753492352201,0.0
2012-06-29T03:00:00Z,0.1839903921582804,0.0,0.1712753492352201,0.0
2012-06-29T04:00:00Z,0.0020896120612397,0.0,0.1712753492352201,0.0
2012-06-29T05:00:00Z,0.0022893640831407,0.0,0.0,0.0
2012-06-29T06:00:00Z,0.0242369826754006,0.0,0.0,0.0
2012-06-29T07:00:00Z,0.0002461476568896,0.0,0.0,0.0
2012-06-29T08:00:00Z,0.2518294989237624,0.0,0.102705094585655,0.0
2012-06-29T09:00:00Z,0.0257479619990636,0.0,0.102705094585655,0.0
2012-06-29T10:00:00Z,0.0025704294758876,0.0,0.102705094585655,0.0
2012-06-29T11:00:00Z,0.2538569778340802,0.0,0.102705094585655,0.0
2012-06-29T12:00:00Z,0.2492007901986672,0.0,0.102705094585655,0.0
2012-06-29T13:00:00Z,0.2450450106123165,0.0,0.102705094585655,0.0
2012-06-29T14:00:00Z,0.2411402378651004,0.0,0.102705094585655,0.0
2012-06-29T15:00:00Z,0.0239356021570118,0.0,0.102705094585655,0.0
2012-06-29T16:00:00Z,0.0237339390447372,0.0,0.0,0.0
2012-06-29T17:00:00Z,0.0232292192938281,0.0,0.1369706192075646,0.0
2012-06-29T18:00:00Z,0.0225185560581477,0.0,0.1369706192075646,0.0
2012-06-29T19:00:00Z,0.2183054492183958,0.0,0.1369706192075646,0.0
2012-06-29T20:00:00Z,0.021149099242522,0.0,0.1369706192075646,0.0
2012-06-29T21:00:00Z,0.1968298844382467,0.0,0.1712753492352201,0.0
2012-06-29T22:00:00Z,0.0185490333760185,0.0,0.1712753492352201,0.0
2012-06-29T23:00:00Z,0.0178391572902666,0.0,0.1712753492352201,0.0
2012-06-30T00:00:00Z,0.1755755440335205,0.0,0.1712753492352201,0.0
2012-06-30T01:00:00Z,0.173995663636018,0.0,0.1712753492352201,0.0
2012-06-30T02:00:00Z,0.1774583792492686,0.0,0.1712753492352201,0.0
2012-06-30T03:00:00Z,0.187009542912578,0.0,0.1712753492352201,0.0
2012-06-30T04:00:00Z,0.0021005150667914,0.0,0.1712753492352201,0.0
2012-06-30T05:00:00Z,0.0022975390855074,0.0,0.0,0.0
2012-06-30T06:00:00Z,0.0240860378652343,0.0,0.0,0.0
2012-06-30T07:00:00Z,0.024348389845378,0.0,0.0,0.0
2012-06-30T08:00:00Z,0.002478467258845,0.0,0.102705094585655,0.0
2012-06-30T09:00:00Z,0.0251719601436856,0.0,0.102705094585655,0.0
2012-06-30T10:00:00Z,0.2489928612163152,0.0,0.102705094585655,0.0
2012-06-30T11:00:00Z,0.2471542982888332,0.0,0.102705094585655,0.0
2012-06-30T12:00:00Z,0.0024026106776027,0.0,0.102705094585655,0.0
2012-06-30T13:00:00Z,0.0234415304690656,0.0,0.102705094585655,0.0
2012-06-30T14:00:00Z,0.2289686481737044,0.0,0.102705094585655,0.0
2012-06-30T15:00:00Z,0.2285825726727123,0.0,0.102705094585655,0.0
2012-06-30T16:00:00Z,0.0225414186515928,0.0,0.0,0.0
2012-06-30T17:00:00Z,0.0022087000130815,0.0,0.1369706192075646,0.0
2012-06-30T18:00:00Z,0.2118807589153047,0.0,0.1369706192075646,0.0
2012-06-30T19:00:00Z,0.0020377694270693,0.0,0.1369706192075646,0.0
2012-06-30T20:00:00Z,0.0019548234054513,0.0,0.1369706192075646,0.0
2012-06-30T21:00:00Z,0.0184192711228828,0.0,0.1712753492352201,0.0
2012-06-30T22:00:00Z,0.0173793677439817,0.0,0.1712753492352201,0.0
2012-06-30T23:00:00Z,0.0016635340708223,0.0,0.1712753492352201,0.0
2012-07-01T00:00:00Z,0.1601055415908117,0.0,0.1712753492352201,0.0
2012-07-01T01:00:00Z,0.0015908061168331,0.0,0.1712753492352201,0.0
2012-07-01T02:00:00Z,0.1580635336942518,0.0,0.1712753492352201,0.0
2012-07-01T03:00:00Z,0.0015836951375289,0.0,0.1712753492352201,0.0
2012-07-01T04:00:00Z,0.0164512592357691,0.0,0.1712753492352201,0.0
2012-07-01T05:00:00Z,0.0017648461408711,0.0,0.0,0.0
2012-07-01T06:00:00Z,0.1907487987855289,0.0,0.0,0.0
2012-07-01T07:00:00Z,0.0020154770278012,0.0,0.0,0.0
2012-07-01T08:00:00Z,0.2100682189294881,0.0,0.102705094585655,0.0
2012-07-01T09:00:00Z,0.0213757553440681,0.0,0.102705094585655,0.0
2012-07-01T10:00:00Z,0.0209174891874458,0.0,0.102705094585655,0.0
2012-07-01T11:00:00Z,0.2023508992102586,0.0,0.102705094585655,0.0
2012-07-01T12:00:00Z,0.1967562408839925,0.0,0.102705094585655,0.0
2012-07-01T13:00:00Z,0.194324358802706,0.0,0.102705094585655,0.0
2012-07-01T14:00:00Z,0.0019318875796496,0.0,0.102705094585655,0.0
2012-07-01T15:00:00Z,0.0019431547888995,0.0,0.102705094585655,0.0
2012-07-01T16:00:00Z,0.1914316023963773,0.0,0.0,0.0
2012-07-01T17:00:00Z,0.188355001445807,0.0,0.1369706192075646,0.0
2012-07-01T18:00:00Z,0.0018299352160022,0.0,0.1369706192075646,0.0
2012-07-01T19:00:00Z,0.0017608590894175,0.0,0.1369706192075646,0.0
2012-07-01T20:00:00Z,0.0017557559298563,0.0,0.1369706192075646,0.0
2012-07-01T21:00:00Z,0.0016880939318247,0.0,0.1712753492352201,0.0
2012-07-01T22:00:00Z,0.001589065771419,0.0,0.1712753492352201,0.0
2012-07-01T23:00:00Z,0.0015236649692517,0.0,0.1712753492352201,0.0
2012-07-02T00:00:00Z,0.0014845651567345,0.0,0.1712753492352201,0.0
2012-07-02T01:00:00Z,0.1462356269766052,0.0,0.1712753492352201,0.0
2012-07-02T02:00:00Z,0.0144729282438715,0.0,0.1712753492352201,0.0
2012-07-02T03:00:00Z,0.0014274020156346,0.0,0.1712753492352201,0.0
2012-07-02T04:00:00Z,0.0146284549715319,0.0,0.1712753492352201,0.0
2012-07-02T05:00:00Z,0.0154830687399046,0.0,0.0,0.0
2012-07-02T06:00:00Z,0.1682308869371485,0.0,0.0,0.0
2012-07-02T07:00:00Z,0.1811412422915223,0.0,0.0,0.0
2012-07-02T08:00:00Z,0.1893444802352597,0.0,0.102705094585655,0.0
2012-07-02T09:00:00Z,0.019271155321603,0.0,0.102705094585655,0.0
2012-07-02T10:00:00Z,0.1930205683054921,0.0,0.102705094585655,0.0
2012-07-02T11:00:00Z,0.1877176058121762,0.0,0.102705094585655,0.0
2012-07-02T12:00:00Z,0.1827637306055515,0.0,0.102705094585655,0.0
2012-07-02T13:00:00Z,0.0018119545185811,0.0,0.102705094585655,0.0
2012-07-02T14:00:00Z,0.1822702150135747,0.0,0.102705094585655,0.0
2012-07-02T15:00:00Z,0.0018617031772949,0.0,0.102705094585655,0.0
2012-07-02T16:00:00Z,0.1875697508591919,0.0,0.0,0.0
2012-07-02T17:00:00Z,0.0188602669751041,0.0,0.1369706192075646,0.0
2012-07-02T18:00:00Z,0.0187178359159055,0.0,0.1369706192075646,0.0
2012-07-02T19:00:00Z,0.0182782146389326,0.0,0.1369706192075646,0.0
2012-07-02T20:00:00Z,0.184908263801254,0.0,0.1369706192075646,0.0
2012-07-02T21:00:00Z,0.0017542626946934,0.0,0.1712753492352201,0.0
2012-07-02T22:00:00Z,0.0001650661232365,0.0,0.1712753492352201,0.0
2012-07-02T23:00:00Z,0.0015963835244358,0.0,0.1712753492352201,0.0
2012-07-03T00:00:00Z,0.1560576328740134,0.0,0.1712753492352201,0.0
2012-07-03T01:00:00Z,0.0154589020622496,0.0,0.1712753492352201,0.0
2012-07-03T02:00:00Z,0.1586541115298975,0.0,0.1712753492352201,0.0
2012-07-03T03:00:00Z,0.1692013527270849,0.0,0.1712753492352201,0.0
2012-07-03T04:00:00Z,0.0199140570885644,0.0,0.1712753492352201,0.0
2012-07-03T05:00:00Z,0.2207192581806777,0.0,0.0,0.0
2012-07-03T06:00:00Z,0.0023569767374454,0.0,0.0,0.0
2012-07-03T07:00:00Z,0.2393557572287245,0.0,0.0,0.0
2012-07-03T08:00:00Z,0.2436862566860168,0.0,0.102705094585655,0.0
2012-07-03T09:00:00Z,0.2516959575677363,0.0,0.102705094585655,0.0
2012-07-03T10:00:00Z,0.2525570447631328,0.0,0.102705094585655,0.0
2012-07-03T11:00:00Z,0.247972620920951,0.0,0.102705094585655,0.0
2012-07-03T12:00:00Z,0.2487725375597161,0.0,0.102705094585655,0.0
2012-07-03T13:00:00Z,0.0244608073869054,0.0,0.102705094585655,0.0
2012-07-03T14:00:00Z,0.2393727925629976,0.0,0.102705094585655,0.0
2012-07-03T15:00:00Z,0.2367124020323232,0.0,0.102705094585655,0.0
2012-07-03T16:00:00Z,0.0234459244104574,0.0,0.0,0.0
2012-07-03T17:00:00Z,0.0231663138744191,0.0,0.1369706192075646,0.0
2012-07-03T18:00:00Z,0.0220913921141225,0.0,0.1369706192075646,0.0
2012-07-03T19:00:00Z,0.2123031177202142,0.0,0.1369706192075646,0.0
2012-07-03T20:00:00Z,0.2033339946445699,0.0,0.1369706192075646,0.0
2012-07-03T21:00:00Z,0.1884286058383733,0.0,0.1712753492352201,0.0
2012-07-03T22:00:00Z,0.1771667617396942,0.0,0.1712753492352201,0.0
2012-07-03T23:00:00Z,0.1705947451664065,0.0,0.1712753492352201,0.0
2012-07-04T00:00:00Z,0.0016720215834591,0.0,0.1712753492352201,0.0
2012-07-04T01:00:00Z,0.168294191805775,0.0,0.1712753492352201,0.0
2012-07-04T02:00:00Z,0.1713957191707473,0.0,0.1712753492352201,0.0
2012-07-04T03:00:00Z,0.0180831855166025,0.0,0.1712753492352201,0.0
2012-07-04T04:00:00Z,0.2066918352573988,0.0,0.1712753492352201,0.0
2012-07-04T05:00:00Z,0.226303382012876,0.0,0.0,0.0
2012-07-04T06:00:00Z,0.0240713992262658,0.0,0.0,0.0
2012-07-04T07:00:00Z,0.0245631603746209,0.0,0.0,0.0
2012-07-04T08:00:00Z,0.0002523426443118,0.0,0.102705094585655,0.0
2012-07-04T09:00:00Z,0.2543209655133169,0.0,0.102705094585655,0.0
2012-07-04T10:00:00Z,0.2554545201528635,0.0,0.102705094585655,0.0
2012-07-04T11:00:00Z,0.0254358511781671,0.0,0.102705094585655,0.0
2012-07-04T12:00:00Z,0.250391011800727,0.0,0.102705094585655,0.0
2012-07-04T13:00:00Z,0.024778181538667,0.0,0.102705094585655,0.0
2012-07-04T14:00:00Z,0.243963482275257,0.0,0.102705094585655,0.0
2012-07-04T15:00:00Z,0.0239052440164864,0.0,0.102705094585655,0.0
2012-07-04T16:00:00Z,0.0236107833683645,0.0,0.0,0.0
2012-07-04T17:00:00Z,0.2322253145656261,0.0,0.1369706192075646,0.0
2012-07-04T18:00:00Z,0.0022314494292484,0.0,0.1369706192075646,0.0
2012-07-04T19:00:00Z,0.212068186753997,0.0,0.1369706192075646,0.0
2012-07-04T20:00:00Z,0.0203326328744147,0.0,0.1369706192075646,0.0
2012-07-04T21:00:00Z,0.0188806545498686,0.0,0.1712753492352201,0.0
2012-07-04T22:00:00Z,0.1789892096325708,0.0,0.1712753492352201,0.0
2012-07-04T23:00:00Z,0.1741732227293383,0.0,0.1712753492352201,0.0
2012-07-05T00:00:00Z,0.0169770871365017,0.0,0.1712753492352201,0.0
2012-07-05T01:00:00Z,0.1697383769544121,0.0,0.1712753492352201,0.0
2012-07-05T02:00:00Z,0.0172637663572212,0.0,0.1712753492352201,0.0
2012-07-05T03:00:00Z,0.018144935666216,0.0,0.1712753492352201,0.0
2012-07-05T04:00:00Z,0.2059897053535301,0.0,0.1712753492352201,0.0
2012-07-05T05:00:00Z,0.2269556982496288,0.0,0.0,0.0
2012-07-05T06:00:00Z,0.238549104779626,0.0,0.0,0.0
2012-07-05T07:00:00Z,0.2388719928970557,0.0,0.0,0.0
2012-07-05T08:00:00Z,0.0024880184029275,0.0,0.102705094585655,0.0
2012-07-05T09:00:00Z,0.0025209886280413,0.0,0.102705094585655,0.0
2012-07-05T10:00:00Z,0.0025249192866643,0.0,0.102705094585655,0.0
2012-07-05T11:00:00Z,0.0252704008787715,0.0,0.102705094585655,0.0
2012-07-05T12:00:00Z,0.2488453195568347,0.0,0.102705094585655,0.0
2012-07-05T13:00:00Z,0.2445552937040741,0.0,0.102705094585655,0.0
2012-07-05T14:00:00Z,0.2383749527531602,0.0,0.102705094585655,0.0
2012-07-05T15:00:00Z,0.0234986634556657,0.0,0.102705094585655,0.0
2012-07-05T16:00:00Z,0.0023385382398918,0.0,0.0,0.0
2012-07-05T17:00:00Z,0.002315032219913,0.0,0.1369706192075646,0.0
2012-07-05T18:00:00Z,0.2220963201961099,0.0,0.1369706192075646,0.0
2012-07-05T19:00:00Z,0.2121576320493529,0.0,0.1369706192075646,0.0
2012-07-05T20:00:00Z,0.2035562568047242,0.0,0.1369706192075646,0.0
2012-07-05T21:00:00Z,0.1888859751923407,0.0,0.1712753492352201,0.0
2012-07-05T22:00:00Z,0.01805953185706,0.0,0.1712753492352201,0.0
2012-07-05T23:00:00Z,0.1760931244827635,0.0,0.1712753492352201,0.0
2012-07-06T00:00:00Z,0.1753836713432419,0.0,0.1712753492352201,0.0
2012-07-06T01:00:00Z,0.0017567079504911,0.0,0.1712753492352201,0.0
2012-07-06T02:00:00Z,0.1786969067934567,0.0,0.1712753492352201,0.0
2012-07-06T03:00:00Z,0.1888043034920496,0.0,0.1712753492352201,0.0
2012-07-06T04:00:00Z,0.2132459941009656,0.0,0.1712753492352201,0.0
2012-07-06T05:00:00Z,0.0233119679405387,0.0,0.0,0.0
2012-07-06T06:00:00Z,0.245682954509579,0.0,0.0,0.0
2012-07-06T07:00:00Z,0.0025285699392182,0.0,0.0,0.0
2012-07-06T08:00:00Z,0.2603906355339874,0.0,0.102705094585655,0.0
2012-07-06T09:00:00Z,0.2631747182561598,0.0,0.102705094585655,0.0
2012-07-06T10:00:00Z,0.0026283382555267,0.0,0.102705094585655,0.0
2012-07-06T11:00:00Z,0.2609396040761498,0.0,0.102705094585655,0.0
2012-07-06T12:00:00Z,0.0025507906725973,0.0,0.102705094585655,0.0
2012-07-06T13:00:00Z,0.0025032538660208,0.0,0.102705094585655,0.0
2012-07-06T14:00:00Z,0.0002467820762349,0.0,0.102705094585655,0.0
2012-07-06T15:00:00Z,0.0024618168839647,0.0,0.102705094585655,0.0
2012-07-06T16:00:00Z,0.0024318127650988,0.0,0.0,0.0
2012-07-06T17:00:00Z,0.2401227193070509,0.0,0.1369706192075646,0.0
2012-07-06T18:00:00Z,0.0231047634494143,0.0,0.1369706192075646,0.0
2012-07-06T19:00:00Z,0.2194434878712166,0.0,0.1369706192075646,0.0
2012-07-06T20:00:00Z,0.0208914975751307,0.0,0.1369706192075646,0.0
2012-07-06T21:00:00Z,0.1973060514024466,0.0,0.1712753492352201,0.0
2012-07-06T22:00:00Z,0.1862955078555621,0.0,0.1712753492352201,0.0
2012-07-06T23:00:00Z,0.0017910476598338,0.0,0.1712753492352201,0.0
2012-07-07T00:00:00Z,0.0017246075064674,0.0,0.1712753492352201,0.0
2012-07-07T01:00:00Z,0.1709418547878545,0.0,0.1712753492352201,0.0
2012-07-07T02:00:00Z,0.174260729521139,0.0,0.1712753492352201,0.0
2012-07-07T03:00:00Z,0.183944553402495,0.0,0.1712753492352201,0.0
2012-07-07T04:00:00Z,0.0021070926639052,0.0,0.1712753492352201,0.0
2012-07-07T05:00:00Z,0.2315587826361351,0.0,0.0,0.0
2012-07-07T06:00:00Z,0.0241782048979051,0.0,0.0,0.0
2012-07-07T07:00:00Z,0.2445910874868916,0.0,0.0,0.0
2012-07-07T08:00:00Z,0.2471942236297331,0.0,0.102705094585655,0.0
2012-07-07T09:00:00Z,0.2509574660365744,0.0,0.102705094585655,0.0
2012-07-07T10:00:00Z,0.2482204752442029,0.0,0.102705094585655,0.0
2012-07-07T11:00:00Z,0.0243765901768954,0.0,0.102705094585655,0.0
2012-07-07T12:00:00Z,0.2404923273182458,0.0,0.102705094585655,0.0
2012-07-07T13:00:00Z,0.2384269594748033,0.0,0.102705094585655,0.0
2012-07-07T14:00:00Z,0.2358455384879491,0.0,0.102705094585655,0.0
2012-07-07T15:00:00Z,0.2325615763995024,0.0,0.102705094585655,0.0
2012-07-07T16:00:00Z,0.0022768006220185,0.0,0.0,0.0
2012-07-07T17:00:00Z,0.2227239058269007,0.0,0.1369706192075646,0.0
2012-07-07T18:00:00Z,0.2123353869511131,0.0,0.1369706192075646,0.0
2012-07-07T19:00:00Z,0.2019542304726667,0.0,0.1369706192075646,0.0
2012-07-07T20:00:00Z,0.1966549883397094,0.0,0.1369706192075646,0.0
2012-07-07T21:00:00Z,0.0185793210255054,0.0,0.1712753492352201,0.0
2012-07-07T22:00:00Z,0.0174137752030446,0.0,0.1712753492352201,0.0
2012-07-07T23:00:00Z,0.0166696208918001,0.0,0.1712753492352201,0.0
2012-07-08T00:00:00Z,0.1619680323096521,0.0,0.1712753492352201,0.0
2012-07-08T01:00:00Z,0.001598139534525,0.0,0.1712753492352201,0.0
2012-07-08T02:00:00Z,0.1601225769250848,0.0,0.1712753492352201,0.0
2012-07-08T03:00:00Z,0.0157350820344205,0.0,0.1712753492352201,0.0
2012-07-08T04:00:00Z,0.1637049510759711,0.0,0.1712753492352201,0.0
2012-07-08T05:00:00Z,0.1736147378969958,0.0,0.0,0.0
2012-07-08T06:00:00Z,0.0018687338751387,0.0,0.0,0.0
2012-07-08T07:00:00Z,0.0199763946634976,0.0,0.0,0.0
2012-07-08T08:00:00Z,0.0209076517714242,0.0,0.102705094585655,0.0
2012-07-08T09:00:00Z,0.0214426787526643,0.0,0.102705094585655,0.0
2012-07-08T10:00:00Z,0.2114303799226424,0.0,0.102705094585655,0.0
2012-07-08T11:00:00Z,2.0611971236721527e-05,0.0,0.102705094585655,0.0
2012-07-08T12:00:00Z,0.2004521056066569,0.0,0.102705094585655,0.0
2012-07-08T13:00:00Z,0.0019861171187026,0.0,0.102705094585655,0.0
2012-07-08T14:00:00Z,0.001979163961001,0.0,0.102705094585655,0.0
2012-07-08T15:00:00Z,0.2010797108182917,0.0,0.102705094585655,0.0
2012-07-08T16:00:00Z,0.1992300063905781,0.0,0.0,0.0
2012-07-08T17:00:00Z,0.0019555851002826,0.0,0.1369706192075646,0.0
2012-07-08T18:00:00Z,0.1891141116056927,0.0,0.1369706192075646,0.0
2012-07-08T19:00:00Z,0.1833907875535544,0.0,0.1369706192075646,0.0
2012-07-08T20:00:00Z,0.1802400731084739,0.0,0.1369706192075646,0.0
2012-07-08T21:00:00Z,0.001701650924971,0.0,0.1712753492352201,0.0
2012-07-08T22:00:00Z,0.001610716702238,0.0,0.1712753492352201,0.0
2012-07-08T23:00:00Z,0.015449295700187,0.0,0.1712753492352201,0.0
2012-07-09T00:00:00Z,0.0150102031060018,0.0,0.1712753492352201,0.0
2012-07-09T01:00:00Z,0.1479962973066867,0.0,0.1712753492352201,0.0
2012-07-09T02:00:00Z,0.1476740357762647,0.0,0.1712753492352201,0.0
2012-07-09T03:00:00Z,0.1479908538320569,0.0,0.1712753492352201,0.0
2012-07-09T04:00:00Z,0.150728569115656,0.0,0.1712753492352201,0.0
2012-07-09T05:00:00Z,0.0157386300833519,0.0,0.0,0.0
2012-07-09T06:00:00Z,0.1721340540551573,0.0,0.0,0.0
2012-07-09T07:00:00Z,0.0018500478757171,0.0,0.0,0.0
2012-07-09T08:00:00Z,0.1917067328353103,0.0,0.102705094585655,0.0
2012-07-09T09:00:00Z,0.1983286609799339,0.0,0.102705094585655,0.0
2012-07-09T10:00:00Z,0.1989692678719793,0.0,0.102705094585655,0.0
2012-07-09T11:00:00Z,0.0193426528153558,0.0,0.102705094585655,0.0
2012-07-09T12:00:00Z,0.189618670793681,0.0,0.102705094585655,0.0
2012-07-09T13:00:00Z,0.1877065622161647,0.0,0.102705094585655,0.0
2012-07-09T14:00:00Z,0.1872456095677467,0.0,0.102705094585655,0.0
2012-07-09T15:00:00Z,0.0018945241963776,0.0,0.102705094585655,0.0
2012-07-09T16:00:00Z,0.0190746850491551,0.0,0.0,0.0
2012-07-09T17:00:00Z,0.189353644070248,0.0,0.1369706192075646,0.0
2012-07-09T18:00:00Z,0.184182108201807,0.0,0.1369706192075646,0.0
2012-07-09T19:00:00Z,0.1795889121415168,0.0,0.1369706192075646,0.0
2012-07-09T20:00:00Z,0.1804451041259152,0.0,0.1369706192075646,0.0
2012-07-09T21:00:00Z,0.1708853836337812,0.0,0.1712753492352201,0.0
2012-07-09T22:00:00Z,0.0162116719448506,0.0,0.1712753492352201,0.0
2012-07-09T23:00:00Z,0.0015715918262405,0.0,0.1712753492352201,0.0
2012-07-10T00:00:00Z,0.1538238306105508,0.0,0.1712753492352201,0.0
2012-07-10T01:00:00Z,0.1547896949021491,0.0,0.1712753492352201,0.0
2012-07-10T02:00:00Z,0.1599795780214105,0.0,0.1712753492352201,0.0
2012-07-10T03:00:00Z,0.0170377877528772,0.0,0.1712753492352201,0.0
2012-07-10T04:00:00Z,0.0019643584932417,0.0,0.1712753492352201,0.0
2012-07-10T05:00:00Z,0.2180099547017111,0.0,0.0,0.0
2012-07-10T06:00:00Z,0.0231799538903439,0.0,0.0,0.0
2012-07-10T07:00:00Z,0.2371731588723013,0.0,0.0,0.0
2012-07-10T08:00:00Z,0.0024236694836993,0.0,0.102705094585655,0.0
2012-07-10T09:00:00Z,0.0024863606886751,0.0,0.102705094585655,0.0
2012-07-10T10:00:00Z,0.2461460414699922,0.0,0.102705094585655,0.0
2012-07-10T11:00:00Z,0.0243456837727383,0.0,0.102705094585655,0.0
2012-07-10T12:00:00Z,0.2392407197702709,0.0,0.102705094585655,0.0
2012-07-10T13:00:00Z,0.232760909391342,0.0,0.102705094585655,0.0
2012-07-10T14:00:00Z,0.2280531262320099,0.0,0.102705094585655,0.0
2012-07-10T15:00:00Z,0.2283648924300521,0.0,0.102705094585655,0.0
2012-07-10T16:00:00Z,0.0226079856888284,0.0,0.0,0.0
2012-07-10T17:00:00Z,0.0022335935316655,0.0,0.1369706192075646,0.0
2012-07-10T18:00:00Z,0.2131203829867563,0.0,0.1369706192075646,0.0
2012-07-10T19:00:00Z,0.0203751311382151,0.0,0.1369706192075646,0.0
2012-07-10T20:00:00Z,0.195597798991732,0.0,0.1369706192075646,0.0
2012-07-10T21:00:00Z,0.1798315579602669,0.0,0.1712753492352201,0.0
2012-07-10T22:00:00Z,0.1695828658914269,0.0,0.1712753492352201,0.0
2012-07-10T23:00:00Z,0.1621850272227725,0.0,0.1712753492352201,0.0
2012-07-11T00:00:00Z,0.0015970821689494,0.0,0.1712753492352201,0.0
2012-07-11T01:00:00Z,0.1604619716939999,0.0,0.1712753492352201,0.0
2012-07-11T02:00:00Z,0.1634841966408042,0.0,0.1712753492352201,0.0
2012-07-11T03:00:00Z,0.1735916129202411,0.0,0.1712753492352201,0.0
2012-07-11T04:00:00Z,0.1979329712845416,0.0,0.1712753492352201,0.0
2012-07-11T05:00:00Z,0.0216920094715532,0.0,0.0,0.0
2012-07-11T06:00:00Z,0.0023092409894939,0.0,0.0,0.0
2012-07-11T07:00:00Z,0.2367963255296734,0.0,0.0,0.0
2012-07-11T08:00:00Z,0.002421825751429,0.0,0.102705094585655,0.0
2012-07-11T09:00:00Z,0.0002478872190698,0.0,0.102705094585655,0.0
2012-07-11T10:00:00Z,0.2479701733154519,0.0,0.102705094585655,0.0
2012-07-11T11:00:00Z,0.0244663996759496,0.0,0.102705094585655,0.0
2012-07-11T12:00:00Z,0.024017735965221,0.0,0.102705094585655,0.0
2012-07-11T13:00:00Z,0.238331072081774,0.0,0.102705094585655,0.0
2012-07-11T14:00:00Z,0.2328900450574699,0.0,0.102705094585655,0.0
2012-07-11T15:00:00Z,0.2319545702357474,0.0,0.102705094585655,0.0
2012-07-11T16:00:00Z,0.0229822539408933,0.0,0.0,0.0
2012-07-11T17:00:00Z,0.0022486179132606,0.0,0.1369706192075646,0.0
2012-07-11T18:00:00Z,0.2177756111608136,0.0,0.1369706192075646,0.0
2012-07-11T19:00:00Z,0.2086330605499313,0.0,0.1369706192075646,0.0
2012-07-11T20:00:00Z,0.0020085689060408,0.0,0.1369706192075646,0.0
2012-07-11T21:00:00Z,0.0018663183822239,0.0,0.1712753492352201,0.0
2012-07-11T22:00:00Z,0.1768542710504244,0.0,0.1712753492352201,0.0
2012-07-11T23:00:00Z,0.170645596618254,0.0,0.1712753492352201,0.0
2012-07-12T00:00:00Z,0.1683885127312849,0.0,0.1712753492352201,0.0
2012-07-12T01:00:00Z,0.1692119655445286,0.0,0.1712753492352201,0.0
2012-07-12T02:00:00Z,0.0017391004639566,0.0,0.1712753492352201,0.0
2012-07-12T03:00:00Z,0.1844583743296916,0.0,0.1712753492352201,0.0
2012-07-12T04:00:00Z,0.0020687177342326,0.0,0.1712753492352201,0.0
2012-07-12T05:00:00Z,0.0022516709584559,0.0,0.0,0.0
2012-07-12T06:00:00Z,0.0023760731513571,0.0,0.0,0.0
2012-07-12T07:00:00Z,0.2428171217637395,0.0,0.0,0.0
2012-07-12T08:00:00Z,0.2481916326610025,0.0,0.102705094585655,0.0
2012-07-12T09:00:00Z,0.2547249574865619,0.0,0.102705094585655,0.0
2012-07-12T10:00:00Z,0.0025309012345039,0.0,0.102705094585655,0.0
2012-07-12T11:00:00Z,0.2552898648357339,0.0,0.102705094585655,0.0
2012-07-12T12:00:00Z,0.0025441237868349,0.0,0.102705094585655,0.0
2012-07-12T13:00:00Z,0.0251125910247016,0.0,0.102705094585655,0.0
2012-07-12T14:00:00Z,0.024541672356424,0.0,0.102705094585655,0.0
2012-07-12T15:00:00Z,0.024243792892941,0.0,0.102705094585655,0.0
2012-07-12T16:00:00Z,0.0238114674384395,0.0,0.0,0.0
2012-07-12T17:00:00Z,0.0023696247878136,0.0,0.1369706192075646,0.0
2012-07-12T18:00:00Z,0.0228351861378375,0.0,0.1369706192075646,0.0
2012-07-12T19:00:00Z,0.0021723332947687,0.0,0.1369706192075646,0.0
2012-07-12T20:00:00Z,0.0209010530269989,0.0,0.1369706192075646,0.0
2012-07-12T21:00:00Z,0.0194090357926578,0.0,0.1712753492352201,0.0
2012-07-12T22:00:00Z,0.1812103626708144,0.0,0.1712753492352201,0.0
2012-07-12T23:00:00Z,0.1735669018951231,0.0,0.1712753492352201,0.0
2012-07-13T00:00:00Z,0.0016935847920969,0.0,0.1712753492352201,0.0
2012-07-13T01:00:00Z,0.0016925924349234,0.0,0.1712753492352201,0.0
2012-07-13T02:00:00Z,0.0171424591125213,0.0,0.1712753492352201,0.0
2012-07-13T03:00:00Z,0.1800192990924631,0.0,0.1712753492352201,0.0
2012-07-13T04:00:00Z,0.2043277420580128,0.0,0.1712753492352201,0.0
2012-07-13T05:00:00Z,0.2234919252708027,0.0,0.0,0.0
2012-07-13T06:00:00Z,0.2379262381322374,0.0,0.0,0.0
2012-07-13T07:00:00Z,0.2432129289441959,0.0,0.0,0.0
2012-07-13T08:00:00Z,0.247268826645343,0.0,0.102705094585655,0.0
2012-07-13T09:00:00Z,0.2524280853246008,0.0,0.102705094585655,0.0
2012-07-13T10:00:00Z,0.2555307287976808,0.0,0.102705094585655,0.0
2012-07-13T11:00:00Z,0.0252789498752585,0.0,0.102705094585655,0.0
2012-07-13T12:00:00Z,0.2466102641193568,0.0,0.102705094585655,0.0
2012-07-13T13:00:00Z,0.0024432542438602,0.0,0.102705094585655,0.0
2012-07-13T14:00:00Z,0.2406440005358086,0.0,0.102705094585655,0.0
2012-07-13T15:00:00Z,0.0024070077519296,0.0,0.102705094585655,0.0
2012-07-13T16:00:00Z,0.0023968029992747,0.0,0.0,0.0
2012-07-13T17:00:00Z,0.2364516047711925,0.0,0.1369706192075646,0.0
2012-07-13T18:00:00Z,0.0022760181714925,0.0,0.1369706192075646,0.0
2012-07-13T19:00:00Z,0.2153979875982291,0.0,0.1369706192075646,0.0
2012-07-13T20:00:00Z,0.2070112967271298,0.0,0.1369706192075646,0.0
2012-07-13T21:00:00Z,0.1941475046197693,0.0,0.1712753492352201,0.0
2012-07-13T22:00:00Z,0.0184712112696563,0.0,0.1712753492352201,0.0
2012-07-13T23:00:00Z,0.1767869325279356,0.0,0.1712753492352201,0.0
2012-07-14T00:00:00Z,0.1724141384476203,0.0,0.1712753492352201,0.0
2012-07-14T01:00:00Z,0.0173098596639786,0.0,0.1712753492352201,0.0
2012-07-14T02:00:00Z,0.0017647709504302,0.0,0.1712753492352201,0.0
2012-07-14T03:00:00Z,0.0182559903810015,0.0,0.1712753492352201,0.0
2012-07-14T04:00:00Z,0.2047323214565775,0.0,0.1712753492352201,0.0
2012-07-14T05:00:00Z,0.2233816459574392,0.0,0.0,0.0
2012-07-14T06:00:00Z,0.2377717061114517,0.0,0.0,0.0
2012-07-14T07:00:00Z,0.0243566647100491,0.0,0.0,0.0
2012-07-14T08:00:00Z,0.2496308638561097,0.0,0.102705094585655,0.0
2012-07-14T09:00:00Z,0.2531496002640216,0.0,0.102705094585655,0.0
2012-07-14T10:00:00Z,0.0025258109982997,0.0,0.102705094585655,0.0
2012-07-14T11:00:00Z,0.0246904632737511,0.0,0.102705094585655,0.0
2012-07-14T12:00:00Z,0.0239966787255919,0.0,0.102705094585655,0.0
2012-07-14T13:00:00Z,0.2335254630258574,0.0,0.102705094585655,0.0
2012-07-14T14:00:00Z,0.2291552144552611,0.0,0.102705094585655,0.0
2012-07-14T15:00:00Z,0.0225186187168484,0.0,0.102705094585655,0.0
2012-07-14T16:00:00Z,0.0022128965795658,0.0,0.0,0.0
2012-07-14T17:00:00Z,0.0002157331235335,0.0,0.1369706192075646,0.0
2012-07-14T18:00:00Z,0.2066730376471663,0.0,0.1369706192075646,0.0
2012-07-14T19:00:00Z,0.0019812786921521,0.0,0.1369706192075646,0.0
2012-07-14T20:00:00Z,0.0019010489252127,0.0,0.1369706192075646,0.0
2012-07-14T21:00:00Z,0.0017724458580414,0.0,0.1712753492352201,0.0
2012-07-14T22:00:00Z,0.166693496971109,0.0,0.1712753492352201,0.0
2012-07-14T23:00:00Z,0.1621302400212826,0.0,0.1712753492352201,0.0
2012-07-15T00:00:00Z,0.0015732612889993,0.0,0.1712753492352201,0.0
2012-07-15T01:00:00Z,0.1559377785279377,0.0,0.1712753492352201,0.0
2012-07-15T02:00:00Z,0.0015636138071644,0.0,0.1712753492352201,0.0
2012-07-15T03:00:00Z,0.1597249095644493,0.0,0.1712753492352201,0.0
2012-07-15T04:00:00Z,0.1665555499251846,0.0,0.1712753492352201,0.0
2012-07-15T05:00:00Z,0.1790119429924456,0.0,0.0,0.0
2012-07-15T06:00:00Z,0.0195248564848711,0.0,0.0,0.0
2012-07-15T07:00:00Z,0.0205367749215387,0.0,0.0,0.0
2012-07-15T08:00:00Z,0.2124246951805611,0.0,0.102705094585655,0.0
2012-07-15T09:00:00Z,0.0021574393215945,0.0,0.102705094585655,0.0
2012-07-15T10:00:00Z,0.0212775182497597,0.0,0.102705094585655,0.0
2012-07-15T11:00:00Z,0.020545958337371,0.0,0.102705094585655,0.0
2012-07-15T12:00:00Z,0.0198546096462044,0.0,0.102705094585655,0.0
2012-07-15T13:00:00Z,0.1953173621440772,0.0,0.102705094585655,0.0
2012-07-15T14:00:00Z,0.0194660669588692,0.0,0.102705094585655,0.0
2012-07-15T15:00:00Z,0.1960583796041141,0.0,0.102705094585655,0.0
2012-07-15T16:00:00Z,0.1965645640021538,0.0,0.0,0.0
2012-07-15T17:00:00Z,0.1910613090556428,0.0,0.1369706192075646,0.0
2012-07-15T18:00:00Z,0.1826694880034176,0.0,0.1369706192075646,0.0
2012-07-15T19:00:00Z,0.0174813878573493,0.0,0.1369706192075646,0.0
2012-07-15T20:00:00Z,0.017343440811425,0.0,0.1369706192075646,0.0
2012-07-15T21:00:00Z,0.0016430474169871,0.0,0.1712753492352201,0.0
2012-07-15T22:00:00Z,0.1549255467977662,0.0,0.1712753492352201,0.0
2012-07-15T23:00:00Z,0.0014792419084868,0.0,0.1712753492352201,0.0
2012-07-16T00:00:00Z,0.0014263321183189,0.0,0.1712753492352201,0.0
2012-07-16T01:00:00Z,0.1395912004422348,0.0,0.1712753492352201,0.0
2012-07-16T02:00:00Z,0.1396902011894588,0.0,0.1712753492352201,0.0
2012-07-16T03:00:00Z,0.1405045880719341,0.0,0.1712753492352201,0.0
2012-07-16T04:00:00Z,0.0143905242200151,0.0,0.1712753492352201,0.0
2012-07-16T05:00:00Z,0.0014957520845241,0.0,0.0,0.0
2012-07-16T06:00:00Z,0.1636660047772708,0.0,0.0,0.0
2012-07-16T07:00:00Z,0.0017512464614849,0.0,0.0,0.0
2012-07-16T08:00:00Z,0.1832622784744343,0.0,0.102705094585655,0.0
2012-07-16T09:00:00Z,0.1899643118518295,0.0,0.102705094585655,0.0
2012-07-16T10:00:00Z,0.1893295792129817,0.0,0.102705094585655,0.0
2012-07-16T11:00:00Z,0.1842827145782385,0.0,0.102705094585655,0.0
2012-07-16T12:00:00Z,0.179241391322345,0.0,0.102705094585655,0.0
2012-07-16T13:00:00Z,0.1780962839848431,0.0,0.102705094585655,0.0
2012-07-16T14:00:00Z,0.0177666337602886,0.0,0.102705094585655,0.0
2012-07-16T15:00:00Z,0.0017955536036533,0.0,0.102705094585655,0.0
2012-07-16T16:00:00Z,0.183151470478283,0.0,0.0,0.0
2012-07-16T17:00:00Z,0.0180650419065594,0.0,0.1369706192075646,0.0
2012-07-16T18:00:00Z,0.1762251189521143,0.0,0.1369706192075646,0.0
2012-07-16T19:00:00Z,0.1743497244570831,0.0,0.1369706192075646,0.0
2012-07-16T20:00:00Z,0.0173997553187463,0.0,0.1369706192075646,0.0
2012-07-16T21:00:00Z,0.0016324447815823,0.0,0.1712753492352201,0.0
2012-07-16T22:00:00Z,0.1557316509832329,0.0,0.1712753492352201,0.0
2012-07-16T23:00:00Z,0.001523308597891,0.0,0.1712753492352201,0.0
2012-07-17T00:00:00Z,0.1489257020667716,0.0,0.1712753492352201,0.0
2012-07-17T01:00:00Z,0.1496254039459852,0.0,0.1712753492352201,0.0
2012-07-17T02:00:00Z,0.0015414216618175,0.0,0.1712753492352201,0.0
2012-07-17T03:00:00Z,0.0016516156027012,0.0,0.1712753492352201,0.0
2012-07-17T04:00:00Z,0.0019155755617535,0.0,0.1712753492352201,0.0
2012-07-17T05:00:00Z,0.0213076375039884,0.0,0.0,0.0
2012-07-17T06:00:00Z,0.2255052668117582,0.0,0.0,0.0
2012-07-17T07:00:00Z,0.2340150624490358,0.0,0.0,0.0
2012-07-17T08:00:00Z,0.2392028504179901,0.0,0.102705094585655,0.0
2012-07-17T09:00:00Z,0.245271580558149,0.0,0.102705094585655,0.0
2012-07-17T10:00:00Z,0.2461496835069746,0.0,0.102705094585655,0.0
2012-07-17T11:00:00Z,0.2439567856266116,0.0,0.102705094585655,0.0
2012-07-17T12:00:00Z,0.0240081570163401,0.0,0.102705094585655,0.0
2012-07-17T13:00:00Z,0.2338572800081475,0.0,0.102705094585655,0.0
2012-07-17T14:00:00Z,0.2281859822584963,0.0,0.102705094585655,0.0
2012-07-17T15:00:00Z,0.2278505232392237,0.0,0.102705094585655,0.0
2012-07-17T16:00:00Z,0.0224847007788853,0.0,0.0,0.0
2012-07-17T17:00:00Z,0.022161377966719,0.0,0.1369706192075646,0.0
2012-07-17T18:00:00Z,0.0021401858567193,0.0,0.1369706192075646,0.0
2012-07-17T19:00:00Z,0.2054661527468693,0.0,0.1369706192075646,0.0
2012-07-17T20:00:00Z,0.1961877306595259,0.0,0.1369706192075646,0.0
2012-07-17T21:00:00Z,0.0018260245298401,0.0,0.1712753492352201,0.0
2012-07-17T22:00:00Z,0.0173193407086395,0.0,0.1712753492352201,0.0
2012-07-17T23:00:00Z,0.1661448808841384,0.0,0.1712753492352201,0.0
2012-07-18T00:00:00Z,0.0163700770565778,0.0,0.1712753492352201,0.0
2012-07-18T01:00:00Z,0.1627039979119391,0.0,0.1712753492352201,0.0
2012-07-18T02:00:00Z,0.1664348144411294,0.0,0.1712753492352201,0.0
2012-07-18T03:00:00Z,0.0017510855069473,0.0,0.1712753492352201,0.0
2012-07-18T04:00:00Z,0.0019955703585651,0.0,0.1712753492352201,0.0
2012-07-18T05:00:00Z,0.2201123499211426,0.0,0.0,0.0
2012-07-18T06:00:00Z,0.0234697817107774,0.0,0.0,0.0
2012-07-18T07:00:00Z,0.0024020009301208,0.0,0.0,0.0
2012-07-18T08:00:00Z,0.2459561856066447,0.0,0.102705094585655,0.0
2012-07-18T09:00:00Z,0.2539315221071581,0.0,0.102705094585655,0.0
2012-07-18T10:00:00Z,0.2537749732594413,0.0,0.102705094585655,0.0
2012-07-18T11:00:00Z,0.2510929067344676,0.0,0.102705094585655,0.0
2012-07-18T12:00:00Z,0.2462327258663451,0.0,0.102705094585655,0.0
2012-07-18T13:00:00Z,0.0240791571566555,0.0,0.102705094585655,0.0
2012-07-18T14:00:00Z,0.0233573485045748,0.0,0.102705094585655,0.0
2012-07-18T15:00:00Z,0.0231277200309106,0.0,0.102705094585655,0.0
2012-07-18T16:00:00Z,0.0022834655496965,0.0,0.0,0.0
2012-07-18T17:00:00Z,0.2252313503851527,0.0,0.1369706192075646,0.0
2012-07-18T18:00:00Z,0.0219784537221448,0.0,0.1369706192075646,0.0
2012-07-18T19:00:00Z,0.0213815865194089,0.0,0.1369706192075646,0.0
2012-07-18T20:00:00Z,0.2083858523945311,0.0,0.1369706192075646,0.0
2012-07-18T21:00:00Z,0.1970386358160465,0.0,0.1712753492352201,0.0
2012-07-18T22:00:00Z,0.1898817981752468,0.0,0.1712753492352201,0.0
2012-07-18T23:00:00Z,0.1814054857811957,0.0,0.1712753492352201,0.0
2012-07-19T00:00:00Z,0.1779417911257455,0.0,0.1712753492352201,0.0
2012-07-19T01:00:00Z,0.0176598907473501,0.0,0.1712753492352201,0.0
2012-07-19T02:00:00Z,0.0017959710672472,0.0,0.1712753492352201,0.0
2012-07-19T03:00:00Z,0.018692474806767,0.0,0.1712753492352201,0.0
2012-07-19T04:00:00Z,0.0021029857776863,0.0,0.1712753492352201,0.0
2012-07-19T05:00:00Z,0.0230093851583288,0.0,0.0,0.0
2012-07-19T06:00:00Z,0.2435804026433955,0.0,0.0,0.0
2012-07-19T07:00:00Z,0.250230018101424,0.0,0.0,0.0
2012-07-19T08:00:00Z,0.0254164857234589,0.0,0.102705094585655,0.0
2012-07-19T09:00:00Z,0.2602707420262238,0.0,0.102705094585655,0.0
2012-07-19T10:00:00Z,0.0002619862099779,0.0,0.102705094585655,0.0
2012-07-19T11:00:00Z,0.2604545082470896,0.0,0.102705094585655,0.0
2012-07-19T12:00:00Z,0.2545666267820418,0.0,0.102705094585655,0.0
2012-07-19T13:00:00Z,0.0251388019424694,0.0,0.102705094585655,0.0
2012-07-19T14:00:00Z,0.2418955493412515,0.0,0.102705094585655,0.0
2012-07-19T15:00:00Z,0.000240400287561,0.0,0.102705094585655,0.0
2012-07-19T16:00:00Z,0.2384962756625353,0.0,0.0,0.0
2012-07-19T17:00:00Z,0.2341332720042161,0.0,0.1369706192075646,0.0
2012-07-19T18:00:00Z,0.0002231248921405,0.0,0.1369706192075646,0.0
2012-07-19T19:00:00Z,0.217390808414681,0.0,0.1369706192075646,0.0
2012-07-19T20:00:00Z,0.2137346144819445,0.0,0.1369706192075646,0.0
2012-07-19T21:00:00Z,0.1989641376908534,0.0,0.1712753492352201,0.0
2012-07-19T22:00:00Z,0.189544224424823,0.0,0.1712753492352201,0.0
2012-07-19T23:00:00Z,0.179853371020474,0.0,0.1712753492352201,0.0
2012-07-20T00:00:00Z,0.1779813444306095,0.0,0.1712753492352201,0.0
2012-07-20T01:00:00Z,0.0017644960353806,0.0,0.1712753492352201,0.0
2012-07-20T02:00:00Z,0.0178958438336237,0.0,0.1712753492352201,0.0
2012-07-20T03:00:00Z,0.1879330538386213,0.0,0.1712753492352201,0.0
2012-07-20T04:00:00Z,0.2075942576144625,0.0,0.1712753492352201,0.0
2012-07-20T05:00:00Z,0.002260962460547,0.0,0.0,0.0
2012-07-20T06:00:00Z,0.0024002065415774,0.0,0.0,0.0
2012-07-20T07:00:00Z,0.0024540049104457,0.0,0.0,0.0
2012-07-20T08:00:00Z,0.0250871672568622,0.0,0.102705094585655,0.0
2012-07-20T09:00:00Z,0.0253357264904979,0.0,0.102705094585655,0.0
2012-07-20T10:00:00Z,0.2565149403400995,0.0,0.102705094585655,0.0
2012-07-20T11:00:00Z,0.0025106934118872,0.0,0.102705094585655,0.0
2012-07-20T12:00:00Z,0.0024507239442263,0.0,0.102705094585655,0.0
2012-07-20T13:00:00Z,0.0241813182520998,0.0,0.102705094585655,0.0
2012-07-20T14:00:00Z,0.2370008670260148,0.0,0.102705094585655,0.0
2012-07-20T15:00:00Z,0.0023228532006203,0.0,0.102705094585655,0.0
2012-07-20T16:00:00Z,0.2297956059580227,0.0,0.0,0.0
2012-07-20T17:00:00Z,0.2250650111154398,0.0,0.1369706192075646,0.0
2012-07-20T18:00:00Z,0.0216478390036759,0.0,0.1369706192075646,0.0
2012-07-20T19:00:00Z,0.0208534402467477,0.0,0.1369706192075646,0.0
2012-07-20T20:00:00Z,0.0020027020935639,0.0,0.1369706192075646,0.0
2012-07-20T21:00:00Z,0.1864851287487816,0.0,0.1712753492352201,0.0
2012-07-20T22:00:00Z,0.0175975962502736,0.0,0.1712753492352201,0.0
2012-07-20T23:00:00Z,0.1701530013259448,0.0,0.1712753492352201,0.0
2012-07-21T00:00:00Z,0.0168125414720985,0.0,0.1712753492352201,0.0
2012-07-21T01:00:00Z,0.0016811513477788,0.0,0.1712753492352201,0.0
2012-07-21T02:00:00Z,0.1703006408896452,0.0,0.1712753492352201,0.0
2012-07-21T03:00:00Z,0.0179503764841417,0.0,0.1712753492352201,0.0
2012-07-21T04:00:00Z,0.2007318375439281,0.0,0.1712753492352201,0.0
2012-07-21T05:00:00Z,0.0021902654316967,0.0,0.0,0.0
2012-07-21T06:00:00Z,0.2327621038228255,0.0,0.0,0.0
2012-07-21T07:00:00Z,0.0023825352214914,0.0,0.0,0.0
2012-07-21T08:00:00Z,0.0242757331656609,0.0,0.102705094585655,0.0
2012-07-21T09:00:00Z,0.0245019271592888,0.0,0.102705094585655,0.0
2012-07-21T10:00:00Z,0.2437604680847468,0.0,0.102705094585655,0.0
2012-07-21T11:00:00Z,0.2378087726491288,0.0,0.102705094585655,0.0
2012-07-21T12:00:00Z,0.0233291873347453,0.0,0.102705094585655,0.0
2012-07-21T13:00:00Z,0.2285124340895326,0.0,0.102705094585655,0.0
2012-07-21T14:00:00Z,0.0022597887847581,0.0,0.102705094585655,0.0
2012-07-21T15:00:00Z,0.2228702334740536,0.0,0.102705094585655,0.0
2012-07-21T16:00:00Z,0.220054468946302,0.0,0.0,0.0
2012-07-21T17:00:00Z,0.0215156448097164,0.0,0.1369706192075646,0.0
2012-07-21T18:00:00Z,0.2052571663989417,0.0,0.1369706192075646,0.0
2012-07-21T19:00:00Z,0.1977946913642694,0.0,0.1369706192075646,0.0
2012-07-21T20:00:00Z,0.18974020909234,0.0,0.1369706192075646,0.0
2012-07-21T21:00:00Z,0.1769600663505137,0.0,0.1712753492352201,0.0
2012-07-21T22:00:00Z,0.1659272985456982,0.0,0.1712753492352201,0.0
2012-07-21T23:00:00Z,0.016074194839182,0.0,0.1712753492352201,0.0
2012-07-22T00:00:00Z,0.1548035777205394,0.0,0.1712753492352201,0.0
2012-07-22T01:00:00Z,0.1522447921893401,0.0,0.1712753492352201,0.0
2012-07-22T02:00:00Z,0.0001512373479755,0.0,0.1712753492352201,0.0
2012-07-22T03:00:00Z,0.1517192227557482,0.0,0.1712753492352201,0.0
2012-07-22T04:00:00Z,0.1579721107336527,0.0,0.1712753492352201,0.0
2012-07-22T05:00:00Z,0.0168565474608863,0.0,0.0,0.0
2012-07-22T06:00:00Z,0.1799172045718883,0.0,0.0,0.0
2012-07-22T07:00:00Z,0.1908392818656164,0.0,0.0,0.0
2012-07-22T08:00:00Z,0.019986780343151,0.0,0.102705094585655,0.0
2012-07-22T09:00:00Z,0.0204599710190641,0.0,0.102705094585655,0.0
2012-07-22T10:00:00Z,0.2065385564106286,0.0,0.102705094585655,0.0
2012-07-22T11:00:00Z,0.0020272494228261,0.0,0.102705094585655,0.0
2012-07-22T12:00:00Z,0.0019821288923983,0.0,0.102705094585655,0.0
2012-07-22T13:00:00Z,0.1940387134505492,0.0,0.102705094585655,0.0
2012-07-22T14:00:00Z,0.0019122429021061,0.0,0.102705094585655,0.0
2012-07-22T15:00:00Z,0.1924512161047339,0.0,0.102705094585655,0.0
2012-07-22T16:00:00Z,0.1923722857226017,0.0,0.0,0.0
2012-07-22T17:00:00Z,0.0018868978492596,0.0,0.1369706192075646,0.0
2012-07-22T18:00:00Z,0.0018098045419108,0.0,0.1369706192075646,0.0
2012-07-22T19:00:00Z,0.017629293720528,0.0,0.1369706192075646,0.0
2012-07-22T20:00:00Z,0.0017257502445228,0.0,0.1369706192075646,0.0
2012-07-22T21:00:00Z,0.0016304103318915,0.0,0.1712753492352201,0.0
2012-07-22T22:00:00Z,0.1528589845228402,0.0,0.1712753492352201,0.0
2012-07-22T23:00:00Z,0.001448041008436,0.0,0.1712753492352201,0.0
2012-07-23T00:00:00Z,0.1405062328628294,0.0,0.1712753492352201,0.0
2012-07-23T01:00:00Z,0.0013960076568452,0.0,0.1712753492352201,0.0
2012-07-23T02:00:00Z,0.1389649463088355,0.0,0.1712753492352201,0.0
2012-07-23T03:00:00Z,0.1396507457888147,0.0,0.1712753492352201,0.0
2012-07-23T04:00:00Z,0.0014413893957319,0.0,0.1712753492352201,0.0
2012-07-23T05:00:00Z,0.0015321622723105,0.0,0.0,0.0
2012-07-23T06:00:00Z,0.0166365527624663,0.0,0.0,0.0
2012-07-23T07:00:00Z,0.1770121122338446,0.0,0.0,0.0
2012-07-23T08:00:00Z,0.1860848571358952,0.0,0.102705094585655,0.0
2012-07-23T09:00:00Z,0.0019210401836948,0.0,0.102705094585655,0.0
2012-07-23T10:00:00Z,0.1900877886540437,0.0,0.102705094585655,0.0
2012-07-23T11:00:00Z,0.0185912026816398,0.0,0.102705094585655,0.0
2012-07-23T12:00:00Z,0.1818916193949875,0.0,0.102705094585655,0.0
2012-07-23T13:00:00Z,0.0017885859561272,0.0,0.102705094585655,0.0
2012-07-23T14:00:00Z,0.0017915446216544,0.0,0.102705094585655,0.0
2012-07-23T15:00:00Z,0.1797525492547587,0.0,0.102705094585655,0.0
2012-07-23T16:00:00Z,0.1809395008558717,0.0,0.0,0.0
2012-07-23T17:00:00Z,0.0180976126824558,0.0,0.1369706192075646,0.0
2012-07-23T18:00:00Z,0.0017800283440689,0.0,0.1369706192075646,0.0
2012-07-23T19:00:00Z,0.1762994674167523,0.0,0.1369706192075646,0.0
2012-07-23T20:00:00Z,0.177291393811704,0.0,0.1369706192075646,0.0
2012-07-23T21:00:00Z,0.0168928229324661,0.0,0.1712753492352201,0.0
2012-07-23T22:00:00Z,0.1606288592273445,0.0,0.1712753492352201,0.0
2012-07-23T23:00:00Z,0.0158534169070023,0.0,0.1712753492352201,0.0
2012-07-24T00:00:00Z,0.1574020927841988,0.0,0.1712753492352201,0.0
2012-07-24T01:00:00Z,0.0015662948163238,0.0,0.1712753492352201,0.0
2012-07-24T02:00:00Z,0.0016344784480393,0.0,0.1712753492352201,0.0
2012-07-24T03:00:00Z,0.0173061862976456,0.0,0.1712753492352201,0.0
2012-07-24T04:00:00Z,0.0198913785550527,0.0,0.1712753492352201,0.0
2012-07-24T05:00:00Z,0.0021974551259937,0.0,0.0,0.0
2012-07-24T06:00:00Z,0.2343398107466448,0.0,0.0,0.0
2012-07-24T07:00:00Z,0.0244065488682033,0.0,0.0,0.0
2012-07-24T08:00:00Z,0.0251091369638214,0.0,0.102705094585655,0.0
2012-07-24T09:00:00Z,0.2589255967864987,0.0,0.102705094585655,0.0
2012-07-24T10:00:00Z,0.026187575443699,0.0,0.102705094585655,0.0
2012-07-24T11:00:00Z,0.0258829053435195,0.0,0.102705094585655,0.0
2012-07-24T12:00:00Z,0.2548289317681599,0.0,0.102705094585655,0.0
2012-07-24T13:00:00Z,0.0251979713368447,0.0,0.102705094585655,0.0
2012-07-24T14:00:00Z,0.247137537086376,0.0,0.102705094585655,0.0
2012-07-24T15:00:00Z,0.0245142200131471,0.0,0.102705094585655,0.0
2012-07-24T16:00:00Z,0.2423551117497461,0.0,0.0,0.0
2012-07-24T17:00:00Z,0.0023986999914406,0.0,0.1369706192075646,0.0
2012-07-24T18:00:00Z,0.0224296159485668,0.0,0.1369706192075646,0.0
2012-07-24T19:00:00Z,0.0021498975637225,0.0,0.1369706192075646,0.0
2012-07-24T20:00:00Z,0.0204496871597994,0.0,0.1369706192075646,0.0
2012-07-24T21:00:00Z,0.1890560544032561,0.0,0.1712753492352201,0.0
2012-07-24T22:00:00Z,0.1785143937466064,0.0,0.1712753492352201,0.0
2012-07-24T23:00:00Z,0.1730957867886731,0.0,0.1712753492352201,0.0
2012-07-25T00:00:00Z,0.1672640240225067,0.0,0.1712753492352201,0.0
2012-07-25T01:00:00Z,0.0016912448812399,0.0,0.1712753492352201,0.0
2012-07-25T02:00:00Z,0.1738026160950999,0.0,0.1712753492352201,0.0
2012-07-25T03:00:00Z,0.0183342236850876,0.0,0.1712753492352201,0.0
2012-07-25T04:00:00Z,0.0020412626496375,0.0,0.1712753492352201,0.0
2012-07-25T05:00:00Z,0.2210600627703601,0.0,0.0,0.0
2012-07-25T06:00:00Z,0.0023450155830844,0.0,0.0,0.0
2012-07-25T07:00:00Z,0.0024132759717083,0.0,0.0,0.0
2012-07-25T08:00:00Z,0.0024637628282407,0.0,0.102705094585655,0.0
2012-07-25T09:00:00Z,0.0025384516079473,0.0,0.102705094585655,0.0
2012-07-25T10:00:00Z,0.025321330653995,0.0,0.102705094585655,0.0
2012-07-25T11:00:00Z,0.0247843416721869,0.0,0.102705094585655,0.0
2012-07-25T12:00:00Z,0.0024400504261663,0.0,0.102705094585655,0.0
2012-07-25T13:00:00Z,0.023724383592869,0.0,0.102705094585655,0.0
2012-07-25T14:00:00Z,0.232141449810808,0.0,0.102705094585655,0.0
2012-07-25T15:00:00Z,0.0227918498139142,0.0,0.102705094585655,0.0
2012-07-25T16:00:00Z,0.2236588715466793,0.0,0.0,0.0
2012-07-25T17:00:00Z,0.2181336077315211,0.0,0.1369706192075646,0.0
2012-07-25T18:00:00Z,0.0208689130296702,0.0,0.1369706192075646,0.0
2012-07-25T19:00:00Z,0.002027028159289,0.0,0.1369706192075646,0.0
2012-07-25T20:00:00Z,0.1934689108903792,0.0,0.1369706192075646,0.0
2012-07-25T21:00:00Z,0.1816459189645746,0.0,0.1712753492352201,0.0
2012-07-25T22:00:00Z,0.1731442493775536,0.0,0.1712753492352201,0.0
2012-07-25T23:00:00Z,0.1656729042205529,0.0,0.1712753492352201,0.0
2012-07-26T00:00:00Z,0.1618969538459607,0.0,0.1712753492352201,0.0
2012-07-26T01:00:00Z,0.0162582273595262,0.0,0.1712753492352201,0.0
2012-07-26T02:00:00Z,0.1656629571518049,0.0,0.1712753492352201,0.0
2012-07-26T03:00:00Z,0.0177078364019492,0.0,0.1712753492352201,0.0
2012-07-26T04:00:00Z,0.0198638518045686,0.0,0.1712753492352201,0.0
2012-07-26T05:00:00Z,0.0021579433325189,0.0,0.0,0.0
2012-07-26T06:00:00Z,0.0022732447407495,0.0,0.0,0.0
2012-07-26T07:00:00Z,0.0023439167061195,0.0,0.0,0.0
2012-07-26T08:00:00Z,0.0244388337637775,0.0,0.102705094585655,0.0
2012-07-26T09:00:00Z,0.024793897124055,0.0,0.102705094585655,0.0
2012-07-26T10:00:00Z,0.0024604912608265,0.0,0.102705094585655,0.0
2012-07-26T11:00:00Z,0.0024184476642235,0.0,0.102705094585655,0.0
2012-07-26T12:00:00Z,0.0002357600191518,0.0,0.102705094585655,0.0
2012-07-26T13:00:00Z,0.2325980750927037,0.0,0.102705094585655,0.0
2012-07-26T14:00:00Z,0.2293719939790977,0.0,0.102705094585655,0.0
2012-07-26T15:00:00Z,0.0022581032657073,0.0,0.102705094585655,0.0
2012-07-26T16:00:00Z,0.0022182977595726,0.0,0.0,0.0
2012-07-26T17:00:00Z,0.2179030041318262,0.0,0.1369706192075646,0.0
2012-07-26T18:00:00Z,0.2098050915479223,0.0,0.1369706192075646,0.0
2012-07-26T19:00:00Z,0.0020315223546021,0.0,0.1369706192075646,0.0
2012-07-26T20:00:00Z,0.1946568219528477,0.0,0.1369706192075646,0.0
2012-07-26T21:00:00Z,0.1815156671903391,0.0,0.1712753492352201,0.0
2012-07-26T22:00:00Z,0.1725543177097598,0.0,0.1712753492352201,0.0
2012-07-26T23:00:00Z,0.0165554058287942,0.0,0.1712753492352201,0.0
2012-07-27T00:00:00Z,0.1633208924019101,0.0,0.1712753492352201,0.0
2012-07-27T01:00:00Z,0.0016405778809428,0.0,0.1712753492352201,0.0
2012-07-27T02:00:00Z,0.1659606643038607,0.0,0.1712753492352201,0.0
2012-07-27T03:00:00Z,0.0017515135441969,0.0,0.1712753492352201,0.0
2012-07-27T04:00:00Z,0.0197558438691082,0.0,0.1712753492352201,0.0
2012-07-27T05:00:00Z,0.2143763179012535,0.0,0.0,0.0
2012-07-27T06:00:00Z,0.0228411269659047,0.0,0.0,0.0
2012-07-27T07:00:00Z,0.0023409517747222,0.0,0.0,0.0
2012-07-27T08:00:00Z,0.2410200310638328,0.0,0.102705094585655,0.0
2012-07-27T09:00:00Z,0.2445120200388516,0.0,0.102705094585655,0.0
2012-07-27T10:00:00Z,0.0246380375220467,0.0,0.102705094585655,0.0
2012-07-27T11:00:00Z,0.0243462594495517,0.0,0.102705094585655,0.0
2012-07-27T12:00:00Z,0.2392610446863347,0.0,0.102705094585655,0.0
2012-07-27T13:00:00Z,0.0234889905187336,0.0,0.102705094585655,0.0
2012-07-27T14:00:00Z,0.0227994510975519,0.0,0.102705094585655,0.0
2012-07-27T15:00:00Z,0.2256375354129248,0.0,0.102705094585655,0.0
2012-07-27T16:00:00Z,0.002229328823844,0.0,0.0,0.0
2012-07-27T17:00:00Z,0.2210136561700989,0.0,0.1369706192075646,0.0
2012-07-27T18:00:00Z,0.2135334996333016,0.0,0.1369706192075646,0.0
2012-07-27T19:00:00Z,0.0020877131109893,0.0,0.1369706192075646,0.0
2012-07-27T20:00:00Z,0.0201474294195998,0.0,0.1369706192075646,0.0
2012-07-27T21:00:00Z,0.1878428840520377,0.0,0.1712753492352201,0.0
2012-07-27T22:00:00Z,0.1781024323698566,0.0,0.1712753492352201,0.0
2012-07-27T23:00:00Z,0.0171963808407068,0.0,0.1712753492352201,0.0
2012-07-28T00:00:00Z,0.1677967600449997,0.0,0.1712753492352201,0.0
2012-07-28T01:00:00Z,0.1675846016003454,0.0,0.1712753492352201,0.0
2012-07-28T02:00:00Z,0.1688915641942859,0.0,0.1712753492352201,0.0
2012-07-28T03:00:00Z,0.1777973432396158,0.0,0.1712753492352201,0.0
2012-07-28T04:00:00Z,0.1992763738291514,0.0,0.1712753492352201,0.0
2012-07-28T05:00:00Z,0.0021655309095658,0.0,0.0,0.0
2012-07-28T06:00:00Z,0.0002286310254711,0.0,0.0,0.0
2012-07-28T07:00:00Z,0.2344265147238418,0.0,0.0,0.0
2012-07-28T08:00:00Z,0.0240898992076695,0.0,0.102705094585655,0.0
2012-07-28T09:00:00Z,0.2459280283529841,0.0,0.102705094585655,0.0
2012-07-28T10:00:00Z,0.0246019774397509,0.0,0.102705094585655,0.0
2012-07-28T11:00:00Z,0.0024046854638321,0.0,0.102705094585655,0.0
2012-07-28T12:00:00Z,0.023285287082515,0.0,0.102705094585655,0.0
2012-07-28T13:00:00Z,0.0022639571548272,0.0,0.102705094585655,0.0
2012-07-28T14:00:00Z,0.022241107247286,0.0,0.102705094585655,0.0
2012-07-28T15:00:00Z,0.2222885061798924,0.0,0.102705094585655,0.0
2012-07-28T16:00:00Z,0.2199420553209434,0.0,0.0,0.0
2012-07-28T17:00:00Z,0.0213123329903777,0.0,0.1369706192075646,0.0
2012-07-28T18:00:00Z,0.0020316476720036,0.0,0.1369706192075646,0.0
2012-07-28T19:00:00Z,0.0019826242877513,0.0,0.1369706192075646,0.0
2012-07-28T20:00:00Z,0.1885792804328925,0.0,0.1369706192075646,0.0
2012-07-28T21:00:00Z,0.1763044017894383,0.0,0.1712753492352201,0.0
2012-07-28T22:00:00Z,0.1643730298921375,0.0,0.1712753492352201,0.0
2012-07-28T23:00:00Z,0.0015731167823706,0.0,0.1712753492352201,0.0
2012-07-29T00:00:00Z,0.1516817841820353,0.0,0.1712753492352201,0.0
2012-07-29T01:00:00Z,0.0149022734939174,0.0,0.1712753492352201,0.0
2012-07-29T02:00:00Z,0.0014838508475457,0.0,0.1712753492352201,0.0
2012-07-29T03:00:00Z,0.0149614233074487,0.0,0.1712753492352201,0.0
2012-07-29T04:00:00Z,0.0154385184036538,0.0,0.1712753492352201,0.0
2012-07-29T05:00:00Z,0.0016408406558692,0.0,0.0,0.0
2012-07-29T06:00:00Z,0.0178009002372748,0.0,0.0,0.0
2012-07-29T07:00:00Z,0.0001876291297685,0.0,0.0,0.0
2012-07-29T08:00:00Z,0.019475336530415,0.0,0.102705094585655,0.0
2012-07-29T09:00:00Z,0.2006519868621283,0.0,0.102705094585655,0.0
2012-07-29T10:00:00Z,0.1996079558413136,0.0,0.102705094585655,0.0
2012-07-29T11:00:00Z,0.0019363590611836,0.0,0.102705094585655,0.0
2012-07-29T12:00:00Z,0.0018723578977448,0.0,0.102705094585655,0.0
2012-07-29T13:00:00Z,0.0186590072282157,0.0,0.102705094585655,0.0
2012-07-29T14:00:00Z,0.1830196718173722,0.0,0.102705094585655,0.0
2012-07-29T15:00:00Z,0.0018410845485713,0.0,0.102705094585655,0.0
2012-07-29T16:00:00Z,0.0018534302707083,0.0,0.0,0.0
2012-07-29T17:00:00Z,0.1827640047373674,0.0,0.1369706192075646,0.0
2012-07-29T18:00:00Z,0.0175923211709022,0.0,0.1369706192075646,0.0
2012-07-29T19:00:00Z,0.017180931554797,0.0,0.1369706192075646,0.0
2012-07-29T20:00:00Z,0.0001649317986467,0.0,0.1369706192075646,0.0
2012-07-29T21:00:00Z,0.1558035910040598,0.0,0.1712753492352201,0.0
2012-07-29T22:00:00Z,0.147160488980884,0.0,0.1712753492352201,0.0
2012-07-29T23:00:00Z,0.0014248439741755,0.0,0.1712753492352201,0.0
2012-07-30T00:00:00Z,0.1382544162228942,0.0,0.1712753492352201,0.0
2012-07-30T01:00:00Z,0.0001372280373329,0.0,0.1712753492352201,0.0
2012-07-30T02:00:00Z,0.0137359405215281,0.0,0.1712753492352201,0.0
2012-07-30T03:00:00Z,0.0139085887391752,0.0,0.1712753492352201,0.0
2012-07-30T04:00:00Z,0.0141338115229411,0.0,0.1712753492352201,0.0
2012-07-30T05:00:00Z,0.1493125216398355,0.0,0.0,0.0
2012-07-30T06:00:00Z,0.0161146527790385,0.0,0.0,0.0
2012-07-30T07:00:00Z,0.1721330945938018,0.0,0.0,0.0
2012-07-30T08:00:00Z,0.0181607922336807,0.0,0.102705094585655,0.0
2012-07-30T09:00:00Z,0.1876969284409206,0.0,0.102705094585655,0.0
2012-07-30T10:00:00Z,0.1890019721121499,0.0,0.102705094585655,0.0
2012-07-30T11:00:00Z,0.0018344556496462,0.0,0.102705094585655,0.0
2012-07-30T12:00:00Z,0.1796169910718014,0.0,0.102705094585655,0.0
2012-07-30T13:00:00Z,0.1779420456767174,0.0,0.102705094585655,0.0
2012-07-30T14:00:00Z,0.0017552589680357,0.0,0.102705094585655,0.0
2012-07-30T15:00:00Z,0.0017664686096043,0.0,0.102705094585655,0.0
2012-07-30T16:00:00Z,0.0178145989957317,0.0,0.0,0.0
2012-07-30T17:00:00Z,0.0017860036344215,0.0,0.1369706192075646,0.0
2012-07-30T18:00:00Z,0.0175072776492757,0.0,0.1369706192075646,0.0
2012-07-30T19:00:00Z,0.1757355782714679,0.0,0.1369706192075646,0.0
2012-07-30T20:00:00Z,0.0017224011369664,0.0,0.1369706192075646,0.0
2012-07-30T21:00:00Z,0.1615697775236968,0.0,0.1712753492352201,0.0
2012-07-30T22:00:00Z,0.1539470920234811,0.0,0.1712753492352201,0.0
2012-07-30T23:00:00Z,0.0015009742956168,0.0,0.1712753492352201,0.0
2012-07-31T00:00:00Z,0.1490695821084255,0.0,0.1712753492352201,0.0
2012-07-31T01:00:00Z,0.1496107183129911,0.0,0.1712753492352201,0.0
2012-07-31T02:00:00Z,0.0154530552222335,0.0,0.1712753492352201,0.0
2012-07-31T03:00:00Z,0.016804352763141,0.0,0.1712753492352201,0.0
2012-07-31T04:00:00Z,0.1912287252717752,0.0,0.1712753492352201,0.0
2012-07-31T05:00:00Z,0.2110513143637994,0.0,0.0,0.0
2012-07-31T06:00:00Z,0.2245899210976596,0.0,0.0,0.0
2012-07-31T07:00:00Z,0.002320074287241,0.0,0.0,0.0
2012-07-31T08:00:00Z,0.0002374298735274,0.0,0.102705094585655,0.0
2012-07-31T09:00:00Z,0.2415009561731227,0.0,0.102705094585655,0.0
2012-07-31T10:00:00Z,0.2407514602076372,0.0,0.102705094585655,0.0
2012-07-31T11:00:00Z,0.0023858855038984,0.0,0.102705094585655,0.0
2012-07-31T12:00:00Z,0.0023518328497287,0.0,0.102705094585655,0.0
2012-07-31T13:00:00Z,0.0231619904240656,0.0,0.102705094585655,0.0
2012-07-31T14:00:00Z,0.0022646557993408,0.0,0.102705094585655,0.0
2012-07-31T15:00:00Z,0.2247720816893181,0.0,0.102705094585655,0.0
2012-07-31T16:00:00Z,0.2218526953351603,0.0,0.0,0.0
2012-07-31T17:00:00Z,0.0021802392563389,0.0,0.1369706192075646,0.0
2012-07-31T18:00:00Z,0.2100822583946305,0.0,0.1369706192075646,0.0
2012-07-31T19:00:00Z,0.0020299997481733,0.0,0.1369706192075646,0.0
2012-07-31T20:00:00Z,0.1922042037577736,0.0,0.1369706192075646,0.0
2012-07-31T21:00:00Z,0.0179896399925146,0.0,0.1712753492352201,0.0
2012-07-31T22:00:00Z,0.1698692944773433,0.0,0.1712753492352201,0.0
2012-07-31T23:00:00Z,0.1637527479161558,0.0,0.1712753492352201,0.0
2012-08-01T00:00:00Z,0.0001601215685116,0.0,0.1712753492352201,0.0
2012-08-01T01:00:00Z,0.1597912886255825,0.0,0.1712753492352201,0.0
2012-08-01T02:00:00Z,0.1635090643126741,0.0,0.1712753492352201,0.0
2012-08-01T03:00:00Z,0.0174152241855,0.0,0.1712753492352201,0.0
2012-08-01T04:00:00Z,0.1952761248866298,0.0,0.1712753492352201,0.0
2012-08-01T05:00:00Z,0.213936434240971,0.0,0.0,0.0
2012-08-01T06:00:00Z,0.2287958863871622,0.0,0.0,0.0
2012-08-01T07:00:00Z,0.237084770942521,0.0,0.0,0.0
2012-08-01T08:00:00Z,0.0242511787872948,0.0,0.102705094585655,0.0
2012-08-01T09:00:00Z,0.2461409896122421,0.0,0.102705094585655,0.0
2012-08-01T10:00:00Z,0.0245056436034785,0.0,0.102705094585655,0.0
2012-08-01T11:00:00Z,0.0024235441662978,0.0,0.102705094585655,0.0
2012-08-01T12:00:00Z,0.238484742545424,0.0,0.102705094585655,0.0
2012-08-01T13:00:00Z,0.2338403229972504,0.0,0.102705094585655,0.0
2012-08-01T14:00:00Z,0.2287657123065703,0.0,0.102705094585655,0.0
2012-08-01T15:00:00Z,0.0022384065031187,0.0,0.102705094585655,0.0
2012-08-01T16:00:00Z,0.0220365735832822,0.0,0.0,0.0
2012-08-01T17:00:00Z,0.0021606255165289,0.0,0.1369706192075646,0.0
2012-08-01T18:00:00Z,0.2085271673456221,0.0,0.1369706192075646,0.0
2012-08-01T19:00:00Z,0.0202786014935029,0.0,0.1369706192075646,0.0
2012-08-01T20:00:00Z,0.1924232546595131,0.0,0.1369706192075646,0.0
2012-08-01T21:00:00Z,0.0017825550561776,0.0,0.1712753492352201,0.0
2012-08-01T22:00:00Z,0.1689869620662154,0.0,0.1712753492352201,0.0
2012-08-01T23:00:00Z,0.0162854408165064,0.0,0.1712753492352201,0.0
2012-08-02T00:00:00Z,0.1588593775174666,0.0,0.1712753492352201,0.0
2012-08-02T01:00:00Z,0.0001593986437514,0.0,0.1712753492352201,0.0
2012-08-02T02:00:00Z,0.1638596984860406,0.0,0.1712753492352201,0.0
2012-08-02T03:00:00Z,0.0176263840071108,0.0,0.1712753492352201,0.0
2012-08-02T04:00:00Z,0.0019788584998347,0.0,0.1712753492352201,0.0
2012-08-02T05:00:00Z,0.2180875731672958,0.0,0.0,0.0
2012-08-02T06:00:00Z,0.2301191598241481,0.0,0.0,0.0
2012-08-02T07:00:00Z,0.2379895625817079,0.0,0.0,0.0
2012-08-02T08:00:00Z,0.2468597632335041,0.0,0.102705094585655,0.0
2012-08-02T09:00:00Z,0.002514083639216,0.0,0.102705094585655,0.0
2012-08-02T10:00:00Z,0.2514777682231324,0.0,0.102705094585655,0.0
2012-08-02T11:00:00Z,0.2489651739029103,0.0,0.102705094585655,0.0
2012-08-02T12:00:00Z,0.0024237615136661,0.0,0.102705094585655,0.0
2012-08-02T13:00:00Z,0.0237378160518476,0.0,0.102705094585655,0.0
2012-08-02T14:00:00Z,0.0023012007033339,0.0,0.102705094585655,0.0
2012-08-02T15:00:00Z,0.0226537069595499,0.0,0.102705094585655,0.0
2012-08-02T16:00:00Z,0.2240885927489299,0.0,0.0,0.0
2012-08-02T17:00:00Z,0.0021954555302052,0.0,0.1369706192075646,0.0
2012-08-02T18:00:00Z,0.002123395674613,0.0,0.1369706192075646,0.0
2012-08-02T19:00:00Z,0.2057816980478021,0.0,0.1369706192075646,0.0
2012-08-02T20:00:00Z,0.0019486758036715,0.0,0.1369706192075646,0.0
2012-08-02T21:00:00Z,0.0181070075714033,0.0,0.1712753492352201,0.0
2012-08-02T22:00:00Z,0.1712321408000373,0.0,0.1712753492352201,0.0
2012-08-02T23:00:00Z,0.001652268036423,0.0,0.1712753492352201,0.0
2012-08-03T00:00:00Z,0.0161319426642835,0.0,0.1712753492352201,0.0
2012-08-03T01:00:00Z,0.1608963139754325,0.0,0.1712753492352201,0.0
2012-08-03T02:00:00Z,0.0163834037789989,0.0,0.1712753492352201,0.0
2012-08-03T03:00:00Z,0.17521993632578,0.0,0.1712753492352201,0.0
2012-08-03T04:00:00Z,0.0019728612789368,0.0,0.1712753492352201,0.0
2012-08-03T05:00:00Z,0.02158316347597,0.0,0.0,0.0
2012-08-03T06:00:00Z,0.2300296166245722,0.0,0.0,0.0
2012-08-03T07:00:00Z,0.2369843016319975,0.0,0.0,0.0
2012-08-03T08:00:00Z,0.2420732455004798,0.0,0.102705094585655,0.0
2012-08-03T09:00:00Z,0.0248195167003343,0.0,0.102705094585655,0.0
2012-08-03T10:00:00Z,0.0024849152307716,0.0,0.102705094585655,0.0
2012-08-03T11:00:00Z,0.0024702076672322,0.0,0.102705094585655,0.0
2012-08-03T12:00:00Z,0.2426980114897357,0.0,0.102705094585655,0.0
2012-08-03T13:00:00Z,0.0023957769630495,0.0,0.102705094585655,0.0
2012-08-03T14:00:00Z,0.0233634616440691,0.0,0.102705094585655,0.0
2012-08-03T15:00:00Z,0.0023278361337995,0.0,0.102705094585655,0.0
2012-08-03T16:00:00Z,0.2298117209926282,0.0,0.0,0.0
2012-08-03T17:00:00Z,0.0226560018344658,0.0,0.1369706192075646,0.0
2012-08-03T18:00:00Z,0.0219252173234991,0.0,0.1369706192075646,0.0
2012-08-03T19:00:00Z,0.2134350471497093,0.0,0.1369706192075646,0.0
2012-08-03T20:00:00Z,0.0202088231978526,0.0,0.1369706192075646,0.0
2012-08-03T21:00:00Z,0.0018446674514049,0.0,0.1712753492352201,0.0
2012-08-03T22:00:00Z,0.0001731902154088,0.0,0.1712753492352201,0.0
2012-08-03T23:00:00Z,0.0167282067770245,0.0,0.1712753492352201,0.0
2012-08-04T00:00:00Z,0.1666467183348119,0.0,0.1712753492352201,0.0
2012-08-04T01:00:00Z,0.1646891038758579,0.0,0.1712753492352201,0.0
2012-08-04T02:00:00Z,0.165873274997124,0.0,0.1712753492352201,0.0
2012-08-04T03:00:00Z,0.1768152660091921,0.0,0.1712753492352201,0.0
2012-08-04T04:00:00Z,0.0019903477558555,0.0,0.1712753492352201,0.0
2012-08-04T05:00:00Z,0.0218333440034882,0.0,0.0,0.0
2012-08-04T06:00:00Z,0.2307085823899983,0.0,0.0,0.0
2012-08-04T07:00:00Z,0.0235965990049766,0.0,0.0,0.0
2012-08-04T08:00:00Z,0.0243789712075249,0.0,0.102705094585655,0.0
2012-08-04T09:00:00Z,0.0024567532777084,0.0,0.102705094585655,0.0
2012-08-04T10:00:00Z,0.2409409048732607,0.0,0.102705094585655,0.0
2012-08-04T11:00:00Z,0.0237229972691144,0.0,0.102705094585655,0.0
2012-08-04T12:00:00Z,0.2340169030483711,0.0,0.102705094585655,0.0
2012-08-04T13:00:00Z,0.2318517120622569,0.0,0.102705094585655,0.0
2012-08-04T14:00:00Z,0.002313855802806,0.0,0.102705094585655,0.0
2012-08-04T15:00:00Z,0.023244723406101,0.0,0.102705094585655,0.0
2012-08-04T16:00:00Z,0.0022800067894137,0.0,0.0,0.0
2012-08-04T17:00:00Z,0.002185411340471,0.0,0.1369706192075646,0.0
2012-08-04T18:00:00Z,0.2053137354572349,0.0,0.1369706192075646,0.0
2012-08-04T19:00:00Z,0.1972958106210387,0.0,0.1369706192075646,0.0
2012-08-04T20:00:00Z,0.0188317455177452,0.0,0.1369706192075646,0.0
2012-08-04T21:00:00Z,0.0178191730808882,0.0,0.1712753492352201,0.0
2012-08-04T22:00:00Z,0.0168717617766682,0.0,0.1712753492352201,0.0
2012-08-04T23:00:00Z,0.1617941544150022,0.0,0.1712753492352201,0.0
2012-08-05T00:00:00Z,0.015788886277542,0.0,0.1712753492352201,0.0
2012-08-05T01:00:00Z,0.1555618263232895,0.0,0.1712753492352201,0.0
2012-08-05T02:00:00Z,0.0015634458035229,0.0,0.1712753492352201,0.0
2012-08-05T03:00:00Z,0.0001567473974748,0.0,0.1712753492352201,0.0
2012-08-05T04:00:00Z,0.0161160625998059,0.0,0.1712753492352201,0.0
2012-08-05T05:00:00Z,0.0169974551304222,0.0,0.0,0.0
2012-08-05T06:00:00Z,0.1828042825334591,0.0,0.0,0.0
2012-08-05T07:00:00Z,0.0194488240676497,0.0,0.0,0.0
2012-08-05T08:00:00Z,0.2037832183674366,0.0,0.102705094585655,0.0
2012-08-05T09:00:00Z,0.2071820221058969,0.0,0.102705094585655,0.0
2012-08-05T10:00:00Z,0.2042136640609149,0.0,0.102705094585655,0.0
2012-08-05T11:00:00Z,0.0198680851830397,0.0,0.102705094585655,0.0
2012-08-05T12:00:00Z,0.0019521784250448,0.0,0.102705094585655,0.0
2012-08-05T13:00:00Z,0.1925874008746989,0.0,0.102705094585655,0.0
2012-08-05T14:00:00Z,0.1895351976557427,0.0,0.102705094585655,0.0
2012-08-05T15:00:00Z,0.1890769667446396,0.0,0.102705094585655,0.0
2012-08-05T16:00:00Z,0.185824960593588,0.0,0.0,0.0
2012-08-05T17:00:00Z,0.0182129790990885,0.0,0.1369706192075646,0.0
2012-08-05T18:00:00Z,0.0175588653408573,0.0,0.1369706192075646,0.0
2012-08-05T19:00:00Z,0.0172660024896051,0.0,0.1369706192075646,0.0
2012-08-05T20:00:00Z,0.1675908283087349,0.0,0.1369706192075646,0.0
2012-08-05T21:00:00Z,0.1583296373641044,0.0,0.1712753492352201,0.0
2012-08-05T22:00:00Z,0.0149083513878925,0.0,0.1712753492352201,0.0
2012-08-05T23:00:00Z,0.1430608280934145,0.0,0.1712753492352201,0.0
2012-08-06T00:00:00Z,0.0013983510922542,0.0,0.1712753492352201,0.0
2012-08-06T01:00:00Z,0.0013743700410002,0.0,0.1712753492352201,0.0
2012-08-06T02:00:00Z,0.0137547577126045,0.0,0.1712753492352201,0.0
2012-08-06T03:00:00Z,0.1372571050958447,0.0,0.1712753492352201,0.0
2012-08-06T04:00:00Z,0.0138123802203044,0.0,0.1712753492352201,0.0
2012-08-06T05:00:00Z,0.1454241380590407,0.0,0.0,0.0
2012-08-06T06:00:00Z,0.1585204331079634,0.0,0.0,0.0
2012-08-06T07:00:00Z,0.1695241625211386,0.0,0.0,0.0
2012-08-06T08:00:00Z,0.0176340048715925,0.0,0.102705094585655,0.0
2012-08-06T09:00:00Z,0.0182846606527748,0.0,0.102705094585655,0.0
2012-08-06T10:00:00Z,0.1836010466563416,0.0,0.102705094585655,0.0
2012-08-06T11:00:00Z,0.1778260291760642,0.0,0.102705094585655,0.0
2012-08-06T12:00:00Z,0.0001740404156549,0.0,0.102705094585655,0.0
2012-08-06T13:00:00Z,0.0017214401091432,0.0,0.102705094585655,0.0
2012-08-06T14:00:00Z,0.0171800543329861,0.0,0.102705094585655,0.0
2012-08-06T15:00:00Z,0.172090467096431,0.0,0.102705094585655,0.0
2012-08-06T16:00:00Z,0.1748401266948652,0.0,0.0,0.0
2012-08-06T17:00:00Z,0.1748763316754066,0.0,0.1369706192075646,0.0
2012-08-06T18:00:00Z,0.1745788203317907,0.0,0.1369706192075646,0.0
2012-08-06T19:00:00Z,0.000175702437693,0.0,0.1369706192075646,0.0
2012-08-06T20:00:00Z,0.0017103886807941,0.0,0.1369706192075646,0.0
2012-08-06T21:00:00Z,0.1611343387150005,0.0,0.1712753492352201,0.0
2012-08-06T22:00:00Z,0.154730423687385,0.0,0.1712753492352201,0.0
2012-08-06T23:00:00Z,0.1507586648728719,0.0,0.1712753492352201,0.0
2012-08-07T00:00:00Z,0.1472636996095664,0.0,0.1712753492352201,0.0
2012-08-07T01:00:00Z,0.0014708801048684,0.0,0.1712753492352201,0.0
2012-08-07T02:00:00Z,0.0150276418056612,0.0,0.1712753492352201,0.0
2012-08-07T03:00:00Z,0.1616324362244715,0.0,0.1712753492352201,0.0
2012-08-07T04:00:00Z,0.1864166936990293,0.0,0.1712753492352201,0.0
2012-08-07T05:00:00Z,0.2063336624590953,0.0,0.0,0.0
2012-08-07T06:00:00Z,0.2208479434873937,0.0,0.0,0.0
2012-08-07T07:00:00Z,0.2270206283283066,0.0,0.0,0.0
2012-08-07T08:00:00Z,0.0023141217106674,0.0,0.102705094585655,0.0
2012-08-07T09:00:00Z,0.2361687594797266,0.0,0.102705094585655,0.0
2012-08-07T10:00:00Z,0.0237229111134008,0.0,0.102705094585655,0.0
2012-08-07T11:00:00Z,0.0232680481074644,0.0,0.102705094585655,0.0
2012-08-07T12:00:00Z,0.0227111101617972,0.0,0.102705094585655,0.0
2012-08-07T13:00:00Z,0.0022271663154335,0.0,0.102705094585655,0.0
2012-08-07T14:00:00Z,0.2196822958445441,0.0,0.102705094585655,0.0
2012-08-07T15:00:00Z,0.2184910952002849,0.0,0.102705094585655,0.0
2012-08-07T16:00:00Z,0.2170238046557371,0.0,0.0,0.0
2012-08-07T17:00:00Z,0.2153993974189966,0.0,0.1369706192075646,0.0
2012-08-07T18:00:00Z,0.002096439118306,0.0,0.1369706192075646,0.0
2012-08-07T19:00:00Z,0.2038323467050128,0.0,0.1369706192075646,0.0
2012-08-07T20:00:00Z,0.1915753062104354,0.0,0.1369706192075646,0.0
2012-08-07T21:00:00Z,0.1784836714023828,0.0,0.1712753492352201,0.0
2012-08-07T22:00:00Z,0.0016912531051944,0.0,0.1712753492352201,0.0
2012-08-07T23:00:00Z,0.0163797891551979,0.0,0.1712753492352201,0.0
2012-08-08T00:00:00Z,0.1589126178322811,0.0,0.1712753492352201,0.0
2012-08-08T01:00:00Z,0.015936145972869,0.0,0.1712753492352201,0.0
2012-08-08T02:00:00Z,0.016227516763809,0.0,0.1712753492352201,0.0
2012-08-08T03:00:00Z,0.1721069541670722,0.0,0.1712753492352201,0.0
2012-08-08T04:00:00Z,0.1947131560410131,0.0,0.1712753492352201,0.0
2012-08-08T05:00:00Z,0.2131055602878543,0.0,0.0,0.0
2012-08-08T06:00:00Z,0.0022597511895377,0.0,0.0,0.0
2012-08-08T07:00:00Z,0.0230079361758734,0.0,0.0,0.0
2012-08-08T08:00:00Z,0.2351560382284554,0.0,0.102705094585655,0.0
2012-08-08T09:00:00Z,0.2401856521396415,0.0,0.102705094585655,0.0
2012-08-08T10:00:00Z,0.0002395555699512,0.0,0.102705094585655,0.0
2012-08-08T11:00:00Z,0.0023777931326934,0.0,0.102705094585655,0.0
2012-08-08T12:00:00Z,0.0232776779665397,0.0,0.102705094585655,0.0
2012-08-08T13:00:00Z,0.0227663908005557,0.0,0.102705094585655,0.0
2012-08-08T14:00:00Z,0.0222397522528818,0.0,0.102705094585655,0.0
2012-08-08T15:00:00Z,0.0219523093792466,0.0,0.102705094585655,0.0
2012-08-08T16:00:00Z,0.2188178211631371,0.0,0.0,0.0
2012-08-08T17:00:00Z,0.2172206508803896,0.0,0.1369706192075646,0.0
2012-08-08T18:00:00Z,0.2101040714548377,0.0,0.1369706192075646,0.0
2012-08-08T19:00:00Z,0.0020542016713475,0.0,0.1369706192075646,0.0
2012-08-08T20:00:00Z,0.1920784947393443,0.0,0.1369706192075646,0.0
2012-08-08T21:00:00Z,0.1789988825695029,0.0,0.1712753492352201,0.0
2012-08-08T22:00:00Z,0.1698176793725802,0.0,0.1712753492352201,0.0
2012-08-08T23:00:00Z,0.1642187720031677,0.0,0.1712753492352201,0.0
2012-08-09T00:00:00Z,0.0159537530677866,0.0,0.1712753492352201,0.0
2012-08-09T01:00:00Z,0.1609219453002183,0.0,0.1712753492352201,0.0
2012-08-09T02:00:00Z,0.1640190669752923,0.0,0.1712753492352201,0.0
2012-08-09T03:00:00Z,0.017364811344558,0.0,0.1712753492352201,0.0
2012-08-09T04:00:00Z,0.1952591287140447,0.0,0.1712753492352201,0.0
2012-08-09T05:00:00Z,0.0213023193467601,0.0,0.0,0.0
2012-08-09T06:00:00Z,0.225636928406761,0.0,0.0,0.0
2012-08-09T07:00:00Z,0.0230885230974073,0.0,0.0,0.0
2012-08-09T08:00:00Z,0.2365274609608179,0.0,0.102705094585655,0.0
2012-08-09T09:00:00Z,0.2416450516040606,0.0,0.102705094585655,0.0
2012-08-09T10:00:00Z,0.0240334554667779,0.0,0.102705094585655,0.0
2012-08-09T11:00:00Z,0.0023877472505452,0.0,0.102705094585655,0.0
2012-08-09T12:00:00Z,0.2326282491732955,0.0,0.102705094585655,0.0
2012-08-09T13:00:00Z,0.2283772871042991,0.0,0.102705094585655,0.0
2012-08-09T14:00:00Z,0.224167581873594,0.0,0.102705094585655,0.0
2012-08-09T15:00:00Z,0.2221653230903381,0.0,0.102705094585655,0.0
2012-08-09T16:00:00Z,0.2209790176570769,0.0,0.0,0.0
2012-08-09T17:00:00Z,0.0021685342194173,0.0,0.1369706192075646,0.0
2012-08-09T18:00:00Z,0.0002096227253574,0.0,0.1369706192075646,0.0
2012-08-09T19:00:00Z,0.020533931782991,0.0,0.1369706192075646,0.0
2012-08-09T20:00:00Z,0.0193460755468856,0.0,0.1369706192075646,0.0
2012-08-09T21:00:00Z,0.1803947421951675,0.0,0.1712753492352201,0.0
2012-08-09T22:00:00Z,0.0171098805042873,0.0,0.1712753492352201,0.0
2012-08-09T23:00:00Z,0.0016457350836335,0.0,0.1712753492352201,0.0
2012-08-10T00:00:00Z,0.0016074807719599,0.0,0.1712753492352201,0.0
2012-08-10T01:00:00Z,0.1615360201486544,0.0,0.1712753492352201,0.0
2012-08-10T02:00:00Z,0.0163163902985203,0.0,0.1712753492352201,0.0
2012-08-10T03:00:00Z,0.0017292932024347,0.0,0.1712753492352201,0.0
2012-08-10T04:00:00Z,0.0019519508956376,0.0,0.1712753492352201,0.0
2012-08-10T05:00:00Z,0.0021351884337157,0.0,0.0,0.0
2012-08-10T06:00:00Z,0.0022596074661428,0.0,0.0,0.0
2012-08-10T07:00:00Z,0.2328322228251612,0.0,0.0,0.0
2012-08-10T08:00:00Z,0.2377960255196899,0.0,0.102705094585655,0.0
2012-08-10T09:00:00Z,0.2410379279552416,0.0,0.102705094585655,0.0
2012-08-10T10:00:00Z,0.2414667680195125,0.0,0.102705094585655,0.0
2012-08-10T11:00:00Z,0.0024066173099004,0.0,0.102705094585655,0.0
2012-08-10T12:00:00Z,0.2348370271181361,0.0,0.102705094585655,0.0
2012-08-10T13:00:00Z,0.2308312367967647,0.0,0.102705094585655,0.0
2012-08-10T14:00:00Z,0.2248504638078184,0.0,0.102705094585655,0.0
2012-08-10T15:00:00Z,0.0022096469426969,0.0,0.102705094585655,0.0
2012-08-10T16:00:00Z,0.0021839004825486,0.0,0.0,0.0
2012-08-10T17:00:00Z,0.0214710161500896,0.0,0.1369706192075646,0.0
2012-08-10T18:00:00Z,0.0209150533304532,0.0,0.1369706192075646,0.0
2012-08-10T19:00:00Z,0.204223297836159,0.0,0.1369706192075646,0.0
2012-08-10T20:00:00Z,0.0019214952425092,0.0,0.1369706192075646,0.0
2012-08-10T21:00:00Z,0.0177709611268109,0.0,0.1712753492352201,0.0
2012-08-10T22:00:00Z,0.0016942826533768,0.0,0.1712753492352201,0.0
2012-08-10T23:00:00Z,0.0162667528590003,0.0,0.1712753492352201,0.0
2012-08-11T00:00:00Z,0.0159689125572053,0.0,0.1712753492352201,0.0
2012-08-11T01:00:00Z,0.1581461256942105,0.0,0.1712753492352201,0.0
2012-08-11T02:00:00Z,0.1604427237243557,0.0,0.1712753492352201,0.0
2012-08-11T03:00:00Z,0.0017037570405508,0.0,0.1712753492352201,0.0
2012-08-11T04:00:00Z,0.0190738352405259,0.0,0.1712753492352201,0.0
2012-08-11T05:00:00Z,0.0002089632425317,0.0,0.0,0.0
2012-08-11T06:00:00Z,0.222324025830894,0.0,0.0,0.0
2012-08-11T07:00:00Z,0.2285482278723501,0.0,0.0,0.0
2012-08-11T08:00:00Z,0.2337275569166998,0.0,0.102705094585655,0.0
2012-08-11T09:00:00Z,0.2395761396278555,0.0,0.102705094585655,0.0
2012-08-11T10:00:00Z,0.2387384123793416,0.0,0.102705094585655,0.0
2012-08-11T11:00:00Z,0.2330803121185411,0.0,0.102705094585655,0.0
2012-08-11T12:00:00Z,0.2272859879260875,0.0,0.102705094585655,0.0
2012-08-11T13:00:00Z,0.0002228629004479,0.0,0.102705094585655,0.0
2012-08-11T14:00:00Z,0.2185832034904237,0.0,0.102705094585655,0.0
2012-08-11T15:00:00Z,0.2178397971674198,0.0,0.102705094585655,0.0
2012-08-11T16:00:00Z,0.0212553409858543,0.0,0.0,0.0
2012-08-11T17:00:00Z,0.2085866147879821,0.0,0.1369706192075646,0.0
2012-08-11T18:00:00Z,0.2025520923822774,0.0,0.1369706192075646,0.0
2012-08-11T19:00:00Z,0.1976429398233306,0.0,0.1369706192075646,0.0
2012-08-11T20:00:00Z,0.186288517494257,0.0,0.1369706192075646,0.0
2012-08-11T21:00:00Z,0.1740840124041104,0.0,0.1712753492352201,0.0
2012-08-11T22:00:00Z,0.0016392177955191,0.0,0.1712753492352201,0.0
2012-08-11T23:00:00Z,0.0156985480957,0.0,0.1712753492352201,0.0
2012-08-12T00:00:00Z,0.1520910042406262,0.0,0.1712753492352201,0.0
2012-08-12T01:00:00Z,0.0149639727333365,0.0,0.1712753492352201,0.0
2012-08-12T02:00:00Z,0.1484058110779374,0.0,0.1712753492352201,0.0
2012-08-12T03:00:00Z,0.001493910701955,0.0,0.1712753492352201,0.0
2012-08-12T04:00:00Z,0.0015490946113442,0.0,0.1712753492352201,0.0
2012-08-12T05:00:00Z,0.0016435937225345,0.0,0.0,0.0
2012-08-12T06:00:00Z,0.1782907805082166,0.0,0.0,0.0
2012-08-12T07:00:00Z,0.0189971644877904,0.0,0.0,0.0
2012-08-12T08:00:00Z,0.0019706090902608,0.0,0.102705094585655,0.0
2012-08-12T09:00:00Z,0.2013016792657861,0.0,0.102705094585655,0.0
2012-08-12T10:00:00Z,0.2000138079947378,0.0,0.102705094585655,0.0
2012-08-12T11:00:00Z,0.0195471864793596,0.0,0.102705094585655,0.0
2012-08-12T12:00:00Z,0.1910873711589963,0.0,0.102705094585655,0.0
2012-08-12T13:00:00Z,0.1888818240534144,0.0,0.102705094585655,0.0
2012-08-12T14:00:00Z,0.1856457175476844,0.0,0.102705094585655,0.0
2012-08-12T15:00:00Z,0.0186007111394824,0.0,0.102705094585655,0.0
2012-08-12T16:00:00Z,0.0018688118068978,0.0,0.0,0.0
2012-08-12T17:00:00Z,0.1844873931404879,0.0,0.1369706192075646,0.0
2012-08-12T18:00:00Z,0.0178760241033349,0.0,0.1369706192075646,0.0
2012-08-12T19:00:00Z,0.1766293458954872,0.0,0.1369706192075646,0.0
2012-08-12T20:00:00Z,0.0016789794405632,0.0,0.1369706192075646,0.0
2012-08-12T21:00:00Z,0.1591701646733092,0.0,0.1712753492352201,0.0
2012-08-12T22:00:00Z,0.1513410187540408,0.0,0.1712753492352201,0.0
2012-08-12T23:00:00Z,0.0145248370612945,0.0,0.1712753492352201,0.0
2012-08-13T00:00:00Z,0.1409426115520374,0.0,0.1712753492352201,0.0
2012-08-13T01:00:00Z,0.1390211629119368,0.0,0.1712753492352201,0.0
2012-08-13T02:00:00Z,0.13835406313797,0.0,0.1712753492352201,0.0
2012-08-13T03:00:00Z,0.139937565991611,0.0,0.1712753492352201,0.0
2012-08-13T04:00:00Z,0.1425090399097172,0.0,0.1712753492352201,0.0
2012-08-13T05:00:00Z,0.0150242699843258,0.0,0.0,0.0
2012-08-13T06:00:00Z,0.0163284638469258,0.0,0.0,0.0
2012-08-13T07:00:00Z,0.0174233384872504,0.0,0.0,0.0
2012-08-13T08:00:00Z,0.0018239560094807,0.0,0.102705094585655,0.0
2012-08-13T09:00:00Z,0.1898413441515592,0.0,0.102705094585655,0.0
2012-08-13T10:00:00Z,0.0189707381807387,0.0,0.102705094585655,0.0
2012-08-13T11:00:00Z,0.1847913661626212,0.0,0.102705094585655,0.0
2012-08-13T12:00:00Z,0.0018147584954408,0.0,0.102705094585655,0.0
2012-08-13T13:00:00Z,0.1795356326650143,0.0,0.102705094585655,0.0
2012-08-13T14:00:00Z,0.1797573857232247,0.0,0.102705094585655,0.0
2012-08-13T15:00:00Z,0.1814915044288529,0.0,0.102705094585655,0.0
2012-08-13T16:00:00Z,0.0018520897661286,0.0,0.0,0.0
2012-08-13T17:00:00Z,0.1857805904011019,0.0,0.1369706192075646,0.0
2012-08-13T18:00:00Z,0.1855520036283382,0.0,0.1369706192075646,0.0
2012-08-13T19:00:00Z,0.0018628607967917,0.0,0.1369706192075646,0.0
2012-08-13T20:00:00Z,0.001813665884346,0.0,0.1369706192075646,0.0
2012-08-13T21:00:00Z,0.0172281331373243,0.0,0.1712753492352201,0.0
2012-08-13T22:00:00Z,0.0016328931829097,0.0,0.1712753492352201,0.0
2012-08-13T23:00:00Z,0.0016005746082838,0.0,0.1712753492352201,0.0
2012-08-14T00:00:00Z,0.0152988051656014,0.0,0.1712753492352201,0.0
2012-08-14T01:00:00Z,0.1513726613979321,0.0,0.1712753492352201,0.0
2012-08-14T02:00:00Z,0.1553452034462048,0.0,0.1712753492352201,0.0
2012-08-14T03:00:00Z,0.1666324830612296,0.0,0.1712753492352201,0.0
2012-08-14T04:00:00Z,0.0188668774680358,0.0,0.1712753492352201,0.0
2012-08-14T05:00:00Z,0.2053395234287725,0.0,0.0,0.0
2012-08-14T06:00:00Z,0.2151004566737692,0.0,0.0,0.0
2012-08-14T07:00:00Z,0.2226268631640758,0.0,0.0,0.0
2012-08-14T08:00:00Z,0.2300197087175122,0.0,0.102705094585655,0.0
2012-08-14T09:00:00Z,0.0023667330887729,0.0,0.102705094585655,0.0
2012-08-14T10:00:00Z,0.2362136583550005,0.0,0.102705094585655,0.0
2012-08-14T11:00:00Z,0.0232772119424527,0.0,0.102705094585655,0.0
2012-08-14T12:00:00Z,0.002289959340798,0.0,0.102705094585655,0.0
2012-08-14T13:00:00Z,0.2265726186177674,0.0,0.102705094585655,0.0
2012-08-14T14:00:00Z,0.222390913993971,0.0,0.102705094585655,0.0
2012-08-14T15:00:00Z,0.2234235685444262,0.0,0.102705094585655,0.0
2012-08-14T16:00:00Z,0.0220876169274008,0.0,0.0,0.0
2012-08-14T17:00:00Z,0.2184326855426565,0.0,0.1369706192075646,0.0
2012-08-14T18:00:00Z,0.2120419288422036,0.0,0.1369706192075646,0.0
2012-08-14T19:00:00Z,0.0020526908134251,0.0,0.1369706192075646,0.0
2012-08-14T20:00:00Z,0.0001907550157034,0.0,0.1369706192075646,0.0
2012-08-14T21:00:00Z,0.1765471259315643,0.0,0.1712753492352201,0.0
2012-08-14T22:00:00Z,0.0166295467364859,0.0,0.1712753492352201,0.0
2012-08-14T23:00:00Z,0.0159659166880745,0.0,0.1712753492352201,0.0
2012-08-15T00:00:00Z,0.0015735318962632,0.0,0.1712753492352201,0.0
2012-08-15T01:00:00Z,0.0158068419114827,0.0,0.1712753492352201,0.0
2012-08-15T02:00:00Z,0.0163139622738653,0.0,0.1712753492352201,0.0
2012-08-15T03:00:00Z,0.1729010161334838,0.0,0.1712753492352201,0.0
2012-08-15T04:00:00Z,0.1954822132696466,0.0,0.1712753492352201,0.0
2012-08-15T05:00:00Z,0.0021337946692403,0.0,0.0,0.0
2012-08-15T06:00:00Z,0.0225857849279101,0.0,0.0,0.0
2012-08-15T07:00:00Z,0.0023110514343294,0.0,0.0,0.0
2012-08-15T08:00:00Z,0.2367301031152921,0.0,0.102705094585655,0.0
2012-08-15T09:00:00Z,0.0241627712766705,0.0,0.102705094585655,0.0
2012-08-15T10:00:00Z,0.0241377273772046,0.0,0.102705094585655,0.0
2012-08-15T11:00:00Z,0.2382387875640393,0.0,0.102705094585655,0.0
2012-08-15T12:00:00Z,0.2333121688922515,0.0,0.102705094585655,0.0
2012-08-15T13:00:00Z,0.0002295771718528,0.0,0.102705094585655,0.0
2012-08-15T14:00:00Z,0.0022520997789393,0.0,0.102705094585655,0.0
2012-08-15T15:00:00Z,0.0022475863943991,0.0,0.102705094585655,0.0
2012-08-15T16:00:00Z,0.222636340292568,0.0,0.0,0.0
2012-08-15T17:00:00Z,0.218186123555108,0.0,0.1369706192075646,0.0
2012-08-15T18:00:00Z,0.2123610378567428,0.0,0.1369706192075646,0.0
2012-08-15T19:00:00Z,0.2060864151420071,0.0,0.1369706192075646,0.0
2012-08-15T20:00:00Z,0.1916823742653842,0.0,0.1369706192075646,0.0
2012-08-15T21:00:00Z,0.0178382918169621,0.0,0.1712753492352201,0.0
2012-08-15T22:00:00Z,0.0001684778894936,0.0,0.1712753492352201,0.0
2012-08-15T23:00:00Z,0.0162954740409679,0.0,0.1712753492352201,0.0
2012-08-16T00:00:00Z,0.0016157607276504,0.0,0.1712753492352201,0.0
2012-08-16T01:00:00Z,1.6127174728768777e-05,0.0,0.1712753492352201,0.0
2012-08-16T02:00:00Z,0.1650094856452566,0.0,0.1712753492352201,0.0
2012-08-16T03:00:00Z,0.1761505550981924,0.0,0.1712753492352201,0.0
2012-08-16T04:00:00Z,0.1979788296211711,0.0,0.1712753492352201,0.0
2012-08-16T05:00:00Z,0.2159367936823597,0.0,0.0,0.0
2012-08-16T06:00:00Z,0.2284508914968654,0.0,0.0,0.0
2012-08-16T07:00:00Z,0.2345062283397336,0.0,0.0,0.0
2012-08-16T08:00:00Z,0.0241204531566348,0.0,0.102705094585655,0.0
2012-08-16T09:00:00Z,0.2472477184955195,0.0,0.102705094585655,0.0
2012-08-16T10:00:00Z,0.0002462753239924,0.0,0.102705094585655,0.0
2012-08-16T11:00:00Z,0.2408890352175257,0.0,0.102705094585655,0.0
2012-08-16T12:00:00Z,0.0023416880144563,0.0,0.102705094585655,0.0
2012-08-16T13:00:00Z,0.2307010633459053,0.0,0.102705094585655,0.0
2012-08-16T14:00:00Z,0.2259163666313723,0.0,0.102705094585655,0.0
2012-08-16T15:00:00Z,0.0225637212328998,0.0,0.102705094585655,0.0
2012-08-16T16:00:00Z,0.0224286447387048,0.0,0.0,0.0
2012-08-16T17:00:00Z,0.2212650350452694,0.0,0.1369706192075646,0.0
2012-08-16T18:00:00Z,0.2145320639343667,0.0,0.1369706192075646,0.0
2012-08-16T19:00:00Z,0.2089334698584581,0.0,0.1369706192075646,0.0
2012-08-16T20:00:00Z,0.1955217274128227,0.0,0.1369706192075646,0.0
2012-08-16T21:00:00Z,0.1808341950768822,0.0,0.1712753492352201,0.0
2012-08-16T22:00:00Z,0.0017185852220892,0.0,0.1712753492352201,0.0
2012-08-16T23:00:00Z,0.0016635481690299,0.0,0.1712753492352201,0.0
2012-08-17T00:00:00Z,0.0016312859872348,0.0,0.1712753492352201,0.0
2012-08-17T01:00:00Z,0.1625273199565984,0.0,0.1712753492352201,0.0
2012-08-17T02:00:00Z,0.1653341752003335,0.0,0.1712753492352201,0.0
2012-08-17T03:00:00Z,0.0017720499333758,0.0,0.1712753492352201,0.0
2012-08-17T04:00:00Z,0.0019958742532638,0.0,0.1712753492352201,0.0
2012-08-17T05:00:00Z,0.0218131091593068,0.0,0.0,0.0
2012-08-17T06:00:00Z,0.2314457620046127,0.0,0.0,0.0
2012-08-17T07:00:00Z,0.0002374886160594,0.0,0.0,0.0
2012-08-17T08:00:00Z,0.2425085864049561,0.0,0.102705094585655,0.0
2012-08-17T09:00:00Z,2.4727864643858247e-05,0.0,0.102705094585655,0.0
2012-08-17T10:00:00Z,0.0024746384206108,0.0,0.102705094585655,0.0
2012-08-17T11:00:00Z,0.243138090958458,0.0,0.102705094585655,0.0
2012-08-17T12:00:00Z,0.0023502330947745,0.0,0.102705094585655,0.0
2012-08-17T13:00:00Z,0.0023216039427737,0.0,0.102705094585655,0.0
2012-08-17T14:00:00Z,0.2269134036266059,0.0,0.102705094585655,0.0
2012-08-17T15:00:00Z,0.0227887168788754,0.0,0.102705094585655,0.0
2012-08-17T16:00:00Z,0.2295070430601112,0.0,0.0,0.0
2012-08-17T17:00:00Z,0.2245723179189107,0.0,0.1369706192075646,0.0
2012-08-17T18:00:00Z,0.021826431965559,0.0,0.1369706192075646,0.0
2012-08-17T19:00:00Z,0.0210957884366691,0.0,0.1369706192075646,0.0
2012-08-17T20:00:00Z,0.1967520897450661,0.0,0.1369706192075646,0.0
2012-08-17T21:00:00Z,0.1823875042690873,0.0,0.1712753492352201,0.0
2012-08-17T22:00:00Z,0.1713979318061184,0.0,0.1712753492352201,0.0
2012-08-17T23:00:00Z,0.1649994602531327,0.0,0.1712753492352201,0.0
2012-08-18T00:00:00Z,0.164128837186712,0.0,0.1712753492352201,0.0
2012-08-18T01:00:00Z,0.0162994254552855,0.0,0.1712753492352201,0.0
2012-08-18T02:00:00Z,0.01669761758254,0.0,0.1712753492352201,0.0
2012-08-18T03:00:00Z,0.1774108761217437,0.0,0.1712753492352201,0.0
2012-08-18T04:00:00Z,0.0198709400700938,0.0,0.1712753492352201,0.0
2012-08-18T05:00:00Z,0.0021694650927407,0.0,0.0,0.0
2012-08-18T06:00:00Z,0.2290850562912375,0.0,0.0,0.0
2012-08-18T07:00:00Z,0.0232539616482965,0.0,0.0,0.0
2012-08-18T08:00:00Z,0.0236602719934701,0.0,0.102705094585655,0.0
2012-08-18T09:00:00Z,0.2402307076616674,0.0,0.102705094585655,0.0
2012-08-18T10:00:00Z,0.2390302452781998,0.0,0.102705094585655,0.0
2012-08-18T11:00:00Z,0.0232040500769606,0.0,0.102705094585655,0.0
2012-08-18T12:00:00Z,0.0022435969932442,0.0,0.102705094585655,0.0
2012-08-18T13:00:00Z,0.221221389344011,0.0,0.102705094585655,0.0
2012-08-18T14:00:00Z,0.0218403735264814,0.0,0.102705094585655,0.0
2012-08-18T15:00:00Z,0.0220240300946208,0.0,0.102705094585655,0.0
2012-08-18T16:00:00Z,0.0219383834829994,0.0,0.0,0.0
2012-08-18T17:00:00Z,0.2136284275649753,0.0,0.1369706192075646,0.0
2012-08-18T18:00:00Z,0.0020521151366117,0.0,0.1369706192075646,0.0
2012-08-18T19:00:00Z,0.1961167109383666,0.0,0.1369706192075646,0.0
2012-08-18T20:00:00Z,0.0018338705740277,0.0,0.1369706192075646,0.0
2012-08-18T21:00:00Z,0.1698306418913029,0.0,0.1712753492352201,0.0
2012-08-18T22:00:00Z,0.1598403190589387,0.0,0.1712753492352201,0.0
2012-08-18T23:00:00Z,0.1554691501886748,0.0,0.1712753492352201,0.0
2012-08-19T00:00:00Z,0.1508603090340348,0.0,0.1712753492352201,0.0
2012-08-19T01:00:00Z,0.1497143205585533,0.0,0.1712753492352201,0.0
2012-08-19T02:00:00Z,0.0148286142749879,0.0,0.1712753492352201,0.0
2012-08-19T03:00:00Z,0.1522076864899751,0.0,0.1712753492352201,0.0
2012-08-19T04:00:00Z,0.1581254287421108,0.0,0.1712753492352201,0.0
2012-08-19T05:00:00Z,0.166351674177539,0.0,0.0,0.0
2012-08-19T06:00:00Z,0.0017707070790949,0.0,0.0,0.0
2012-08-19T07:00:00Z,0.001880671532487,0.0,0.0,0.0
2012-08-19T08:00:00Z,0.1964541867845704,0.0,0.102705094585655,0.0
2012-08-19T09:00:00Z,0.1996264401580421,0.0,0.102705094585655,0.0
2012-08-19T10:00:00Z,0.19821945861299,0.0,0.102705094585655,0.0
2012-08-19T11:00:00Z,0.0192537322866189,0.0,0.102705094585655,0.0
2012-08-19T12:00:00Z,0.1865786664405319,0.0,0.102705094585655,0.0
2012-08-19T13:00:00Z,0.0181747298784343,0.0,0.102705094585655,0.0
2012-08-19T14:00:00Z,0.1819379280910288,0.0,0.102705094585655,0.0
2012-08-19T15:00:00Z,0.1829372560450095,0.0,0.102705094585655,0.0
2012-08-19T16:00:00Z,0.1842172362359289,0.0,0.0,0.0
2012-08-19T17:00:00Z,0.0179906268670518,0.0,0.1369706192075646,0.0
2012-08-19T18:00:00Z,0.0017473158028619,0.0,0.1369706192075646,0.0
2012-08-19T19:00:00Z,0.1700868180732516,0.0,0.1369706192075646,0.0
2012-08-19T20:00:00Z,0.1609959021479764,0.0,0.1369706192075646,0.0
2012-08-19T21:00:00Z,0.1524349026036594,0.0,0.1712753492352201,0.0
2012-08-19T22:00:00Z,0.0147576532963606,0.0,0.1712753492352201,0.0
2012-08-19T23:00:00Z,0.1429867929222804,0.0,0.1712753492352201,0.0
2012-08-20T00:00:00Z,0.0139502959368784,0.0,0.1712753492352201,0.0
2012-08-20T01:00:00Z,0.1370569888702455,0.0,0.1712753492352201,0.0
2012-08-20T02:00:00Z,0.1368331015000398,0.0,0.1712753492352201,0.0
2012-08-20T03:00:00Z,0.0138007922768299,0.0,0.1712753492352201,0.0
2012-08-20T04:00:00Z,0.001390017876668,0.0,0.1712753492352201,0.0
2012-08-20T05:00:00Z,0.0014458765419412,0.0,0.0,0.0
2012-08-20T06:00:00Z,0.1557851458490193,0.0,0.0,0.0
2012-08-20T07:00:00Z,0.1674806077379033,0.0,0.0,0.0
2012-08-20T08:00:00Z,0.001760449849778,0.0,0.102705094585655,0.0
2012-08-20T09:00:00Z,0.0018412086911222,0.0,0.102705094585655,0.0
2012-08-20T10:00:00Z,0.0018259794938989,0.0,0.102705094585655,0.0
2012-08-20T11:00:00Z,0.017757689230753,0.0,0.102705094585655,0.0
2012-08-20T12:00:00Z,0.0172698912452219,0.0,0.102705094585655,0.0
2012-08-20T13:00:00Z,0.0017131440971606,0.0,0.102705094585655,0.0
2012-08-20T14:00:00Z,0.169904931613409,0.0,0.102705094585655,0.0
2012-08-20T15:00:00Z,0.1717787792217647,0.0,0.102705094585655,0.0
2012-08-20T16:00:00Z,0.1729590341742324,0.0,0.0,0.0
2012-08-20T17:00:00Z,0.0017267394687612,0.0,0.1369706192075646,0.0
2012-08-20T18:00:00Z,0.0173000496611385,0.0,0.1369706192075646,0.0
2012-08-20T19:00:00Z,0.1726666138500544,0.0,0.1369706192075646,0.0
2012-08-20T20:00:00Z,0.1670618909699763,0.0,0.1369706192075646,0.0
2012-08-20T21:00:00Z,0.0001567618872994,0.0,0.1712753492352201,0.0
2012-08-20T22:00:00Z,0.0150627424266014,0.0,0.1712753492352201,0.0
2012-08-20T23:00:00Z,0.0146216290893163,0.0,0.1712753492352201,0.0
2012-08-21T00:00:00Z,0.0143519264603379,0.0,0.1712753492352201,0.0
2012-08-21T01:00:00Z,0.1438969888744091,0.0,0.1712753492352201,0.0
2012-08-21T02:00:00Z,0.1495139497819822,0.0,0.1712753492352201,0.0
2012-08-21T03:00:00Z,0.0016193029023285,0.0,0.1712753492352201,0.0
2012-08-21T04:00:00Z,0.1881688072002861,0.0,0.1712753492352201,0.0
2012-08-21T05:00:00Z,0.0020705066401397,0.0,0.0,0.0
2012-08-21T06:00:00Z,0.2218417300625246,0.0,0.0,0.0
2012-08-21T07:00:00Z,0.2293399792991706,0.0,0.0,0.0
2012-08-21T08:00:00Z,0.00234561984793,0.0,0.102705094585655,0.0
2012-08-21T09:00:00Z,0.0238587904221996,0.0,0.102705094585655,0.0
2012-08-21T10:00:00Z,0.2376830048881675,0.0,0.102705094585655,0.0
2012-08-21T11:00:00Z,0.023490090962166,0.0,0.102705094585655,0.0
2012-08-21T12:00:00Z,0.2304260112303483,0.0,0.102705094585655,0.0
2012-08-21T13:00:00Z,0.2284020960336371,0.0,0.102705094585655,0.0
2012-08-21T14:00:00Z,0.2234571888535607,0.0,0.102705094585655,0.0
2012-08-21T15:00:00Z,0.022227917590773,0.0,0.102705094585655,0.0
2012-08-21T16:00:00Z,0.022209441106382,0.0,0.0,0.0
2012-08-21T17:00:00Z,0.2196036983367599,0.0,0.1369706192075646,0.0
2012-08-21T18:00:00Z,0.0021323178819864,0.0,0.1369706192075646,0.0
2012-08-21T19:00:00Z,0.2054137348275025,0.0,0.1369706192075646,0.0
2012-08-21T20:00:00Z,0.0191291981188291,0.0,0.1369706192075646,0.0
2012-08-21T21:00:00Z,0.0178310390723474,0.0,0.1712753492352201,0.0
2012-08-21T22:00:00Z,0.0167337246588615,0.0,0.1712753492352201,0.0
2012-08-21T23:00:00Z,0.1613790209415258,0.0,0.1712753492352201,0.0
2012-08-22T00:00:00Z,0.0015776148938525,0.0,0.1712753492352201,0.0
2012-08-22T01:00:00Z,0.1597594110115634,0.0,0.1712753492352201,0.0
2012-08-22T02:00:00Z,0.1625888038067335,0.0,0.1712753492352201,0.0
2012-08-22T03:00:00Z,0.0174033581940408,0.0,0.1712753492352201,0.0
2012-08-22T04:00:00Z,0.1985232554075274,0.0,0.1712753492352201,0.0
2012-08-22T05:00:00Z,0.0021528715023081,0.0,0.0,0.0
2012-08-22T06:00:00Z,0.2279270060158568,0.0,0.0,0.0
2012-08-22T07:00:00Z,0.0232788684818544,0.0,0.0,0.0
2012-08-22T08:00:00Z,0.2381985880913235,0.0,0.102705094585655,0.0
2012-08-22T09:00:00Z,0.0241060964818198,0.0,0.102705094585655,0.0
2012-08-22T10:00:00Z,0.2410601717940166,0.0,0.102705094585655,0.0
2012-08-22T11:00:00Z,0.2409607598490687,0.0,0.102705094585655,0.0
2012-08-22T12:00:00Z,0.2367843420531503,0.0,0.102705094585655,0.0
2012-08-22T13:00:00Z,0.002314109962161,0.0,0.102705094585655,0.0
2012-08-22T14:00:00Z,0.0226670885083341,0.0,0.102705094585655,0.0
2012-08-22T15:00:00Z,0.0225601810163061,0.0,0.102705094585655,0.0
2012-08-22T16:00:00Z,0.2246520119539585,0.0,0.0,0.0
2012-08-22T17:00:00Z,0.2218140035874319,0.0,0.1369706192075646,0.0
2012-08-22T18:00:00Z,0.002162623154233,0.0,0.1369706192075646,0.0
2012-08-22T19:00:00Z,0.2088561451055333,0.0,0.1369706192075646,0.0
2012-08-22T20:00:00Z,0.0001944185916144,0.0,0.1369706192075646,0.0
2012-08-22T21:00:00Z,0.0180806321745459,0.0,0.1712753492352201,0.0
2012-08-22T22:00:00Z,0.1705183407131494,0.0,0.1712753492352201,0.0
2012-08-22T23:00:00Z,0.0165111452890345,0.0,0.1712753492352201,0.0
2012-08-23T00:00:00Z,0.0016127813064285,0.0,0.1712753492352201,0.0
2012-08-23T01:00:00Z,0.1612747725281118,0.0,0.1712753492352201,0.0
2012-08-23T02:00:00Z,0.1645098999916422,0.0,0.1712753492352201,0.0
2012-08-23T03:00:00Z,0.0175982189211126,0.0,0.1712753492352201,0.0
2012-08-23T04:00:00Z,0.0019787652950173,0.0,0.1712753492352201,0.0
2012-08-23T05:00:00Z,0.2150035706576963,0.0,0.0,0.0
2012-08-23T06:00:00Z,0.0226700138864265,0.0,0.0,0.0
2012-08-23T07:00:00Z,0.0232382891407652,0.0,0.0,0.0
2012-08-23T08:00:00Z,0.2382794178153228,0.0,0.102705094585655,0.0
2012-08-23T09:00:00Z,0.0242880377680256,0.0,0.102705094585655,0.0
2012-08-23T10:00:00Z,0.2410061874071304,0.0,0.102705094585655,0.0
2012-08-23T11:00:00Z,0.0023819129422693,0.0,0.102705094585655,0.0
2012-08-23T12:00:00Z,0.0233753158870219,0.0,0.102705094585655,0.0
2012-08-23T13:00:00Z,0.0229254577448099,0.0,0.102705094585655,0.0
2012-08-23T14:00:00Z,0.0022578698620469,0.0,0.102705094585655,0.0
2012-08-23T15:00:00Z,0.022638202847277,0.0,0.102705094585655,0.0
2012-08-23T16:00:00Z,0.2258409803820027,0.0,0.0,0.0
2012-08-23T17:00:00Z,0.0022323732534679,0.0,0.1369706192075646,0.0
2012-08-23T18:00:00Z,0.0217528001598111,0.0,0.1369706192075646,0.0
2012-08-23T19:00:00Z,0.2098939689988024,0.0,0.1369706192075646,0.0
2012-08-23T20:00:00Z,0.0019430408283875,0.0,0.1369706192075646,0.0
2012-08-23T21:00:00Z,0.1815217372519768,0.0,0.1712753492352201,0.0
2012-08-23T22:00:00Z,0.1711419318517657,0.0,0.1712753492352201,0.0
2012-08-23T23:00:00Z,0.1656394405581704,0.0,0.1712753492352201,0.0
2012-08-24T00:00:00Z,0.0016159044510453,0.0,0.1712753492352201,0.0
2012-08-24T01:00:00Z,0.1606098658086722,0.0,0.1712753492352201,0.0
2012-08-24T02:00:00Z,0.1643251155668888,0.0,0.1712753492352201,0.0
2012-08-24T03:00:00Z,0.1763387074281125,0.0,0.1712753492352201,0.0
2012-08-24T04:00:00Z,0.2007362236529822,0.0,0.1712753492352201,0.0
2012-08-24T05:00:00Z,0.2181273810231317,0.0,0.0,0.0
2012-08-24T06:00:00Z,0.0229301728120432,0.0,0.0,0.0
2012-08-24T07:00:00Z,0.0023581598120394,0.0,0.0,0.0
2012-08-24T08:00:00Z,0.2404973204334638,0.0,0.102705094585655,0.0
2012-08-24T09:00:00Z,0.0024426155167292,0.0,0.102705094585655,0.0
2012-08-24T10:00:00Z,0.2484944504133404,0.0,0.102705094585655,0.0
2012-08-24T11:00:00Z,0.245090653559662,0.0,0.102705094585655,0.0
2012-08-24T12:00:00Z,0.2407705906922175,0.0,0.102705094585655,0.0
2012-08-24T13:00:00Z,0.2388669606201497,0.0,0.102705094585655,0.0
2012-08-24T14:00:00Z,0.2346157831618694,0.0,0.102705094585655,0.0
2012-08-24T15:00:00Z,0.2342334867637677,0.0,0.102705094585655,0.0
2012-08-24T16:00:00Z,0.2313370295779246,0.0,0.0,0.0
2012-08-24T17:00:00Z,0.2277993584938724,0.0,0.1369706192075646,0.0
2012-08-24T18:00:00Z,0.0223016512169096,0.0,0.1369706192075646,0.0
2012-08-24T19:00:00Z,0.0214897980956468,0.0,0.1369706192075646,0.0
2012-08-24T20:00:00Z,0.0199184666946314,0.0,0.1369706192075646,0.0
2012-08-24T21:00:00Z,0.1851043855346789,0.0,0.1712753492352201,0.0
2012-08-24T22:00:00Z,0.173321808470874,0.0,0.1712753492352201,0.0
2012-08-24T23:00:00Z,0.1671866405270499,0.0,0.1712753492352201,0.0
2012-08-25T00:00:00Z,0.1614728327650919,0.0,0.1712753492352201,0.0
2012-08-25T01:00:00Z,0.001609693407331,0.0,0.1712753492352201,0.0
2012-08-25T02:00:00Z,0.0165621416391275,0.0,0.1712753492352201,0.0
2012-08-25T03:00:00Z,0.001787155771282,0.0,0.1712753492352201,0.0
2012-08-25T04:00:00Z,0.0202476715923329,0.0,0.1712753492352201,0.0
2012-08-25T05:00:00Z,0.0218874223784256,0.0,0.0,0.0
2012-08-25T06:00:00Z,0.002315593015285,0.0,0.0,0.0
2012-08-25T07:00:00Z,0.2386901064372131,0.0,0.0,0.0
2012-08-25T08:00:00Z,0.2443768730536181,0.0,0.102705094585655,0.0
2012-08-25T09:00:00Z,0.0024600115301487,0.0,0.102705094585655,0.0
2012-08-25T10:00:00Z,0.2425500977942194,0.0,0.102705094585655,0.0
2012-08-25T11:00:00Z,0.2359261724035085,0.0,0.102705094585655,0.0
2012-08-25T12:00:00Z,0.0231506726962382,0.0,0.102705094585655,0.0
2012-08-25T13:00:00Z,0.0022904116582942,0.0,0.102705094585655,0.0
2012-08-25T14:00:00Z,0.0225459065810358,0.0,0.102705094585655,0.0
2012-08-25T15:00:00Z,0.0022485321491639,0.0,0.102705094585655,0.0
2012-08-25T16:00:00Z,0.2230920256939521,0.0,0.0,0.0
2012-08-25T17:00:00Z,0.02162380547576,0.0,0.1369706192075646,0.0
2012-08-25T18:00:00Z,0.0209456503572753,0.0,0.1369706192075646,0.0
2012-08-25T19:00:00Z,0.0198818818457166,0.0,0.1369706192075646,0.0
2012-08-25T20:00:00Z,0.0185810989661399,0.0,0.1369706192075646,0.0
2012-08-25T21:00:00Z,0.1758286264421183,0.0,0.1712753492352201,0.0
2012-08-25T22:00:00Z,0.0166150451634254,0.0,0.1712753492352201,0.0
2012-08-25T23:00:00Z,0.0157544083274407,0.0,0.1712753492352201,0.0
2012-08-26T00:00:00Z,0.1506282172901965,0.0,0.1712753492352201,0.0
2012-08-26T01:00:00Z,0.149514595949834,0.0,0.1712753492352201,0.0
2012-08-26T02:00:00Z,0.0014939279330978,0.0,0.1712753492352201,0.0
2012-08-26T03:00:00Z,0.0152819264780802,0.0,0.1712753492352201,0.0
2012-08-26T04:00:00Z,0.1585395635925437,0.0,0.1712753492352201,0.0
2012-08-26T05:00:00Z,0.1673335164378347,0.0,0.0,0.0
2012-08-26T06:00:00Z,0.1802520370041531,0.0,0.0,0.0
2012-08-26T07:00:00Z,0.1910177220969164,0.0,0.0,0.0
2012-08-26T08:00:00Z,0.1989200416301833,0.0,0.102705094585655,0.0
2012-08-26T09:00:00Z,0.0203398934513669,0.0,0.102705094585655,0.0
2012-08-26T10:00:00Z,0.2029474492033219,0.0,0.102705094585655,0.0
2012-08-26T11:00:00Z,0.1980847032446364,0.0,0.102705094585655,0.0
2012-08-26T12:00:00Z,0.1943097710739318,0.0,0.102705094585655,0.0
2012-08-26T13:00:00Z,0.0019186223410787,0.0,0.102705094585655,0.0
2012-08-26T14:00:00Z,0.0018921952507932,0.0,0.102705094585655,0.0
2012-08-26T15:00:00Z,0.1888122924763985,0.0,0.102705094585655,0.0
2012-08-26T16:00:00Z,0.187487844188773,0.0,0.0,0.0
2012-08-26T17:00:00Z,0.0018402833004351,0.0,0.1369706192075646,0.0
2012-08-26T18:00:00Z,0.1798852290536492,0.0,0.1369706192075646,0.0
2012-08-26T19:00:00Z,0.174776234400919,0.0,0.1369706192075646,0.0
2012-08-26T20:00:00Z,0.1658736666140039,0.0,0.1369706192075646,0.0
2012-08-26T21:00:00Z,0.1578231200917168,0.0,0.1712753492352201,0.0
2012-08-26T22:00:00Z,0.0015074383238354,0.0,0.1712753492352201,0.0
2012-08-26T23:00:00Z,0.1448168577634699,0.0,0.1712753492352201,0.0
2012-08-27T00:00:00Z,0.1413517532872523,0.0,0.1712753492352201,0.0
2012-08-27T01:00:00Z,0.1400851468127794,0.0,0.1712753492352201,0.0
2012-08-27T02:00:00Z,0.1384598780189033,0.0,0.1712753492352201,0.0
2012-08-27T03:00:00Z,0.1409072485477876,0.0,0.1712753492352201,0.0
2012-08-27T04:00:00Z,0.1444763860481352,0.0,0.1712753492352201,0.0
2012-08-27T05:00:00Z,0.1496809548003908,0.0,0.0,0.0
2012-08-27T06:00:00Z,0.0158968472189768,0.0,0.0,0.0
2012-08-27T07:00:00Z,0.017083794903921,0.0,0.0,0.0
2012-08-27T08:00:00Z,0.0181453742771214,0.0,0.102705094585655,0.0
2012-08-27T09:00:00Z,0.0189786096800235,0.0,0.102705094585655,0.0
2012-08-27T10:00:00Z,0.1886610108757155,0.0,0.102705094585655,0.0
2012-08-27T11:00:00Z,0.1826252548768394,0.0,0.102705094585655,0.0
2012-08-27T12:00:00Z,0.1776935256047697,0.0,0.102705094585655,0.0
2012-08-27T13:00:00Z,0.0175960767767799,0.0,0.102705094585655,0.0
2012-08-27T14:00:00Z,0.0017610478487536,0.0,0.102705094585655,0.0
2012-08-27T15:00:00Z,0.0017998645222666,0.0,0.102705094585655,0.0
2012-08-27T16:00:00Z,0.0182642300001534,0.0,0.0,0.0
2012-08-27T17:00:00Z,0.0179940182692313,0.0,0.1369706192075646,0.0
2012-08-27T18:00:00Z,0.1807764707487935,0.0,0.1369706192075646,0.0
2012-08-27T19:00:00Z,0.001769533403306,0.0,0.1369706192075646,0.0
2012-08-27T20:00:00Z,0.1718260473791616,0.0,0.1369706192075646,0.0
2012-08-27T21:00:00Z,0.1642440312919175,0.0,0.1712753492352201,0.0
2012-08-27T22:00:00Z,0.0015565811512362,0.0,0.1712753492352201,0.0
2012-08-27T23:00:00Z,0.1509660651724362,0.0,0.1712753492352201,0.0
2012-08-28T00:00:00Z,0.1495005564846916,0.0,0.1712753492352201,0.0
2012-08-28T01:00:00Z,0.1494743377345862,0.0,0.1712753492352201,0.0
2012-08-28T02:00:00Z,0.1531833607844133,0.0,0.1712753492352201,0.0
2012-08-28T03:00:00Z,0.1680009490861494,0.0,0.1712753492352201,0.0
2012-08-28T04:00:00Z,0.1946757370481441,0.0,0.1712753492352201,0.0
2012-08-28T05:00:00Z,0.2131322293973716,0.0,0.0,0.0
2012-08-28T06:00:00Z,0.2254972582465654,0.0,0.0,0.0
2012-08-28T07:00:00Z,0.0229130474058877,0.0,0.0,0.0
2012-08-28T08:00:00Z,0.0233824198172222,0.0,0.102705094585655,0.0
2012-08-28T09:00:00Z,0.0236152125552755,0.0,0.102705094585655,0.0
2012-08-28T10:00:00Z,0.0236005856648134,0.0,0.102705094585655,0.0
2012-08-28T11:00:00Z,0.002338283297303,0.0,0.102705094585655,0.0
2012-08-28T12:00:00Z,0.0023039627771874,0.0,0.102705094585655,0.0
2012-08-28T13:00:00Z,0.0022481879179266,0.0,0.102705094585655,0.0
2012-08-28T14:00:00Z,0.2215625072271973,0.0,0.102705094585655,0.0
2012-08-28T15:00:00Z,0.0221031797822057,0.0,0.102705094585655,0.0
2012-08-28T16:00:00Z,0.2211861634056693,0.0,0.0,0.0
2012-08-28T17:00:00Z,0.0002193438311657,0.0,0.1369706192075646,0.0
2012-08-28T18:00:00Z,0.214580859397595,0.0,0.1369706192075646,0.0
2012-08-28T19:00:00Z,0.2045769670403442,0.0,0.1369706192075646,0.0
2012-08-28T20:00:00Z,0.0189203292559654,0.0,0.1369706192075646,0.0
2012-08-28T21:00:00Z,0.175103214914743,0.0,0.1712753492352201,0.0
2012-08-28T22:00:00Z,0.1652623135028826,0.0,0.1712753492352201,0.0
2012-08-28T23:00:00Z,0.1609753226809407,0.0,0.1712753492352201,0.0
2012-08-29T00:00:00Z,0.0158426513589755,0.0,0.1712753492352201,0.0
2012-08-29T01:00:00Z,0.0158561856383428,0.0,0.1712753492352201,0.0
2012-08-29T02:00:00Z,0.0016214293819861,0.0,0.1712753492352201,0.0
2012-08-29T03:00:00Z,0.0173575076897489,0.0,0.1712753492352201,0.0
2012-08-29T04:00:00Z,0.019949091134635,0.0,0.1712753492352201,0.0
2012-08-29T05:00:00Z,0.2156878819935322,0.0,0.0,0.0
2012-08-29T06:00:00Z,0.2277712599827436,0.0,0.0,0.0
2012-08-29T07:00:00Z,0.2315221860387139,0.0,0.0,0.0
2012-08-29T08:00:00Z,0.235801109552931,0.0,0.102705094585655,0.0
2012-08-29T09:00:00Z,0.0024033140215189,0.0,0.102705094585655,0.0
2012-08-29T10:00:00Z,0.0024090136135881,0.0,0.102705094585655,0.0
2012-08-29T11:00:00Z,0.002384162781244,0.0,0.102705094585655,0.0
2012-08-29T12:00:00Z,0.0023354370258203,0.0,0.102705094585655,0.0
2012-08-29T13:00:00Z,0.2282025672333576,0.0,0.102705094585655,0.0
2012-08-29T14:00:00Z,0.2238959564057356,0.0,0.102705094585655,0.0
2012-08-29T15:00:00Z,0.0223819600904588,0.0,0.102705094585655,0.0
2012-08-29T16:00:00Z,0.0022346669535331,0.0,0.0,0.0
2012-08-29T17:00:00Z,0.0220667789932244,0.0,0.1369706192075646,0.0
2012-08-29T18:00:00Z,0.220081549253543,0.0,0.1369706192075646,0.0
2012-08-29T19:00:00Z,0.2086237792298791,0.0,0.1369706192075646,0.0
2012-08-29T20:00:00Z,0.0019377583082953,0.0,0.1369706192075646,0.0
2012-08-29T21:00:00Z,0.0001814889687095,0.0,0.1712753492352201,0.0
2012-08-29T22:00:00Z,0.000170083518701,0.0,0.1712753492352201,0.0
2012-08-29T23:00:00Z,0.0016442195263085,0.0,0.1712753492352201,0.0
2012-08-30T00:00:00Z,0.1612885770231263,0.0,0.1712753492352201,0.0
2012-08-30T01:00:00Z,0.1613187315228741,0.0,0.1712753492352201,0.0
2012-08-30T02:00:00Z,0.1657721790995928,0.0,0.1712753492352201,0.0
2012-08-30T03:00:00Z,0.177068211351882,0.0,0.1712753492352201,0.0
2012-08-30T04:00:00Z,0.2030728645090913,0.0,0.1712753492352201,0.0
2012-08-30T05:00:00Z,0.2199907332991076,0.0,0.0,0.0
2012-08-30T06:00:00Z,0.232245306607342,0.0,0.0,0.0
2012-08-30T07:00:00Z,0.2367729655827908,0.0,0.0,0.0
2012-08-30T08:00:00Z,0.0243050221921043,0.0,0.102705094585655,0.0
2012-08-30T09:00:00Z,0.0024774102848863,0.0,0.102705094585655,0.0
2012-08-30T10:00:00Z,0.2451447554316121,0.0,0.102705094585655,0.0
2012-08-30T11:00:00Z,0.0239332289587199,0.0,0.102705094585655,0.0
2012-08-30T12:00:00Z,0.2321052644111106,0.0,0.102705094585655,0.0
2012-08-30T13:00:00Z,0.2298768272989019,0.0,0.102705094585655,0.0
2012-08-30T14:00:00Z,0.2259747371273127,0.0,0.102705094585655,0.0
2012-08-30T15:00:00Z,0.0227136674200225,0.0,0.102705094585655,0.0
2012-08-30T16:00:00Z,0.0225831493463088,0.0,0.0,0.0
2012-08-30T17:00:00Z,0.2233636903234984,0.0,0.1369706192075646,0.0
2012-08-30T18:00:00Z,0.0219638150831764,0.0,0.1369706192075646,0.0
2012-08-30T19:00:00Z,0.2095577267457702,0.0,0.1369706192075646,0.0
2012-08-30T20:00:00Z,0.1959466317274512,0.0,0.1369706192075646,0.0
2012-08-30T21:00:00Z,0.1806410104700562,0.0,0.1712753492352201,0.0
2012-08-30T22:00:00Z,0.1696613067524593,0.0,0.1712753492352201,0.0
2012-08-30T23:00:00Z,0.0016381122610673,0.0,0.1712753492352201,0.0
2012-08-31T00:00:00Z,0.015961867369537,0.0,0.1712753492352201,0.0
2012-08-31T01:00:00Z,0.1599436080109971,0.0,0.1712753492352201,0.0
2012-08-31T02:00:00Z,0.1635041495208321,0.0,0.1712753492352201,0.0
2012-08-31T03:00:00Z,0.1754313115366746,0.0,0.1712753492352201,0.0
2012-08-31T04:00:00Z,0.2000387148282957,0.0,0.1712753492352201,0.0
2012-08-31T05:00:00Z,0.0217503721351561,0.0,0.0,0.0
2012-08-31T06:00:00Z,0.0228533649933998,0.0,0.0,0.0
2012-08-31T07:00:00Z,0.2330837975087717,0.0,0.0,0.0
2012-08-31T08:00:00Z,0.0023801906112318,0.0,0.102705094585655,0.0
2012-08-31T09:00:00Z,0.0024082953882305,0.0,0.102705094585655,0.0
2012-08-31T10:00:00Z,0.0024164919295256,0.0,0.102705094585655,0.0
2012-08-31T11:00:00Z,0.2352070267462108,0.0,0.102705094585655,0.0
2012-08-31T12:00:00Z,0.0023169331282478,0.0,0.102705094585655,0.0
2012-08-31T13:00:00Z,0.2265231378249994,0.0,0.102705094585655,0.0
2012-08-31T14:00:00Z,0.2223249852922497,0.0,0.102705094585655,0.0
2012-08-31T15:00:00Z,0.0222180527615697,0.0,0.102705094585655,0.0
2012-08-31T16:00:00Z,0.0022236766174173,0.0,0.0,0.0
2012-08-31T17:00:00Z,0.2217258897894674,0.0,0.1369706192075646,0.0
2012-08-31T18:00:00Z,0.0021948258102624,0.0,0.1369706192075646,0.0
2012-08-31T19:00:00Z,0.0020858055451676,0.0,0.1369706192075646,0.0
2012-08-31T20:00:00Z,0.0194926185833225,0.0,0.1369706192075646,0.0
2012-08-31T21:00:00Z,0.0017990268537606,0.0,0.1712753492352201,0.0
2012-08-31T22:00:00Z,0.1712592994306544,0.0,0.1712753492352201,0.0
2012-08-31T23:00:00Z,0.1644622597982095,0.0,0.1712753492352201,0.0
2012-09-01T00:00:00Z,0.1603481286670298,0.0,0.1712753492352201,0.0
2012-09-01T01:00:00Z,0.1609054778104209,0.0,0.1712753492352201,0.0
2012-09-01T02:00:00Z,0.001646766602495,0.0,0.1712753492352201,0.0
2012-09-01T03:00:00Z,0.0178592119906833,0.0,0.1712753492352201,0.0
2012-09-01T04:00:00Z,0.2034492474923074,0.0,0.1712753492352201,0.0
2012-09-01T05:00:00Z,0.0022045649304472,0.0,0.0,0.0
2012-09-01T06:00:00Z,0.2308595506971773,0.0,0.0,0.0
2012-09-01T07:00:00Z,0.0235447567624231,0.0,0.0,0.0
2012-09-01T08:00:00Z,0.0243179298844639,0.0,0.102705094585655,0.0
2012-09-01T09:00:00Z,0.0024469041131804,0.0,0.102705094585655,0.0
2012-09-01T10:00:00Z,0.0244760295350249,0.0,0.102705094585655,0.0
2012-09-01T11:00:00Z,0.0239339612822853,0.0,0.102705094585655,0.0
2012-09-01T12:00:00Z,0.2332611020511201,0.0,0.102705094585655,0.0
2012-09-01T13:00:00Z,0.00227020226921,0.0,0.102705094585655,0.0
2012-09-01T14:00:00Z,0.2202895369784271,0.0,0.102705094585655,0.0
2012-09-01T15:00:00Z,0.0220693401676186,0.0,0.102705094585655,0.0
2012-09-01T16:00:00Z,0.0021864847623387,0.0,0.0,0.0
2012-09-01T17:00:00Z,0.0021812519775902,0.0,0.1369706192075646,0.0
2012-09-01T18:00:00Z,0.2177454566610658,0.0,0.1369706192075646,0.0
2012-09-01T19:00:00Z,0.0209122728506063,0.0,0.1369706192075646,0.0
2012-09-01T20:00:00Z,0.1991288713313589,0.0,0.1369706192075646,0.0
2012-09-01T21:00:00Z,0.0187880724033052,0.0,0.1712753492352201,0.0
2012-09-01T22:00:00Z,0.1737654124915149,0.0,0.1712753492352201,0.0
2012-09-01T23:00:00Z,0.0167836949727293,0.0,0.1712753492352201,0.0
2012-09-02T00:00:00Z,0.0016147057117761,0.0,0.1712753492352201,0.0
2012-09-02T01:00:00Z,0.1605349299187144,0.0,0.1712753492352201,0.0
2012-09-02T02:00:00Z,0.001589463654169,0.0,0.1712753492352201,0.0
2012-09-02T03:00:00Z,0.15923251008058,0.0,0.1712753492352201,0.0
2012-09-02T04:00:00Z,0.1655927010835613,0.0,0.1712753492352201,0.0
2012-09-02T05:00:00Z,0.0174084531296476,0.0,0.0,0.0
2012-09-02T06:00:00Z,0.1864305960982636,0.0,0.0,0.0
2012-09-02T07:00:00Z,0.0195360567276345,0.0,0.0,0.0
2012-09-02T08:00:00Z,0.0204748798736796,0.0,0.102705094585655,0.0
2012-09-02T09:00:00Z,0.0021150138985337,0.0,0.102705094585655,0.0
2012-09-02T10:00:00Z,0.2062263006914866,0.0,0.102705094585655,0.0
2012-09-02T11:00:00Z,0.1988079021366405,0.0,0.102705094585655,0.0
2012-09-02T12:00:00Z,0.1955565813151286,0.0,0.102705094585655,0.0
2012-09-02T13:00:00Z,0.0019217196389814,0.0,0.102705094585655,0.0
2012-09-02T14:00:00Z,0.0189872095867048,0.0,0.102705094585655,0.0
2012-09-02T15:00:00Z,0.0019191749124961,0.0,0.102705094585655,0.0
2012-09-02T16:00:00Z,0.1939690643884694,0.0,0.0,0.0
2012-09-02T17:00:00Z,0.0192507638306697,0.0,0.1369706192075646,0.0
2012-09-02T18:00:00Z,0.0019025550837325,0.0,0.1369706192075646,0.0
2012-09-02T19:00:00Z,0.181674428673427,0.0,0.1369706192075646,0.0
2012-09-02T20:00:00Z,0.173202815681934,0.0,0.1369706192075646,0.0
2012-09-02T21:00:00Z,0.1641762424100169,0.0,0.1712753492352201,0.0
2012-09-02T22:00:00Z,0.0155369513064021,0.0,0.1712753492352201,0.0
2012-09-02T23:00:00Z,0.0014838218678966,0.0,0.1712753492352201,0.0
2012-09-03T00:00:00Z,0.0014525477354893,0.0,0.1712753492352201,0.0
2012-09-03T01:00:00Z,0.0142129455458508,0.0,0.1712753492352201,0.0
2012-09-03T02:00:00Z,0.0141349315472175,0.0,0.1712753492352201,0.0
2012-09-03T03:00:00Z,0.1423397243517175,0.0,0.1712753492352201,0.0
2012-09-03T04:00:00Z,0.1450234160867424,0.0,0.1712753492352201,0.0
2012-09-03T05:00:00Z,0.0015087843110514,0.0,0.0,0.0
2012-09-03T06:00:00Z,0.0016248109937435,0.0,0.0,0.0
2012-09-03T07:00:00Z,0.017403957367867,0.0,0.0,0.0
2012-09-03T08:00:00Z,0.0018461003775683,0.0,0.102705094585655,0.0
2012-09-03T09:00:00Z,0.1918206737665003,0.0,0.102705094585655,0.0
2012-09-03T10:00:00Z,0.191900778999272,0.0,0.102705094585655,0.0
2012-09-03T11:00:00Z,0.1862580105393172,0.0,0.102705094585655,0.0
2012-09-03T12:00:00Z,0.1802146180112842,0.0,0.102705094585655,0.0
2012-09-03T13:00:00Z,0.1769748107260398,0.0,0.102705094585655,0.0
2012-09-03T14:00:00Z,0.1748234242349399,0.0,0.102705094585655,0.0
2012-09-03T15:00:00Z,0.0017756394936965,0.0,0.102705094585655,0.0
2012-09-03T16:00:00Z,0.0182962838417685,0.0,0.0,0.0
2012-09-03T17:00:00Z,0.1855470105131202,0.0,0.1369706192075646,0.0
2012-09-03T18:00:00Z,0.0019068710933653,0.0,0.1369706192075646,0.0
2012-09-03T19:00:00Z,0.1857131539743932,0.0,0.1369706192075646,0.0
2012-09-03T20:00:00Z,0.0001806031313273,0.0,0.1369706192075646,0.0
2012-09-03T21:00:00Z,0.1710938412989211,0.0,0.1712753492352201,0.0
2012-09-03T22:00:00Z,0.0163737974169363,0.0,0.1712753492352201,0.0
2012-09-03T23:00:00Z,0.1589837942001924,0.0,0.1712753492352201,0.0
2012-09-04T00:00:00Z,0.0156416109175398,0.0,0.1712753492352201,0.0
2012-09-04T01:00:00Z,0.1572812789767675,0.0,0.1712753492352201,0.0
2012-09-04T02:00:00Z,0.0159020126456219,0.0,0.1712753492352201,0.0
2012-09-04T03:00:00Z,0.0017244293207871,0.0,0.1712753492352201,0.0
2012-09-04T04:00:00Z,0.0020214217720372,0.0,0.1712753492352201,0.0
2012-09-04T05:00:00Z,0.220292337039118,0.0,0.0,0.0
2012-09-04T06:00:00Z,0.2308146322410594,0.0,0.0,0.0
2012-09-04T07:00:00Z,0.0235400299466834,0.0,0.0,0.0
2012-09-04T08:00:00Z,0.2421294621035811,0.0,0.102705094585655,0.0
2012-09-04T09:00:00Z,0.0024917606938312,0.0,0.102705094585655,0.0
2012-09-04T10:00:00Z,0.2507162692002797,0.0,0.102705094585655,0.0
2012-09-04T11:00:00Z,0.2484874992137231,0.0,0.102705094585655,0.0
2012-09-04T12:00:00Z,0.024504586237903,0.0,0.102705094585655,0.0
2012-09-04T13:00:00Z,0.0241550368432936,0.0,0.102705094585655,0.0
2012-09-04T14:00:00Z,0.0236693340080696,0.0,0.102705094585655,0.0
2012-09-04T15:00:00Z,0.2359621228330781,0.0,0.102705094585655,0.0
2012-09-04T16:00:00Z,0.0023593969297628,0.0,0.0,0.0
2012-09-04T17:00:00Z,0.002357626429849,0.0,0.1369706192075646,0.0
2012-09-04T18:00:00Z,0.0235425206300392,0.0,0.1369706192075646,0.0
2012-09-04T19:00:00Z,0.0223491895899536,0.0,0.1369706192075646,0.0
2012-09-04T20:00:00Z,0.0020799042704053,0.0,0.1369706192075646,0.0
2012-09-04T21:00:00Z,0.0195337383557059,0.0,0.1712753492352201,0.0
2012-09-04T22:00:00Z,0.1827222387971322,0.0,0.1712753492352201,0.0
2012-09-04T23:00:00Z,0.0174660129786467,0.0,0.1712753492352201,0.0
2012-09-05T00:00:00Z,0.1708904550723753,0.0,0.1712753492352201,0.0
2012-09-05T01:00:00Z,1.712227322044737e-05,0.0,0.1712753492352201,0.0
2012-09-05T02:00:00Z,0.1756103196124504,0.0,0.1712753492352201,0.0
2012-09-05T03:00:00Z,0.0018825469857245,0.0,0.1712753492352201,0.0
2012-09-05T04:00:00Z,0.0214128806242771,0.0,0.1712753492352201,0.0
2012-09-05T05:00:00Z,0.2293648273901965,0.0,0.0,0.0
2012-09-05T06:00:00Z,0.0238633370941746,0.0,0.0,0.0
2012-09-05T07:00:00Z,0.0242051951332638,0.0,0.0,0.0
2012-09-05T08:00:00Z,0.0247981696642141,0.0,0.102705094585655,0.0
2012-09-05T09:00:00Z,0.0025359961701106,0.0,0.102705094585655,0.0
2012-09-05T10:00:00Z,0.0252843424396939,0.0,0.102705094585655,0.0
2012-09-05T11:00:00Z,0.2497370899347668,0.0,0.102705094585655,0.0
2012-09-05T12:00:00Z,0.2470510093367749,0.0,0.102705094585655,0.0
2012-09-05T13:00:00Z,0.0241657984751517,0.0,0.102705094585655,0.0
2012-09-05T14:00:00Z,0.2341413588927849,0.0,0.102705094585655,0.0
2012-09-05T15:00:00Z,0.2300018509877915,0.0,0.102705094585655,0.0
2012-09-05T16:00:00Z,0.0023185191766111,0.0,0.0,0.0
2012-09-05T17:00:00Z,0.2307988500808018,0.0,0.1369706192075646,0.0
2012-09-05T18:00:00Z,0.2268058852122453,0.0,0.1369706192075646,0.0
2012-09-05T19:00:00Z,0.0213816844236289,0.0,0.1369706192075646,0.0
2012-09-05T20:00:00Z,0.0001985861784496,0.0,0.1369706192075646,0.0
2012-09-05T21:00:00Z,0.0018408456622746,0.0,0.1712753492352201,0.0
2012-09-05T22:00:00Z,0.0176802939867899,0.0,0.1712753492352201,0.0
2012-09-05T23:00:00Z,0.172677461637626,0.0,0.1712753492352201,0.0
2012-09-06T00:00:00Z,0.1689764275721477,0.0,0.1712753492352201,0.0
2012-09-06T01:00:00Z,0.1670020127490485,0.0,0.1712753492352201,0.0
2012-09-06T02:00:00Z,0.0170590329686086,0.0,0.1712753492352201,0.0
2012-09-06T03:00:00Z,0.1838364084011267,0.0,0.1712753492352201,0.0
2012-09-06T04:00:00Z,0.0020874401540241,0.0,0.1712753492352201,0.0
2012-09-06T05:00:00Z,0.0224374091244756,0.0,0.0,0.0
2012-09-06T06:00:00Z,0.2342239117310555,0.0,0.0,0.0
2012-09-06T07:00:00Z,0.2403217781670746,0.0,0.0,0.0
2012-09-06T08:00:00Z,0.0024502610530744,0.0,0.102705094585655,0.0
2012-09-06T09:00:00Z,0.0250945218218657,0.0,0.102705094585655,0.0
2012-09-06T10:00:00Z,0.0251065953702712,0.0,0.102705094585655,0.0
2012-09-06T11:00:00Z,0.0247898282246735,0.0,0.102705094585655,0.0
2012-09-06T12:00:00Z,0.0243620259451341,0.0,0.102705094585655,0.0
2012-09-06T13:00:00Z,0.0023810787983152,0.0,0.102705094585655,0.0
2012-09-06T14:00:00Z,0.002340740693224,0.0,0.102705094585655,0.0
2012-09-06T15:00:00Z,0.0232744353787746,0.0,0.102705094585655,0.0
2012-09-06T16:00:00Z,0.2322468926557054,0.0,0.0,0.0
2012-09-06T17:00:00Z,0.2317469349660552,0.0,0.1369706192075646,0.0
2012-09-06T18:00:00Z,0.2297174979713382,0.0,0.1369706192075646,0.0
2012-09-06T19:00:00Z,0.2161469744617709,0.0,0.1369706192075646,0.0
2012-09-06T20:00:00Z,0.2001825948699497,0.0,0.1369706192075646,0.0
2012-09-06T21:00:00Z,0.1856993886410667,0.0,0.1712753492352201,0.0
2012-09-06T22:00:00Z,0.0175329011417237,0.0,0.1712753492352201,0.0
2012-09-06T23:00:00Z,0.1705050453200788,0.0,0.1712753492352201,0.0
2012-09-07T00:00:00Z,0.0016855225753916,0.0,0.1712753492352201,0.0
2012-09-07T01:00:00Z,0.1678440673640846,0.0,0.1712753492352201,0.0
2012-09-07T02:00:00Z,0.0172975511454451,0.0,0.1712753492352201,0.0
2012-09-07T03:00:00Z,0.1871009071306451,0.0,0.1712753492352201,0.0
2012-09-07T04:00:00Z,0.0213711499295611,0.0,0.1712753492352201,0.0
2012-09-07T05:00:00Z,0.0023296501031869,0.0,0.0,0.0
2012-09-07T06:00:00Z,0.2442789100911256,0.0,0.0,0.0
2012-09-07T07:00:00Z,0.2492158087060093,0.0,0.0,0.0
2012-09-07T08:00:00Z,0.2529594702688584,0.0,0.102705094585655,0.0
2012-09-07T09:00:00Z,0.0258833478705937,0.0,0.102705094585655,0.0
2012-09-07T10:00:00Z,0.0254101493623431,0.0,0.102705094585655,0.0
2012-09-07T11:00:00Z,0.000249881332222,0.0,0.102705094585655,0.0
2012-09-07T12:00:00Z,0.0247449645949188,0.0,0.102705094585655,0.0
2012-09-07T13:00:00Z,0.2433337035899391,0.0,0.102705094585655,0.0
2012-09-07T14:00:00Z,0.2379607591601955,0.0,0.102705094585655,0.0
2012-09-07T15:00:00Z,0.2376388696658093,0.0,0.102705094585655,0.0
2012-09-07T16:00:00Z,0.2336847531917331,0.0,0.0,0.0
2012-09-07T17:00:00Z,0.2311348769445502,0.0,0.1369706192075646,0.0
2012-09-07T18:00:00Z,0.0022791041125057,0.0,0.1369706192075646,0.0
2012-09-07T19:00:00Z,0.0214952376541079,0.0,0.1369706192075646,0.0
2012-09-07T20:00:00Z,0.0199708846139982,0.0,0.1369706192075646,0.0
2012-09-07T21:00:00Z,0.1839783695200693,0.0,0.1712753492352201,0.0
2012-09-07T22:00:00Z,0.1758360280011473,0.0,0.1712753492352201,0.0
2012-09-07T23:00:00Z,0.1713415389754212,0.0,0.1712753492352201,0.0
2012-09-08T00:00:00Z,0.1679344133782642,0.0,0.1712753492352201,0.0
2012-09-08T01:00:00Z,0.164555092579576,0.0,0.1712753492352201,0.0
2012-09-08T02:00:00Z,0.0167450541351953,0.0,0.1712753492352201,0.0
2012-09-08T03:00:00Z,0.1800094499279351,0.0,0.1712753492352201,0.0
2012-09-08T04:00:00Z,0.0002063914944818,0.0,0.1712753492352201,0.0
2012-09-08T05:00:00Z,0.223379727034728,0.0,0.0,0.0
2012-09-08T06:00:00Z,0.2346809090489871,0.0,0.0,0.0
2012-09-08T07:00:00Z,0.2381709986821386,0.0,0.0,0.0
2012-09-08T08:00:00Z,0.2426003226590591,0.0,0.102705094585655,0.0
2012-09-08T09:00:00Z,0.0245896728373862,0.0,0.102705094585655,0.0
2012-09-08T10:00:00Z,0.0244533588338508,0.0,0.102705094585655,0.0
2012-09-08T11:00:00Z,0.2376479551774217,0.0,0.102705094585655,0.0
2012-09-08T12:00:00Z,0.2323567607713451,0.0,0.102705094585655,0.0
2012-09-08T13:00:00Z,0.2286322688547642,0.0,0.102705094585655,0.0
2012-09-08T14:00:00Z,0.2261559186767716,0.0,0.102705094585655,0.0
2012-09-08T15:00:00Z,0.2254597217686325,0.0,0.102705094585655,0.0
2012-09-08T16:00:00Z,0.2229855059026351,0.0,0.0,0.0
2012-09-08T17:00:00Z,0.0218742405542501,0.0,0.1369706192075646,0.0
2012-09-08T18:00:00Z,0.2153139466158151,0.0,0.1369706192075646,0.0
2012-09-08T19:00:00Z,0.0020217100020608,0.0,0.1369706192075646,0.0
2012-09-08T20:00:00Z,0.1877212870108467,0.0,0.1369706192075646,0.0
2012-09-08T21:00:00Z,0.0017433314927264,0.0,0.1712753492352201,0.0
2012-09-08T22:00:00Z,0.0016536195062753,0.0,0.1712753492352201,0.0
2012-09-08T23:00:00Z,0.0159463593410952,0.0,0.1712753492352201,0.0
2012-09-09T00:00:00Z,0.1546143876058878,0.0,0.1712753492352201,0.0
2012-09-09T01:00:00Z,0.1524249359540674,0.0,0.1712753492352201,0.0
2012-09-09T02:00:00Z,0.1531411444847664,0.0,0.1712753492352201,0.0
2012-09-09T03:00:00Z,0.1556274613123509,0.0,0.1712753492352201,0.0
2012-09-09T04:00:00Z,0.1620515054475904,0.0,0.1712753492352201,0.0
2012-09-09T05:00:00Z,0.0001700788192984,0.0,0.0,0.0
2012-09-09T06:00:00Z,0.0018294480446036,0.0,0.0,0.0
2012-09-09T07:00:00Z,0.0193011414260925,0.0,0.0,0.0
2012-09-09T08:00:00Z,0.200164619655165,0.0,0.102705094585655,0.0
2012-09-09T09:00:00Z,0.2034026255027622,0.0,0.102705094585655,0.0
2012-09-09T10:00:00Z,0.0020166463958044,0.0,0.102705094585655,0.0
2012-09-09T11:00:00Z,0.1975671423762372,0.0,0.102705094585655,0.0
2012-09-09T12:00:00Z,0.0019215050329312,0.0,0.102705094585655,0.0
2012-09-09T13:00:00Z,0.0187784777897491,0.0,0.102705094585655,0.0
2012-09-09T14:00:00Z,0.185725901103832,0.0,0.102705094585655,0.0
2012-09-09T15:00:00Z,0.0018875820039487,0.0,0.102705094585655,0.0
2012-09-09T16:00:00Z,0.1907587458542769,0.0,0.0,0.0
2012-09-09T17:00:00Z,0.0018882771239104,0.0,0.1369706192075646,0.0
2012-09-09T18:00:00Z,0.0186457157513138,0.0,0.1369706192075646,0.0
2012-09-09T19:00:00Z,0.1750362680091341,0.0,0.1369706192075646,0.0
2012-09-09T20:00:00Z,0.0165923783784201,0.0,0.1369706192075646,0.0
2012-09-09T21:00:00Z,0.0015654775118955,0.0,0.1712753492352201,0.0
2012-09-09T22:00:00Z,0.0014788843622755,0.0,0.1712753492352201,0.0
2012-09-09T23:00:00Z,0.0141279411859123,0.0,0.1712753492352201,0.0
2012-09-10T00:00:00Z,0.136698972718694,0.0,0.1712753492352201,0.0
2012-09-10T01:00:00Z,0.0136689622865687,0.0,0.1712753492352201,0.0
2012-09-10T02:00:00Z,0.0135527460613068,0.0,0.1712753492352201,0.0
2012-09-10T03:00:00Z,0.0013753823706346,0.0,0.1712753492352201,0.0
2012-09-10T04:00:00Z,0.0140946811643073,0.0,0.1712753492352201,0.0
2012-09-10T05:00:00Z,0.1469710051535724,0.0,0.0,0.0
2012-09-10T06:00:00Z,0.1582552888994664,0.0,0.0,0.0
2012-09-10T07:00:00Z,0.0170355712013373,0.0,0.0,0.0
2012-09-10T08:00:00Z,0.0179025757277882,0.0,0.102705094585655,0.0
2012-09-10T09:00:00Z,0.018645790158521,0.0,0.102705094585655,0.0
2012-09-10T10:00:00Z,0.1860184976556059,0.0,0.102705094585655,0.0
2012-09-10T11:00:00Z,0.1795868757337416,0.0,0.102705094585655,0.0
2012-09-10T12:00:00Z,0.1746317081914134,0.0,0.102705094585655,0.0
2012-09-10T13:00:00Z,0.1718406938504677,0.0,0.102705094585655,0.0
2012-09-10T14:00:00Z,0.1710657623686365,0.0,0.102705094585655,0.0
2012-09-10T15:00:00Z,0.0017391736963131,0.0,0.102705094585655,0.0
2012-09-10T16:00:00Z,0.0180141904547119,0.0,0.0,0.0
2012-09-10T17:00:00Z,0.1822998212496907,0.0,0.1369706192075646,0.0
2012-09-10T18:00:00Z,0.0184250122263413,0.0,0.1369706192075646,0.0
2012-09-10T19:00:00Z,0.1769704441978295,0.0,0.1369706192075646,0.0
2012-09-10T20:00:00Z,0.1702668051912269,0.0,0.1369706192075646,0.0
2012-09-10T21:00:00Z,0.0159986676077357,0.0,0.1712753492352201,0.0
2012-09-10T22:00:00Z,0.0150962922446975,0.0,0.1712753492352201,0.0
2012-09-10T23:00:00Z,0.1475896815003468,0.0,0.1712753492352201,0.0
2012-09-11T00:00:00Z,0.1446246521988434,0.0,0.1712753492352201,0.0
2012-09-11T01:00:00Z,0.1457608698331728,0.0,0.1712753492352201,0.0
2012-09-11T02:00:00Z,0.1499597664379943,0.0,0.1712753492352201,0.0
2012-09-11T03:00:00Z,0.0165741642773387,0.0,0.1712753492352201,0.0
2012-09-11T04:00:00Z,0.1966538134890699,0.0,0.1712753492352201,0.0
2012-09-11T05:00:00Z,0.0214929976055552,0.0,0.0,0.0
2012-09-11T06:00:00Z,0.0226226008307841,0.0,0.0,0.0
2012-09-11T07:00:00Z,0.2314538097314935,0.0,0.0,0.0
2012-09-11T08:00:00Z,0.0023439362869635,0.0,0.102705094585655,0.0
2012-09-11T09:00:00Z,0.0023710749451197,0.0,0.102705094585655,0.0
2012-09-11T10:00:00Z,0.0023616918046787,0.0,0.102705094585655,0.0
2012-09-11T11:00:00Z,0.234574702551174,0.0,0.102705094585655,0.0
2012-09-11T12:00:00Z,0.2285004310321654,0.0,0.102705094585655,0.0
2012-09-11T13:00:00Z,0.2237628458282773,0.0,0.102705094585655,0.0
2012-09-11T14:00:00Z,0.0021844103677261,0.0,0.102705094585655,0.0
2012-09-11T15:00:00Z,0.002203216201913,0.0,0.102705094585655,0.0
2012-09-11T16:00:00Z,0.220867034810286,0.0,0.0,0.0
2012-09-11T17:00:00Z,0.0223622970069219,0.0,0.1369706192075646,0.0
2012-09-11T18:00:00Z,0.0222988942340755,0.0,0.1369706192075646,0.0
2012-09-11T19:00:00Z,0.0209748218986547,0.0,0.1369706192075646,0.0
2012-09-11T20:00:00Z,0.0019447659007432,0.0,0.1369706192075646,0.0
2012-09-11T21:00:00Z,0.0180885859133755,0.0,0.1712753492352201,0.0
2012-09-11T22:00:00Z,0.1726819260700562,0.0,0.1712753492352201,0.0
2012-09-11T23:00:00Z,0.1699426834806257,0.0,0.1712753492352201,0.0
2012-09-12T00:00:00Z,0.1684614513751555,0.0,0.1712753492352201,0.0
2012-09-12T01:00:00Z,0.1692192300376497,0.0,0.1712753492352201,0.0
2012-09-12T02:00:00Z,0.170665627821658,0.0,0.1712753492352201,0.0
2012-09-12T03:00:00Z,0.0018295134446226,0.0,0.1712753492352201,0.0
2012-09-12T04:00:00Z,0.2108141707622111,0.0,0.1712753492352201,0.0
2012-09-12T05:00:00Z,0.0227687365856659,0.0,0.0,0.0
2012-09-12T06:00:00Z,0.2371330377229615,0.0,0.0,0.0
2012-09-12T07:00:00Z,0.0239109537905945,0.0,0.0,0.0
2012-09-12T08:00:00Z,0.0002450722769375,0.0,0.102705094585655,0.0
2012-09-12T09:00:00Z,0.2490148700849623,0.0,0.102705094585655,0.0
2012-09-12T10:00:00Z,0.0249320869724448,0.0,0.102705094585655,0.0
2012-09-12T11:00:00Z,0.0024362764142952,0.0,0.102705094585655,0.0
2012-09-12T12:00:00Z,0.2414177375861563,0.0,0.102705094585655,0.0
2012-09-12T13:00:00Z,0.0237489301388975,0.0,0.102705094585655,0.0
2012-09-12T14:00:00Z,0.2346767774909048,0.0,0.102705094585655,0.0
2012-09-12T15:00:00Z,0.0023333802539674,0.0,0.102705094585655,0.0
2012-09-12T16:00:00Z,0.2320165827686703,0.0,0.0,0.0
2012-09-12T17:00:00Z,0.2331616901061722,0.0,0.1369706192075646,0.0
2012-09-12T18:00:00Z,0.2297098418613374,0.0,0.1369706192075646,0.0
2012-09-12T19:00:00Z,0.0021302806909775,0.0,0.1369706192075646,0.0
2012-09-12T20:00:00Z,0.1969950292764762,0.0,0.1369706192075646,0.0
2012-09-12T21:00:00Z,0.1835335319062568,0.0,0.1712753492352201,0.0
2012-09-12T22:00:00Z,0.1745985186608468,0.0,0.1712753492352201,0.0
2012-09-12T23:00:00Z,0.0167441690810469,0.0,0.1712753492352201,0.0
2012-09-13T00:00:00Z,0.0164472608274259,0.0,0.1712753492352201,0.0
2012-09-13T01:00:00Z,0.0165023495739133,0.0,0.1712753492352201,0.0
2012-09-13T02:00:00Z,0.016809753159914,0.0,0.1712753492352201,0.0
2012-09-13T03:00:00Z,0.018195250602938,0.0,0.1712753492352201,0.0
2012-09-13T04:00:00Z,0.0210256459373206,0.0,0.1712753492352201,0.0
2012-09-13T05:00:00Z,0.0022877243832648,0.0,0.0,0.0
2012-09-13T06:00:00Z,0.0238571182181227,0.0,0.0,0.0
2012-09-13T07:00:00Z,0.0023993140467082,0.0,0.0,0.0
2012-09-13T08:00:00Z,0.2464806389321291,0.0,0.102705094585655,0.0
2012-09-13T09:00:00Z,0.2506011534184502,0.0,0.102705094585655,0.0
2012-09-13T10:00:00Z,0.0024852618117102,0.0,0.102705094585655,0.0
2012-09-13T11:00:00Z,0.2440728217081088,0.0,0.102705094585655,0.0
2012-09-13T12:00:00Z,0.2404061911855246,0.0,0.102705094585655,0.0
2012-09-13T13:00:00Z,0.0234094452981001,0.0,0.102705094585655,0.0
2012-09-13T14:00:00Z,0.2304215467979181,0.0,0.102705094585655,0.0
2012-09-13T15:00:00Z,0.2323473619662289,0.0,0.102705094585655,0.0
2012-09-13T16:00:00Z,0.2287613653592041,0.0,0.0,0.0
2012-09-13T17:00:00Z,0.2288109832178801,0.0,0.1369706192075646,0.0
2012-09-13T18:00:00Z,0.0224236986175124,0.0,0.1369706192075646,0.0
2012-09-13T19:00:00Z,0.2090667566635123,0.0,0.1369706192075646,0.0
2012-09-13T20:00:00Z,0.1937466651624071,0.0,0.1369706192075646,0.0
2012-09-13T21:00:00Z,0.0018114481579555,0.0,0.1712753492352201,0.0
2012-09-13T22:00:00Z,0.0172652427528582,0.0,0.1712753492352201,0.0
2012-09-13T23:00:00Z,0.0016788521650773,0.0,0.1712753492352201,0.0
2012-09-14T00:00:00Z,0.1663723711296386,0.0,0.1712753492352201,0.0
2012-09-14T01:00:00Z,0.167268351389029,0.0,0.1712753492352201,0.0
2012-09-14T02:00:00Z,0.0017140303261597,0.0,0.1712753492352201,0.0
2012-09-14T03:00:00Z,0.0186204133847073,0.0,0.1712753492352201,0.0
2012-09-14T04:00:00Z,0.214437018517629,0.0,0.1712753492352201,0.0
2012-09-14T05:00:00Z,0.0023101691214991,0.0,0.0,0.0
2012-09-14T06:00:00Z,0.0024248717475205,0.0,0.0,0.0
2012-09-14T07:00:00Z,0.0244512675997125,0.0,0.0,0.0
2012-09-14T08:00:00Z,0.248381351458442,0.0,0.102705094585655,0.0
2012-09-14T09:00:00Z,0.0255447872456328,0.0,0.102705094585655,0.0
2012-09-14T10:00:00Z,0.0025524895066221,0.0,0.102705094585655,0.0
2012-09-14T11:00:00Z,0.0251365736424231,0.0,0.102705094585655,0.0
2012-09-14T12:00:00Z,0.0024567423124358,0.0,0.102705094585655,0.0
2012-09-14T13:00:00Z,2.4157670466807425e-05,0.0,0.102705094585655,0.0
2012-09-14T14:00:00Z,0.0023923710710455,0.0,0.102705094585655,0.0
2012-09-14T15:00:00Z,0.2354682352050654,0.0,0.102705094585655,0.0
2012-09-14T16:00:00Z,0.0231712952411306,0.0,0.0,0.0
2012-09-14T17:00:00Z,0.2322512396030717,0.0,0.1369706192075646,0.0
2012-09-14T18:00:00Z,0.0023007397702663,0.0,0.1369706192075646,0.0
2012-09-14T19:00:00Z,0.0215677651002546,0.0,0.1369706192075646,0.0
2012-09-14T20:00:00Z,0.200848461050745,0.0,0.1369706192075646,0.0
2012-09-14T21:00:00Z,0.0018715433346347,0.0,0.1712753492352201,0.0
2012-09-14T22:00:00Z,0.0178870402861648,0.0,0.1712753492352201,0.0
2012-09-14T23:00:00Z,0.0017536780106918,0.0,0.1712753492352201,0.0
2012-09-15T00:00:00Z,0.1716347229525148,0.0,0.1712753492352201,0.0
2012-09-15T01:00:00Z,0.1726890143355814,0.0,0.1712753492352201,0.0
2012-09-15T02:00:00Z,0.0017600519670281,0.0,0.1712753492352201,0.0
2012-09-15T03:00:00Z,0.1884693731555648,0.0,0.1712753492352201,0.0
2012-09-15T04:00:00Z,0.2151851634048791,0.0,0.1712753492352201,0.0
2012-09-15T05:00:00Z,0.2333352351264742,0.0,0.0,0.0
2012-09-15T06:00:00Z,0.024344524586774,0.0,0.0,0.0
2012-09-15T07:00:00Z,0.2469884289593761,0.0,0.0,0.0
2012-09-15T08:00:00Z,0.2522117953218641,0.0,0.102705094585655,0.0
2012-09-15T09:00:00Z,0.2567071459047259,0.0,0.102705094585655,0.0
2012-09-15T10:00:00Z,0.0025521487999366,0.0,0.102705094585655,0.0
2012-09-15T11:00:00Z,0.2492194507429917,0.0,0.102705094585655,0.0
2012-09-15T12:00:00Z,0.002419772504128,0.0,0.102705094585655,0.0
2012-09-15T13:00:00Z,0.023980262145989,0.0,0.102705094585655,0.0
2012-09-15T14:00:00Z,0.2358152860839813,0.0,0.102705094585655,0.0
2012-09-15T15:00:00Z,0.2349173085785037,0.0,0.102705094585655,0.0
2012-09-15T16:00:00Z,0.2352018378225529,0.0,0.0,0.0
2012-09-15T17:00:00Z,0.0233838100571457,0.0,0.1369706192075646,0.0
2012-09-15T18:00:00Z,0.2271248571608765,0.0,0.1369706192075646,0.0
2012-09-15T19:00:00Z,0.2111793730835077,0.0,0.1369706192075646,0.0
2012-09-15T20:00:00Z,0.1975634611775667,0.0,0.1369706192075646,0.0
2012-09-15T21:00:00Z,0.0018466055633433,0.0,0.1712753492352201,0.0
2012-09-15T22:00:00Z,0.1745138902531129,0.0,0.1712753492352201,0.0
2012-09-15T23:00:00Z,0.1675224715823585,0.0,0.1712753492352201,0.0
2012-09-16T00:00:00Z,0.0162554468796793,0.0,0.1712753492352201,0.0
2012-09-16T01:00:00Z,0.1606538639651224,0.0,0.1712753492352201,0.0
2012-09-16T02:00:00Z,0.0016039550451906,0.0,0.1712753492352201,0.0
2012-09-16T03:00:00Z,0.0162561635385694,0.0,0.1712753492352201,0.0
2012-09-16T04:00:00Z,0.1710229390628258,0.0,0.1712753492352201,0.0
2012-09-16T05:00:00Z,0.0018160265508977,0.0,0.0,0.0
2012-09-16T06:00:00Z,0.0194318827214278,0.0,0.0,0.0
2012-09-16T07:00:00Z,0.2045203588203631,0.0,0.0,0.0
2012-09-16T08:00:00Z,0.0210533136698814,0.0,0.102705094585655,0.0
2012-09-16T09:00:00Z,0.2149372503390951,0.0,0.102705094585655,0.0
2012-09-16T10:00:00Z,0.2120647796871424,0.0,0.102705094585655,0.0
2012-09-16T11:00:00Z,0.2061859837337069,0.0,0.102705094585655,0.0
2012-09-16T12:00:00Z,0.0200204124007919,0.0,0.102705094585655,0.0
2012-09-16T13:00:00Z,0.0019750946700025,0.0,0.102705094585655,0.0
2012-09-16T14:00:00Z,0.1974734284568911,0.0,0.102705094585655,0.0
2012-09-16T15:00:00Z,0.0019903465810049,0.0,0.102705094585655,0.0
2012-09-16T16:00:00Z,0.020315820761763,0.0,0.0,0.0
2012-09-16T17:00:00Z,0.2065650688733939,0.0,0.1369706192075646,0.0
2012-09-16T18:00:00Z,0.2009915382777952,0.0,0.1369706192075646,0.0
2012-09-16T19:00:00Z,0.1889524913193819,0.0,0.1369706192075646,0.0
2012-09-16T20:00:00Z,0.1790846270853442,0.0,0.1369706192075646,0.0
2012-09-16T21:00:00Z,0.016834425023344,0.0,0.1712753492352201,0.0
2012-09-16T22:00:00Z,0.1586682097375717,0.0,0.1712753492352201,0.0
2012-09-16T23:00:00Z,0.0015229263798163,0.0,0.1712753492352201,0.0
2012-09-17T00:00:00Z,0.1487829381332252,0.0,0.1712753492352201,0.0
2012-09-17T01:00:00Z,0.1485891465202354,0.0,0.1712753492352201,0.0
2012-09-17T02:00:00Z,0.014867176789146,0.0,0.1712753492352201,0.0
2012-09-17T03:00:00Z,0.0149646893922266,0.0,0.1712753492352201,0.0
2012-09-17T04:00:00Z,0.1529018274094949,0.0,0.1712753492352201,0.0
2012-09-17T05:00:00Z,0.1597811065867066,0.0,0.0,0.0
2012-09-17T06:00:00Z,0.1725766398719107,0.0,0.0,0.0
2012-09-17T07:00:00Z,0.183243187151542,0.0,0.0,0.0
2012-09-17T08:00:00Z,0.0019313945339979,0.0,0.102705094585655,0.0
2012-09-17T09:00:00Z,0.2027819910715886,0.0,0.102705094585655,0.0
2012-09-17T10:00:00Z,0.0203568308814201,0.0,0.102705094585655,0.0
2012-09-17T11:00:00Z,0.1987506869104956,0.0,0.102705094585655,0.0
2012-09-17T12:00:00Z,0.1921731877008901,0.0,0.102705094585655,0.0
2012-09-17T13:00:00Z,0.1907278277016134,0.0,0.102705094585655,0.0
2012-09-17T14:00:00Z,0.1898271676205089,0.0,0.102705094585655,0.0
2012-09-17T15:00:00Z,0.1904083858127264,0.0,0.102705094585655,0.0
2012-09-17T16:00:00Z,0.0019333056243715,0.0,0.0,0.0
2012-09-17T17:00:00Z,0.1966181763530042,0.0,0.1369706192075646,0.0
2012-09-17T18:00:00Z,0.0019294117777352,0.0,0.1369706192075646,0.0
2012-09-17T19:00:00Z,0.1836882009929504,0.0,0.1369706192075646,0.0
2012-09-17T20:00:00Z,0.0017805777825513,0.0,0.1369706192075646,0.0
2012-09-17T21:00:00Z,0.0168524080704664,0.0,0.1712753492352201,0.0
2012-09-17T22:00:00Z,0.1622983611477987,0.0,0.1712753492352201,0.0
2012-09-17T23:00:00Z,0.0015862253741896,0.0,0.1712753492352201,0.0
2012-09-18T00:00:00Z,0.1569119842590765,0.0,0.1712753492352201,0.0
2012-09-18T01:00:00Z,0.1580131521826602,0.0,0.1712753492352201,0.0
2012-09-18T02:00:00Z,0.1627207003718643,0.0,0.1712753492352201,0.0
2012-09-18T03:00:00Z,0.1771472200573901,0.0,0.1712753492352201,0.0
2012-09-18T04:00:00Z,0.00208701015869,0.0,0.1712753492352201,0.0
2012-09-18T05:00:00Z,0.0002285362541862,0.0,0.0,0.0
2012-09-18T06:00:00Z,0.0023954366479809,0.0,0.0,0.0
2012-09-18T07:00:00Z,0.2418847798770559,0.0,0.0,0.0
2012-09-18T08:00:00Z,0.0245644957881812,0.0,0.102705094585655,0.0
2012-09-18T09:00:00Z,0.0024980054165972,0.0,0.102705094585655,0.0
2012-09-18T10:00:00Z,0.0024973506331741,0.0,0.102705094585655,0.0
2012-09-18T11:00:00Z,0.0248140223155101,0.0,0.102705094585655,0.0
2012-09-18T12:00:00Z,0.2451386266274427,0.0,0.102705094585655,0.0
2012-09-18T13:00:00Z,0.2404830655790375,0.0,0.102705094585655,0.0
2012-09-18T14:00:00Z,0.2355690178090927,0.0,0.102705094585655,0.0
2012-09-18T15:00:00Z,0.2307895295990616,0.0,0.102705094585655,0.0
2012-09-18T16:00:00Z,0.2310598431503725,0.0,0.0,0.0
2012-09-18T17:00:00Z,0.2326707396047583,0.0,0.1369706192075646,0.0
2012-09-18T18:00:00Z,0.2271266194368358,0.0,0.1369706192075646,0.0
2012-09-18T19:00:00Z,0.2122630553134064,0.0,0.1369706192075646,0.0
2012-09-18T20:00:00Z,0.000196427586208,0.0,0.1369706192075646,0.0
2012-09-18T21:00:00Z,0.1826925933993282,0.0,0.1712753492352201,0.0
2012-09-18T22:00:00Z,0.0173750795391474,0.0,0.1712753492352201,0.0
2012-09-18T23:00:00Z,0.0016814125562377,0.0,0.1712753492352201,0.0
2012-09-19T00:00:00Z,0.0016511096336924,0.0,0.1712753492352201,0.0
2012-09-19T01:00:00Z,0.0016704167374855,0.0,0.1712753492352201,0.0
2012-09-19T02:00:00Z,0.1706684083015048,0.0,0.1712753492352201,0.0
2012-09-19T03:00:00Z,0.1826837820195317,0.0,0.1712753492352201,0.0
2012-09-19T04:00:00Z,0.2099678083614967,0.0,0.1712753492352201,0.0
2012-09-19T05:00:00Z,0.2271032594899532,0.0,0.0,0.0
2012-09-19T06:00:00Z,0.2356688017900764,0.0,0.0,0.0
2012-09-19T07:00:00Z,0.0238068071975694,0.0,0.0,0.0
2012-09-19T08:00:00Z,2.4077389006442357e-05,0.0,0.102705094585655,0.0
2012-09-19T09:00:00Z,0.0246486503394904,0.0,0.102705094585655,0.0
2012-09-19T10:00:00Z,0.2437143160354575,0.0,0.102705094585655,0.0
2012-09-19T11:00:00Z,0.0024003627967124,0.0,0.102705094585655,0.0
2012-09-19T12:00:00Z,0.2337522483609739,0.0,0.102705094585655,0.0
2012-09-19T13:00:00Z,0.2299799987658962,0.0,0.102705094585655,0.0
2012-09-19T14:00:00Z,0.2260633991889089,0.0,0.102705094585655,0.0
2012-09-19T15:00:00Z,0.2228003494418458,0.0,0.102705094585655,0.0
2012-09-19T16:00:00Z,0.2247857099567365,0.0,0.0,0.0
2012-09-19T17:00:00Z,0.0228623369361169,0.0,0.1369706192075646,0.0
2012-09-19T18:00:00Z,0.2233181061186848,0.0,0.1369706192075646,0.0
2012-09-19T19:00:00Z,0.0207049469582492,0.0,0.1369706192075646,0.0
2012-09-19T20:00:00Z,0.1919922998640911,0.0,0.1369706192075646,0.0
2012-09-19T21:00:00Z,0.176714033045753,0.0,0.1712753492352201,0.0
2012-09-19T22:00:00Z,0.1665013305681706,0.0,0.1712753492352201,0.0
2012-09-19T23:00:00Z,0.161712874331591,0.0,0.1712753492352201,0.0
2012-09-20T00:00:00Z,0.1591331568781641,0.0,0.1712753492352201,0.0
2012-09-20T01:00:00Z,0.1603595638799212,0.0,0.1712753492352201,0.0
2012-09-20T02:00:00Z,0.000165699759348,0.0,0.1712753492352201,0.0
2012-09-20T03:00:00Z,0.1799448723044492,0.0,0.1712753492352201,0.0
2012-09-20T04:00:00Z,0.0021051388872917,0.0,0.1712753492352201,0.0
2012-09-20T05:00:00Z,0.0022753626048357,0.0,0.0,0.0
2012-09-20T06:00:00Z,0.0236096633440881,0.0,0.0,0.0
2012-09-20T07:00:00Z,0.0023700637903359,0.0,0.0,0.0
2012-09-20T08:00:00Z,0.0238965070438972,0.0,0.102705094585655,0.0
2012-09-20T09:00:00Z,0.0024120212312253,0.0,0.102705094585655,0.0
2012-09-20T10:00:00Z,0.2397556372247311,0.0,0.102705094585655,0.0
2012-09-20T11:00:00Z,0.235278301018342,0.0,0.102705094585655,0.0
2012-09-20T12:00:00Z,0.2297783943961536,0.0,0.102705094585655,0.0
2012-09-20T13:00:00Z,0.2246623898012743,0.0,0.102705094585655,0.0
2012-09-20T14:00:00Z,0.219682687461424,0.0,0.102705094585655,0.0
2012-09-20T15:00:00Z,0.0220786841463716,0.0,0.102705094585655,0.0
2012-09-20T16:00:00Z,0.2239630012155646,0.0,0.0,0.0
2012-09-20T17:00:00Z,0.2304486466860031,0.0,0.1369706192075646,0.0
2012-09-20T18:00:00Z,0.0225018849275728,0.0,0.1369706192075646,0.0
2012-09-20T19:00:00Z,0.2085737697543233,0.0,0.1369706192075646,0.0
2012-09-20T20:00:00Z,0.1938078357190384,0.0,0.1369706192075646,0.0
2012-09-20T21:00:00Z,0.0017871996323725,0.0,0.1712753492352201,0.0
2012-09-20T22:00:00Z,0.1685286528317364,0.0,0.1712753492352201,0.0
2012-09-20T23:00:00Z,0.0161988425758669,0.0,0.1712753492352201,0.0
2012-09-21T00:00:00Z,0.1596079923449725,0.0,0.1712753492352201,0.0
2012-09-21T01:00:00Z,0.0016088334166628,0.0,0.1712753492352201,0.0
2012-09-21T02:00:00Z,0.1649002245357807,0.0,0.1712753492352201,0.0
2012-09-21T03:00:00Z,0.1790015259834418,0.0,0.1712753492352201,0.0
2012-09-21T04:00:00Z,0.0020976237593675,0.0,0.1712753492352201,0.0
2012-09-21T05:00:00Z,0.0226951165284244,0.0,0.0,0.0
2012-09-21T06:00:00Z,0.235558385410805,0.0,0.0,0.0
2012-09-21T07:00:00Z,0.0237630322627406,0.0,0.0,0.0
2012-09-21T08:00:00Z,0.0240343796826143,0.0,0.102705094585655,0.0
2012-09-21T09:00:00Z,0.2430007117570095,0.0,0.102705094585655,0.0
2012-09-21T10:00:00Z,0.2391725001098024,0.0,0.102705094585655,0.0
2012-09-21T11:00:00Z,0.2357699955918276,0.0,0.102705094585655,0.0
2012-09-21T12:00:00Z,0.0229515315966697,0.0,0.102705094585655,0.0
2012-09-21T13:00:00Z,0.2233873048213529,0.0,0.102705094585655,0.0
2012-09-21T14:00:00Z,0.0219406313638897,0.0,0.102705094585655,0.0
2012-09-21T15:00:00Z,0.2211928208926265,0.0,0.102705094585655,0.0
2012-09-21T16:00:00Z,0.2230743833535152,0.0,0.0,0.0
2012-09-21T17:00:00Z,0.0229683045476334,0.0,0.1369706192075646,0.0
2012-09-21T18:00:00Z,0.2246602163275912,0.0,0.1369706192075646,0.0
2012-09-21T19:00:00Z,0.0209176301695226,0.0,0.1369706192075646,0.0
2012-09-21T20:00:00Z,0.1946088293042231,0.0,0.1369706192075646,0.0
2012-09-21T21:00:00Z,0.0179363174381553,0.0,0.1712753492352201,0.0
2012-09-21T22:00:00Z,0.0171228038613221,0.0,0.1712753492352201,0.0
2012-09-21T23:00:00Z,0.0001652971771956,0.0,0.1712753492352201,0.0
2012-09-22T00:00:00Z,0.1621442794864249,0.0,0.1712753492352201,0.0
2012-09-22T01:00:00Z,0.1635095929954619,0.0,0.1712753492352201,0.0
2012-09-22T02:00:00Z,0.1678427358666932,0.0,0.1712753492352201,0.0
2012-09-22T03:00:00Z,0.018143322204671,0.0,0.1712753492352201,0.0
2012-09-22T04:00:00Z,0.2096356780857027,0.0,0.1712753492352201,0.0
2012-09-22T05:00:00Z,0.2269837771799135,0.0,0.0,0.0
2012-09-22T06:00:00Z,0.2367470209645013,0.0,0.0,0.0
2012-09-22T07:00:00Z,0.0238743806901861,0.0,0.0,0.0
2012-09-22T08:00:00Z,0.2405912105804059,0.0,0.102705094585655,0.0
2012-09-22T09:00:00Z,0.2419391362999779,0.0,0.102705094585655,0.0
2012-09-22T10:00:00Z,0.0236264010495326,0.0,0.102705094585655,0.0
2012-09-22T11:00:00Z,0.230605136791188,0.0,0.102705094585655,0.0
2012-09-22T12:00:00Z,0.223134379059507,0.0,0.102705094585655,0.0
2012-09-22T13:00:00Z,0.0021912147110134,0.0,0.102705094585655,0.0
2012-09-22T14:00:00Z,0.0021745341816334,0.0,0.102705094585655,0.0
2012-09-22T15:00:00Z,0.0217564813584816,0.0,0.102705094585655,0.0
2012-09-22T16:00:00Z,0.0218551962253834,0.0,0.0,0.0
2012-09-22T17:00:00Z,0.2224179747203681,0.0,0.1369706192075646,0.0
2012-09-22T18:00:00Z,0.021458225942794,0.0,0.1369706192075646,0.0
2012-09-22T19:00:00Z,0.2007186792167653,0.0,0.1369706192075646,0.0
2012-09-22T20:00:00Z,0.0188366328964056,0.0,0.1369706192075646,0.0
2012-09-22T21:00:00Z,0.0017529617434186,0.0,0.1712753492352201,0.0
2012-09-22T22:00:00Z,0.0001651753843459,0.0,0.1712753492352201,0.0
2012-09-22T23:00:00Z,0.0015854151188652,0.0,0.1712753492352201,0.0
2012-09-23T00:00:00Z,0.0015464492393209,0.0,0.1712753492352201,0.0
2012-09-23T01:00:00Z,0.001542593379522,0.0,0.1712753492352201,0.0
2012-09-23T02:00:00Z,0.0015421543769997,0.0,0.1712753492352201,0.0
2012-09-23T03:00:00Z,0.1582048094836548,0.0,0.1712753492352201,0.0
2012-09-23T04:00:00Z,0.1654393830751031,0.0,0.1712753492352201,0.0
2012-09-23T05:00:00Z,0.017427289901568,0.0,0.0,0.0
2012-09-23T06:00:00Z,0.0018671932543334,0.0,0.0,0.0
2012-09-23T07:00:00Z,0.1978696272542272,0.0,0.0,0.0
2012-09-23T08:00:00Z,0.2045761838065846,0.0,0.102705094585655,0.0
2012-09-23T09:00:00Z,0.0208329821809447,0.0,0.102705094585655,0.0
2012-09-23T10:00:00Z,0.2060907425085293,0.0,0.102705094585655,0.0
2012-09-23T11:00:00Z,0.0198151659940667,0.0,0.102705094585655,0.0
2012-09-23T12:00:00Z,0.1922133480119179,0.0,0.102705094585655,0.0
2012-09-23T13:00:00Z,0.1903419675899051,0.0,0.102705094585655,0.0
2012-09-23T14:00:00Z,0.0018844240054296,0.0,0.102705094585655,0.0
2012-09-23T15:00:00Z,0.1910537116881739,0.0,0.102705094585655,0.0
2012-09-23T16:00:00Z,0.1954794719514877,0.0,0.0,0.0
2012-09-23T17:00:00Z,0.1990966804238359,0.0,0.1369706192075646,0.0
2012-09-23T18:00:00Z,0.190894950205086,0.0,0.1369706192075646,0.0
2012-09-23T19:00:00Z,0.001796137896038,0.0,0.1369706192075646,0.0
2012-09-23T20:00:00Z,0.016908248721363,0.0,0.1369706192075646,0.0
2012-09-23T21:00:00Z,0.0158627334725738,0.0,0.1712753492352201,0.0
2012-09-23T22:00:00Z,0.0149970565273455,0.0,0.1712753492352201,0.0
2012-09-23T23:00:00Z,0.000142918230597,0.0,0.1712753492352201,0.0
2012-09-24T00:00:00Z,0.139979488578598,0.0,0.1712753492352201,0.0
2012-09-24T01:00:00Z,0.0138763469214578,0.0,0.1712753492352201,0.0
2012-09-24T02:00:00Z,0.1378047421406157,0.0,0.1712753492352201,0.0
2012-09-24T03:00:00Z,0.0014107704383646,0.0,0.1712753492352201,0.0
2012-09-24T04:00:00Z,0.0014334767766747,0.0,0.1712753492352201,0.0
2012-09-24T05:00:00Z,0.149571439139943,0.0,0.0,0.0
2012-09-24T06:00:00Z,0.016212439513935,0.0,0.0,0.0
2012-09-24T07:00:00Z,0.0173266639442926,0.0,0.0,0.0
2012-09-24T08:00:00Z,0.0018189683768991,0.0,0.102705094585655,0.0
2012-09-24T09:00:00Z,0.190183656466229,0.0,0.102705094585655,0.0
2012-09-24T10:00:00Z,0.1893722067103525,0.0,0.102705094585655,0.0
2012-09-24T11:00:00Z,0.1834217840295939,0.0,0.102705094585655,0.0
2012-09-24T12:00:00Z,0.1782370898339903,0.0,0.102705094585655,0.0
2012-09-24T13:00:00Z,0.1751986911100485,0.0,0.102705094585655,0.0
2012-09-24T14:00:00Z,0.1746842044341562,0.0,0.102705094585655,0.0
2012-09-24T15:00:00Z,0.0180646737866923,0.0,0.102705094585655,0.0
2012-09-24T16:00:00Z,0.001871858586223,0.0,0.0,0.0
2012-09-24T17:00:00Z,0.1926215107049332,0.0,0.1369706192075646,0.0
2012-09-24T18:00:00Z,0.0018861424202984,0.0,0.1369706192075646,0.0
2012-09-24T19:00:00Z,0.1801208845110941,0.0,0.1369706192075646,0.0
2012-09-24T20:00:00Z,0.1752053485970059,0.0,0.1369706192075646,0.0
2012-09-24T21:00:00Z,0.1655501323287224,0.0,0.1712753492352201,0.0
2012-09-24T22:00:00Z,1.587301537375088e-05,0.0,0.1712753492352201,0.0
2012-09-24T23:00:00Z,0.1547914767589523,0.0,0.1712753492352201,0.0
2012-09-25T00:00:00Z,0.1539689638262202,0.0,0.1712753492352201,0.0
2012-09-25T01:00:00Z,0.0156130150529738,0.0,0.1712753492352201,0.0
2012-09-25T02:00:00Z,0.16403960728064,0.0,0.1712753492352201,0.0
2012-09-25T03:00:00Z,0.1794705067778966,0.0,0.1712753492352201,0.0
2012-09-25T04:00:00Z,0.0021062201414969,0.0,0.1712753492352201,0.0
2012-09-25T05:00:00Z,0.0023140586603497,0.0,0.0,0.0
2012-09-25T06:00:00Z,0.0241251408106865,0.0,0.0,0.0
2012-09-25T07:00:00Z,0.2439811833582258,0.0,0.0,0.0
2012-09-25T08:00:00Z,0.2524817955796712,0.0,0.102705094585655,0.0
2012-09-25T09:00:00Z,0.0025695593031806,0.0,0.102705094585655,0.0
2012-09-25T10:00:00Z,0.0259233162893504,0.0,0.102705094585655,0.0
2012-09-25T11:00:00Z,0.2568740921806026,0.0,0.102705094585655,0.0
2012-09-25T12:00:00Z,0.2521223108648203,0.0,0.102705094585655,0.0
2012-09-25T13:00:00Z,0.2486631393843322,0.0,0.102705094585655,0.0
2012-09-25T14:00:00Z,0.0024381765393962,0.0,0.102705094585655,0.0
2012-09-25T15:00:00Z,0.0024259670999334,0.0,0.102705094585655,0.0
2012-09-25T16:00:00Z,0.2416332051934453,0.0,0.0,0.0
2012-09-25T17:00:00Z,0.002448267723156,0.0,0.1369706192075646,0.0
2012-09-25T18:00:00Z,0.2362161842838755,0.0,0.1369706192075646,0.0
2012-09-25T19:00:00Z,0.221994480226507,0.0,0.1369706192075646,0.0
2012-09-25T20:00:00Z,0.0002074574756287,0.0,0.1369706192075646,0.0
2012-09-25T21:00:00Z,0.1914751893551038,0.0,0.1712753492352201,0.0
2012-09-25T22:00:00Z,0.175499844490647,0.0,0.1712753492352201,0.0
2012-09-25T23:00:00Z,0.0169506451647747,0.0,0.1712753492352201,0.0
2012-09-26T00:00:00Z,0.1651669352117971,0.0,0.1712753492352201,0.0
2012-09-26T01:00:00Z,0.1659858648500786,0.0,0.1712753492352201,0.0
2012-09-26T02:00:00Z,0.0001718931803027,0.0,0.1712753492352201,0.0
2012-09-26T03:00:00Z,0.0185416513978334,0.0,0.1712753492352201,0.0
2012-09-26T04:00:00Z,0.0212972831536853,0.0,0.1712753492352201,0.0
2012-09-26T05:00:00Z,0.2333091338614327,0.0,0.0,0.0
2012-09-26T06:00:00Z,0.2443010951873686,0.0,0.0,0.0
2012-09-26T07:00:00Z,0.002467304611302,0.0,0.0,0.0
2012-09-26T08:00:00Z,0.2491858500147013,0.0,0.102705094585655,0.0
2012-09-26T09:00:00Z,0.2530660683835514,0.0,0.102705094585655,0.0
2012-09-26T10:00:00Z,0.2508032668901366,0.0,0.102705094585655,0.0
2012-09-26T11:00:00Z,0.2486329848845845,0.0,0.102705094585655,0.0
2012-09-26T12:00:00Z,0.0002452332314751,0.0,0.102705094585655,0.0
2012-09-26T13:00:00Z,0.2431668552182825,0.0,0.102705094585655,0.0
2012-09-26T14:00:00Z,0.0023505048768891,0.0,0.102705094585655,0.0
2012-09-26T15:00:00Z,0.0023375834779387,0.0,0.102705094585655,0.0
2012-09-26T16:00:00Z,0.0235353109632813,0.0,0.0,0.0
2012-09-26T17:00:00Z,0.2373899971386698,0.0,0.1369706192075646,0.0
2012-09-26T18:00:00Z,0.2261816479057772,0.0,0.1369706192075646,0.0
2012-09-26T19:00:00Z,0.0020961023277893,0.0,0.1369706192075646,0.0
2012-09-26T20:00:00Z,0.1955858742577408,0.0,0.1369706192075646,0.0
2012-09-26T21:00:00Z,0.0183648442089224,0.0,0.1712753492352201,0.0
2012-09-26T22:00:00Z,0.0172183192183155,0.0,0.1712753492352201,0.0
2012-09-26T23:00:00Z,0.0016552055546387,0.0,0.1712753492352201,0.0
2012-09-27T00:00:00Z,0.1629666161915611,0.0,0.1712753492352201,0.0
2012-09-27T01:00:00Z,0.0016367220211439,0.0,0.1712753492352201,0.0
2012-09-27T02:00:00Z,0.1679937824972482,0.0,0.1712753492352201,0.0
2012-09-27T03:00:00Z,0.0018023125193825,0.0,0.1712753492352201,0.0
2012-09-27T04:00:00Z,0.021080519294524,0.0,0.1712753492352201,0.0
2012-09-27T05:00:00Z,0.0230567668846209,0.0,0.0,0.0
2012-09-27T06:00:00Z,0.2410515366418161,0.0,0.0,0.0
2012-09-27T07:00:00Z,0.2437486804166636,0.0,0.0,0.0
2012-09-27T08:00:00Z,0.2480042635648422,0.0,0.102705094585655,0.0
2012-09-27T09:00:00Z,0.2502310754669995,0.0,0.102705094585655,0.0
2012-09-27T10:00:00Z,0.0249856405807632,0.0,0.102705094585655,0.0
2012-09-27T11:00:00Z,0.0245727667366834,0.0,0.102705094585655,0.0
2012-09-27T12:00:00Z,0.0023920605188598,0.0,0.102705094585655,0.0
2012-09-27T13:00:00Z,0.0233871035551051,0.0,0.102705094585655,0.0
2012-09-27T14:00:00Z,0.2283271601436793,0.0,0.102705094585655,0.0
2012-09-27T15:00:00Z,0.2289634592500465,0.0,0.102705094585655,0.0
2012-09-27T16:00:00Z,0.0230623474251586,0.0,0.0,0.0
2012-09-27T17:00:00Z,0.2348764433570922,0.0,0.1369706192075646,0.0
2012-09-27T18:00:00Z,0.2257514959249588,0.0,0.1369706192075646,0.0
2012-09-27T19:00:00Z,0.2114135991393412,0.0,0.1369706192075646,0.0
2012-09-27T20:00:00Z,0.0019709078939401,0.0,0.1369706192075646,0.0
2012-09-27T21:00:00Z,0.0182679777736935,0.0,0.1712753492352201,0.0
2012-09-27T22:00:00Z,0.0017170551749396,0.0,0.1712753492352201,0.0
2012-09-27T23:00:00Z,0.1640635742336864,0.0,0.1712753492352201,0.0
2012-09-28T00:00:00Z,0.1628778170640569,0.0,0.1712753492352201,0.0
2012-09-28T01:00:00Z,0.1648809961469804,0.0,0.1712753492352201,0.0
2012-09-28T02:00:00Z,0.0016981036592734,0.0,0.1712753492352201,0.0
2012-09-28T03:00:00Z,0.00184963080374,0.0,0.1712753492352201,0.0
2012-09-28T04:00:00Z,0.0213489374201365,0.0,0.1712753492352201,0.0
2012-09-28T05:00:00Z,0.0023227823179651,0.0,0.0,0.0
2012-09-28T06:00:00Z,0.2412716449091313,0.0,0.0,0.0
2012-09-28T07:00:00Z,0.2434247153528144,0.0,0.0,0.0
2012-09-28T08:00:00Z,0.2465297868505492,0.0,0.102705094585655,0.0
2012-09-28T09:00:00Z,0.0024809724320253,0.0,0.102705094585655,0.0
2012-09-28T10:00:00Z,0.0247181388386496,0.0,0.102705094585655,0.0
2012-09-28T11:00:00Z,0.0242314256318756,0.0,0.102705094585655,0.0
2012-09-28T12:00:00Z,0.2353858194327026,0.0,0.102705094585655,0.0
2012-09-28T13:00:00Z,0.2302078806282763,0.0,0.102705094585655,0.0
2012-09-28T14:00:00Z,0.0227008928774021,0.0,0.102705094585655,0.0
2012-09-28T15:00:00Z,0.2288634794606229,0.0,0.102705094585655,0.0
2012-09-28T16:00:00Z,0.0230222693536756,0.0,0.0,0.0
2012-09-28T17:00:00Z,0.2348637549701853,0.0,0.1369706192075646,0.0
2012-09-28T18:00:00Z,0.022675288965798,0.0,0.1369706192075646,0.0
2012-09-28T19:00:00Z,0.2137380215487991,0.0,0.1369706192075646,0.0
2012-09-28T20:00:00Z,0.1990495689131909,0.0,0.1369706192075646,0.0
2012-09-28T21:00:00Z,0.0018341678112395,0.0,0.1712753492352201,0.0
2012-09-28T22:00:00Z,0.1719679497555724,0.0,0.1712753492352201,0.0
2012-09-28T23:00:00Z,0.1638659056135861,0.0,0.1712753492352201,0.0
2012-09-29T00:00:00Z,0.1620520341303782,0.0,0.1712753492352201,0.0
2012-09-29T01:00:00Z,0.0016304494935795,0.0,0.1712753492352201,0.0
2012-09-29T02:00:00Z,0.0168272388535989,0.0,0.1712753492352201,0.0
2012-09-29T03:00:00Z,0.1817331124628714,0.0,0.1712753492352201,0.0
2012-09-29T04:00:00Z,0.2103736996766089,0.0,0.1712753492352201,0.0
2012-09-29T05:00:00Z,0.0228713206273405,0.0,0.0,0.0
2012-09-29T06:00:00Z,0.0023831089402203,0.0,0.0,0.0
2012-09-29T07:00:00Z,0.2397897470549653,0.0,0.0,0.0
2012-09-29T08:00:00Z,0.2401937194473663,0.0,0.102705094585655,0.0
2012-09-29T09:00:00Z,0.2415767340393721,0.0,0.102705094585655,0.0
2012-09-29T10:00:00Z,0.0238460511250983,0.0,0.102705094585655,0.0
2012-09-29T11:00:00Z,0.2354742269433269,0.0,0.102705094585655,0.0
2012-09-29T12:00:00Z,0.2278580031216286,0.0,0.102705094585655,0.0
2012-09-29T13:00:00Z,0.2246842420231695,0.0,0.102705094585655,0.0
2012-09-29T14:00:00Z,0.2223303112818155,0.0,0.102705094585655,0.0
2012-09-29T15:00:00Z,0.2214908021764982,0.0,0.102705094585655,0.0
2012-09-29T16:00:00Z,0.0022560676411659,0.0,0.0,0.0
2012-09-29T17:00:00Z,0.2318967675842827,0.0,0.1369706192075646,0.0
2012-09-29T18:00:00Z,0.2221152548722502,0.0,0.1369706192075646,0.0
2012-09-29T19:00:00Z,0.2080479849314474,0.0,0.1369706192075646,0.0
2012-09-29T20:00:00Z,0.0019753605778639,0.0,0.1369706192075646,0.0
2012-09-29T21:00:00Z,0.1870077610557747,0.0,0.1712753492352201,0.0
2012-09-29T22:00:00Z,0.1759099065255295,0.0,0.1712753492352201,0.0
2012-09-29T23:00:00Z,0.0168952744541339,0.0,0.1712753492352201,0.0
2012-09-30T00:00:00Z,0.0016670550981889,0.1937287244347272,0.1712753492352201,0.1938054627256182
2012-09-30T01:00:00Z,0.0166202301709145,0.1937287244347272,0.1712753492352201,0.1938054627256182
2012-09-30T02:00:00Z,0.1670455605460869,0.1937287244347272,0.1712753492352201,0.1938054627256182
2012-09-30T03:00:00Z,0.0017093869248154,0.2075664904657792,0.1712753492352201,0.20765043226470278
2012-09-30T04:00:00Z,0.0017883274889865,0.2075664904657792,0.1712753492352201,0.20765043226470278
2012-09-30T05:00:00Z,0.0018958960303077,0.2214042564968311,0.0,0.22149272282361335
2012-09-30T06:00:00Z,0.0202063990893664,0.2352420225278831,0.0,0.23533769236269794
2012-09-30T07:00:00Z,0.0021262936395238,0.0,0.0,0.0
2012-09-30T08:00:00Z,0.0218911897328097,0.0,0.102705094585655,0.0
2012-09-30T09:00:00Z,0.2241387392903936,0.0,0.102705094585655,0.0
2012-09-30T10:00:00Z,0.2213014358342507,0.0,0.102705094585655,0.0
2012-09-30T11:00:00Z,0.0216828025587082,0.0,0.102705094585655,0.0
2012-09-30T12:00:00Z,0.0002104122249871,0.0,0.102705094585655,0.0
2012-09-30T13:00:00Z,0.0020578021969408,0.0,0.102705094585655,0.0
2012-09-30T14:00:00Z,0.0203551939228623,0.0,0.102705094585655,0.0
2012-09-30T15:00:00Z,0.0020424837110689,0.0,0.102705094585655,0.0
2012-09-30T16:00:00Z,0.0207289844023339,0.0,0.0,0.0
2012-09-30T17:00:00Z,0.2108966256962618,0.0415132980931558,0.1369706192075646,0.04152955065690576
2012-09-30T18:00:00Z,0.2022850879936011,0.0830265961863116,0.1369706192075646,0.08305910131381151
2012-09-30T19:00:00Z,0.0019239984576052,0.0,0.1369706192075646,0.0
2012-09-30T20:00:00Z,0.1836253464837358,0.0415132980931558,0.1369706192075646,0.04152955065690576
2012-09-30T21:00:00Z,0.1725653808866153,0.1107021282484155,0.1712753492352201,0.11074636141180667
2012-09-30T22:00:00Z,0.0163489414935728,0.1522154263415714,0.1712753492352201,0.15227591206871244
2012-09-30T23:00:00Z,0.1572958275438536,0.1245398942794675,0.1712753492352201,0.12458865197071728
2012-10-01T00:00:00Z,0.001524478749128,0.1522154263415714,0.1712753492352201,0.15227591206871244
2012-10-01T01:00:00Z,0.1510995869476183,0.1660531923726233,0.1712753492352201,0.166120881607797
2012-10-01T02:00:00Z,0.0015188798025969,0.1937287244347272,0.1712753492352201,0.1938054627256182
2012-10-01T03:00:00Z,0.0152904088996976,0.2214042564968311,0.1712753492352201,0.22149272282361335
2012-10-01T04:00:00Z,0.1560122053159517,0.2214042564968311,0.1712753492352201,0.22149272282361335
2012-10-01T05:00:00Z,0.0016400535059407,0.2352420225278831,0.0,0.23533769236269794
2012-10-01T06:00:00Z,0.0175857694205024,0.249079788558935,0.0,0.2491799829216085
2012-10-01T07:00:00Z,0.0187136416991224,0.0,0.0,0.0
2012-10-01T08:00:00Z,0.0194830787961295,0.0,0.102705094585655,0.0
2012-10-01T09:00:00Z,0.1996043333851751,0.0,0.102705094585655,0.0
2012-10-01T10:00:00Z,0.200419542663098,0.0,0.102705094585655,0.0
2012-10-01T11:00:00Z,0.1952018743262117,0.0,0.102705094585655,0.0
2012-10-01T12:00:00Z,0.01901998008721,0.0,0.102705094585655,0.0
2012-10-01T13:00:00Z,0.1875699270867878,0.0,0.102705094585655,0.0
2012-10-01T14:00:00Z,0.1851979036455851,0.0,0.102705094585655,0.0
2012-10-01T15:00:00Z,0.0187766176095698,0.0,0.102705094585655,0.0
2012-10-01T16:00:00Z,0.1922133284310739,0.0,0.0,0.0
2012-10-01T17:00:00Z,0.001979281054448,0.0138377660310519,0.1369706192075646,0.013842290558910597
2012-10-01T18:00:00Z,0.191130311949871,0.0553510641242077,0.1369706192075646,0.055374520195990325
2012-10-01T19:00:00Z,0.1837091524960219,0.0,0.1369706192075646,0.0
2012-10-01T20:00:00Z,0.0017815666151729,0.0138377660310519,0.1369706192075646,0.013842290558910597
2012-10-01T21:00:00Z,0.1690817725128252,0.0830265961863116,0.1712753492352201,0.08305910131381151
2012-10-01T22:00:00Z,0.0015866679012638,0.1245398942794675,0.1712753492352201,0.12458865197071728
2012-10-01T23:00:00Z,0.1535038992005639,0.1245398942794675,0.1712753492352201,0.12458865197071728
2012-10-02T00:00:00Z,0.1496924879175021,0.1660531923726233,0.1712753492352201,0.166120881607797
2012-10-02T01:00:00Z,0.1484844085857217,0.1798909584036753,0.1712753492352201,0.1799631721667076
2012-10-02T02:00:00Z,0.1504985921029688,0.1937287244347272,0.1712753492352201,0.1938054627256182
2012-10-02T03:00:00Z,0.1535553968202631,0.2075664904657792,0.1712753492352201,0.20765043226470278
2012-10-02T04:00:00Z,0.1557903347726772,0.2075664904657792,0.1712753492352201,0.20765043226470278
2012-10-02T05:00:00Z,0.1593533238880113,0.2352420225278831,0.0,0.23533769236269794
2012-10-02T06:00:00Z,0.1691819676915327,0.2352420225278831,0.0,0.23533769236269794
2012-10-02T07:00:00Z,0.017895914324662,0.0,0.0,0.0
2012-10-02T08:00:00Z,0.1883367716800504,0.0,0.102705094585655,0.0
2012-10-02T09:00:00Z,0.0019650089688791,0.0,0.102705094585655,0.0
2012-10-02T10:00:00Z,0.1982009351345734,0.0,0.102705094585655,0.0
2012-10-02T11:00:00Z,0.1901283405819513,0.0,0.102705094585655,0.0
2012-10-02T12:00:00Z,0.0001856804441745,0.0,0.102705094585655,0.0
2012-10-02T13:00:00Z,0.0018169398014615,0.0,0.102705094585655,0.0
2012-10-02T14:00:00Z,0.0179293270768502,0.0,0.102705094585655,0.0
2012-10-02T15:00:00Z,0.0186256023083652,0.0,0.102705094585655,0.0
2012-10-02T16:00:00Z,0.1927996768044172,0.0,0.0,0.0
2012-10-02T17:00:00Z,0.0200525680627957,0.0,0.1369706192075646,0.0
2012-10-02T18:00:00Z,0.1936831057428087,0.0276755320621038,0.1369706192075646,0.027687260097995162
2012-10-02T19:00:00Z,0.0185439071110613,0.0,0.1369706192075646,0.0
2012-10-02T20:00:00Z,0.0001797059370556,0.0,0.1369706192075646,0.0
2012-10-02T21:00:00Z,0.1696813966983952,0.0553510641242077,0.1712753492352201,0.055374520195990325
2012-10-02T22:00:00Z,0.161559438838069,0.0691888301552597,0.1712753492352201,0.06921681075490091
2012-10-02T23:00:00Z,0.0157065018345296,0.0691888301552597,0.1712753492352201,0.06921681075490091
2012-10-03T00:00:00Z,0.0015454995683873,0.1107021282484155,0.1712753492352201,0.11074636141180667
2012-10-03T01:00:00Z,0.0155180322949369,0.1383776603105194,0.1712753492352201,0.13843362150980182
2012-10-03T02:00:00Z,0.0160568697084178,0.1522154263415714,0.1712753492352201,0.15227591206871244
2012-10-03T03:00:00Z,0.0017440320953244,0.1798909584036753,0.1712753492352201,0.1799631721667076
2012-10-03T04:00:00Z,0.2050506276565131,0.1798909584036753,0.1712753492352201,0.1799631721667076
2012-10-03T05:00:00Z,0.0226641748787481,0.1798909584036753,0.0,0.1799631721667076
2012-10-03T06:00:00Z,0.0235740732020481,0.1937287244347272,0.0,0.1938054627256182
2012-10-03T07:00:00Z,0.2375253007706552,0.0,0.0,0.0
2012-10-03T08:00:00Z,0.0240038883923498,0.0,0.102705094585655,0.0
2012-10-03T09:00:00Z,0.243457669913253,0.0,0.102705094585655,0.0
2012-10-03T10:00:00Z,0.2425252105415054,0.0,0.102705094585655,0.0
2012-10-03T11:00:00Z,0.2392554249841089,0.0,0.102705094585655,0.0
2012-10-03T12:00:00Z,0.0002337114712533,0.0,0.102705094585655,0.0
2012-10-03T13:00:00Z,0.0023048983499134,0.0,0.102705094585655,0.0
2012-10-03T14:00:00Z,0.0224633067487396,0.0,0.102705094585655,0.0
2012-10-03T15:00:00Z,0.0022498644297892,0.0,0.102705094585655,0.0
2012-10-03T16:00:00Z,0.0228590825998454,0.0,0.0,0.0
2012-10-03T17:00:00Z,0.0237549297094967,0.0,0.1369706192075646,0.0
2012-10-03T18:00:00Z,0.2287138622316792,0.0,0.1369706192075646,0.0
2012-10-03T19:00:00Z,0.021592002268948,0.0,0.1369706192075646,0.0
2012-10-03T20:00:00Z,0.0020378641983542,0.0,0.1369706192075646,0.0
2012-10-03T21:00:00Z,0.1894755739857867,0.0,0.1712753492352201,0.0
2012-10-03T22:00:00Z,0.0001808345769033,0.0276755320621038,0.1712753492352201,0.027687260097995162
2012-10-03T23:00:00Z,0.1747749224843715,0.0276755320621038,0.1712753492352201,0.027687260097995162
2012-10-04T00:00:00Z,0.0017194808498934,0.0691888301552597,0.1712753492352201,0.06921681075490091
2012-10-04T01:00:00Z,0.0017296993091391,0.0830265961863116,0.1712753492352201,0.08305910131381151
2012-10-04T02:00:00Z,0.0178307336111812,0.0968643622173636,0.1712753492352201,0.09690407085289608
2012-10-04T03:00:00Z,0.0190392358891918,0.1107021282484155,0.1712753492352201,0.11074636141180667
2012-10-04T04:00:00Z,0.218314769700136,0.1107021282484155,0.1712753492352201,0.11074636141180667
2012-10-04T05:00:00Z,0.238747302082514,0.1245398942794675,0.0,0.12458865197071728
2012-10-04T06:00:00Z,0.2486823873539765,0.1383776603105194,0.0,0.13843362150980182
2012-10-04T07:00:00Z,0.0250794093264726,0.0,0.0,0.0
2012-10-04T08:00:00Z,0.253837475313464,0.0,0.102705094585655,0.0
2012-10-04T09:00:00Z,0.2556833418957551,0.0,0.102705094585655,0.0
2012-10-04T10:00:00Z,0.2549317116182745,0.0,0.102705094585655,0.0
2012-10-04T11:00:00Z,0.2497123984904928,0.0,0.102705094585655,0.0
2012-10-04T12:00:00Z,0.2458180623331245,0.0,0.102705094585655,0.0
2012-10-04T13:00:00Z,0.2429553233606358,0.0,0.102705094585655,0.0
2012-10-04T14:00:00Z,0.0237456640541196,0.0,0.102705094585655,0.0
2012-10-04T15:00:00Z,0.0023363855219033,0.0,0.102705094585655,0.0
2012-10-04T16:00:00Z,0.2339782896240186,0.0,0.0,0.0
2012-10-04T17:00:00Z,0.244359739815125,0.0,0.1369706192075646,0.0
2012-10-04T18:00:00Z,0.0238669478018067,0.0,0.1369706192075646,0.0
2012-10-04T19:00:00Z,0.0225374750696128,0.0,0.1369706192075646,0.0
2012-10-04T20:00:00Z,0.2113586357102553,0.0,0.1369706192075646,0.0
2012-10-04T21:00:00Z,0.0019728714609757,0.0,0.1712753492352201,0.0
2012-10-04T22:00:00Z,0.1847211492560655,0.0,0.1712753492352201,0.0
2012-10-04T23:00:00Z,0.001822416955143,0.0,0.1712753492352201,0.0
2012-10-05T00:00:00Z,0.1762182852375611,0.0,0.1712753492352201,0.0
2012-10-05T01:00:00Z,0.0177218249568971,0.0,0.1712753492352201,0.0
2012-10-05T02:00:00Z,0.1798377455069684,0.0,0.1712753492352201,0.0
2012-10-05T03:00:00Z,0.1938474869281224,0.0276755320621038,0.1712753492352201,0.027687260097995162
2012-10-05T04:00:00Z,0.0022130959125577,0.0276755320621038,0.1712753492352201,0.027687260097995162
2012-10-05T05:00:00Z,0.2386679017601261,0.0415132980931558,0.0,0.04152955065690576
2012-10-05T06:00:00Z,0.2473639112237686,0.0691888301552597,0.0,0.06921681075490091
2012-10-05T07:00:00Z,0.0025134821156885,0.0,0.0,0.0
2012-10-05T08:00:00Z,0.2548128558952424,0.0,0.102705094585655,0.0
2012-10-05T09:00:00Z,0.0025344704307468,0.0,0.102705094585655,0.0
2012-10-05T10:00:00Z,0.025118101074201,0.0,0.102705094585655,0.0
2012-10-05T11:00:00Z,0.245556618904142,0.0,0.102705094585655,0.0
2012-10-05T12:00:00Z,0.0002400497904536,0.0,0.102705094585655,0.0
2012-10-05T13:00:00Z,0.0023681119718068,0.0,0.102705094585655,0.0
2012-10-05T14:00:00Z,0.0023052989739814,0.0,0.102705094585655,0.0
2012-10-05T15:00:00Z,0.230914866581455,0.0,0.102705094585655,0.0
2012-10-05T16:00:00Z,0.2341669706367265,0.0,0.0,0.0
2012-10-05T17:00:00Z,0.024283561587089,0.0,0.1369706192075646,0.0
2012-10-05T18:00:00Z,0.0232507503898818,0.0,0.1369706192075646,0.0
2012-10-05T19:00:00Z,0.2183958343942633,0.0,0.1369706192075646,0.0
2012-10-05T20:00:00Z,0.0204054031230269,0.0,0.1369706192075646,0.0
2012-10-05T21:00:00Z,0.1902249720470523,0.0,0.1712753492352201,0.0
2012-10-05T22:00:00Z,0.1790530431839851,0.0138377660310519,0.1712753492352201,0.013842290558910597
2012-10-05T23:00:00Z,0.1727521233957679,0.0,0.1712753492352201,0.0
2012-10-06T00:00:00Z,0.1688193892033311,0.0276755320621038,0.1712753492352201,0.027687260097995162
2012-10-06T01:00:00Z,0.0169504493563348,0.0415132980931558,0.1712753492352201,0.04152955065690576
2012-10-06T02:00:00Z,0.0174890948775446,0.0415132980931558,0.1712753492352201,0.04152955065690576
2012-10-06T03:00:00Z,0.1877481323479599,0.0553510641242077,0.1712753492352201,0.055374520195990325
2012-10-06T04:00:00Z,0.2164456019134944,0.0691888301552597,0.1712753492352201,0.06921681075490091
2012-10-06T05:00:00Z,0.000234993233301,0.0830265961863116,0.0,0.08305910131381151
2012-10-06T06:00:00Z,0.0024465634064949,0.0968643622173636,0.0,0.09690407085289608
2012-10-06T07:00:00Z,0.0246116582090206,0.0,0.0,0.0
2012-10-06T08:00:00Z,0.2487289701818338,0.0,0.102705094585655,0.0
2012-10-06T09:00:00Z,0.0251801762658247,0.0,0.102705094585655,0.0
2012-10-06T10:00:00Z,0.0249275363843011,0.0,0.102705094585655,0.0
2012-10-06T11:00:00Z,0.0024573986623264,0.0,0.102705094585655,0.0
2012-10-06T12:00:00Z,0.2363073331126587,0.0,0.102705094585655,0.0
2012-10-06T13:00:00Z,0.0022938496628824,0.0,0.102705094585655,0.0
2012-10-06T14:00:00Z,0.0022238363971042,0.0,0.102705094585655,0.0
2012-10-06T15:00:00Z,0.2237936269150329,0.0,0.102705094585655,0.0
2012-10-06T16:00:00Z,0.2279285920642202,0.0,0.0,0.0
2012-10-06T17:00:00Z,0.2338464518014199,0.0138377660310519,0.1369706192075646,0.013842290558910597
2012-10-06T18:00:00Z,0.2204608693633579,0.0553510641242077,0.1369706192075646,0.055374520195990325
2012-10-06T19:00:00Z,0.0205618266533422,0.0,0.1369706192075646,0.0
2012-10-06T20:00:00Z,0.0193935120995409,0.0,0.1369706192075646,0.0
2012-10-06T21:00:00Z,0.1820061477514973,0.0553510641242077,0.1712753492352201,0.055374520195990325
2012-10-06T22:00:00Z,0.1719529508290744,0.0830265961863116,0.1712753492352201,0.08305910131381151
2012-10-06T23:00:00Z,0.1657627411327886,0.0830265961863116,0.1712753492352201,0.08305910131381151
2012-10-07T00:00:00Z,0.0016121774331998,0.1107021282484155,0.1712753492352201,0.11074636141180667
2012-10-07T01:00:00Z,0.0016125651339108,0.1245398942794675,0.1712753492352201,0.12458865197071728
2012-10-07T02:00:00Z,0.161435335448847,0.1245398942794675,0.1712753492352201,0.12458865197071728
2012-10-07T03:00:00Z,0.1637336957549515,0.1383776603105194,0.1712753492352201,0.13843362150980182
2012-10-07T04:00:00Z,0.170792041750471,0.1522154263415714,0.1712753492352201,0.15227591206871244
2012-10-07T05:00:00Z,0.0179805779779151,0.1660531923726233,0.0,0.166120881607797
2012-10-07T06:00:00Z,0.0019294074699495,0.1660531923726233,0.0,0.166120881607797
2012-10-07T07:00:00Z,0.2026024738938691,0.0,0.0,0.0
2012-10-07T08:00:00Z,0.2087696565176202,0.0,0.102705094585655,0.0
2012-10-07T09:00:00Z,0.0215137219708364,0.0,0.102705094585655,0.0
2012-10-07T10:00:00Z,0.0021604230506021,0.0,0.102705094585655,0.0
2012-10-07T11:00:00Z,0.0209005909190806,0.0,0.102705094585655,0.0
2012-10-07T12:00:00Z,0.2033502467450833,0.0,0.102705094585655,0.0
2012-10-07T13:00:00Z,0.0020056944381427,0.0,0.102705094585655,0.0
2012-10-07T14:00:00Z,0.0198701294231525,0.0,0.102705094585655,0.0
2012-10-07T15:00:00Z,0.0019831404387989,0.0,0.102705094585655,0.0
2012-10-07T16:00:00Z,0.2029314712346244,0.0,0.0,0.0
2012-10-07T17:00:00Z,0.0208786486253031,0.1522154263415714,0.1369706192075646,0.15227591206871244
2012-10-07T18:00:00Z,0.1975194826019604,0.1522154263415714,0.1369706192075646,0.15227591206871244
2012-10-07T19:00:00Z,0.1872980079062696,0.0276755320621038,0.1369706192075646,0.027687260097995162
2012-10-07T20:00:00Z,0.1787604466322112,0.0691888301552597,0.1369706192075646,0.06921681075490091
2012-10-07T21:00:00Z,0.0167505798493699,0.1660531923726233,0.1712753492352201,0.166120881607797
2012-10-07T22:00:00Z,0.0015762555916625,0.1522154263415714,0.1712753492352201,0.15227591206871244
2012-10-07T23:00:00Z,0.0152180968428347,0.1522154263415714,0.1712753492352201,0.15227591206871244
2012-10-08T00:00:00Z,0.0014698924470975,0.2075664904657792,0.1712753492352201,0.20765043226470278
2012-10-08T01:00:00Z,0.1464523477579097,0.2075664904657792,0.1712753492352201,0.20765043226470278
2012-10-08T02:00:00Z,0.1461396612602,0.2075664904657792,0.1712753492352201,0.20765043226470278
2012-10-08T03:00:00Z,0.0014767633652543,0.1937287244347272,0.1712753492352201,0.1938054627256182
2012-10-08T04:00:00Z,0.1485421916563424,0.1798909584036753,0.1712753492352201,0.1799631721667076
2012-10-08T05:00:00Z,0.0153223413400799,0.1798909584036753,0.0,0.1799631721667076
2012-10-08T06:00:00Z,0.1660428646869395,0.1798909584036753,0.0,0.1799631721667076
2012-10-08T07:00:00Z,0.0017767309299406,0.0,0.0,0.0
2012-10-08T08:00:00Z,0.1855116670897145,0.0,0.102705094585655,0.0
2012-10-08T09:00:00Z,0.1928021831524483,0.0,0.102705094585655,0.0
2012-10-08T10:00:00Z,0.0019025644825376,0.0,0.102705094585655,0.0
2012-10-08T11:00:00Z,0.1836484714604904,0.0,0.102705094585655,0.0
2012-10-08T12:00:00Z,0.1775438300524501,0.0,0.102705094585655,0.0
2012-10-08T13:00:00Z,0.1744338046011852,0.0,0.102705094585655,0.0
2012-10-08T14:00:00Z,0.0172254074838406,0.0,0.102705094585655,0.0
2012-10-08T15:00:00Z,0.0177783509373335,0.0,0.102705094585655,0.0
2012-10-08T16:00:00Z,0.1888648474616732,0.0,0.0,0.0
2012-10-08T17:00:00Z,0.0195203920524409,0.1383776603105194,0.1369706192075646,0.13843362150980182
2012-10-08T18:00:00Z,0.190391742095333,0.1383776603105194,0.1369706192075646,0.13843362150980182
2012-10-08T19:00:00Z,0.0001853843818133,0.0,0.1369706192075646,0.0
2012-10-08T20:00:00Z,0.018555181761032,0.0276755320621038,0.1369706192075646,0.027687260097995162
2012-10-08T21:00:00Z,0.1755160965911604,0.0553510641242077,0.1712753492352201,0.055374520195990325
2012-10-08T22:00:00Z,0.1698905788547628,0.0415132980931558,0.1712753492352201,0.04152955065690576
2012-10-08T23:00:00Z,0.0001662973667067,0.0138377660310519,0.1712753492352201,0.013842290558910597
2012-10-09T00:00:00Z,0.0164385434356806,0.0415132980931558,0.1712753492352201,0.04152955065690576
2012-10-09T01:00:00Z,0.1664948297279652,0.0276755320621038,0.1712753492352201,0.027687260097995162
2012-10-09T02:00:00Z,0.0172711091737182,0.0276755320621038,0.1712753492352201,0.027687260097995162
2012-10-09T03:00:00Z,0.0018714473884992,0.0276755320621038,0.1712753492352201,0.027687260097995162
2012-10-09T04:00:00Z,0.0214785782720394,0.0276755320621038,0.1712753492352201,0.027687260097995162
2012-10-09T05:00:00Z,0.2361235668917929,0.0276755320621038,0.0,0.027687260097995162
2012-10-09T06:00:00Z,0.2466411626911762,0.0415132980931558,0.0,0.04152955065690576
2012-10-09T07:00:00Z,0.0024880497322778,0.0,0.0,0.0
2012-10-09T08:00:00Z,0.2505078311159838,0.0,0.102705094585655,0.0
2012-10-09T09:00:00Z,0.2511869339473178,0.0,0.102705094585655,0.0
2012-10-09T10:00:00Z,0.2486395053056338,0.0,0.102705094585655,0.0
2012-10-09T11:00:00Z,0.002453974364329,0.0,0.102705094585655,0.0
2012-10-09T12:00:00Z,0.2399793483673408,0.0,0.102705094585655,0.0
2012-10-09T13:00:00Z,0.0236504894038117,0.0,0.102705094585655,0.0
2012-10-09T14:00:00Z,0.00233263187411,0.0,0.102705094585655,0.0
2012-10-09T15:00:00Z,0.2356084340480488,0.0,0.102705094585655,0.0
2012-10-09T16:00:00Z,0.2424027911048668,0.0,0.0,0.0
2012-10-09T17:00:00Z,0.2456651751032341,0.0276755320621038,0.1369706192075646,0.027687260097995162
2012-10-09T18:00:00Z,0.2326200643805068,0.0691888301552597,0.1369706192075646,0.06921681075490091
2012-10-09T19:00:00Z,0.0021892057164198,0.0,0.1369706192075646,0.0
2012-10-09T20:00:00Z,0.0020516894490633,0.0,0.1369706192075646,0.0
2012-10-09T21:00:00Z,0.019144471177143,0.0830265961863116,0.1712753492352201,0.08305910131381151
2012-10-09T22:00:00Z,0.0181000563717861,0.0968643622173636,0.1712753492352201,0.09690407085289608
2012-10-09T23:00:00Z,0.1753965947002767,0.1107021282484155,0.1712753492352201,0.11074636141180667
2012-10-10T00:00:00Z,0.1704199078104011,0.1660531923726233,0.1712753492352201,0.166120881607797
2012-10-10T01:00:00Z,0.0017054437344523,0.1798909584036753,0.1712753492352201,0.1799631721667076
2012-10-10T02:00:00Z,0.1761480683310054,0.1937287244347272,0.1712753492352201,0.1938054627256182
2012-10-10T03:00:00Z,0.0018791054565845,0.2075664904657792,0.1712753492352201,0.20765043226470278
2012-10-10T04:00:00Z,0.2155341527873502,0.2214042564968311,0.1712753492352201,0.22149272282361335
2012-10-10T05:00:00Z,0.2367397956330682,0.249079788558935,0.0,0.2491799829216085
2012-10-10T06:00:00Z,0.2452696616354377,0.249079788558935,0.0,0.2491799829216085
2012-10-10T07:00:00Z,0.0024550321215215,0.0,0.0,0.0
2012-10-10T08:00:00Z,0.2491106399929276,0.0,0.102705094585655,0.0
2012-10-10T09:00:00Z,0.2537779887094161,0.0,0.102705094585655,0.0
2012-10-10T10:00:00Z,0.0025270676968671,0.0,0.102705094585655,0.0
2012-10-10T11:00:00Z,0.2478025612908795,0.0,0.102705094585655,0.0
2012-10-10T12:00:00Z,0.2413287230693682,0.0,0.102705094585655,0.0
2012-10-10T13:00:00Z,0.2335832656773221,0.0,0.102705094585655,0.0
2012-10-10T14:00:00Z,0.0229847720374307,0.0,0.102705094585655,0.0
2012-10-10T15:00:00Z,0.0022927163236321,0.0,0.102705094585655,0.0
2012-10-10T16:00:00Z,0.0023331723054042,0.0,0.0,0.0
2012-10-10T17:00:00Z,0.0238801217936446,0.1107021282484155,0.1369706192075646,0.11074636141180667
2012-10-10T18:00:00Z,0.0022591825618281,0.1383776603105194,0.1369706192075646,0.13843362150980182
2012-10-10T19:00:00Z,0.021094390364408,0.0,0.1369706192075646,0.0
2012-10-10T20:00:00Z,0.1970434331228246,0.0415132980931558,0.1369706192075646,0.04152955065690576
2012-10-10T21:00:00Z,0.1819838843318782,0.1245398942794675,0.1712753492352201,0.12458865197071728
2012-10-10T22:00:00Z,0.1749152779741069,0.1522154263415714,0.1712753492352201,0.15227591206871244
2012-10-10T23:00:00Z,0.1697048741303417,0.1522154263415714,0.1712753492352201,0.15227591206871244
2012-10-11T00:00:00Z,0.0166488182031429,0.1798909584036753,0.1712753492352201,0.1799631721667076
2012-10-11T01:00:00Z,0.1685020228839071,0.1798909584036753,0.1712753492352201,0.1799631721667076
2012-10-11T02:00:00Z,0.174015694839422,0.1798909584036753,0.1712753492352201,0.1799631721667076
2012-10-11T03:00:00Z,0.0186609183185893,0.1798909584036753,0.1712753492352201,0.1799631721667076
2012-10-11T04:00:00Z,0.2140111743224888,0.1798909584036753,0.1712753492352201,0.1799631721667076
2012-10-11T05:00:00Z,0.0023475806736473,0.1798909584036753,0.0,0.1799631721667076
2012-10-11T06:00:00Z,0.0243304107144245,0.1798909584036753,0.0,0.1799631721667076
2012-10-11T07:00:00Z,0.2448783580490997,0.0,0.0,0.0
2012-10-11T08:00:00Z,0.02472514486463,0.0,0.102705094585655,0.0
2012-10-11T09:00:00Z,0.0025036243355892,0.0,0.102705094585655,0.0
2012-10-11T10:00:00Z,0.2471329943305698,0.0,0.102705094585655,0.0
2012-10-11T11:00:00Z,0.0243462398687077,0.0,0.102705094585655,0.0
2012-10-11T12:00:00Z,0.2361826031364291,0.0,0.102705094585655,0.0
2012-10-11T13:00:00Z,0.2315120431615259,0.0,0.102705094585655,0.0
2012-10-11T14:00:00Z,0.2285203839121933,0.0,0.102705094585655,0.0
2012-10-11T15:00:00Z,0.2311077574756211,0.0,0.102705094585655,0.0
2012-10-11T16:00:00Z,0.2375706500053409,0.0,0.0,0.0
2012-10-11T17:00:00Z,0.2436030968415823,0.0,0.1369706192075646,0.0
2012-10-11T18:00:00Z,0.0023125806982452,0.0138377660310519,0.1369706192075646,0.013842290558910597
2012-10-11T19:00:00Z,0.0021848078588592,0.0,0.1369706192075646,0.0
2012-10-11T20:00:00Z,0.2051660958935345,0.0,0.1369706192075646,0.0
2012-10-11T21:00:00Z,0.019043778644998,0.0276755320621038,0.1712753492352201,0.027687260097995162
2012-10-11T22:00:00Z,0.0017741685806958,0.0276755320621038,0.1712753492352201,0.027687260097995162
2012-10-11T23:00:00Z,0.1707891829472481,0.0276755320621038,0.1712753492352201,0.027687260097995162
2012-10-12T00:00:00Z,0.1667211647036698,0.0691888301552597,0.1712753492352201,0.06921681075490091
2012-10-12T01:00:00Z,0.0166657243038457,0.0830265961863116,0.1712753492352201,0.08305910131381151
2012-10-12T02:00:00Z,0.1714733767980199,0.0968643622173636,0.1712753492352201,0.09690407085289608
2012-10-12T03:00:00Z,0.1853384157820724,0.0968643622173636,0.1712753492352201,0.09690407085289608
2012-10-12T04:00:00Z,0.2123420444380705,0.0830265961863116,0.1712753492352201,0.08305910131381151
2012-10-12T05:00:00Z,0.002312734603679,0.0968643622173636,0.0,0.09690407085289608
2012-10-12T06:00:00Z,0.0240055919257771,0.0968643622173636,0.0,0.09690407085289608
2012-10-12T07:00:00Z,0.0024217959885462,0.0,0.0,0.0
2012-10-12T08:00:00Z,0.2451976824529229,0.0,0.102705094585655,0.0
2012-10-12T09:00:00Z,0.2477099634796409,0.0,0.102705094585655,0.0
2012-10-12T10:00:00Z,0.0024723239648509,0.0,0.102705094585655,0.0
2012-10-12T11:00:00Z,0.0244641909567473,0.0,0.102705094585655,0.0
2012-10-12T12:00:00Z,0.0024065421194595,0.0,0.102705094585655,0.0
2012-10-12T13:00:00Z,0.0023556193933398,0.0,0.102705094585655,0.0
2012-10-12T14:00:00Z,0.2304866335233478,0.0,0.102705094585655,0.0
2012-10-12T15:00:00Z,0.2304677575897394,0.0,0.102705094585655,0.0
2012-10-12T16:00:00Z,0.0023640818424964,0.0,0.0,0.0
2012-10-12T17:00:00Z,0.0238109622526645,0.0415132980931558,0.1369706192075646,0.04152955065690576
2012-10-12T18:00:00Z,0.0224841329344096,0.0691888301552597,0.1369706192075646,0.06921681075490091
2012-10-12T19:00:00Z,0.0021221847952205,0.0,0.1369706192075646,0.0
2012-10-12T20:00:00Z,0.1980702134200822,0.0,0.1369706192075646,0.0
2012-10-12T21:00:00Z,0.1831076485494287,0.0415132980931558,0.1712753492352201,0.04152955065690576
2012-10-12T22:00:00Z,0.1734421327572054,0.0415132980931558,0.1712753492352201,0.04152955065690576
2012-10-12T23:00:00Z,0.0001677913851033,0.0276755320621038,0.1712753492352201,0.027687260097995162
2012-10-13T00:00:00Z,0.0016373255027557,0.0553510641242077,0.1712753492352201,0.055374520195990325
2012-10-13T01:00:00Z,0.0001642805397755,0.0691888301552597,0.1712753492352201,0.06921681075490091
2012-10-13T02:00:00Z,0.1680730457537282,0.0691888301552597,0.1712753492352201,0.06921681075490091
2012-10-13T03:00:00Z,0.0180914917106239,0.0691888301552597,0.1712753492352201,0.06921681075490091
2012-10-13T04:00:00Z,0.0209182880858807,0.0830265961863116,0.1712753492352201,0.08305910131381151
2012-10-13T05:00:00Z,0.0022961793917006,0.0691888301552597,0.0,0.06921681075490091
2012-10-13T06:00:00Z,0.2381389840022115,0.0830265961863116,0.0,0.08305910131381151
2012-10-13T07:00:00Z,0.2399846743569067,0.0,0.0,0.0
2012-10-13T08:00:00Z,0.0244081349165667,0.0,0.102705094585655,0.0
2012-10-13T09:00:00Z,0.0245415666198664,0.0,0.102705094585655,0.0
2012-10-13T10:00:00Z,0.0245502096044046,0.0,0.102705094585655,0.0
2012-10-13T11:00:00Z,0.2396348625789878,0.0,0.102705094585655,0.0
2012-10-13T12:00:00Z,0.2327686242438748,0.0,0.102705094585655,0.0
2012-10-13T13:00:00Z,0.2281034098393816,0.0,0.102705094585655,0.0
2012-10-13T14:00:00Z,0.2249685167162468,0.0,0.102705094585655,0.0
2012-10-13T15:00:00Z,0.022566709269693,0.0,0.102705094585655,0.0
2012-10-13T16:00:00Z,0.0231285189293455,0.0,0.0,0.0
2012-10-13T17:00:00Z,0.0023256720589215,0.0,0.1369706192075646,0.0
2012-10-13T18:00:00Z,0.0221119872458334,0.0,0.1369706192075646,0.0
2012-10-13T19:00:00Z,0.2076887547675684,0.0,0.1369706192075646,0.0
2012-10-13T20:00:00Z,0.1963395605238407,0.0,0.1369706192075646,0.0
2012-10-13T21:00:00Z,0.0018370031174495,0.0,0.1712753492352201,0.0
2012-10-13T22:00:00Z,0.017102619927335,0.0,0.1712753492352201,0.0
2012-10-13T23:00:00Z,0.1629882921858603,0.0,0.1712753492352201,0.0
2012-10-14T00:00:00Z,0.1594239324114468,0.0138377660310519,0.1712753492352201,0.013842290558910597
2012-10-14T01:00:00Z,0.1582064542745501,0.0138377660310519,0.1712753492352201,0.013842290558910597
2012-10-14T02:00:00Z,0.0015759775436778,0.0276755320621038,0.1712753492352201,0.027687260097995162
2012-10-14T03:00:00Z,0.0159120262892395,0.0276755320621038,0.1712753492352201,0.027687260097995162
2012-10-14T04:00:00Z,0.0166327814919134,0.0415132980931558,0.1712753492352201,0.04152955065690576
2012-10-14T05:00:00Z,0.1751720024196873,0.0415132980931558,0.0,0.04152955065690576
2012-10-14T06:00:00Z,0.0018852546248318,0.0553510641242077,0.0,0.055374520195990325
2012-10-14T07:00:00Z,0.198558853381905,0.0,0.0,0.0
2012-10-14T08:00:00Z,0.2039170730169666,0.0,0.102705094585655,0.0
2012-10-14T09:00:00Z,0.0209419965717863,0.0,0.102705094585655,0.0
2012-10-14T10:00:00Z,0.2083558349606912,0.0,0.102705094585655,0.0
2012-10-14T11:00:00Z,0.0202670605440539,0.0,0.102705094585655,0.0
2012-10-14T12:00:00Z,0.0196995136971118,0.0,0.102705094585655,0.0
2012-10-14T13:00:00Z,0.000195423480528,0.0,0.102705094585655,0.0
2012-10-14T14:00:00Z,0.001919902145042,0.0,0.102705094585655,0.0
2012-10-14T15:00:00Z,0.0196314389348888,0.0,0.102705094585655,0.0
2012-10-14T16:00:00Z,0.2038995089999057,0.0,0.0,0.0
2012-10-14T17:00:00Z,0.2046498861033708,0.0691888301552597,0.1369706192075646,0.06921681075490091
2012-10-14T18:00:00Z,0.1957559338878121,0.0830265961863116,0.1369706192075646,0.08305910131381151
2012-10-14T19:00:00Z,0.0018819771831644,0.0,0.1369706192075646,0.0
2012-10-14T20:00:00Z,0.1796553499451819,0.0,0.1369706192075646,0.0
2012-10-14T21:00:00Z,0.169005270155348,0.0691888301552597,0.1712753492352201,0.06921681075490091
2012-10-14T22:00:00Z,0.0159420554715858,0.0691888301552597,0.1712753492352201,0.06921681075490091
2012-10-14T23:00:00Z,0.1542751299028807,0.0553510641242077,0.1712753492352201,0.055374520195990325
2012-10-15T00:00:00Z,0.1509245146214849,0.0968643622173636,0.1712753492352201,0.09690407085289608
2012-10-15T01:00:00Z,0.1479007036263172,0.0968643622173636,0.1712753492352201,0.09690407085289608
2012-10-15T02:00:00Z,0.0014814890061433,0.0968643622173636,0.1712753492352201,0.09690407085289608
2012-10-15T03:00:00Z,0.1509779507447394,0.1107021282484155,0.1712753492352201,0.11074636141180667
2012-10-15T04:00:00Z,0.1561591399692684,0.1107021282484155,0.1712753492352201,0.11074636141180667
2012-10-15T05:00:00Z,0.1636314641684687,0.1107021282484155,0.0,0.11074636141180667
2012-10-15T06:00:00Z,0.0017400885133444,0.1245398942794675,0.0,0.12458865197071728
2012-10-15T07:00:00Z,0.1852536111467426,0.0,0.0,0.0
2012-10-15T08:00:00Z,0.1963068605143739,0.0,0.102705094585655,0.0
2012-10-15T09:00:00Z,0.002050321531302,0.0,0.102705094585655,0.0
2012-10-15T10:00:00Z,0.0204660802423896,0.0,0.102705094585655,0.0
2012-10-15T11:00:00Z,0.1956693082339911,0.0,0.102705094585655,0.0
2012-10-15T12:00:00Z,0.0189303194025702,0.0,0.102705094585655,0.0
2012-10-15T13:00:00Z,0.0186278306084115,0.0,0.102705094585655,0.0
2012-10-15T14:00:00Z,0.183151509639971,0.0,0.102705094585655,0.0
2012-10-15T15:00:00Z,0.0018741397545481,0.0,0.102705094585655,0.0
2012-10-15T16:00:00Z,0.197557723990277,0.0,0.0,0.0
2012-10-15T17:00:00Z,0.0019923598833841,0.1245398942794675,0.1369706192075646,0.12458865197071728
2012-10-15T18:00:00Z,0.1888515716494466,0.1383776603105194,0.1369706192075646,0.13843362150980182
2012-10-15T19:00:00Z,0.1804610429329248,0.0,0.1369706192075646,0.0
2012-10-15T20:00:00Z,0.1753505013935193,0.0415132980931558,0.1369706192075646,0.04152955065690576
2012-10-15T21:00:00Z,0.0016366409564498,0.1107021282484155,0.1712753492352201,0.11074636141180667
2012-10-15T22:00:00Z,0.1547501024355971,0.1107021282484155,0.1712753492352201,0.11074636141180667
2012-10-15T23:00:00Z,0.1487910641834819,0.0968643622173636,0.1712753492352201,0.09690407085289608
2012-10-16T00:00:00Z,0.146382424564014,0.1245398942794675,0.1712753492352201,0.12458865197071728
2012-10-16T01:00:00Z,0.1519632196527337,0.1383776603105194,0.1712753492352201,0.13843362150980182
2012-10-16T02:00:00Z,0.0158484981989915,0.1383776603105194,0.1712753492352201,0.13843362150980182
2012-10-16T03:00:00Z,0.0174441294274012,0.1383776603105194,0.1712753492352201,0.13843362150980182
2012-10-16T04:00:00Z,2.06201951911954e-05,0.1383776603105194,0.1712753492352201,0.13843362150980182
2012-10-16T05:00:00Z,0.0023094187835574,0.1383776603105194,0.0,0.13843362150980182
2012-10-16T06:00:00Z,0.239366702920516,0.1383776603105194,0.0,0.13843362150980182
2012-10-16T07:00:00Z,0.2419821162525406,0.0,0.0,0.0
2012-10-16T08:00:00Z,0.2422353553078903,0.0,0.102705094585655,0.0
2012-10-16T09:00:00Z,0.2475654764318232,0.0,0.102705094585655,0.0
2012-10-16T10:00:00Z,0.2453268572807387,0.0,0.102705094585655,0.0
2012-10-16T11:00:00Z,0.2424676036984806,0.0,0.102705094585655,0.0
2012-10-16T12:00:00Z,0.2360584214238312,0.0,0.102705094585655,0.0
2012-10-16T13:00:00Z,0.2346114166336591,0.0,0.102705094585655,0.0
2012-10-16T14:00:00Z,0.2313321147860826,0.0,0.102705094585655,0.0
2012-10-16T15:00:00Z,0.2341010223541611,0.0,0.102705094585655,0.0
2012-10-16T16:00:00Z,0.2447482041790842,0.0,0.0,0.0
2012-10-16T17:00:00Z,0.0246215034573798,0.1107021282484155,0.1369706192075646,0.11074636141180667
2012-10-16T18:00:00Z,0.2329307144704414,0.1245398942794675,0.1369706192075646,0.12458865197071728
2012-10-16T19:00:00Z,0.0021811176530004,0.0,0.1369706192075646,0.0
2012-10-16T20:00:00Z,0.2026033746126928,0.0276755320621038,0.1369706192075646,0.027687260097995162
2012-10-16T21:00:00Z,0.0188517179786171,0.0968643622173636,0.1712753492352201,0.09690407085289608
2012-10-16T22:00:00Z,0.0177865122331094,0.0968643622173636,0.1712753492352201,0.09690407085289608
2012-10-16T23:00:00Z,0.0171433989930329,0.0968643622173636,0.1712753492352201,0.09690407085289608
2012-10-17T00:00:00Z,0.0001672533035104,0.1245398942794675,0.1712753492352201,0.12458865197071728
2012-10-17T01:00:00Z,0.1673537434496785,0.1245398942794675,0.1712753492352201,0.12458865197071728
2012-10-17T02:00:00Z,0.0170527710146999,0.1245398942794675,0.1712753492352201,0.12458865197071728
2012-10-17T03:00:00Z,0.0184404145182255,0.1383776603105194,0.1712753492352201,0.13843362150980182
2012-10-17T04:00:00Z,0.2138985061461584,0.1383776603105194,0.1712753492352201,0.13843362150980182
2012-10-17T05:00:00Z,0.00236594398076,0.1383776603105194,0.0,0.13843362150980182
2012-10-17T06:00:00Z,0.0024554119898949,0.1522154263415714,0.0,0.15227591206871244
2012-10-17T07:00:00Z,0.0248012321082144,0.0,0.0,0.0
2012-10-17T08:00:00Z,0.0251784727323974,0.0,0.102705094585655,0.0
2012-10-17T09:00:00Z,0.253820205009063,0.0,0.102705094585655,0.0
2012-10-17T10:00:00Z,0.0254179699514336,0.0,0.102705094585655,0.0
2012-10-17T11:00:00Z,0.0251062899091049,0.0,0.102705094585655,0.0
2012-10-17T12:00:00Z,0.2438290597812512,0.0,0.102705094585655,0.0
2012-10-17T13:00:00Z,0.2413596412220318,0.0,0.102705094585655,0.0
2012-10-17T14:00:00Z,0.0237598366690011,0.0,0.102705094585655,0.0
2012-10-17T15:00:00Z,0.2391108008703833,0.0,0.102705094585655,0.0
2012-10-17T16:00:00Z,0.2463415757780972,0.0,0.0,0.0
2012-10-17T17:00:00Z,0.2484743996290924,0.0968643622173636,0.1369706192075646,0.09690407085289608
2012-10-17T18:00:00Z,0.0023515477526401,0.1245398942794675,0.1369706192075646,0.12458865197071728
2012-10-17T19:00:00Z,0.0220620600098223,0.0,0.1369706192075646,0.0
2012-10-17T20:00:00Z,0.0204448937691902,0.0415132980931558,0.1369706192075646,0.04152955065690576
2012-10-17T21:00:00Z,0.0018828735942023,0.1107021282484155,0.1712753492352201,0.11074636141180667
2012-10-17T22:00:00Z,0.1769806458175494,0.1107021282484155,0.1712753492352201,0.11074636141180667
2012-10-17T23:00:00Z,0.0001714322472352,0.1107021282484155,0.1712753492352201,0.11074636141180667
2012-10-18T00:00:00Z,0.1706528219496871,0.1245398942794675,0.1712753492352201,0.12458865197071728
2012-10-18T01:00:00Z,0.0170849736707293,0.1383776603105194,0.1712753492352201,0.13843362150980182
2012-10-18T02:00:00Z,0.001737075021454,0.1522154263415714,0.1712753492352201,0.15227591206871244
2012-10-18T03:00:00Z,0.1875989067358961,0.1522154263415714,0.1712753492352201,0.15227591206871244
2012-10-18T04:00:00Z,0.0002147591723534,0.1522154263415714,0.1712753492352201,0.15227591206871244
2012-10-18T05:00:00Z,0.2359358257595967,0.1660531923726233,0.0,0.166120881607797
2012-10-18T06:00:00Z,0.0243102620259566,0.1798909584036753,0.0,0.1799631721667076
2012-10-18T07:00:00Z,0.0024461678734463,0.0,0.0,0.0
2012-10-18T08:00:00Z,0.246411381486929,0.0,0.102705094585655,0.0
2012-10-18T09:00:00Z,0.2503596824503395,0.0,0.102705094585655,0.0
2012-10-18T10:00:00Z,0.0024795089597454,0.0,0.102705094585655,0.0
2012-10-18T11:00:00Z,0.0024100983923453,0.0,0.102705094585655,0.0
2012-10-18T12:00:00Z,0.0023548377260477,0.0,0.102705094585655,0.0
2012-10-18T13:00:00Z,0.2301583998355083,0.0,0.102705094585655,0.0
2012-10-18T14:00:00Z,0.2248693984839588,0.0,0.102705094585655,0.0
2012-10-18T15:00:00Z,0.0022967503691114,0.0,0.102705094585655,0.0
2012-10-18T16:00:00Z,0.023836033565312,0.0,0.0,0.0
2012-10-18T17:00:00Z,0.2397099942773855,0.1798909584036753,0.1369706192075646,0.1799631721667076
2012-10-18T18:00:00Z,0.2284317022697531,0.2075664904657792,0.1369706192075646,0.20765043226470278
2012-10-18T19:00:00Z,0.0217809926589909,0.0415132980931558,0.1369706192075646,0.04152955065690576
2012-10-18T20:00:00Z,0.2048866968306112,0.0830265961863116,0.1369706192075646,0.08305910131381151
2012-10-18T21:00:00Z,0.1915219288297129,0.1522154263415714,0.1712753492352201,0.15227591206871244
2012-10-18T22:00:00Z,0.1783675961591976,0.1522154263415714,0.1712753492352201,0.15227591206871244
2012-10-18T23:00:00Z,0.1725936752061838,0.1383776603105194,0.1712753492352201,0.13843362150980182
2012-10-19T00:00:00Z,0.1695799483456721,0.1660531923726233,0.1712753492352201,0.166120881607797
2012-10-19T01:00:00Z,0.0001725369984532,0.1798909584036753,0.1712753492352201,0.1799631721667076
2012-10-19T02:00:00Z,0.0001772273938231,0.1937287244347272,0.1712753492352201,0.1938054627256182
2012-10-19T03:00:00Z,0.0190068726702417,0.1937287244347272,0.1712753492352201,0.1938054627256182
2012-10-19T04:00:00Z,0.0021489208712242,0.2075664904657792,0.1712753492352201,0.20765043226470278
2012-10-19T05:00:00Z,0.2397152615244194,0.2214042564968311,0.0,0.22149272282361335
2012-10-19T06:00:00Z,0.2486937834051799,0.2352420225278831,0.0,0.23533769236269794
2012-10-19T07:00:00Z,0.2517416788384579,0.0,0.0,0.0
2012-10-19T08:00:00Z,0.2537069298265687,0.0,0.102705094585655,0.0
2012-10-19T09:00:00Z,0.2577654317799668,0.0,0.102705094585655,0.0
2012-10-19T10:00:00Z,0.2557397543072964,0.0,0.102705094585655,0.0
2012-10-19T11:00:00Z,0.2497794824620098,0.0,0.102705094585655,0.0
2012-10-19T12:00:00Z,0.2425318680284627,0.0,0.102705094585655,0.0
2012-10-19T13:00:00Z,0.0024077580898714,0.0,0.102705094585655,0.0
2012-10-19T14:00:00Z,0.023934219749426,0.0,0.102705094585655,0.0
2012-10-19T15:00:00Z,0.2432582390171935,0.0,0.102705094585655,0.0
2012-10-19T16:00:00Z,0.2524193131064924,0.0,0.0,0.0
2012-10-19T17:00:00Z,0.0252589500012049,0.1522154263415714,0.1369706192075646,0.15227591206871244
2012-10-19T18:00:00Z,0.2389484169311569,0.1798909584036753,0.1369706192075646,0.1799631721667076
2012-10-19T19:00:00Z,0.0221069353880834,0.0415132980931558,0.1369706192075646,0.04152955065690576
2012-10-19T20:00:00Z,0.2044490258056999,0.0968643622173636,0.1369706192075646,0.09690407085289608
2012-10-19T21:00:00Z,0.0019030105341638,0.1660531923726233,0.1712753492352201,0.166120881607797
2012-10-19T22:00:00Z,0.1835985403083106,0.1660531923726233,0.1712753492352201,0.166120881607797
2012-10-19T23:00:00Z,0.0017835434971823,0.1937287244347272,0.1712753492352201,0.1938054627256182
2012-10-20T00:00:00Z,0.1729045211045584,0.2214042564968311,0.1712753492352201,0.22149272282361335
2012-10-20T01:00:00Z,1.6989906715060828e-05,0.2214042564968311,0.1712753492352201,0.22149272282361335
2012-10-20T02:00:00Z,0.0176376390762375,0.2214042564968311,0.1712753492352201,0.22149272282361335
2012-10-20T03:00:00Z,0.1882867622044945,0.2352420225278831,0.1712753492352201,0.23533769236269794
2012-10-20T04:00:00Z,0.0021328739779558,0.2352420225278831,0.1712753492352201,0.23533769236269794
2012-10-20T05:00:00Z,0.0023541864671765,0.2352420225278831,0.0,0.23533769236269794
2012-10-20T06:00:00Z,0.2447494377722557,0.2352420225278831,0.0,0.23533769236269794
2012-10-20T07:00:00Z,0.000248994711606,0.0,0.0,0.0
2012-10-20T08:00:00Z,0.2517060025407042,0.0,0.102705094585655,0.0
2012-10-20T09:00:00Z,0.251778471244319,0.0,0.102705094585655,0.0
2012-10-20T10:00:00Z,0.2487699724691531,0.0,0.102705094585655,0.0
2012-10-20T11:00:00Z,0.24051167319211,0.0,0.102705094585655,0.0
2012-10-20T12:00:00Z,0.0023265735609788,0.0,0.102705094585655,0.0
2012-10-20T13:00:00Z,0.2295031073104687,0.0,0.102705094585655,0.0
2012-10-20T14:00:00Z,0.00226479521495,0.0,0.102705094585655,0.0
2012-10-20T15:00:00Z,0.2285556098505352,0.0,0.102705094585655,0.0
2012-10-20T16:00:00Z,0.0234716497232942,0.0,0.0,0.0
2012-10-20T17:00:00Z,0.2322317370824555,0.1798909584036753,0.1369706192075646,0.1799631721667076
2012-10-20T18:00:00Z,0.021672295477822,0.2075664904657792,0.1369706192075646,0.20765043226470278
2012-10-20T19:00:00Z,0.0200763470397397,0.0553510641242077,0.1369706192075646,0.055374520195990325
2012-10-20T20:00:00Z,0.0018937711171177,0.1245398942794675,0.1369706192075646,0.12458865197071728
2012-10-20T21:00:00Z,0.0017512186566864,0.1798909584036753,0.1712753492352201,0.1799631721667076
2012-10-20T22:00:00Z,0.0166088615328927,0.1798909584036753,0.1712753492352201,0.1799631721667076
2012-10-20T23:00:00Z,0.1569682204430219,0.1660531923726233,0.1712753492352201,0.166120881607797
2012-10-21T00:00:00Z,0.1527310237073519,0.1937287244347272,0.1712753492352201,0.1938054627256182
2012-10-21T01:00:00Z,0.1515021691000958,0.1937287244347272,0.1712753492352201,0.1938054627256182
2012-10-21T02:00:00Z,0.1529926629447743,0.1937287244347272,0.1712753492352201,0.1938054627256182
2012-10-21T03:00:00Z,0.1559626070381197,0.2075664904657792,0.1712753492352201,0.20765043226470278
2012-10-21T04:00:00Z,0.1630568251398327,0.2075664904657792,0.1712753492352201,0.20765043226470278
2012-10-21T05:00:00Z,0.0017601937323386,0.2075664904657792,0.0,0.20765043226470278
2012-10-21T06:00:00Z,0.1892756535686274,0.2214042564968311,0.0,0.22149272282361335
2012-10-21T07:00:00Z,0.2004362842847113,0.0,0.0,0.0
2012-10-21T08:00:00Z,0.0208050129033864,0.0,0.102705094585655,0.0
2012-10-21T09:00:00Z,0.0020996586006751,0.0,0.102705094585655,0.0
2012-10-21T10:00:00Z,0.2092178228749113,0.0,0.102705094585655,0.0
2012-10-21T11:00:00Z,0.0203118066887447,0.0,0.102705094585655,0.0
2012-10-21T12:00:00Z,0.019766241297268,0.0,0.102705094585655,0.0
2012-10-21T13:00:00Z,0.1938911130485368,0.0,0.102705094585655,0.0
2012-10-21T14:00:00Z,0.1911767381309762,0.0,0.102705094585655,0.0
2012-10-21T15:00:00Z,0.1961486472949177,0.0,0.102705094585655,0.0
2012-10-21T16:00:00Z,0.2064421599156555,0.0,0.0,0.0
2012-10-21T17:00:00Z,0.0204252737635101,0.1660531923726233,0.1369706192075646,0.166120881607797
2012-10-21T18:00:00Z,0.001918442197314,0.1798909584036753,0.1369706192075646,0.1799631721667076
2012-10-21T19:00:00Z,0.1790766772626835,0.0276755320621038,0.1369706192075646,0.027687260097995162
2012-10-21T20:00:00Z,0.1715021606386884,0.0830265961863116,0.1369706192075646,0.08305910131381151
2012-10-21T21:00:00Z,0.1612389395836063,0.1522154263415714,0.1712753492352201,0.15227591206871244
2012-10-21T22:00:00Z,0.0014991215561582,0.1522154263415714,0.1712753492352201,0.15227591206871244
2012-10-21T23:00:00Z,0.0144296702433241,0.1383776603105194,0.1712753492352201,0.13843362150980182
2012-10-22T00:00:00Z,0.1411122012418529,0.1660531923726233,0.1712753492352201,0.166120881607797
2012-10-22T01:00:00Z,0.1402479615305737,0.1660531923726233,0.1712753492352201,0.166120881607797
2012-10-22T02:00:00Z,0.0141859709751673,0.1798909584036753,0.1712753492352201,0.1799631721667076
2012-10-22T03:00:00Z,0.0141392432490645,0.1798909584036753,0.1712753492352201,0.1799631721667076
2012-10-22T04:00:00Z,0.0144678058950831,0.1937287244347272,0.1712753492352201,0.1938054627256182
2012-10-22T05:00:00Z,0.0015223268143733,0.1937287244347272,0.0,0.1938054627256182
2012-10-22T06:00:00Z,0.1624423390936726,0.2214042564968311,0.0,0.22149272282361335
2012-10-22T07:00:00Z,0.0174544446160162,0.0,0.0,0.0
2012-10-22T08:00:00Z,0.1840715547566277,0.0,0.102705094585655,0.0
2012-10-22T09:00:00Z,0.0191078001725146,0.0,0.102705094585655,0.0
2012-10-22T10:00:00Z,0.001900855466474,0.0,0.102705094585655,0.0
2012-10-22T11:00:00Z,0.0018246319402153,0.0,0.102705094585655,0.0
2012-10-22T12:00:00Z,0.1762306994926521,0.0,0.102705094585655,0.0
2012-10-22T13:00:00Z,0.1742836978511418,0.0,0.102705094585655,0.0
2012-10-22T14:00:00Z,0.0177819263994464,0.0,0.102705094585655,0.0
2012-10-22T15:00:00Z,0.1868815429354016,0.0,0.102705094585655,0.0
2012-10-22T16:00:00Z,0.0200524114160437,0.0,0.0,0.0
2012-10-22T17:00:00Z,0.198692551384683,0.1245398942794675,0.1369706192075646,0.12458865197071728
2012-10-22T18:00:00Z,0.0019227515494597,0.1383776603105194,0.1369706192075646,0.13843362150980182
2012-10-22T19:00:00Z,0.1856296025130789,0.0,0.1369706192075646,0.0
2012-10-22T20:00:00Z,0.017987768063829,0.0691888301552597,0.1369706192075646,0.06921681075490091
2012-10-22T21:00:00Z,0.1716002215054008,0.1522154263415714,0.1712753492352201,0.15227591206871244
2012-10-22T22:00:00Z,0.1642030485854421,0.1522154263415714,0.1712753492352201,0.15227591206871244
2012-10-22T23:00:00Z,0.1576854275967644,0.1383776603105194,0.1712753492352201,0.13843362150980182
2012-10-23T00:00:00Z,0.1562882364737083,0.1798909584036753,0.1712753492352201,0.1799631721667076
2012-10-23T01:00:00Z,0.1556254444854197,0.1798909584036753,0.1712753492352201,0.1799631721667076
2012-10-23T02:00:00Z,0.0163154895796967,0.1798909584036753,0.1712753492352201,0.1799631721667076
2012-10-23T03:00:00Z,0.0017604404509729,0.1798909584036753,0.1712753492352201,0.1799631721667076
2012-10-23T04:00:00Z,0.2094621722270887,0.1798909584036753,0.1712753492352201,0.1799631721667076
2012-10-23T05:00:00Z,0.2348668291626921,0.1798909584036753,0.0,0.1799631721667076
2012-10-23T06:00:00Z,0.2475479319956063,0.1798909584036753,0.0,0.1799631721667076
2012-10-23T07:00:00Z,0.2480646704685578,0.0,0.0,0.0
2012-10-23T08:00:00Z,0.2513214935072315,0.0,0.102705094585655,0.0
2012-10-23T09:00:00Z,0.2562354237921123,0.0,0.102705094585655,0.0
2012-10-23T10:00:00Z,0.0025510330834459,0.0,0.102705094585655,0.0
2012-10-23T11:00:00Z,0.0253140779093803,0.0,0.102705094585655,0.0
2012-10-23T12:00:00Z,0.2475094947988499,0.0,0.102705094585655,0.0
2012-10-23T13:00:00Z,0.2431598061144453,0.0,0.102705094585655,0.0
2012-10-23T14:00:00Z,0.0024018807037387,0.0,0.102705094585655,0.0
2012-10-23T15:00:00Z,0.2415182460583677,0.0,0.102705094585655,0.0
2012-10-23T16:00:00Z,0.249806034086463,0.0,0.0,0.0
2012-10-23T17:00:00Z,0.2474019568036453,0.2214042564968311,0.1369706192075646,0.22149272282361335
2012-10-23T18:00:00Z,0.023289465634623,0.2352420225278831,0.1369706192075646,0.23533769236269794
2012-10-23T19:00:00Z,0.0021715896143139,0.0691888301552597,0.1369706192075646,0.06921681075490091
2012-10-23T20:00:00Z,0.2043779277611646,0.1383776603105194,0.1369706192075646,0.13843362150980182
2012-10-23T21:00:00Z,0.1911408072822507,0.2075664904657792,0.1712753492352201,0.20765043226470278
2012-10-23T22:00:00Z,0.1787991383799395,0.2214042564968311,0.1712753492352201,0.22149272282361335
2012-10-23T23:00:00Z,0.0017391427585796,0.2214042564968311,0.1712753492352201,0.22149272282361335
2012-10-24T00:00:00Z,0.0016952248835897,0.2767553206210389,0.1712753492352201,0.27686724301960364
2012-10-24T01:00:00Z,0.0016948548056383,0.3044308526831428,0.1712753492352201,0.3045518241374249
2012-10-24T02:00:00Z,0.0174702933511434,0.3182686187141947,0.1712753492352201,0.3183967936765094
2012-10-24T03:00:00Z,0.1881948693036396,0.3459441507762986,0.1712753492352201,0.3460840537745046
2012-10-24T04:00:00Z,0.2170990930008867,0.3459441507762986,0.1712753492352201,0.3460840537745046
2012-10-24T05:00:00Z,0.0023879458003033,0.3459441507762986,0.0,0.3460840537745046
2012-10-24T06:00:00Z,0.024405992772234,0.3597819168073506,0.0,0.3599263443334152
2012-10-24T07:00:00Z,0.2488256995511547,0.0,0.0,0.0
2012-10-24T08:00:00Z,0.002522313076329,0.0,0.102705094585655,0.0
2012-10-24T09:00:00Z,0.2545151291623426,0.0,0.102705094585655,0.0
2012-10-24T10:00:00Z,0.2533721365559919,0.0,0.102705094585655,0.0
2012-10-24T11:00:00Z,0.0024877356555402,0.0,0.102705094585655,0.0
2012-10-24T12:00:00Z,0.2436548098505654,0.0,0.102705094585655,0.0
2012-10-24T13:00:00Z,0.0023764365718216,0.0,0.102705094585655,0.0
2012-10-24T14:00:00Z,0.2315487768248551,0.0,0.102705094585655,0.0
2012-10-24T15:00:00Z,0.2324842320657337,0.0,0.102705094585655,0.0
2012-10-24T16:00:00Z,0.024259159939306,0.0,0.0,0.0
2012-10-24T17:00:00Z,0.2422838374776147,0.3321063847452467,0.1369706192075646,0.33223908423542003
2012-10-24T18:00:00Z,0.2305743165427445,0.3736196828384025,0.1369706192075646,0.37376863489232576
2012-10-24T19:00:00Z,0.2159217555941738,0.2352420225278831,0.1369706192075646,0.23533769236269794
2012-10-24T20:00:00Z,0.0200768091476579,0.3044308526831428,0.1369706192075646,0.3045518241374249
2012-10-24T21:00:00Z,0.1847731755585525,0.3736196828384025,0.1712753492352201,0.37376863489232576
2012-10-24T22:00:00Z,0.0174552082689319,0.3874574488694545,0.1712753492352201,0.38761360443141035
2012-10-24T23:00:00Z,0.167872792462221,0.3736196828384025,0.1712753492352201,0.37376863489232576
2012-10-25T00:00:00Z,0.0161483905732369,0.4151329809315584,0.1712753492352201,0.41530086452940557
2012-10-25T01:00:00Z,0.163445015371976,0.4151329809315584,0.1712753492352201,0.41530086452940557
2012-10-25T02:00:00Z,0.1681813082401606,0.4151329809315584,0.1712753492352201,0.41530086452940557
2012-10-25T03:00:00Z,0.1801664099733757,0.4151329809315584,0.1712753492352201,0.41530086452940557
2012-10-25T04:00:00Z,0.2097694935735447,0.4151329809315584,0.1712753492352201,0.41530086452940557
2012-10-25T05:00:00Z,0.2324844082933296,0.4289707469626103,0.0,0.42914315508831613
2012-10-25T06:00:00Z,0.2404509529948904,0.4289707469626103,0.0,0.42914315508831613
2012-10-25T07:00:00Z,0.2444833928449351,0.0,0.0,0.0
2012-10-25T08:00:00Z,0.0024792273872088,0.0,0.102705094585655,0.0
2012-10-25T09:00:00Z,0.0025140660164564,0.0,0.102705094585655,0.0
2012-10-25T10:00:00Z,0.2489096230485048,0.0,0.102705094585655,0.0
2012-10-25T11:00:00Z,0.0024279373244559,0.0,0.102705094585655,0.0
2012-10-25T12:00:00Z,0.2373085016659747,0.0,0.102705094585655,0.0
2012-10-25T13:00:00Z,0.2336769795966683,0.0,0.102705094585655,0.0
2012-10-25T14:00:00Z,0.023281323919691,0.0,0.102705094585655,0.0
2012-10-25T15:00:00Z,0.2350451910706161,0.0,0.102705094585655,0.0
2012-10-25T16:00:00Z,0.0024544615357276,0.0,0.0,0.0
2012-10-25T17:00:00Z,0.243633662539054,0.3874574488694545,0.1369706192075646,0.38761360443141035
2012-10-25T18:00:00Z,0.232907041230055,0.4012952149005064,0.1369706192075646,0.40145589499032097
2012-10-25T19:00:00Z,0.0219145183503418,0.249079788558935,0.1369706192075646,0.2491799829216085
2012-10-25T20:00:00Z,0.0205080145778831,0.3182686187141947,0.1369706192075646,0.3183967936765094
2012-10-25T21:00:00Z,0.0190635866267804,0.3874574488694545,0.1712753492352201,0.38761360443141035
2012-10-25T22:00:00Z,0.0017724247107298,0.4012952149005064,0.1712753492352201,0.40145589499032097
2012-10-25T23:00:00Z,0.1691120640784809,0.3874574488694545,0.1712753492352201,0.38761360443141035
2012-10-26T00:00:00Z,0.1656826163191729,0.4151329809315584,0.1712753492352201,0.41530086452940557
2012-10-26T01:00:00Z,0.1669704680093772,0.4012952149005064,0.1712753492352201,0.40145589499032097
2012-10-26T02:00:00Z,0.0172091240539768,0.3874574488694545,0.1712753492352201,0.38761360443141035
2012-10-26T03:00:00Z,0.0018494906048971,0.3874574488694545,0.1712753492352201,0.38761360443141035
2012-10-26T04:00:00Z,0.2143866370060373,0.3736196828384025,0.1712753492352201,0.37376863489232576
2012-10-26T05:00:00Z,0.0002380039838733,0.3874574488694545,0.0,0.38761360443141035
2012-10-26T06:00:00Z,0.0024580377810743,0.3736196828384025,0.0,0.37376863489232576
2012-10-26T07:00:00Z,0.0245646328540891,0.0,0.0,0.0
2012-10-26T08:00:00Z,0.0024721892486442,0.0,0.102705094585655,0.0
2012-10-26T09:00:00Z,0.0247911988837529,0.0,0.102705094585655,0.0
2012-10-26T10:00:00Z,0.2421958803264023,0.0,0.102705094585655,0.0
2012-10-26T11:00:00Z,0.0238172555359236,0.0,0.102705094585655,0.0
2012-10-26T12:00:00Z,0.2358875785600001,0.0,0.102705094585655,0.0
2012-10-26T13:00:00Z,0.2326927876350935,0.0,0.102705094585655,0.0
2012-10-26T14:00:00Z,0.0228475024887085,0.0,0.102705094585655,0.0
2012-10-26T15:00:00Z,0.0023443929122454,0.0,0.102705094585655,0.0
2012-10-26T16:00:00Z,0.0248152911542008,0.0,0.0,0.0
2012-10-26T17:00:00Z,0.0024729995039686,0.1798909584036753,0.1369706192075646,0.1799631721667076
2012-10-26T18:00:00Z,0.2318342851111039,0.2075664904657792,0.1369706192075646,0.20765043226470278
2012-10-26T19:00:00Z,0.216478850186593,0.0553510641242077,0.1369706192075646,0.055374520195990325
2012-10-26T20:00:00Z,0.0202746461630165,0.1107021282484155,0.1369706192075646,0.11074636141180667
2012-10-26T21:00:00Z,0.1881761891784712,0.1660531923726233,0.1712753492352201,0.166120881607797
2012-10-26T22:00:00Z,0.0017945326584476,0.1660531923726233,0.1712753492352201,0.166120881607797
2012-10-26T23:00:00Z,0.1728234564104311,0.1522154263415714,0.1712753492352201,0.15227591206871244
2012-10-27T00:00:00Z,0.1689726484692572,0.1660531923726233,0.1712753492352201,0.166120881607797
2012-10-27T01:00:00Z,0.1679008518116617,0.1660531923726233,0.1712753492352201,0.166120881607797
2012-10-27T02:00:00Z,0.001713709983552,0.1522154263415714,0.1712753492352201,0.15227591206871244
2012-10-27T03:00:00Z,0.1834919421936176,0.1660531923726233,0.1712753492352201,0.166120881607797
2012-10-27T04:00:00Z,0.2117306717461052,0.1660531923726233,0.1712753492352201,0.166120881607797
2012-10-27T05:00:00Z,0.0023517968209757,0.1660531923726233,0.0,0.166120881607797
2012-10-27T06:00:00Z,0.002449411636062,0.1660531923726233,0.0,0.166120881607797
2012-10-27T07:00:00Z,0.2482991314945191,0.0,0.0,0.0
2012-10-27T08:00:00Z,0.0247014990374251,0.0,0.102705094585655,0.0
2012-10-27T09:00:00Z,0.0246652196496765,0.0,0.102705094585655,0.0
2012-10-27T10:00:00Z,0.2447247071662937,0.0,0.102705094585655,0.0
2012-10-27T11:00:00Z,0.2360313606974341,0.0,0.102705094585655,0.0
2012-10-27T12:00:00Z,0.0228908623096446,0.0,0.102705094585655,0.0
2012-10-27T13:00:00Z,0.2269416587844865,0.0,0.102705094585655,0.0
2012-10-27T14:00:00Z,0.0022436608267956,0.0,0.102705094585655,0.0
2012-10-27T15:00:00Z,0.0229099536325369,0.0,0.102705094585655,0.0
2012-10-27T16:00:00Z,0.0023801655477515,0.0,0.0,0.0
2012-10-27T17:00:00Z,0.2353828235635718,0.0138377660310519,0.1369706192075646,0.013842290558910597
2012-10-27T18:00:00Z,0.002229644858666,0.0553510641242077,0.1369706192075646,0.055374520195990325
2012-10-27T19:00:00Z,0.0206728578711149,0.0,0.1369706192075646,0.0
2012-10-27T20:00:00Z,0.1932329813011184,0.0,0.1369706192075646,0.0
2012-10-27T21:00:00Z,0.0001779796898492,0.0415132980931558,0.1712753492352201,0.04152955065690576
2012-10-27T22:00:00Z,0.0017146498640636,0.0415132980931558,0.1712753492352201,0.04152955065690576
2012-10-27T23:00:00Z,0.0016403307706916,0.0415132980931558,0.1712753492352201,0.04152955065690576
2012-10-28T00:00:00Z,0.0158301705290149,0.0830265961863116,0.1712753492352201,0.08305910131381151
2012-10-28T01:00:00Z,0.1564591184992274,0.0968643622173636,0.1712753492352201,0.09690407085289608
2012-10-28T02:00:00Z,0.1566882339547789,0.1383776603105194,0.1712753492352201,0.13843362150980182
2012-10-28T03:00:00Z,0.1601402388463657,0.1660531923726233,0.1712753492352201,0.166120881607797
2012-10-28T04:00:00Z,0.1665723502893299,0.1660531923726233,0.1712753492352201,0.166120881607797
2012-10-28T05:00:00Z,0.1780231495325327,0.1798909584036753,0.0,0.1799631721667076
2012-10-28T06:00:00Z,0.1893735186269,0.1937287244347272,0.0,0.1938054627256182
2012-10-28T07:00:00Z,0.0019880873432251,0.0,0.0,0.0
2012-10-28T08:00:00Z,0.2031309217115278,0.0,0.102705094585655,0.0
2012-10-28T09:00:00Z,0.002061484178845,0.0,0.102705094585655,0.0
2012-10-28T10:00:00Z,0.0204430923315429,0.0,0.102705094585655,0.0
2012-10-28T11:00:00Z,0.1986136014217069,0.0,0.102705094585655,0.0
2012-10-28T12:00:00Z,0.0193452766484507,0.0,0.102705094585655,0.0
2012-10-28T13:00:00Z,0.0018873791464049,0.0,0.102705094585655,0.0
2012-10-28T14:00:00Z,0.1878702384910947,0.0,0.102705094585655,0.0
2012-10-28T15:00:00Z,0.1958414434335256,0.0,0.102705094585655,0.0
2012-10-28T16:00:00Z,0.2067862932488166,0.0,0.0,0.0
2012-10-28T17:00:00Z,0.2018200821104769,0.249079788558935,0.1369706192075646,0.2491799829216085
2012-10-28T18:00:00Z,0.0019014914522869,0.2767553206210389,0.1369706192075646,0.27686724301960364
2012-10-28T19:00:00Z,0.0180596062642672,0.1383776603105194,0.1369706192075646,0.13843362150980182
2012-10-28T20:00:00Z,0.0170221583232027,0.2075664904657792,0.1369706192075646,0.20765043226470278
2012-10-28T21:00:00Z,0.0015988209478959,0.2767553206210389,0.1712753492352201,0.27686724301960364
2012-10-28T22:00:00Z,0.1487220025467218,0.2905930866520909,0.1712753492352201,0.29070953357851426
2012-10-28T23:00:00Z,0.0014293875132154,0.2905930866520909,0.1712753492352201,0.29070953357851426
2012-10-29T00:00:00Z,0.0138488632488305,0.3321063847452467,0.1712753492352201,0.33223908423542003
2012-10-29T01:00:00Z,0.0135981932002125,0.3459441507762986,0.1712753492352201,0.3460840537745046
2012-10-29T02:00:00Z,0.0138111583756393,0.3459441507762986,0.1712753492352201,0.3460840537745046
2012-10-29T03:00:00Z,0.1402699116566888,0.3597819168073506,0.1712753492352201,0.3599263443334152
2012-10-29T04:00:00Z,0.1414891716503888,0.3597819168073506,0.1712753492352201,0.3599263443334152
2012-10-29T05:00:00Z,0.0147777275776213,0.3736196828384025,0.0,0.37376863489232576
2012-10-29T06:00:00Z,0.0157002242159458,0.3736196828384025,0.0,0.37376863489232576
2012-10-29T07:00:00Z,0.1698286838069038,0.0,0.0,0.0
2012-10-29T08:00:00Z,0.0178619063148166,0.0,0.102705094585655,0.0
2012-10-29T09:00:00Z,0.0182644062277493,0.0,0.102705094585655,0.0
2012-10-29T10:00:00Z,0.1867936641075651,0.0,0.102705094585655,0.0
2012-10-29T11:00:00Z,0.1833070990263322,0.0,0.102705094585655,0.0
2012-10-29T12:00:00Z,0.1762005449929042,0.0,0.102705094585655,0.0
2012-10-29T13:00:00Z,0.1716770763180698,0.0,0.102705094585655,0.0
2012-10-29T14:00:00Z,0.1696663390293653,0.0,0.102705094585655,0.0
2012-10-29T15:00:00Z,0.017395893976311,0.0,0.102705094585655,0.0
2012-10-29T16:00:00Z,0.1901397170523107,0.0,0.0,0.0
2012-10-29T17:00:00Z,0.0192321698612148,0.4289707469626103,0.1369706192075646,0.42914315508831613
2012-10-29T18:00:00Z,0.1863668212893814,0.4566462790247142,0.1369706192075646,0.45683041518631134
2012-10-29T19:00:00Z,0.0017979056546336,0.2905930866520909,0.1369706192075646,0.29070953357851426
2012-10-29T20:00:00Z,0.1723368528563835,0.3459441507762986,0.1369706192075646,0.3460840537745046
2012-10-29T21:00:00Z,0.1662123760533792,0.4151329809315584,0.1712753492352201,0.41530086452940557
2012-10-29T22:00:00Z,0.0015609296650699,0.4151329809315584,0.1712753492352201,0.41530086452940557
2012-10-29T23:00:00Z,0.0014794322342904,0.4151329809315584,0.1712753492352201,0.41530086452940557
2012-10-30T00:00:00Z,0.1437582194330371,0.4289707469626103,0.1712753492352201,0.42914315508831613
2012-10-30T01:00:00Z,0.1421671387927712,0.4289707469626103,0.1712753492352201,0.42914315508831613
2012-10-30T02:00:00Z,0.014268950675837,0.4289707469626103,0.1712753492352201,0.42914315508831613
2012-10-30T03:00:00Z,0.1464172784663199,0.4428085129936623,0.1712753492352201,0.4429854456472267
2012-10-30T04:00:00Z,0.0155765516052917,0.4428085129936623,0.1712753492352201,0.4429854456472267
2012-10-30T05:00:00Z,0.0173670396446043,0.4428085129936623,0.0,0.4429854456472267
2012-10-30T06:00:00Z,0.1869026902469131,0.4428085129936623,0.0,0.4429854456472267
2012-10-30T07:00:00Z,0.1991398757656825,0.0,0.0,0.0
2012-10-30T08:00:00Z,0.2068698642909749,0.0,0.102705094585655,0.0
2012-10-30T09:00:00Z,0.021038984408248,0.0,0.102705094585655,0.0
2012-10-30T10:00:00Z,0.0216269540754739,0.0,0.102705094585655,0.0
2012-10-30T11:00:00Z,0.2143008533285079,0.0,0.102705094585655,0.0
2012-10-30T12:00:00Z,0.208212679410265,0.0,0.102705094585655,0.0
2012-10-30T13:00:00Z,0.203603701189717,0.0,0.102705094585655,0.0
2012-10-30T14:00:00Z,0.0199472896969878,0.0,0.102705094585655,0.0
2012-10-30T15:00:00Z,0.2019912578486558,0.0,0.102705094585655,0.0
2012-10-30T16:00:00Z,0.0214139223251775,0.0,0.0,0.0
2012-10-30T17:00:00Z,0.2137143287275686,0.3736196828384025,0.1369706192075646,0.37376863489232576
2012-10-30T18:00:00Z,0.2076307563076638,0.4012952149005064,0.1369706192075646,0.40145589499032097
2012-10-30T19:00:00Z,0.196061218826493,0.249079788558935,0.1369706192075646,0.2491799829216085
2012-10-30T20:00:00Z,0.0184798111763376,0.3321063847452467,0.1369706192075646,0.33223908423542003
2012-10-30T21:00:00Z,0.017645283437732,0.4012952149005064,0.1712753492352201,0.40145589499032097
2012-10-30T22:00:00Z,0.0166996931520032,0.4151329809315584,0.1712753492352201,0.41530086452940557
2012-10-30T23:00:00Z,0.1572054815296741,0.4012952149005064,0.1712753492352201,0.40145589499032097
2012-10-31T00:00:00Z,0.1544920464926251,0.4428085129936623,0.1712753492352201,0.4429854456472267
2012-10-31T01:00:00Z,0.1529329217897544,0.4289707469626103,0.1712753492352201,0.42914315508831613
2012-10-31T02:00:00Z,0.0153347242658205,0.4289707469626103,0.1712753492352201,0.42914315508831613
2012-10-31T03:00:00Z,0.1579755373813513,0.4289707469626103,0.1712753492352201,0.42914315508831613
2012-10-31T04:00:00Z,0.1652461593065891,0.4289707469626103,0.1712753492352201,0.42914315508831613
2012-10-31T05:00:00Z,0.1793689213592655,0.4428085129936623,0.0,0.4429854456472267
2012-10-31T06:00:00Z,0.1896364893617138,0.4428085129936623,0.0,0.4429854456472267
2012-10-31T07:00:00Z,0.0020172686750265,0.0,0.0,0.0
2012-10-31T08:00:00Z,0.2050177514194504,0.0,0.102705094585655,0.0
2012-10-31T09:00:00Z,0.2108602053264365,0.0,0.102705094585655,0.0
2012-10-31T10:00:00Z,0.0218560225369999,0.0,0.102705094585655,0.0
2012-10-31T11:00:00Z,0.0217719658899106,0.0,0.102705094585655,0.0
2012-10-31T12:00:00Z,0.2113691114617911,0.0,0.102705094585655,0.0
2012-10-31T13:00:00Z,0.2044992506705396,0.0,0.102705094585655,0.0
2012-10-31T14:00:00Z,0.020198441434368,0.0,0.102705094585655,0.0
2012-10-31T15:00:00Z,0.2038400419767017,0.0,0.102705094585655,0.0
2012-10-31T16:00:00Z,0.0021855805189631,0.0,0.0,0.0
2012-10-31T17:00:00Z,0.2222427849091708,0.2767553206210389,0.1369706192075646,0.27686724301960364
2012-10-31T18:00:00Z,0.0216099226573696,0.3182686187141947,0.1369706192075646,0.3183967936765094
2012-10-31T19:00:00Z,0.0205766885139322,0.1798909584036753,0.1369706192075646,0.1799631721667076
2012-10-31T20:00:00Z,0.0194961783807602,0.249079788558935,0.1369706192075646,0.2491799829216085
2012-10-31T21:00:00Z,0.0018682337803832,0.3044308526831428,0.1712753492352201,0.3045518241374249
2012-10-31T22:00:00Z,0.0017680139298122,0.3044308526831428,0.1712753492352201,0.3045518241374249
2012-10-31T23:00:00Z,0.1695903457738319,0.2905930866520909,0.1712753492352201,0.29070953357851426
2012-11-01T00:00:00Z,0.1648434400882037,0.3597819168073506,0.1712753492352201,0.3599263443334152
2012-11-01T01:00:00Z,0.0016149524304104,0.3597819168073506,0.1712753492352201,0.3599263443334152
2012-11-01T02:00:00Z,0.1636091615871617,0.3736196828384025,0.1712753492352201,0.37376863489232576
2012-11-01T03:00:00Z,0.1710019679789102,0.3874574488694545,0.1712753492352201,0.38761360443141035
2012-11-01T04:00:00Z,0.1879827696015172,0.4012952149005064,0.1712753492352201,0.40145589499032097
2012-11-01T05:00:00Z,0.2201184591444681,0.4012952149005064,0.0,0.40145589499032097
2012-11-01T06:00:00Z,0.2408171147775427,0.4151329809315584,0.0,0.41530086452940557
2012-11-01T07:00:00Z,0.0249689459531756,0.0,0.0,0.0
2012-11-01T08:00:00Z,0.0002507706941561,0.0,0.102705094585655,0.0
2012-11-01T09:00:00Z,0.0025493228925317,0.0,0.102705094585655,0.0
2012-11-01T10:00:00Z,0.2583049819361691,0.0,0.102705094585655,0.0
2012-11-01T11:00:00Z,0.2550737510605931,0.0,0.102705094585655,0.0
2012-11-01T12:00:00Z,0.0250119024087254,0.0,0.102705094585655,0.0
2012-11-01T13:00:00Z,0.2447325786655786,0.0,0.102705094585655,0.0
2012-11-01T14:00:00Z,0.0024371861403071,0.0,0.102705094585655,0.0
2012-11-01T15:00:00Z,0.0024597542378586,0.0,0.102705094585655,0.0
2012-11-01T16:00:00Z,0.0025534137224585,0.0,0.0,0.0
2012-11-01T17:00:00Z,0.2541408413294336,0.3182686187141947,0.1369706192075646,0.3183967936765094
2012-11-01T18:00:00Z,0.0024917783165908,0.3321063847452467,0.1369706192075646,0.33223908423542003
2012-11-01T19:00:00Z,0.0023539526718992,0.1660531923726233,0.1369706192075646,0.166120881607797
2012-11-01T20:00:00Z,0.2204022443164456,0.249079788558935,0.1369706192075646,0.2491799829216085
2012-11-01T21:00:00Z,0.0204993089346442,0.3182686187141947,0.1712753492352201,0.3183967936765094
2012-11-01T22:00:00Z,0.0189126144034325,0.3321063847452467,0.1712753492352201,0.33223908423542003
2012-11-01T23:00:00Z,0.0017982322631114,0.3321063847452467,0.1712753492352201,0.33223908423542003
2012-11-02T00:00:00Z,0.175242160583711,0.3597819168073506,0.1712753492352201,0.3599263443334152
2012-11-02T01:00:00Z,0.1740208837630799,0.3736196828384025,0.1712753492352201,0.37376863489232576
2012-11-02T02:00:00Z,0.0017683099921733,0.3736196828384025,0.1712753492352201,0.37376863489232576
2012-11-02T03:00:00Z,0.0018345108676262,0.3736196828384025,0.1712753492352201,0.37376863489232576
2012-11-02T04:00:00Z,0.1981836452493285,0.3874574488694545,0.1712753492352201,0.38761360443141035
2012-11-02T05:00:00Z,0.0022748178657558,0.3874574488694545,0.0,0.38761360443141035
2012-11-02T06:00:00Z,0.0246164515996298,0.4012952149005064,0.0,0.40145589499032097
2012-11-02T07:00:00Z,0.2537098669531675,0.0,0.0,0.0
2012-11-02T08:00:00Z,0.2550004012189987,0.0,0.102705094585655,0.0
2012-11-02T09:00:00Z,0.2569217127931913,0.0,0.102705094585655,0.0
2012-11-02T10:00:00Z,0.0026106144587789,0.0,0.102705094585655,0.0
2012-11-02T11:00:00Z,0.2582745141429174,0.0,0.102705094585655,0.0
2012-11-02T12:00:00Z,0.2529809896164057,0.0,0.102705094585655,0.0
2012-11-02T13:00:00Z,0.2487051402946953,0.0,0.102705094585655,0.0
2012-11-02T14:00:00Z,0.0248331058060648,0.0,0.102705094585655,0.0
2012-11-02T15:00:00Z,0.0025123534758408,0.0,0.102705094585655,0.0
2012-11-02T16:00:00Z,0.2646324729296835,0.0,0.0,0.0
2012-11-02T17:00:00Z,0.0264433600087677,0.2905930866520909,0.1369706192075646,0.29070953357851426
2012-11-02T18:00:00Z,0.0254647681685747,0.3459441507762986,0.1369706192075646,0.3460840537745046
2012-11-02T19:00:00Z,0.2393776290314636,0.1937287244347272,0.1369706192075646,0.1938054627256182
2012-11-02T20:00:00Z,0.0224417599880107,0.2767553206210389,0.1369706192075646,0.27686724301960364
2012-11-02T21:00:00Z,0.0020845938825414,0.3459441507762986,0.1712753492352201,0.3460840537745046
2012-11-02T22:00:00Z,0.1936149252440282,0.3459441507762986,0.1712753492352201,0.3460840537745046
2012-11-02T23:00:00Z,0.0017947139770629,0.3044308526831428,0.1712753492352201,0.3045518241374249
2012-11-03T00:00:00Z,0.1726914619410804,0.3321063847452467,0.1712753492352201,0.33223908423542003
2012-11-03T01:00:00Z,0.1710434989490175,0.3182686187141947,0.1712753492352201,0.3183967936765094
2012-11-03T02:00:00Z,0.0174432130439023,0.3182686187141947,0.1712753492352201,0.3183967936765094
2012-11-03T03:00:00Z,0.0180159683953464,0.3044308526831428,0.1712753492352201,0.3045518241374249
2012-11-03T04:00:00Z,0.0019235602383166,0.3044308526831428,0.1712753492352201,0.3045518241374249
2012-11-03T05:00:00Z,0.0022255086011812,0.2905930866520909,0.0,0.29070953357851426
2012-11-03T06:00:00Z,0.0241793092575062,0.2905930866520909,0.0,0.29070953357851426
2012-11-03T07:00:00Z,0.0248818425267611,0.0,0.0,0.0
2012-11-03T08:00:00Z,0.2509259800394351,0.0,0.102705094585655,0.0
2012-11-03T09:00:00Z,0.2523097974460447,0.0,0.102705094585655,0.0
2012-11-03T10:00:00Z,0.2542647489102156,0.0,0.102705094585655,0.0
2012-11-03T11:00:00Z,0.2509399803428894,0.0,0.102705094585655,0.0
2012-11-03T12:00:00Z,0.024389924731654,0.0,0.102705094585655,0.0
2012-11-03T13:00:00Z,0.0236728781408322,0.0,0.102705094585655,0.0
2012-11-03T14:00:00Z,0.0233072528733054,0.0,0.102705094585655,0.0
2012-11-03T15:00:00Z,0.2349163099554601,0.0,0.102705094585655,0.0
2012-11-03T16:00:00Z,0.2441853136568434,0.0,0.0,0.0
2012-11-03T17:00:00Z,0.024146714984597,0.3044308526831428,0.1369706192075646,0.3045518241374249
2012-11-03T18:00:00Z,0.0023342445524212,0.3182686187141947,0.1369706192075646,0.3183967936765094
2012-11-03T19:00:00Z,0.0221671895612159,0.1522154263415714,0.1369706192075646,0.15227591206871244
2012-11-03T20:00:00Z,0.0207344670386517,0.2075664904657792,0.1369706192075646,0.20765043226470278
2012-11-03T21:00:00Z,0.1953568958680972,0.2767553206210389,0.1712753492352201,0.27686724301960364
2012-11-03T22:00:00Z,0.1817920508032877,0.2905930866520909,0.1712753492352201,0.29070953357851426
2012-11-03T23:00:00Z,0.1707304404152718,0.2767553206210389,0.1712753492352201,0.27686724301960364
2012-11-04T00:00:00Z,1.6407180797856105e-05,0.3321063847452467,0.1712753492352201,0.33223908423542003
2012-11-04T01:00:00Z,0.1607131155990425,0.3182686187141947,0.1712753492352201,0.3183967936765094
2012-11-04T02:00:00Z,0.1601873307761667,0.3459441507762986,0.1712753492352201,0.3460840537745046
2012-11-04T03:00:00Z,0.0160894444004831,0.3597819168073506,0.1712753492352201,0.3599263443334152
2012-11-04T04:00:00Z,0.1626884115601213,0.3597819168073506,0.1712753492352201,0.3599263443334152
2012-11-04T05:00:00Z,0.1714919590189685,0.3874574488694545,0.0,0.38761360443141035
2012-11-04T06:00:00Z,0.0018319308956218,0.3874574488694545,0.0,0.38761360443141035
2012-11-04T07:00:00Z,0.1934846343081049,0.0,0.0,0.0
2012-11-04T08:00:00Z,0.0202310631204588,0.0,0.102705094585655,0.0
2012-11-04T09:00:00Z,0.2098211478399958,0.0,0.102705094585655,0.0
2012-11-04T10:00:00Z,0.0021342411124833,0.0,0.102705094585655,0.0
2012-11-04T11:00:00Z,0.2132262957719096,0.0,0.102705094585655,0.0
2012-11-04T12:00:00Z,0.0207346276015724,0.0,0.102705094585655,0.0
2012-11-04T13:00:00Z,0.202525873632172,0.0,0.102705094585655,0.0
2012-11-04T14:00:00Z,0.1998656397482496,0.0,0.102705094585655,0.0
2012-11-04T15:00:00Z,0.0200669169052731,0.0,0.102705094585655,0.0
2012-11-04T16:00:00Z,0.2161941251341039,0.0,0.0,0.0
2012-11-04T17:00:00Z,0.2200012873740194,0.3597819168073506,0.1369706192075646,0.3599263443334152
2012-11-04T18:00:00Z,0.2132758548880536,0.3736196828384025,0.1369706192075646,0.37376863489232576
2012-11-04T19:00:00Z,0.0201326302177106,0.2214042564968311,0.1369706192075646,0.22149272282361335
2012-11-04T20:00:00Z,0.1904849664935794,0.2767553206210389,0.1369706192075646,0.27686724301960364
2012-11-04T21:00:00Z,0.1852245335934143,0.3459441507762986,0.1712753492352201,0.3460840537745046
2012-11-04T22:00:00Z,0.0174503248064403,0.3597819168073506,0.1712753492352201,0.3599263443334152
2012-11-04T23:00:00Z,0.1647652733589872,0.3597819168073506,0.1712753492352201,0.3599263443334152
2012-11-05T00:00:00Z,0.0015824873910715,0.4012952149005064,0.1712753492352201,0.40145589499032097
2012-11-05T01:00:00Z,0.1554280695779794,0.4151329809315584,0.1712753492352201,0.41530086452940557
2012-11-05T02:00:00Z,0.155909817082717,0.4289707469626103,0.1712753492352201,0.42914315508831613
2012-11-05T03:00:00Z,0.1577180884445432,0.4289707469626103,0.1712753492352201,0.42914315508831613
2012-11-05T04:00:00Z,0.15967875751516,0.4289707469626103,0.1712753492352201,0.42914315508831613
2012-11-05T05:00:00Z,0.0016401161646415,0.4289707469626103,0.0,0.42914315508831613
2012-11-05T06:00:00Z,0.1707441665869102,0.4289707469626103,0.0,0.42914315508831613
2012-11-05T07:00:00Z,0.1810293573489514,0.0,0.0,0.0
2012-11-05T08:00:00Z,0.1909272781785169,0.0,0.102705094585655,0.0
2012-11-05T09:00:00Z,0.0197120532696043,0.0,0.102705094585655,0.0
2012-11-05T10:00:00Z,0.020650942990519,0.0,0.102705094585655,0.0
2012-11-05T11:00:00Z,0.2028052726950953,0.0,0.102705094585655,0.0
2012-11-05T12:00:00Z,0.0196340627679838,0.0,0.102705094585655,0.0
2012-11-05T13:00:00Z,0.1876789336452919,0.0,0.102705094585655,0.0
2012-11-05T14:00:00Z,0.1880337972809606,0.0,0.102705094585655,0.0
2012-11-05T15:00:00Z,0.0019627046951581,0.0,0.102705094585655,0.0
2012-11-05T16:00:00Z,0.0214996159308245,0.0,0.0,0.0
2012-11-05T17:00:00Z,0.2169357104386166,0.4012952149005064,0.1369706192075646,0.40145589499032097
2012-11-05T18:00:00Z,0.020942916871454,0.4012952149005064,0.1369706192075646,0.40145589499032097
2012-11-05T19:00:00Z,0.2000014329013348,0.2352420225278831,0.1369706192075646,0.23533769236269794
2012-11-05T20:00:00Z,0.1940131212874515,0.3044308526831428,0.1369706192075646,0.3045518241374249
2012-11-05T21:00:00Z,0.1909239494350382,0.3874574488694545,0.1712753492352201,0.38761360443141035
2012-11-05T22:00:00Z,0.1818777953191291,0.3874574488694545,0.1712753492352201,0.38761360443141035
2012-11-05T23:00:00Z,0.171307213755903,0.3874574488694545,0.1712753492352201,0.38761360443141035
2012-11-06T00:00:00Z,0.001659646881673,0.4289707469626103,0.1712753492352201,0.42914315508831613
2012-11-06T01:00:00Z,0.0016369832296027,0.4289707469626103,0.1712753492352201,0.42914315508831613
2012-11-06T02:00:00Z,0.1653567910751445,0.4289707469626103,0.1712753492352201,0.42914315508831613
2012-11-06T03:00:00Z,0.1714472363712905,0.4428085129936623,0.1712753492352201,0.4429854456472267
2012-11-06T04:00:00Z,0.189296468005791,0.4428085129936623,0.1712753492352201,0.4429854456472267
2012-11-06T05:00:00Z,0.2231774569162896,0.4428085129936623,0.0,0.4429854456472267
2012-11-06T06:00:00Z,0.2447840371235898,0.4428085129936623,0.0,0.4429854456472267
2012-11-06T07:00:00Z,0.0025344841373376,0.0,0.0,0.0
2012-11-06T08:00:00Z,0.0002576259476377,0.0,0.102705094585655,0.0
2012-11-06T09:00:00Z,0.0026097329291823,0.0,0.102705094585655,0.0
2012-11-06T10:00:00Z,0.264975705544021,0.0,0.102705094585655,0.0
2012-11-06T11:00:00Z,0.2607035765826691,0.0,0.102705094585655,0.0
2012-11-06T12:00:00Z,0.0256096429171034,0.0,0.102705094585655,0.0
2012-11-06T13:00:00Z,0.2503502836452234,0.0,0.102705094585655,0.0
2012-11-06T14:00:00Z,0.2477366521700022,0.0,0.102705094585655,0.0
2012-11-06T15:00:00Z,0.2499031354918198,0.0,0.102705094585655,0.0
2012-11-06T16:00:00Z,0.2596800467055142,0.0,0.0,0.0
2012-11-06T17:00:00Z,0.0257326654437369,0.3597819168073506,0.1369706192075646,0.3599263443334152
2012-11-06T18:00:00Z,0.002505684631994,0.3874574488694545,0.1369706192075646,0.38761360443141035
2012-11-06T19:00:00Z,0.0239115490482519,0.249079788558935,0.1369706192075646,0.2491799829216085
2012-11-06T20:00:00Z,0.2248086391250513,0.3044308526831428,0.1369706192075646,0.3045518241374249
2012-11-06T21:00:00Z,0.0210521897294363,0.3736196828384025,0.1712753492352201,0.37376863489232576
2012-11-06T22:00:00Z,0.0019697816037937,0.3874574488694545,0.1712753492352201,0.38761360443141035
2012-11-06T23:00:00Z,0.0018433104989163,0.3874574488694545,0.1712753492352201,0.38761360443141035
2012-11-07T00:00:00Z,0.1779251278275082,0.4289707469626103,0.1712753492352201,0.42914315508831613
2012-11-07T01:00:00Z,0.0017471607225775,0.4289707469626103,0.1712753492352201,0.42914315508831613
2012-11-07T02:00:00Z,0.0175882718523646,0.4289707469626103,0.1712753492352201,0.42914315508831613
2012-11-07T03:00:00Z,0.1818385553077689,0.4428085129936623,0.1712753492352201,0.4429854456472267
2012-11-07T04:00:00Z,0.0019522751544141,0.4428085129936623,0.1712753492352201,0.4429854456472267
2012-11-07T05:00:00Z,0.0022477763285858,0.4428085129936623,0.0,0.4429854456472267
2012-11-07T06:00:00Z,0.2456429508453032,0.4428085129936623,0.0,0.4429854456472267
2012-11-07T07:00:00Z,0.0002533404841216,0.0,0.0,0.0
2012-11-07T08:00:00Z,0.0025220318954092,0.0,0.102705094585655,0.0
2012-11-07T09:00:00Z,0.2516047108347332,0.0,0.102705094585655,0.0
2012-11-07T10:00:00Z,0.0256237058792585,0.0,0.102705094585655,0.0
2012-11-07T11:00:00Z,0.2551540912634927,0.0,0.102705094585655,0.0
2012-11-07T12:00:00Z,0.0025166980735058,0.0,0.102705094585655,0.0
2012-11-07T13:00:00Z,0.0024794897705183,0.0,0.102705094585655,0.0
2012-11-07T14:00:00Z,0.2465238930165076,0.0,0.102705094585655,0.0
2012-11-07T15:00:00Z,0.0250593076320303,0.0,0.102705094585655,0.0
2012-11-07T16:00:00Z,0.0026144895078049,0.0,0.0,0.0
2012-11-07T17:00:00Z,0.2588269484944664,0.4566462790247142,0.1369706192075646,0.45683041518631134
2012-11-07T18:00:00Z,0.0025192404502897,0.4704840450557662,0.1369706192075646,0.47067270574522185
2012-11-07T19:00:00Z,0.0002384179229153,0.3044308526831428,0.1369706192075646,0.3045518241374249
2012-11-07T20:00:00Z,0.0022348122433956,0.3597819168073506,0.1369706192075646,0.3599263443334152
2012-11-07T21:00:00Z,0.2096627583929438,0.4289707469626103,0.1712753492352201,0.42914315508831613
2012-11-07T22:00:00Z,0.1968071706592159,0.4151329809315584,0.1712753492352201,0.41530086452940557
2012-11-07T23:00:00Z,0.0184525507253318,0.4012952149005064,0.1712753492352201,0.40145589499032097
2012-11-08T00:00:00Z,0.0017760773213681,0.4289707469626103,0.1712753492352201,0.42914315508831613
2012-11-08T01:00:00Z,0.1730263922775652,0.4289707469626103,0.1712753492352201,0.42914315508831613
2012-11-08T02:00:00Z,0.1757123162288053,0.4289707469626103,0.1712753492352201,0.42914315508831613
2012-11-08T03:00:00Z,0.1812005722488183,0.4289707469626103,0.1712753492352201,0.42914315508831613
2012-11-08T04:00:00Z,0.1960247397141357,0.4289707469626103,0.1712753492352201,0.42914315508831613
2012-11-08T05:00:00Z,0.2271895131077384,0.4289707469626103,0.0,0.42914315508831613
2012-11-08T06:00:00Z,0.002467102536992,0.4289707469626103,0.0,0.42914315508831613
2012-11-08T07:00:00Z,0.2564931076990484,0.0,0.0,0.0
2012-11-08T08:00:00Z,0.255834662658126,0.0,0.102705094585655,0.0
2012-11-08T09:00:00Z,0.2568547463067384,0.0,0.102705094585655,0.0
2012-11-08T10:00:00Z,0.2584676791688994,0.0,0.102705094585655,0.0
2012-11-08T11:00:00Z,0.2563087344720187,0.0,0.102705094585655,0.0
2012-11-08T12:00:00Z,0.0251947679107676,0.0,0.102705094585655,0.0
2012-11-08T13:00:00Z,0.0247113012079275,0.0,0.102705094585655,0.0
2012-11-08T14:00:00Z,0.2448907723041907,0.0,0.102705094585655,0.0
2012-11-08T15:00:00Z,0.0247562039993702,0.0,0.102705094585655,0.0
2012-11-08T16:00:00Z,0.0025774319773161,0.0,0.0,0.0
2012-11-08T17:00:00Z,0.0255907160733006,0.4704840450557662,0.1369706192075646,0.47067270574522185
2012-11-08T18:00:00Z,0.0024950295199273,0.4843218110868181,0.1369706192075646,0.4845149963041325
2012-11-08T19:00:00Z,0.0023621018275519,0.3044308526831428,0.1369706192075646,0.3045518241374249
2012-11-08T20:00:00Z,0.0022468556373013,0.3597819168073506,0.1369706192075646,0.3599263443334152
2012-11-08T21:00:00Z,0.0021017134144437,0.4151329809315584,0.1712753492352201,0.41530086452940557
2012-11-08T22:00:00Z,0.1959453981342797,0.4012952149005064,0.1712753492352201,0.40145589499032097
2012-11-08T23:00:00Z,0.0187137161063296,0.3874574488694545,0.1712753492352201,0.38761360443141035
2012-11-09T00:00:00Z,0.0001807950235984,0.4012952149005064,0.1712753492352201,0.40145589499032097
2012-11-09T01:00:00Z,0.1779698113134982,0.4012952149005064,0.1712753492352201,0.40145589499032097
2012-11-09T02:00:00Z,0.1798365902371728,0.3874574488694545,0.1712753492352201,0.38761360443141035
2012-11-09T03:00:00Z,0.1862466732306459,0.3874574488694545,0.1712753492352201,0.38761360443141035
2012-11-09T04:00:00Z,0.1992286357314987,0.3874574488694545,0.1712753492352201,0.38761360443141035
2012-11-09T05:00:00Z,0.0227522690958686,0.3874574488694545,0.0,0.38761360443141035
2012-11-09T06:00:00Z,0.0246092184358591,0.3874574488694545,0.0,0.38761360443141035
2012-11-09T07:00:00Z,0.2527507776335906,0.0,0.0,0.0
2012-11-09T08:00:00Z,0.0251930722096779,0.0,0.102705094585655,0.0
2012-11-09T09:00:00Z,0.2571278207570522,0.0,0.102705094585655,0.0
2012-11-09T10:00:00Z,0.0026082573167791,0.0,0.102705094585655,0.0
2012-11-09T11:00:00Z,0.0258481297645895,0.0,0.102705094585655,0.0
2012-11-09T12:00:00Z,0.2550050027173369,0.0,0.102705094585655,0.0
2012-11-09T13:00:00Z,0.2477844098484989,0.0,0.102705094585655,0.0
2012-11-09T14:00:00Z,0.2437244393318014,0.0,0.102705094585655,0.0
2012-11-09T15:00:00Z,0.2467442558347946,0.0,0.102705094585655,0.0
2012-11-09T16:00:00Z,0.2594389086117514,0.0,0.0,0.0
2012-11-09T17:00:00Z,0.0259233985288952,0.4151329809315584,0.1369706192075646,0.41530086452940557
2012-11-09T18:00:00Z,0.2528180574135474,0.4151329809315584,0.1369706192075646,0.41530086452940557
2012-11-09T19:00:00Z,0.2388342410298389,0.2352420225278831,0.1369706192075646,0.23533769236269794
2012-11-09T20:00:00Z,0.022460189478376,0.2905930866520909,0.1369706192075646,0.29070953357851426
2012-11-09T21:00:00Z,0.0210838441218339,0.3597819168073506,0.1712753492352201,0.3599263443334152
2012-11-09T22:00:00Z,0.0019844719361903,0.3597819168073506,0.1712753492352201,0.3599263443334152
2012-11-09T23:00:00Z,0.1874576309464931,0.3459441507762986,0.1712753492352201,0.3460840537745046
2012-11-10T00:00:00Z,0.0018150780548147,0.3736196828384025,0.1712753492352201,0.37376863489232576
2012-11-10T01:00:00Z,0.1795971556768374,0.3736196828384025,0.1712753492352201,0.37376863489232576
2012-11-10T02:00:00Z,0.0180786975871595,0.3736196828384025,0.1712753492352201,0.37376863489232576
2012-11-10T03:00:00Z,0.1869581627779427,0.3874574488694545,0.1712753492352201,0.38761360443141035
2012-11-10T04:00:00Z,0.1999442176751899,0.3736196828384025,0.1712753492352201,0.37376863489232576
2012-11-10T05:00:00Z,0.0227958952162829,0.3874574488694545,0.0,0.38761360443141035
2012-11-10T06:00:00Z,0.2480936305368221,0.4012952149005064,0.0,0.40145589499032097
2012-11-10T07:00:00Z,0.0025611497223029,0.0,0.0,0.0
2012-11-10T08:00:00Z,0.2561275137608719,0.0,0.102705094585655,0.0
2012-11-10T09:00:00Z,0.0025735663270952,0.0,0.102705094585655,0.0
2012-11-10T10:00:00Z,0.2577293834461774,0.0,0.102705094585655,0.0
2012-11-10T11:00:00Z,0.2546413472827156,0.0,0.102705094585655,0.0
2012-11-10T12:00:00Z,0.247553825829648,0.0,0.102705094585655,0.0
2012-11-10T13:00:00Z,0.2402795422865837,0.0,0.102705094585655,0.0
2012-11-10T14:00:00Z,0.0238270146285692,0.0,0.102705094585655,0.0
2012-11-10T15:00:00Z,0.2412137247726027,0.0,0.102705094585655,0.0
2012-11-10T16:00:00Z,0.0025078075870996,0.0,0.0,0.0
2012-11-10T17:00:00Z,0.0249202053163104,0.4289707469626103,0.1369706192075646,0.42914315508831613
2012-11-10T18:00:00Z,0.0024126231463696,0.4566462790247142,0.1369706192075646,0.45683041518631134
2012-11-10T19:00:00Z,0.2258716244028503,0.3044308526831428,0.1369706192075646,0.3045518241374249
2012-11-10T20:00:00Z,0.0021100611198544,0.3736196828384025,0.1369706192075646,0.37376863489232576
2012-11-10T21:00:00Z,0.0019737463330852,0.4428085129936623,0.1712753492352201,0.4429854456472267
2012-11-10T22:00:00Z,0.0018472579970651,0.4428085129936623,0.1712753492352201,0.4429854456472267
2012-11-10T23:00:00Z,0.0017567439792441,0.4289707469626103,0.1712753492352201,0.42914315508831613
2012-11-11T00:00:00Z,0.1699540207892971,0.4566462790247142,0.1712753492352201,0.45683041518631134
2012-11-11T01:00:00Z,0.0164853494851593,0.4566462790247142,0.1712753492352201,0.45683041518631134
2012-11-11T02:00:00Z,0.1627894487151206,0.4704840450557662,0.1712753492352201,0.47067270574522185
2012-11-11T03:00:00Z,0.0016289918955527,0.4704840450557662,0.1712753492352201,0.47067270574522185
2012-11-11T04:00:00Z,0.0016474135535805,0.4704840450557662,0.1712753492352201,0.47067270574522185
2012-11-11T05:00:00Z,0.170216932781579,0.4704840450557662,0.0,0.47067270574522185
2012-11-11T06:00:00Z,0.0018062823396935,0.4704840450557662,0.0,0.47067270574522185
2012-11-11T07:00:00Z,0.001925240666348,0.0,0.0,0.0
2012-11-11T08:00:00Z,0.2017207680697489,0.0,0.102705094585655,0.0
2012-11-11T09:00:00Z,0.2083355296254714,0.0,0.102705094585655,0.0
2012-11-11T10:00:00Z,0.0211898039010127,0.0,0.102705094585655,0.0
2012-11-11T11:00:00Z,0.0020996080820976,0.0,0.102705094585655,0.0
2012-11-11T12:00:00Z,0.0020236461559147,0.0,0.102705094585655,0.0
2012-11-11T13:00:00Z,0.0195425184061519,0.0,0.102705094585655,0.0
2012-11-11T14:00:00Z,0.0193461303732488,0.0,0.102705094585655,0.0
2012-11-11T15:00:00Z,0.0200134925305251,0.0,0.102705094585655,0.0
2012-11-11T16:00:00Z,0.2136680200315273,0.0,0.0,0.0
2012-11-11T17:00:00Z,0.0213237212092435,0.4704840450557662,0.1369706192075646,0.47067270574522185
2012-11-11T18:00:00Z,0.205647902140804,0.4843218110868181,0.1369706192075646,0.4845149963041325
2012-11-11T19:00:00Z,0.1944517517737185,0.3321063847452467,0.1369706192075646,0.33223908423542003
2012-11-11T20:00:00Z,0.0183937846963427,0.4012952149005064,0.1369706192075646,0.40145589499032097
2012-11-11T21:00:00Z,0.0176702764270035,0.4566462790247142,0.1712753492352201,0.45683041518631134
2012-11-11T22:00:00Z,0.0016437014171764,0.4566462790247142,0.1712753492352201,0.45683041518631134
2012-11-11T23:00:00Z,0.1543978822138672,0.4428085129936623,0.1712753492352201,0.4429854456472267
2012-11-12T00:00:00Z,0.1479970413787584,0.4843218110868181,0.1712753492352201,0.4845149963041325
2012-11-12T01:00:00Z,0.1444589395161382,0.4843218110868181,0.1712753492352201,0.4845149963041325
2012-11-12T02:00:00Z,0.1444814966484172,0.4843218110868181,0.1712753492352201,0.4845149963041325
2012-11-12T03:00:00Z,0.00144932198725,0.4843218110868181,0.1712753492352201,0.4845149963041325
2012-11-12T04:00:00Z,0.0145354028847127,0.4843218110868181,0.1712753492352201,0.4845149963041325
2012-11-12T05:00:00Z,0.1486650418715488,0.4843218110868181,0.0,0.4845149963041325
2012-11-12T06:00:00Z,0.0001560025421694,0.4843218110868181,0.0,0.4845149963041325
2012-11-12T07:00:00Z,0.00168220675527,0.0,0.0,0.0
2012-11-12T08:00:00Z,0.1810153178838091,0.0,0.102705094585655,0.0
2012-11-12T09:00:00Z,0.1891219047816015,0.0,0.102705094585655,0.0
2012-11-12T10:00:00Z,0.019670639784561,0.0,0.102705094585655,0.0
2012-11-12T11:00:00Z,0.1960483542119902,0.0,0.102705094585655,0.0
2012-11-12T12:00:00Z,0.1874499356748042,0.0,0.102705094585655,0.0
2012-11-12T13:00:00Z,0.017987184554678,0.0,0.102705094585655,0.0
2012-11-12T14:00:00Z,0.0018073534118598,0.0,0.102705094585655,0.0
2012-11-12T15:00:00Z,0.0189116392774017,0.0,0.102705094585655,0.0
2012-11-12T16:00:00Z,0.2048850912014039,0.0,0.0,0.0
2012-11-12T17:00:00Z,0.0020801443315526,0.4843218110868181,0.1369706192075646,0.4845149963041325
2012-11-12T18:00:00Z,0.2024371724088878,0.49815957711787,0.1369706192075646,0.498359965843217
2012-11-12T19:00:00Z,0.0019453936626016,0.3459441507762986,0.1369706192075646,0.3460840537745046
2012-11-12T20:00:00Z,0.0018946283664676,0.4012952149005064,0.1369706192075646,0.40145589499032097
2012-11-12T21:00:00Z,0.0186053713803525,0.4704840450557662,0.1712753492352201,0.47067270574522185
2012-11-12T22:00:00Z,0.1763450124598779,0.4704840450557662,0.1712753492352201,0.47067270574522185
2012-11-12T23:00:00Z,0.1678873606101512,0.4566462790247142,0.1712753492352201,0.45683041518631134
2012-11-13T00:00:00Z,0.0162424373669309,0.4843218110868181,0.1712753492352201,0.4845149963041325
2012-11-13T01:00:00Z,0.0160461903161045,0.4843218110868181,0.1712753492352201,0.4845149963041325
2012-11-13T02:00:00Z,0.162367050748523,0.4843218110868181,0.1712753492352201,0.4845149963041325
2012-11-13T03:00:00Z,0.1706149525974064,0.4843218110868181,0.1712753492352201,0.4845149963041325
2012-11-13T04:00:00Z,0.1863518419437274,0.49815957711787,0.1712753492352201,0.498359965843217
2012-11-13T05:00:00Z,0.2186614681238601,0.49815957711787,0.0,0.498359965843217
2012-11-13T06:00:00Z,0.0024008358699033,0.4843218110868181,0.0,0.4845149963041325
2012-11-13T07:00:00Z,0.2502555711028336,0.0,0.0,0.0
2012-11-13T08:00:00Z,0.2517896323253945,0.0,0.102705094585655,0.0
2012-11-13T09:00:00Z,0.2549558352180727,0.0,0.102705094585655,0.0
2012-11-13T10:00:00Z,0.259531643488898,0.0,0.102705094585655,0.0
2012-11-13T11:00:00Z,0.2583311223628985,0.0,0.102705094585655,0.0
2012-11-13T12:00:00Z,0.2526575532353443,0.0,0.102705094585655,0.0
2012-11-13T13:00:00Z,0.2473496367884984,0.0,0.102705094585655,0.0
2012-11-13T14:00:00Z,0.0024338562219778,0.0,0.102705094585655,0.0
2012-11-13T15:00:00Z,0.2469192106758641,0.0,0.102705094585655,0.0
2012-11-13T16:00:00Z,0.0258992279350713,0.0,0.0,0.0
2012-11-13T17:00:00Z,0.2570069286262449,0.5258351091799739,0.1369706192075646,0.5260472259412121
2012-11-13T18:00:00Z,0.002497445404459,0.5258351091799739,0.1369706192075646,0.5260472259412121
2012-11-13T19:00:00Z,0.0235409424140135,0.3597819168073506,0.1369706192075646,0.3599263443334152
2012-11-13T20:00:00Z,0.0221331580543576,0.4289707469626103,0.1369706192075646,0.42914315508831613
2012-11-13T21:00:00Z,0.2093702205837018,0.49815957711787,0.1712753492352201,0.498359965843217
2012-11-13T22:00:00Z,0.1933656611000088,0.49815957711787,0.1712753492352201,0.498359965843217
2012-11-13T23:00:00Z,0.0180291423871843,0.4704840450557662,0.1712753492352201,0.47067270574522185
2012-11-14T00:00:00Z,0.1751020400641035,0.49815957711787,0.1712753492352201,0.498359965843217
2012-11-14T01:00:00Z,0.1718844961984781,0.49815957711787,0.1712753492352201,0.498359965843217
2012-11-14T02:00:00Z,0.0172669697832983,0.49815957711787,0.1712753492352201,0.498359965843217
2012-11-14T03:00:00Z,0.0179962269884336,0.49815957711787,0.1712753492352201,0.498359965843217
2012-11-14T04:00:00Z,0.0194714360262918,0.49815957711787,0.1712753492352201,0.498359965843217
2012-11-14T05:00:00Z,0.22248768252498,0.49815957711787,0.0,0.498359965843217
2012-11-14T06:00:00Z,0.0002404805690214,0.49815957711787,0.0,0.498359965843217
2012-11-14T07:00:00Z,0.0248703485713378,0.0,0.0,0.0
2012-11-14T08:00:00Z,0.024788030703195,0.0,0.102705094585655,0.0
2012-11-14T09:00:00Z,0.2498289045122458,0.0,0.102705094585655,0.0
2012-11-14T10:00:00Z,0.0249747771285164,0.0,0.102705094585655,0.0
2012-11-14T11:00:00Z,0.2471253186397249,0.0,0.102705094585655,0.0
2012-11-14T12:00:00Z,0.2462507010811299,0.0,0.102705094585655,0.0
2012-11-14T13:00:00Z,0.2437769355745442,0.0,0.102705094585655,0.0
2012-11-14T14:00:00Z,0.0024455780984252,0.0,0.102705094585655,0.0
2012-11-14T15:00:00Z,0.0024781198946726,0.0,0.102705094585655,0.0
2012-11-14T16:00:00Z,0.0025758866571082,0.0,0.0,0.0
2012-11-14T17:00:00Z,0.0002579862351672,0.5535106412420778,0.1369706192075646,0.5537318070590334
2012-11-14T18:00:00Z,0.2530404566396097,0.5396728752110259,0.1369706192075646,0.5398895165001227
2012-11-14T19:00:00Z,0.0235809030004325,0.3736196828384025,0.1369706192075646,0.37376863489232576
2012-11-14T20:00:00Z,0.0022135223833398,0.4289707469626103,0.1369706192075646,0.42914315508831613
2012-11-14T21:00:00Z,0.0020981168050192,0.49815957711787,0.1712753492352201,0.498359965843217
2012-11-14T22:00:00Z,0.1953700737761039,0.49815957711787,0.1712753492352201,0.498359965843217
2012-11-14T23:00:00Z,0.0018348061467536,0.4843218110868181,0.1712753492352201,0.4845149963041325
2012-11-15T00:00:00Z,0.0179733487303132,0.511997343148922,0.1712753492352201,0.5122022564021276
2012-11-15T01:00:00Z,0.0180013963312475,0.511997343148922,0.1712753492352201,0.5122022564021276
2012-11-15T02:00:00Z,0.0182532451466738,0.511997343148922,0.1712753492352201,0.5122022564021276
2012-11-15T03:00:00Z,0.1878019992497822,0.511997343148922,0.1712753492352201,0.5122022564021276
2012-11-15T04:00:00Z,0.1996011025459164,0.511997343148922,0.1712753492352201,0.5122022564021276
2012-11-15T05:00:00Z,0.0022638874470225,0.511997343148922,0.0,0.5122022564021276
2012-11-15T06:00:00Z,0.0024695211628419,0.511997343148922,0.0,0.5122022564021276
2012-11-15T07:00:00Z,0.0256943574805508,0.0,0.0,0.0
2012-11-15T08:00:00Z,0.2576769067842785,0.0,0.102705094585655,0.0
2012-11-15T09:00:00Z,0.2575743814851359,0.0,0.102705094585655,0.0
2012-11-15T10:00:00Z,0.2598011150639173,0.0,0.102705094585655,0.0
2012-11-15T11:00:00Z,0.0026023611330362,0.0,0.102705094585655,0.0
2012-11-15T12:00:00Z,0.2589615863777561,0.0,0.102705094585655,0.0
2012-11-15T13:00:00Z,0.0253235941995604,0.0,0.102705094585655,0.0
2012-11-15T14:00:00Z,0.2523451408694503,0.0,0.102705094585655,0.0
2012-11-15T15:00:00Z,0.254434749797755,0.0,0.102705094585655,0.0
2012-11-15T16:00:00Z,0.0026382575194763,0.0,0.0,0.0
2012-11-15T17:00:00Z,0.260540389828839,0.5950239393352337,0.1369706192075646,0.595264036696113
2012-11-15T18:00:00Z,0.2522907061231523,0.5950239393352337,0.1369706192075646,0.595264036696113
2012-11-15T19:00:00Z,0.0239516310359037,0.4151329809315584,0.1369706192075646,0.41530086452940557
2012-11-15T20:00:00Z,0.0022492413673333,0.4704840450557662,0.1369706192075646,0.47067270574522185
2012-11-15T21:00:00Z,0.2128994327431496,0.5396728752110259,0.1712753492352201,0.5398895165001227
2012-11-15T22:00:00Z,0.0019801418283499,0.5396728752110259,0.1712753492352201,0.5398895165001227
2012-11-15T23:00:00Z,0.1852589175554645,0.511997343148922,0.1712753492352201,0.5122022564021276
2012-11-16T00:00:00Z,0.180423232323176,0.5396728752110259,0.1712753492352201,0.5398895165001227
2012-11-16T01:00:00Z,0.0177822279444439,0.5396728752110259,0.1712753492352201,0.5398895165001227
2012-11-16T02:00:00Z,0.0180508105491459,0.5396728752110259,0.1712753492352201,0.5398895165001227
2012-11-16T03:00:00Z,0.0185598772474213,0.5258351091799739,0.1712753492352201,0.5260472259412121
2012-11-16T04:00:00Z,0.1987790399725962,0.5258351091799739,0.1712753492352201,0.5260472259412121
2012-11-16T05:00:00Z,0.228617916096118,0.5258351091799739,0.0,0.5260472259412121
2012-11-16T06:00:00Z,0.0248263230017059,0.5258351091799739,0.0,0.5260472259412121
2012-11-16T07:00:00Z,0.0025900917761907,0.0,0.0,0.0
2012-11-16T08:00:00Z,0.0259052314218393,0.0,0.102705094585655,0.0
2012-11-16T09:00:00Z,0.26444778640915,0.0,0.102705094585655,0.0
2012-11-16T10:00:00Z,0.2680006913898282,0.0,0.102705094585655,0.0
2012-11-16T11:00:00Z,0.0026795605685594,0.0,0.102705094585655,0.0
2012-11-16T12:00:00Z,0.2641623172845893,0.0,0.102705094585655,0.0
2012-11-16T13:00:00Z,0.0260382323465712,0.0,0.102705094585655,0.0
2012-11-16T14:00:00Z,0.0258651885958755,0.0,0.102705094585655,0.0
2012-11-16T15:00:00Z,0.260706259158296,0.0,0.102705094585655,0.0
2012-11-16T16:00:00Z,0.0026591248249186,0.0,0.0,0.0
2012-11-16T17:00:00Z,0.0262036552327853,0.5950239393352337,0.1369706192075646,0.595264036696113
2012-11-16T18:00:00Z,0.002551267661957,0.5950239393352337,0.1369706192075646,0.595264036696113
2012-11-16T19:00:00Z,0.2408525952668564,0.4151329809315584,0.1369706192075646,0.41530086452940557
2012-11-16T20:00:00Z,0.0022615306966397,0.4704840450557662,0.1369706192075646,0.47067270574522185
2012-11-16T21:00:00Z,0.2123061919127209,0.5396728752110259,0.1712753492352201,0.5398895165001227
2012-11-16T22:00:00Z,0.1971863928648109,0.5396728752110259,0.1712753492352201,0.5398895165001227
2012-11-16T23:00:00Z,0.1874972429938891,0.511997343148922,0.1712753492352201,0.5122022564021276
2012-11-17T00:00:00Z,0.0183054594252632,0.5396728752110259,0.1712753492352201,0.5398895165001227
2012-11-17T01:00:00Z,0.1798271718512125,0.5396728752110259,0.1712753492352201,0.5398895165001227
2012-11-17T02:00:00Z,0.0180244351522886,0.5258351091799739,0.1712753492352201,0.5260472259412121
2012-11-17T03:00:00Z,0.0186407657139526,0.5258351091799739,0.1712753492352201,0.5260472259412121
2012-11-17T04:00:00Z,0.019836278060059,0.5258351091799739,0.1712753492352201,0.5260472259412121
2012-11-17T05:00:00Z,0.002245201055984,0.5258351091799739,0.0,0.5260472259412121
2012-11-17T06:00:00Z,0.0024686106535962,0.5258351091799739,0.0,0.5260472259412121
2012-11-17T07:00:00Z,0.2568174839606215,0.0,0.0,0.0
2012-11-17T08:00:00Z,0.002601335096811,0.0,0.102705094585655,0.0
2012-11-17T09:00:00Z,0.2633746386733192,0.0,0.102705094585655,0.0
2012-11-17T10:00:00Z,0.2623367756183619,0.0,0.102705094585655,0.0
2012-11-17T11:00:00Z,0.2608830154370127,0.0,0.102705094585655,0.0
2012-11-17T12:00:00Z,0.2551091923882188,0.0,0.102705094585655,0.0
2012-11-17T13:00:00Z,0.2480661977743892,0.0,0.102705094585655,0.0
2012-11-17T14:00:00Z,0.0245027417223989,0.0,0.102705094585655,0.0
2012-11-17T15:00:00Z,0.0024796464172702,0.0,0.102705094585655,0.0
2012-11-17T16:00:00Z,0.0002552864283976,0.0,0.0,0.0
2012-11-17T17:00:00Z,0.0025035945727063,0.6226994713973375,0.1369706192075646,0.6229486178139343
2012-11-17T18:00:00Z,0.243616255168745,0.6088617053662857,0.1369706192075646,0.6091063272550237
2012-11-17T19:00:00Z,0.228820851963252,0.4289707469626103,0.1369706192075646,0.42914315508831613
2012-11-17T20:00:00Z,0.2144826223032866,0.49815957711787,0.1369706192075646,0.498359965843217
2012-11-17T21:00:00Z,0.0202525589709934,0.5535106412420778,0.1712753492352201,0.5537318070590334
2012-11-17T22:00:00Z,0.0019115477821443,0.5535106412420778,0.1712753492352201,0.5537318070590334
2012-11-17T23:00:00Z,0.0180727489267547,0.5396728752110259,0.1712753492352201,0.5398895165001227
2012-11-18T00:00:00Z,0.1756592521415867,0.5535106412420778,0.1712753492352201,0.5537318070590334
2012-11-18T01:00:00Z,0.1723449397449522,0.5535106412420778,0.1712753492352201,0.5537318070590334
2012-11-18T02:00:00Z,0.0017245902753247,0.5535106412420778,0.1712753492352201,0.5537318070590334
2012-11-18T03:00:00Z,0.1739075498380536,0.5396728752110259,0.1712753492352201,0.5398895165001227
2012-11-18T04:00:00Z,0.1761402359934086,0.5396728752110259,0.1712753492352201,0.5398895165001227
2012-11-18T05:00:00Z,0.0179714846339651,0.5396728752110259,0.0,0.5398895165001227
2012-11-18T06:00:00Z,0.189960591491471,0.5396728752110259,0.0,0.5398895165001227
2012-11-18T07:00:00Z,0.2028957166134948,0.0,0.0,0.0
2012-11-18T08:00:00Z,0.0021364799861854,0.0,0.102705094585655,0.0
2012-11-18T09:00:00Z,0.0219022607420028,0.0,0.102705094585655,0.0
2012-11-18T10:00:00Z,0.0221359307018669,0.0,0.102705094585655,0.0
2012-11-18T11:00:00Z,0.0219625658253297,0.0,0.102705094585655,0.0
2012-11-18T12:00:00Z,0.2140857185955668,0.0,0.102705094585655,0.0
2012-11-18T13:00:00Z,0.0206812071429932,0.0,0.102705094585655,0.0
2012-11-18T14:00:00Z,0.2055115215623991,0.0,0.102705094585655,0.0
2012-11-18T15:00:00Z,0.0021074533430515,0.0,0.102705094585655,0.0
2012-11-18T16:00:00Z,0.2209970516143935,0.0,0.0,0.0
2012-11-18T17:00:00Z,0.0218959439617309,0.5950239393352337,0.1369706192075646,0.595264036696113
2012-11-18T18:00:00Z,0.0021139279449259,0.5950239393352337,0.1369706192075646,0.595264036696113
2012-11-18T19:00:00Z,0.1988433630451101,0.4289707469626103,0.1369706192075646,0.42914315508831613
2012-11-18T20:00:00Z,0.1889048511259491,0.4843218110868181,0.1369706192075646,0.4845149963041325
2012-11-18T21:00:00Z,0.1830553089534378,0.5396728752110259,0.1712753492352201,0.5398895165001227
2012-11-18T22:00:00Z,0.1740838557573585,0.5396728752110259,0.1712753492352201,0.5398895165001227
2012-11-18T23:00:00Z,0.1650291252317807,0.5258351091799739,0.1712753492352201,0.5260472259412121
2012-11-19T00:00:00Z,0.0015944050759588,0.5396728752110259,0.1712753492352201,0.5398895165001227
2012-11-19T01:00:00Z,0.1555070195409555,0.5396728752110259,0.1712753492352201,0.5398895165001227
2012-11-19T02:00:00Z,0.0001565320081909,0.5396728752110259,0.1712753492352201,0.5398895165001227
2012-11-19T03:00:00Z,0.0015649550949778,0.5258351091799739,0.1712753492352201,0.5260472259412121
2012-11-19T04:00:00Z,0.1567861381747393,0.5258351091799739,0.1712753492352201,0.5260472259412121
2012-11-19T05:00:00Z,0.1570954763481265,0.5258351091799739,0.0,0.5260472259412121
2012-11-19T06:00:00Z,0.1618903159398474,0.5258351091799739,0.0,0.5260472259412121
2012-11-19T07:00:00Z,0.173356505726428,0.0,0.0,0.0
2012-11-19T08:00:00Z,0.1855436621887976,0.0,0.102705094585655,0.0
2012-11-19T09:00:00Z,0.0193564573103702,0.0,0.102705094585655,0.0
2012-11-19T10:00:00Z,0.0202862497711662,0.0,0.102705094585655,0.0
2012-11-19T11:00:00Z,0.0203920803167747,0.0,0.102705094585655,0.0
2012-11-19T12:00:00Z,0.1965704186745075,0.0,0.102705094585655,0.0
2012-11-19T13:00:00Z,0.0193289932185869,0.0,0.102705094585655,0.0
2012-11-19T14:00:00Z,0.1932767640682847,0.0,0.102705094585655,0.0
2012-11-19T15:00:00Z,0.0200191944722955,0.0,0.102705094585655,0.0
2012-11-19T16:00:00Z,0.2112374302859443,0.0,0.0,0.0
2012-11-19T17:00:00Z,0.0021277308734729,0.5811861733041818,0.1369706192075646,0.5814190671570285
2012-11-19T18:00:00Z,0.0205883273676011,0.5811861733041818,0.1369706192075646,0.5814190671570285
2012-11-19T19:00:00Z,0.1972266902417466,0.4012952149005064,0.1369706192075646,0.40145589499032097
2012-11-19T20:00:00Z,0.189717828187657,0.4704840450557662,0.1369706192075646,0.47067270574522185
2012-11-19T21:00:00Z,0.1878686132810433,0.5258351091799739,0.1712753492352201,0.5260472259412121
2012-11-19T22:00:00Z,0.1807496645733683,0.5258351091799739,0.1712753492352201,0.5260472259412121
2012-11-19T23:00:00Z,0.0017327500046331,0.49815957711787,0.1712753492352201,0.498359965843217
2012-11-20T00:00:00Z,0.0016760250828217,0.5258351091799739,0.1712753492352201,0.5260472259412121
2012-11-20T01:00:00Z,0.1665113363794505,0.5258351091799739,0.1712753492352201,0.5260472259412121
2012-11-20T02:00:00Z,0.0016823888571191,0.5258351091799739,0.1712753492352201,0.5260472259412121
2012-11-20T03:00:00Z,0.1739852662078582,0.5258351091799739,0.1712753492352201,0.5260472259412121
2012-11-20T04:00:00Z,0.1863155390589661,0.511997343148922,0.1712753492352201,0.5122022564021276
2012-11-20T05:00:00Z,0.2155995919679719,0.511997343148922,0.0,0.5122022564021276
2012-11-20T06:00:00Z,0.2387245295609512,0.511997343148922,0.0,0.5122022564021276
2012-11-20T07:00:00Z,0.0024951137175564,0.0,0.0,0.0
2012-11-20T08:00:00Z,0.0251876052380353,0.0,0.102705094585655,0.0
2012-11-20T09:00:00Z,0.25480406409629,0.0,0.102705094585655,0.0
2012-11-20T10:00:00Z,0.2576587945035859,0.0,0.102705094585655,0.0
2012-11-20T11:00:00Z,0.2573616356151618,0.0,0.102705094585655,0.0
2012-11-20T12:00:00Z,0.2537980199128199,0.0,0.102705094585655,0.0
2012-11-20T13:00:00Z,0.2482015797297506,0.0,0.102705094585655,0.0
2012-11-20T14:00:00Z,0.2472392987326029,0.0,0.102705094585655,0.0
2012-11-20T15:00:00Z,0.0025280302911578,0.0,0.102705094585655,0.0
2012-11-20T16:00:00Z,0.0002617191272658,0.0,0.0,0.0
2012-11-20T17:00:00Z,0.0025915431083474,0.4843218110868181,0.1369706192075646,0.4845149963041325
2012-11-20T18:00:00Z,0.0025469124906362,0.4843218110868181,0.1369706192075646,0.4845149963041325
2012-11-20T19:00:00Z,0.0240318067597138,0.3182686187141947,0.1369706192075646,0.3183967936765094
2012-11-20T20:00:00Z,0.2268597325332235,0.3736196828384025,0.1369706192075646,0.37376863489232576
2012-11-20T21:00:00Z,0.0021409044736939,0.4428085129936623,0.1712753492352201,0.4429854456472267
2012-11-20T22:00:00Z,0.02031941580472,0.4289707469626103,0.1712753492352201,0.42914315508831613
2012-11-20T23:00:00Z,0.0191835545417512,0.4012952149005064,0.1712753492352201,0.40145589499032097
2012-11-21T00:00:00Z,0.0018424826208323,0.4289707469626103,0.1712753492352201,0.42914315508831613
2012-11-21T01:00:00Z,0.1820479920151083,0.4289707469626103,0.1712753492352201,0.42914315508831613
2012-11-21T02:00:00Z,0.1842946980547616,0.4151329809315584,0.1712753492352201,0.41530086452940557
2012-11-21T03:00:00Z,0.0190530756297255,0.4151329809315584,0.1712753492352201,0.41530086452940557
2012-11-21T04:00:00Z,0.0020397686312409,0.4151329809315584,0.1712753492352201,0.41530086452940557
2012-11-21T05:00:00Z,0.2314980232772276,0.4289707469626103,0.0,0.42914315508831613
2012-11-21T06:00:00Z,0.2538076732689081,0.4289707469626103,0.0,0.42914315508831613
2012-11-21T07:00:00Z,0.2629154483008604,0.0,0.0,0.0
2012-11-21T08:00:00Z,0.261779250247375,0.0,0.102705094585655,0.0
2012-11-21T09:00:00Z,0.2647552644023579,0.0,0.102705094585655,0.0
2012-11-21T10:00:00Z,0.2682351915774775,0.0,0.102705094585655,0.0
2012-11-21T11:00:00Z,0.0026777881105613,0.0,0.102705094585655,0.0
2012-11-21T12:00:00Z,0.2644610622213767,0.0,0.102705094585655,0.0
2012-11-21T13:00:00Z,0.2585147319370125,0.0,0.102705094585655,0.0
2012-11-21T14:00:00Z,0.0256276612097449,0.0,0.102705094585655,0.0
2012-11-21T15:00:00Z,0.2600804749651526,0.0,0.102705094585655,0.0
2012-11-21T16:00:00Z,0.0002662771561303,0.0,0.0,0.0
2012-11-21T17:00:00Z,0.2611371747920301,0.4151329809315584,0.1369706192075646,0.41530086452940557
2012-11-21T18:00:00Z,0.0025674214666336,0.4289707469626103,0.1369706192075646,0.42914315508831613
2012-11-21T19:00:00Z,0.0243619867834461,0.2629175545899869,0.1369706192075646,0.2630222734805191
2012-11-21T20:00:00Z,0.2301307125221035,0.3044308526831428,0.1369706192075646,0.3045518241374249
2012-11-21T21:00:00Z,0.0021770017595933,0.3597819168073506,0.1712753492352201,0.3599263443334152
2012-11-21T22:00:00Z,0.2029917214915881,0.3459441507762986,0.1712753492352201,0.3460840537745046
2012-11-21T23:00:00Z,0.001928190324687,0.3044308526831428,0.1712753492352201,0.3045518241374249
2012-11-22T00:00:00Z,0.1853755802239695,0.3182686187141947,0.1712753492352201,0.3183967936765094
2012-11-22T01:00:00Z,0.182688207290274,0.2905930866520909,0.1712753492352201,0.29070953357851426
2012-11-22T02:00:00Z,0.0185273378008752,0.249079788558935,0.1712753492352201,0.2491799829216085
2012-11-22T03:00:00Z,0.0001904248826737,0.249079788558935,0.1712753492352201,0.2491799829216085
2012-11-22T04:00:00Z,0.0020231061162374,0.249079788558935,0.1712753492352201,0.2491799829216085
2012-11-22T05:00:00Z,0.2269373118371202,0.2352420225278831,0.0,0.23533769236269794
2012-11-22T06:00:00Z,0.0024877125501443,0.2352420225278831,0.0,0.23533769236269794
2012-11-22T07:00:00Z,0.2571814135270585,0.0,0.0,0.0
2012-11-22T08:00:00Z,0.257916243440394,0.0,0.102705094585655,0.0
2012-11-22T09:00:00Z,0.2580726356413589,0.0,0.102705094585655,0.0
2012-11-22T10:00:00Z,0.2580026341240871,0.0,0.102705094585655,0.0
2012-11-22T11:00:00Z,0.0025413331249491,0.0,0.102705094585655,0.0
2012-11-22T12:00:00Z,0.2524125381344711,0.0,0.102705094585655,0.0
2012-11-22T13:00:00Z,0.2487792929508934,0.0,0.102705094585655,0.0
2012-11-22T14:00:00Z,0.2506987443449068,0.0,0.102705094585655,0.0
2012-11-22T15:00:00Z,0.0255311981399023,0.0,0.102705094585655,0.0
2012-11-22T16:00:00Z,0.0026478905114866,0.0,0.0,0.0
2012-11-22T17:00:00Z,0.0263490978257898,0.249079788558935,0.1369706192075646,0.2491799829216085
2012-11-22T18:00:00Z,0.2551987355877947,0.2629175545899869,0.1369706192075646,0.2630222734805191
2012-11-22T19:00:00Z,0.2410242801069791,0.1107021282484155,0.1369706192075646,0.11074636141180667
2012-11-22T20:00:00Z,0.227311912963533,0.1660531923726233,0.1369706192075646,0.166120881607797
2012-11-22T21:00:00Z,0.0021350693821842,0.2214042564968311,0.1712753492352201,0.22149272282361335
2012-11-22T22:00:00Z,0.1988619061043707,0.2075664904657792,0.1712753492352201,0.20765043226470278
2012-11-22T23:00:00Z,0.0018936520655862,0.2075664904657792,0.1712753492352201,0.20765043226470278
2012-11-23T00:00:00Z,0.0018241439855831,0.2629175545899869,0.1712753492352201,0.2630222734805191
2012-11-23T01:00:00Z,0.1784922086503633,0.2629175545899869,0.1712753492352201,0.2630222734805191
2012-11-23T02:00:00Z,0.1809358979805772,0.2214042564968311,0.1712753492352201,0.22149272282361335
2012-11-23T03:00:00Z,0.1844048207213732,0.1937287244347272,0.1712753492352201,0.1938054627256182
2012-11-23T04:00:00Z,0.019804047990848,0.1660531923726233,0.1712753492352201,0.166120881607797
2012-11-23T05:00:00Z,0.2248636808775131,0.1937287244347272,0.0,0.1938054627256182
2012-11-23T06:00:00Z,0.2471277270835359,0.1660531923726233,0.0,0.166120881607797
2012-11-23T07:00:00Z,0.0025637445757487,0.0,0.0,0.0
2012-11-23T08:00:00Z,0.0257222445185644,0.0,0.102705094585655,0.0
2012-11-23T09:00:00Z,0.2593984545880638,0.0,0.102705094585655,0.0
2012-11-23T10:00:00Z,0.0025970899698335,0.0,0.102705094585655,0.0
2012-11-23T11:00:00Z,0.259484688625005,0.0,0.102705094585655,0.0
2012-11-23T12:00:00Z,0.256441825468633,0.0,0.102705094585655,0.0
2012-11-23T13:00:00Z,0.0250161005416773,0.0,0.102705094585655,0.0
2012-11-23T14:00:00Z,0.2480584633410123,0.0,0.102705094585655,0.0
2012-11-23T15:00:00Z,0.0025184791470753,0.0,0.102705094585655,0.0
2012-11-23T16:00:00Z,0.0026010084883332,0.0,0.0,0.0
2012-11-23T17:00:00Z,0.0002575041547881,0.2214042564968311,0.1369706192075646,0.22149272282361335
2012-11-23T18:00:00Z,0.2524034917845468,0.249079788558935,0.1369706192075646,0.2491799829216085
2012-11-23T19:00:00Z,0.2386186363566419,0.0968643622173636,0.1369706192075646,0.09690407085289608
2012-11-23T20:00:00Z,0.2239559716925714,0.1522154263415714,0.1369706192075646,0.15227591206871244
2012-11-23T21:00:00Z,0.0021354844960768,0.2214042564968311,0.1712753492352201,0.22149272282361335
2012-11-23T22:00:00Z,0.0201460587605203,0.2352420225278831,0.1712753492352201,0.23533769236269794
2012-11-23T23:00:00Z,0.1860643951539234,0.2352420225278831,0.1712753492352201,0.23533769236269794
2012-11-24T00:00:00Z,0.0017832012240293,0.249079788558935,0.1712753492352201,0.2491799829216085
2012-11-24T01:00:00Z,0.0017709350001189,0.249079788558935,0.1712753492352201,0.2491799829216085
2012-11-24T02:00:00Z,0.0001795453741348,0.249079788558935,0.1712753492352201,0.2491799829216085
2012-11-24T03:00:00Z,0.0018570566430156,0.249079788558935,0.1712753492352201,0.2491799829216085
2012-11-24T04:00:00Z,0.1980515528757577,0.249079788558935,0.1712753492352201,0.2491799829216085
2012-11-24T05:00:00Z,0.0224035812583949,0.2767553206210389,0.0,0.27686724301960364
2012-11-24T06:00:00Z,0.246009915442559,0.2629175545899869,0.0,0.2630222734805191
2012-11-24T07:00:00Z,0.0255679670487506,0.0,0.0,0.0
2012-11-24T08:00:00Z,0.2569669641236571,0.0,0.102705094585655,0.0
2012-11-24T09:00:00Z,0.2581203541581676,0.0,0.102705094585655,0.0
2012-11-24T10:00:00Z,0.0259267507693866,0.0,0.102705094585655,0.0
2012-11-24T11:00:00Z,0.0257438069439684,0.0,0.102705094585655,0.0
2012-11-24T12:00:00Z,0.2510148183286272,0.0,0.102705094585655,0.0
2012-11-24T13:00:00Z,0.2454446947998832,0.0,0.102705094585655,0.0
2012-11-24T14:00:00Z,0.0242771194894156,0.0,0.102705094585655,0.0
2012-11-24T15:00:00Z,0.0245243707226726,0.0,0.102705094585655,0.0
2012-11-24T16:00:00Z,0.2518983843329266,0.0,0.0,0.0
2012-11-24T17:00:00Z,0.2475430367846084,0.2352420225278831,0.1369706192075646,0.23533769236269794
2012-11-24T18:00:00Z,0.2397341766197158,0.2629175545899869,0.1369706192075646,0.2630222734805191
2012-11-24T19:00:00Z,0.2277900380121321,0.1107021282484155,0.1369706192075646,0.11074636141180667
2012-11-24T20:00:00Z,0.0212922430444418,0.1937287244347272,0.1369706192075646,0.1938054627256182
2012-11-24T21:00:00Z,0.201140626823951,0.249079788558935,0.1712753492352201,0.2491799829216085
2012-11-24T22:00:00Z,0.0018641676223198,0.249079788558935,0.1712753492352201,0.2491799829216085
2012-11-24T23:00:00Z,0.0017480786725438,0.2214042564968311,0.1712753492352201,0.22149272282361335
2012-11-25T00:00:00Z,0.1681153991192832,0.2629175545899869,0.1712753492352201,0.2630222734805191
2012-11-25T01:00:00Z,0.0016229852758497,0.2767553206210389,0.1712753492352201,0.27686724301960364
2012-11-25T02:00:00Z,0.0165499114439701,0.2767553206210389,0.1712753492352201,0.27686724301960364
2012-11-25T03:00:00Z,0.0001661309295327,0.2767553206210389,0.1712753492352201,0.27686724301960364
2012-11-25T04:00:00Z,0.0016557119152643,0.2629175545899869,0.1712753492352201,0.2630222734805191
2012-11-25T05:00:00Z,0.0017167187760398,0.2767553206210389,0.0,0.27686724301960364
2012-11-25T06:00:00Z,0.0018318220261292,0.2767553206210389,0.0,0.27686724301960364
2012-11-25T07:00:00Z,0.1969516185453456,0.0,0.0,0.0
2012-11-25T08:00:00Z,0.0020604040994904,0.0,0.102705094585655,0.0
2012-11-25T09:00:00Z,0.0021143489330718,0.0,0.102705094585655,0.0
2012-11-25T10:00:00Z,0.2157221680513624,0.0,0.102705094585655,0.0
2012-11-25T11:00:00Z,0.2138841533875121,0.0,0.102705094585655,0.0
2012-11-25T12:00:00Z,0.2073640064699595,0.0,0.102705094585655,0.0
2012-11-25T13:00:00Z,0.0020232580635868,0.0,0.102705094585655,0.0
2012-11-25T14:00:00Z,0.0020058001747003,0.0,0.102705094585655,0.0
2012-11-25T15:00:00Z,0.2080080204288596,0.0,0.102705094585655,0.0
2012-11-25T16:00:00Z,0.2159550430289604,0.0,0.0,0.0
2012-11-25T17:00:00Z,0.2164523964663596,0.3182686187141947,0.1369706192075646,0.3183967936765094
2012-11-25T18:00:00Z,0.0021116279789906,0.3321063847452467,0.1369706192075646,0.33223908423542003
2012-11-25T19:00:00Z,0.0019791827586112,0.1798909584036753,0.1369706192075646,0.1799631721667076
2012-11-25T20:00:00Z,0.0018887740857309,0.2352420225278831,0.1369706192075646,0.23533769236269794
2012-11-25T21:00:00Z,0.1841999659315278,0.3044308526831428,0.1712753492352201,0.3045518241374249
2012-11-25T22:00:00Z,0.1728447995303825,0.3044308526831428,0.1712753492352201,0.3045518241374249
2012-11-25T23:00:00Z,0.0016307291080317,0.3044308526831428,0.1712753492352201,0.3045518241374249
2012-11-26T00:00:00Z,0.001567105463265,0.3321063847452467,0.1712753492352201,0.33223908423542003
2012-11-26T01:00:00Z,0.1541475802851162,0.3321063847452467,0.1712753492352201,0.33223908423542003
2012-11-26T02:00:00Z,0.0156440820200516,0.3321063847452467,0.1712753492352201,0.33223908423542003
2012-11-26T03:00:00Z,0.0156958929332547,0.3321063847452467,0.1712753492352201,0.33223908423542003
2012-11-26T04:00:00Z,0.0158371413094761,0.3321063847452467,0.1712753492352201,0.33223908423542003
2012-11-26T05:00:00Z,0.1604137636560913,0.3321063847452467,0.0,0.33223908423542003
2012-11-26T06:00:00Z,0.1663934596986181,0.3321063847452467,0.0,0.33223908423542003
2012-11-26T07:00:00Z,0.0178661592741317,0.0,0.0,0.0
2012-11-26T08:00:00Z,0.1890764576426958,0.0,0.102705094585655,0.0
2012-11-26T09:00:00Z,0.1972178788619502,0.0,0.102705094585655,0.0
2012-11-26T10:00:00Z,0.2042486354482848,0.0,0.102705094585655,0.0
2012-11-26T11:00:00Z,0.2037836099843164,0.0,0.102705094585655,0.0
2012-11-26T12:00:00Z,0.1977060684643612,0.0,0.102705094585655,0.0
2012-11-26T13:00:00Z,0.0194757320634637,0.0,0.102705094585655,0.0
2012-11-26T14:00:00Z,0.1951098051977609,0.0,0.102705094585655,0.0
2012-11-26T15:00:00Z,0.0204777151798897,0.0,0.102705094585655,0.0
2012-11-26T16:00:00Z,0.2161302524210016,0.0,0.0,0.0
2012-11-26T17:00:00Z,0.2187250862859904,0.3597819168073506,0.1369706192075646,0.3599263443334152
2012-11-26T18:00:00Z,0.2139902619811053,0.3597819168073506,0.1369706192075646,0.3599263443334152
2012-11-26T19:00:00Z,0.0203211428351601,0.2075664904657792,0.1369706192075646,0.20765043226470278
2012-11-26T20:00:00Z,0.1963786634692929,0.3044308526831428,0.1369706192075646,0.3045518241374249
2012-11-26T21:00:00Z,0.1947960809153196,0.3736196828384025,0.1712753492352201,0.37376863489232576
2012-11-26T22:00:00Z,0.1865295772646437,0.3736196828384025,0.1712753492352201,0.37376863489232576
2012-11-26T23:00:00Z,0.178978792623567,0.3874574488694545,0.1712753492352201,0.38761360443141035
2012-11-27T00:00:00Z,0.173514934335168,0.4151329809315584,0.1712753492352201,0.41530086452940557
2012-11-27T01:00:00Z,0.0172016128422214,0.4151329809315584,0.1712753492352201,0.41530086452940557
2012-11-27T02:00:00Z,0.0017490596728278,0.4151329809315584,0.1712753492352201,0.41530086452940557
2012-11-27T03:00:00Z,0.0001807041684823,0.4151329809315584,0.1712753492352201,0.41530086452940557
2012-11-27T04:00:00Z,0.1955151286683973,0.4151329809315584,0.1712753492352201,0.41530086452940557
2012-11-27T05:00:00Z,0.228516232773267,0.4151329809315584,0.0,0.41530086452940557
2012-11-27T06:00:00Z,0.2541498093559821,0.4289707469626103,0.0,0.42914315508831613
2012-11-27T07:00:00Z,0.0002669628772869,0.0,0.0,0.0
2012-11-27T08:00:00Z,0.0265313759025122,0.0,0.102705094585655,0.0
2012-11-27T09:00:00Z,0.0002682700944318,0.0,0.102705094585655,0.0
2012-11-27T10:00:00Z,0.2707751990792885,0.0,0.102705094585655,0.0
2012-11-27T11:00:00Z,0.0026987286483602,0.0,0.102705094585655,0.0
2012-11-27T12:00:00Z,0.265676915148222,0.0,0.102705094585655,0.0
2012-11-27T13:00:00Z,0.0262427699267439,0.0,0.102705094585655,0.0
2012-11-27T14:00:00Z,0.0026069352181927,0.0,0.102705094585655,0.0
2012-11-27T15:00:00Z,0.2638677039058841,0.0,0.102705094585655,0.0
2012-11-27T16:00:00Z,0.00268415423456,0.0,0.0,0.0
2012-11-27T17:00:00Z,0.002638349549443,0.4289707469626103,0.1369706192075646,0.42914315508831613
2012-11-27T18:00:00Z,0.2561902703658665,0.4428085129936623,0.1369706192075646,0.4429854456472267
2012-11-27T19:00:00Z,0.0241860607325147,0.2629175545899869,0.1369706192075646,0.2630222734805191
2012-11-27T20:00:00Z,0.22853346391598,0.3321063847452467,0.1369706192075646,0.33223908423542003
2012-11-27T21:00:00Z,0.0213874372755938,0.4012952149005064,0.1712753492352201,0.40145589499032097
2012-11-27T22:00:00Z,0.019850478088122,0.3874574488694545,0.1712753492352201,0.38761360443141035
2012-11-27T23:00:00Z,0.1899371140595245,0.3597819168073506,0.1712753492352201,0.3599263443334152
2012-11-28T00:00:00Z,0.1829025000469235,0.3874574488694545,0.1712753492352201,0.38761360443141035
2012-11-28T01:00:00Z,0.0179919074542489,0.3874574488694545,0.1712753492352201,0.38761360443141035
2012-11-28T02:00:00Z,0.1811622525371258,0.4012952149005064,0.1712753492352201,0.40145589499032097
2012-11-28T03:00:00Z,0.1862442452059908,0.4012952149005064,0.1712753492352201,0.40145589499032097
2012-11-28T04:00:00Z,0.0001982215831345,0.4151329809315584,0.1712753492352201,0.41530086452940557
2012-11-28T05:00:00Z,0.2269216471619265,0.4151329809315584,0.0,0.41530086452940557
2012-11-28T06:00:00Z,0.2487400137778453,0.4151329809315584,0.0,0.41530086452940557
2012-11-28T07:00:00Z,0.2580553065944259,0.0,0.0,0.0
2012-11-28T08:00:00Z,0.0260417099044642,0.0,0.102705094585655,0.0
2012-11-28T09:00:00Z,0.0026291778821171,0.0,0.102705094585655,0.0
2012-11-28T10:00:00Z,0.0026447352542857,0.0,0.102705094585655,0.0
2012-11-28T11:00:00Z,0.0263091176585267,0.0,0.102705094585655,0.0
2012-11-28T12:00:00Z,0.2602431917787268,0.0,0.102705094585655,0.0
2012-11-28T13:00:00Z,0.2560646005091253,0.0,0.102705094585655,0.0
2012-11-28T14:00:00Z,0.0002545560629167,0.0,0.102705094585655,0.0
2012-11-28T15:00:00Z,0.0257199535598173,0.0,0.102705094585655,0.0
2012-11-28T16:00:00Z,0.0026252068869555,0.0,0.0,0.0
2012-11-28T17:00:00Z,0.0026086191707761,0.3736196828384025,0.1369706192075646,0.37376863489232576
2012-11-28T18:00:00Z,0.0025322480049537,0.3874574488694545,0.1369706192075646,0.38761360443141035
2012-11-28T19:00:00Z,0.002386757243073,0.2352420225278831,0.1369706192075646,0.23533769236269794
2012-11-28T20:00:00Z,0.2256279016376807,0.3044308526831428,0.1369706192075646,0.3045518241374249
2012-11-28T21:00:00Z,0.2125842203165648,0.3736196828384025,0.1712753492352201,0.37376863489232576
2012-11-28T22:00:00Z,0.0197456187523756,0.3736196828384025,0.1712753492352201,0.37376863489232576
2012-11-28T23:00:00Z,0.1861477116451098,0.3597819168073506,0.1712753492352201,0.3599263443334152
2012-11-29T00:00:00Z,0.0018103876594448,0.4151329809315584,0.1712753492352201,0.41530086452940557
2012-11-29T01:00:00Z,0.0017755177008468,0.4289707469626103,0.1712753492352201,0.42914315508831613
2012-11-29T02:00:00Z,0.0017999334468375,0.4428085129936623,0.1712753492352201,0.4429854456472267
2012-11-29T03:00:00Z,0.1869866724867952,0.4428085129936623,0.1712753492352201,0.4429854456472267
2012-11-29T04:00:00Z,0.1984769467114861,0.4428085129936623,0.1712753492352201,0.4429854456472267
2012-11-29T05:00:00Z,0.0226100847553043,0.4428085129936623,0.0,0.4429854456472267
2012-11-29T06:00:00Z,0.2465702604550809,0.4428085129936623,0.0,0.4429854456472267
2012-11-29T07:00:00Z,0.0257640692013315,0.0,0.0,0.0
2012-11-29T08:00:00Z,0.0259977195803516,0.0,0.102705094585655,0.0
2012-11-29T09:00:00Z,0.2624031350986512,0.0,0.102705094585655,0.0
2012-11-29T10:00:00Z,0.0026510003411294,0.0,0.102705094585655,0.0
2012-11-29T11:00:00Z,0.0026356191965568,0.0,0.102705094585655,0.0
2012-11-29T12:00:00Z,0.0002614007427425,0.0,0.102705094585655,0.0
2012-11-29T13:00:00Z,0.2576713849862728,0.0,0.102705094585655,0.0
2012-11-29T14:00:00Z,0.2573993287398466,0.0,0.102705094585655,0.0
2012-11-29T15:00:00Z,0.2597793411653981,0.0,0.102705094585655,0.0
2012-11-29T16:00:00Z,0.0263905778857026,0.0,0.0,0.0
2012-11-29T17:00:00Z,0.2606485348302073,0.511997343148922,0.1369706192075646,0.5122022564021276
2012-11-29T18:00:00Z,0.0253444947924376,0.511997343148922,0.1369706192075646,0.5122022564021276
2012-11-29T19:00:00Z,0.002396968261598,0.3459441507762986,0.1369706192075646,0.3460840537745046
2012-11-29T20:00:00Z,0.2261183821988387,0.4012952149005064,0.1369706192075646,0.40145589499032097
2012-11-29T21:00:00Z,0.0021378541698168,0.4704840450557662,0.1712753492352201,0.47067270574522185
2012-11-29T22:00:00Z,0.1989150289341213,0.4704840450557662,0.1712753492352201,0.47067270574522185
2012-11-29T23:00:00Z,0.1904989080545018,0.4566462790247142,0.1712753492352201,0.45683041518631134
2012-11-30T00:00:00Z,0.1850821612767478,0.4843218110868181,0.1712753492352201,0.4845149963041325
2012-11-30T01:00:00Z,0.0018129049727485,0.4843218110868181,0.1712753492352201,0.4845149963041325
2012-11-30T02:00:00Z,0.1827270556847543,0.4843218110868181,0.1712753492352201,0.4845149963041325
2012-11-30T03:00:00Z,0.1871934853610397,0.4843218110868181,0.1712753492352201,0.4845149963041325
2012-11-30T04:00:00Z,0.0020115040745552,0.4843218110868181,0.1712753492352201,0.4845149963041325
2012-11-30T05:00:00Z,0.0229568458377292,0.4843218110868181,0.0,0.4845149963041325
2012-11-30T06:00:00Z,0.2503332091492623,0.4843218110868181,0.0,0.4845149963041325
2012-11-30T07:00:00Z,0.0026127667851505,0.0,0.0,0.0
2012-11-30T08:00:00Z,0.0264644407454096,0.0,0.102705094585655,0.0
2012-11-30T09:00:00Z,0.002656301267215,0.0,0.102705094585655,0.0
2012-11-30T10:00:00Z,0.0266971316630741,0.0,0.102705094585655,0.0
2012-11-30T11:00:00Z,0.0266766226870768,0.0,0.102705094585655,0.0
2012-11-30T12:00:00Z,0.2650057229778609,0.0,0.102705094585655,0.0
2012-11-30T13:00:00Z,0.261003653016848,0.0,0.102705094585655,0.0
2012-11-30T14:00:00Z,0.0002603308454268,0.0,0.102705094585655,0.0
2012-11-30T15:00:00Z,0.0263187161882516,0.0,0.102705094585655,0.0
2012-11-30T16:00:00Z,0.0268045835025651,0.0,0.0,0.0
2012-11-30T17:00:00Z,0.2656584504123375,0.5535106412420778,0.1369706192075646,0.5537318070590334
2012-11-30T18:00:00Z,0.2598381032782184,0.5535106412420778,0.1369706192075646,0.5537318070590334
2012-11-30T19:00:00Z,0.0024344503047845,0.3736196828384025,0.1369706192075646,0.37376863489232576
2012-11-30T20:00:00Z,0.0230788188311248,0.4428085129936623,0.1369706192075646,0.4429854456472267
2012-11-30T21:00:00Z,0.2204702290067861,0.511997343148922,0.1712753492352201,0.5122022564021276
2012-11-30T22:00:00Z,0.0206378003280315,0.49815957711787,0.1712753492352201,0.498359965843217
2012-11-30T23:00:00Z,0.0001958288039987,0.4843218110868181,0.1712753492352201,0.4845149963041325
2012-12-01T00:00:00Z,0.189227406369031,0.49815957711787,0.1712753492352201,0.498359965843217
2012-12-01T01:00:00Z,0.1867299872029028,0.49815957711787,0.1712753492352201,0.498359965843217
2012-12-01T02:00:00Z,0.1887891870804878,0.49815957711787,0.1712753492352201,0.498359965843217
2012-12-01T03:00:00Z,0.0193752901661218,0.4843218110868181,0.1712753492352201,0.4845149963041325
2012-12-01T04:00:00Z,0.2046822728193337,0.4704840450557662,0.1712753492352201,0.47067270574522185
2012-12-01T05:00:00Z,0.2308592765653614,0.4289707469626103,0.0,0.42914315508831613
2012-12-01T06:00:00Z,0.2538220651892423,0.4151329809315584,0.0,0.41530086452940557
2012-12-01T07:00:00Z,0.2659412761229592,0.0,0.0,0.0
2012-12-01T08:00:00Z,0.2672618865651623,0.0,0.102705094585655,0.0
2012-12-01T09:00:00Z,0.270186481423822,0.0,0.102705094585655,0.0
2012-12-01T10:00:00Z,0.2721844715830877,0.0,0.102705094585655,0.0
2012-12-01T11:00:00Z,0.0272566425316419,0.0,0.102705094585655,0.0
2012-12-01T12:00:00Z,0.2683236578306339,0.0,0.102705094585655,0.0
2012-12-01T13:00:00Z,0.0263534369408184,0.0,0.102705094585655,0.0
2012-12-01T14:00:00Z,0.2606404871033265,0.0,0.102705094585655,0.0
2012-12-01T15:00:00Z,0.0264940274006817,0.0,0.102705094585655,0.0
2012-12-01T16:00:00Z,0.0026915146738166,0.0,0.0,0.0
2012-12-01T17:00:00Z,0.0026699448076918,0.4151329809315584,0.1369706192075646,0.41530086452940557
2012-12-01T18:00:00Z,0.0258272095908684,0.4428085129936623,0.1369706192075646,0.4429854456472267
2012-12-01T19:00:00Z,0.2442480506809941,0.2767553206210389,0.1369706192075646,0.27686724301960364
2012-12-01T20:00:00Z,0.2306923302894848,0.3459441507762986,0.1369706192075646,0.3460840537745046
2012-12-01T21:00:00Z,0.0021824515000932,0.4289707469626103,0.1712753492352201,0.42914315508831613
2012-12-01T22:00:00Z,0.2051354322918429,0.4289707469626103,0.1712753492352201,0.42914315508831613
2012-12-01T23:00:00Z,0.0193301484883824,0.4289707469626103,0.1712753492352201,0.42914315508831613
2012-12-02T00:00:00Z,0.1861111933710645,0.4428085129936623,0.1712753492352201,0.4429854456472267
2012-12-02T01:00:00Z,0.018277137692513,0.4289707469626103,0.1712753492352201,0.42914315508831613
2012-12-02T02:00:00Z,0.1810520515471383,0.4151329809315584,0.1712753492352201,0.41530086452940557
2012-12-02T03:00:00Z,0.1798032440598543,0.4012952149005064,0.1712753492352201,0.40145589499032097
2012-12-02T04:00:00Z,0.0182871709169745,0.3874574488694545,0.1712753492352201,0.38761360443141035
2012-12-02T05:00:00Z,0.0018635288951888,0.3736196828384025,0.0,0.37376863489232576
2012-12-02T06:00:00Z,0.0197103928140338,0.3597819168073506,0.0,0.3599263443334152
2012-12-02T07:00:00Z,0.2104281931654389,0.0,0.0,0.0
2012-12-02T08:00:00Z,0.0022096195295153,0.0,0.102705094585655,0.0
2012-12-02T09:00:00Z,0.0022982667096701,0.0,0.102705094585655,0.0
2012-12-02T10:00:00Z,0.2338870820527035,0.0,0.102705094585655,0.0
2012-12-02T11:00:00Z,0.0232623539980315,0.0,0.102705094585655,0.0
2012-12-02T12:00:00Z,0.0022750645843901,0.0,0.102705094585655,0.0
2012-12-02T13:00:00Z,0.0222986396831036,0.0,0.102705094585655,0.0
2012-12-02T14:00:00Z,0.2220299411349767,0.0,0.102705094585655,0.0
2012-12-02T15:00:00Z,0.2264643757121791,0.0,0.102705094585655,0.0
2012-12-02T16:00:00Z,0.2323437590909343,0.0,0.0,0.0
2012-12-02T17:00:00Z,0.0231093140375581,0.3182686187141947,0.1369706192075646,0.3183967936765094
2012-12-02T18:00:00Z,0.2251345818541437,0.3321063847452467,0.1369706192075646,0.33223908423542003
2012-12-02T19:00:00Z,0.212814158167564,0.1798909584036753,0.1369706192075646,0.1799631721667076
2012-12-02T20:00:00Z,0.2032359141970135,0.2352420225278831,0.1369706192075646,0.23533769236269794
2012-12-02T21:00:00Z,0.0195970549728387,0.3044308526831428,0.1712753492352201,0.3045518241374249
2012-12-02T22:00:00Z,0.0018403702393824,0.3044308526831428,0.1712753492352201,0.3045518241374249
2012-12-02T23:00:00Z,0.0001751322435159,0.3044308526831428,0.1712753492352201,0.3045518241374249
2012-12-03T00:00:00Z,0.0016827702919601,0.3459441507762986,0.1712753492352201,0.3460840537745046
2012-12-03T01:00:00Z,0.164849940928409,0.3459441507762986,0.1712753492352201,0.3460840537745046
2012-12-03T02:00:00Z,0.1652694017684077,0.3459441507762986,0.1712753492352201,0.3460840537745046
2012-12-03T03:00:00Z,0.1651857132411855,0.3459441507762986,0.1712753492352201,0.3460840537745046
2012-12-03T04:00:00Z,0.1646775511779026,0.3459441507762986,0.1712753492352201,0.3460840537745046
2012-12-03T05:00:00Z,0.0016476195440593,0.3597819168073506,0.0,0.3599263443334152
2012-12-03T06:00:00Z,0.171914298243034,0.3459441507762986,0.0,0.3460840537745046
2012-12-03T07:00:00Z,0.1833851286896407,0.0,0.0,0.0
2012-12-03T08:00:00Z,0.0019805549841582,0.0,0.102705094585655,0.0
2012-12-03T09:00:00Z,0.0020858486230244,0.0,0.102705094585655,0.0
2012-12-03T10:00:00Z,0.0021921921867455,0.0,0.102705094585655,0.0
2012-12-03T11:00:00Z,0.2219592347073212,0.0,0.102705094585655,0.0
2012-12-03T12:00:00Z,0.2160106722067419,0.0,0.102705094585655,0.0
2012-12-03T13:00:00Z,0.0021262717089786,0.0,0.102705094585655,0.0
2012-12-03T14:00:00Z,0.0212665412286178,0.0,0.102705094585655,0.0
2012-12-03T15:00:00Z,0.2181155541933604,0.0,0.102705094585655,0.0
2012-12-03T16:00:00Z,0.2259166016015002,0.0,0.0,0.0
2012-12-03T17:00:00Z,0.0226751049058645,0.249079788558935,0.1369706192075646,0.2491799829216085
2012-12-03T18:00:00Z,0.2204790012248946,0.2905930866520909,0.1369706192075646,0.29070953357851426
2012-12-03T19:00:00Z,0.021133148687006,0.1245398942794675,0.1369706192075646,0.12458865197071728
2012-12-03T20:00:00Z,0.0020605799354695,0.1798909584036753,0.1369706192075646,0.1799631721667076
2012-12-03T21:00:00Z,0.0203212094100297,0.2352420225278831,0.1712753492352201,0.23533769236269794
2012-12-03T22:00:00Z,0.1932997715599754,0.249079788558935,0.1712753492352201,0.2491799829216085
2012-12-03T23:00:00Z,0.0183912117734422,0.2352420225278831,0.1712753492352201,0.23533769236269794
2012-12-04T00:00:00Z,0.176815618464384,0.2767553206210389,0.1712753492352201,0.27686724301960364
2012-12-04T01:00:00Z,0.0017646875360348,0.2629175545899869,0.1712753492352201,0.2630222734805191
2012-12-04T02:00:00Z,0.1778598648744825,0.2767553206210389,0.1712753492352201,0.27686724301960364
2012-12-04T03:00:00Z,0.1835732026961848,0.2905930866520909,0.1712753492352201,0.29070953357851426
2012-12-04T04:00:00Z,0.0197037118300637,0.2767553206210389,0.1712753492352201,0.27686724301960364
2012-12-04T05:00:00Z,0.0230746833568736,0.2767553206210389,0.0,0.27686724301960364
2012-12-04T06:00:00Z,0.0255495140613725,0.2905930866520909,0.0,0.29070953357851426
2012-12-04T07:00:00Z,0.026694413841928,0.0,0.0,0.0
2012-12-04T08:00:00Z,0.0270598472171837,0.0,0.102705094585655,0.0
2012-12-04T09:00:00Z,0.0027321167286849,0.0,0.102705094585655,0.0
2012-12-04T10:00:00Z,0.0275049746274873,0.0,0.102705094585655,0.0
2012-12-04T11:00:00Z,0.2743020615374571,0.0,0.102705094585655,0.0
2012-12-04T12:00:00Z,0.2708477069445912,0.0,0.102705094585655,0.0
2012-12-04T13:00:00Z,0.2648922324060827,0.0,0.102705094585655,0.0
2012-12-04T14:00:00Z,0.0263520701979078,0.0,0.102705094585655,0.0
2012-12-04T15:00:00Z,0.2655834949415357,0.0,0.102705094585655,0.0
2012-12-04T16:00:00Z,0.268813903421664,0.0,0.0,0.0
2012-12-04T17:00:00Z,0.2654520291549727,0.2629175545899869,0.1369706192075646,0.2630222734805191
2012-12-04T18:00:00Z,0.0025907868961525,0.2905930866520909,0.1369706192075646,0.29070953357851426
2012-12-04T19:00:00Z,0.0245635833208512,0.1245398942794675,0.1369706192075646,0.12458865197071728
2012-12-04T20:00:00Z,0.2324301889363154,0.1798909584036753,0.1369706192075646,0.1799631721667076
2012-12-04T21:00:00Z,0.0022092149892784,0.249079788558935,0.1712753492352201,0.2491799829216085
2012-12-04T22:00:00Z,0.2053879860176529,0.2629175545899869,0.1712753492352201,0.2630222734805191
2012-12-04T23:00:00Z,0.1964436131288147,0.2629175545899869,0.1712753492352201,0.2630222734805191
2012-12-05T00:00:00Z,0.1888334593687539,0.2905930866520909,0.1712753492352201,0.29070953357851426
2012-12-05T01:00:00Z,0.1844164321618605,0.2905930866520909,0.1712753492352201,0.29070953357851426
2012-12-05T02:00:00Z,0.1841958931159775,0.2767553206210389,0.1712753492352201,0.27686724301960364
2012-12-05T03:00:00Z,0.0018969588785196,0.2767553206210389,0.1712753492352201,0.27686724301960364
2012-12-05T04:00:00Z,0.2018077265979179,0.2629175545899869,0.1712753492352201,0.2630222734805191
2012-12-05T05:00:00Z,0.0022802848373984,0.2629175545899869,0.0,0.2630222734805191
2012-12-05T06:00:00Z,0.0025059677709981,0.2629175545899869,0.0,0.2630222734805191
2012-12-05T07:00:00Z,0.2615955036073532,0.0,0.0,0.0
2012-12-05T08:00:00Z,0.2651171183993319,0.0,0.102705094585655,0.0
2012-12-05T09:00:00Z,0.0268025705918028,0.0,0.102705094585655,0.0
2012-12-05T10:00:00Z,0.0270284826212772,0.0,0.102705094585655,0.0
2012-12-05T11:00:00Z,0.2682525989477864,0.0,0.102705094585655,0.0
2012-12-05T12:00:00Z,0.2651657767966522,0.0,0.102705094585655,0.0
2012-12-05T13:00:00Z,0.261184462530271,0.0,0.102705094585655,0.0
2012-12-05T14:00:00Z,0.002599144783602,0.0,0.102705094585655,0.0
2012-12-05T15:00:00Z,0.0263483694183933,0.0,0.102705094585655,0.0
2012-12-05T16:00:00Z,0.0267681200548831,0.0,0.0,0.0
2012-12-05T17:00:00Z,0.264224701853548,0.3736196828384025,0.1369706192075646,0.37376863489232576
2012-12-05T18:00:00Z,0.2602537066919507,0.3874574488694545,0.1369706192075646,0.38761360443141035
2012-12-05T19:00:00Z,0.0024732712860832,0.2214042564968311,0.1369706192075646,0.22149272282361335
2012-12-05T20:00:00Z,0.0023417863102932,0.2905930866520909,0.1369706192075646,0.29070953357851426
2012-12-05T21:00:00Z,0.2217677340530785,0.3597819168073506,0.1712753492352201,0.3599263443334152
2012-12-05T22:00:00Z,0.020653915362637,0.3736196828384025,0.1712753492352201,0.37376863489232576
2012-12-05T23:00:00Z,0.1933240518065257,0.3736196828384025,0.1712753492352201,0.37376863489232576
2012-12-06T00:00:00Z,0.0018765466318916,0.4012952149005064,0.1712753492352201,0.40145589499032097
2012-12-06T01:00:00Z,0.001860047421127,0.4151329809315584,0.1712753492352201,0.41530086452940557
2012-12-06T02:00:00Z,0.0001859510514384,0.4151329809315584,0.1712753492352201,0.41530086452940557
2012-12-06T03:00:00Z,1.9161813930665693e-05,0.4151329809315584,0.1712753492352201,0.41530086452940557
2012-12-06T04:00:00Z,0.0020394768766654,0.4151329809315584,0.1712753492352201,0.41530086452940557
2012-12-06T05:00:00Z,0.2333234278775469,0.4151329809315584,0.0,0.41530086452940557
2012-12-06T06:00:00Z,0.2575777102286146,0.4289707469626103,0.0,0.42914315508831613
2012-12-06T07:00:00Z,0.2675365470638395,0.0,0.0,0.0
2012-12-06T08:00:00Z,0.2701730685456875,0.0,0.102705094585655,0.0
2012-12-06T09:00:00Z,0.027146468954836,0.0,0.102705094585655,0.0
2012-12-06T10:00:00Z,0.2725907153533917,0.0,0.102705094585655,0.0
2012-12-06T11:00:00Z,0.0273412826878822,0.0,0.102705094585655,0.0
2012-12-06T12:00:00Z,0.0026910921192033,0.0,0.102705094585655,0.0
2012-12-06T13:00:00Z,0.002660541303173,0.0,0.102705094585655,0.0
2012-12-06T14:00:00Z,0.2648107369333875,0.0,0.102705094585655,0.0
2012-12-06T15:00:00Z,0.268679813802006,0.0,0.102705094585655,0.0
2012-12-06T16:00:00Z,0.0027396467380505,0.0,0.0,0.0
2012-12-06T17:00:00Z,0.027046340350998,0.49815957711787,0.1369706192075646,0.498359965843217
2012-12-06T18:00:00Z,0.0264286234655793,0.511997343148922,0.1369706192075646,0.5122022564021276
2012-12-06T19:00:00Z,0.2504123353398344,0.3321063847452467,0.1369706192075646,0.33223908423542003
2012-12-06T20:00:00Z,0.2348346969977011,0.4012952149005064,0.1369706192075646,0.40145589499032097
2012-12-06T21:00:00Z,0.2215797187890664,0.4566462790247142,0.1712753492352201,0.45683041518631134
2012-12-06T22:00:00Z,0.0020767846503405,0.4566462790247142,0.1712753492352201,0.45683041518631134
2012-12-06T23:00:00Z,0.1989448897212092,0.4428085129936623,0.1712753492352201,0.4429854456472267
2012-12-07T00:00:00Z,0.1913204419450342,0.4704840450557662,0.1712753492352201,0.47067270574522185
2012-12-07T01:00:00Z,0.0186840942055384,0.4566462790247142,0.1712753492352201,0.45683041518631134
2012-12-07T02:00:00Z,0.1893506482011172,0.4566462790247142,0.1712753492352201,0.45683041518631134
2012-12-07T03:00:00Z,0.0001941996777785,0.4566462790247142,0.1712753492352201,0.45683041518631134
2012-12-07T04:00:00Z,0.2060058987115115,0.4566462790247142,0.1712753492352201,0.45683041518631134
2012-12-07T05:00:00Z,0.0232576780924862,0.4566462790247142,0.0,0.45683041518631134
2012-12-07T06:00:00Z,0.0025684177399759,0.4566462790247142,0.0,0.45683041518631134
2012-12-07T07:00:00Z,0.0263376665290672,0.0,0.0,0.0
2012-12-07T08:00:00Z,0.2644147535253354,0.0,0.102705094585655,0.0
2012-12-07T09:00:00Z,0.002673594285395,0.0,0.102705094585655,0.0
2012-12-07T10:00:00Z,0.0026948911945546,0.0,0.102705094585655,0.0
2012-12-07T11:00:00Z,0.2691869772422454,0.0,0.102705094585655,0.0
2012-12-07T12:00:00Z,0.0265024549959359,0.0,0.102705094585655,0.0
2012-12-07T13:00:00Z,0.0026150358133523,0.0,0.102705094585655,0.0
2012-12-07T14:00:00Z,0.0261404795977292,0.0,0.102705094585655,0.0
2012-12-07T15:00:00Z,0.0026452098939441,0.0,0.102705094585655,0.0
2012-12-07T16:00:00Z,0.2699350438061195,0.0,0.0,0.0
2012-12-07T17:00:00Z,0.0267476149950545,0.4704840450557662,0.1369706192075646,0.47067270574522185
2012-12-07T18:00:00Z,0.2611831506137235,0.4566462790247142,0.1369706192075646,0.45683041518631134
2012-12-07T19:00:00Z,0.2491951117539096,0.3044308526831428,0.1369706192075646,0.3045518241374249
2012-12-07T20:00:00Z,0.2360339649496851,0.3736196828384025,0.1369706192075646,0.37376863489232576
2012-12-07T21:00:00Z,0.0224366924655855,0.4566462790247142,0.1712753492352201,0.45683041518631134
2012-12-07T22:00:00Z,0.0211970527294586,0.4704840450557662,0.1712753492352201,0.47067270574522185
2012-12-07T23:00:00Z,0.0020135420487979,0.4566462790247142,0.1712753492352201,0.45683041518631134
2012-12-08T00:00:00Z,0.1929536018190391,0.4843218110868181,0.1712753492352201,0.4845149963041325
2012-12-08T01:00:00Z,0.0018984184346308,0.4843218110868181,0.1712753492352201,0.4845149963041325
2012-12-08T02:00:00Z,0.0018998458781578,0.4843218110868181,0.1712753492352201,0.4845149963041325
2012-12-08T03:00:00Z,0.195129346880065,0.4843218110868181,0.1712753492352201,0.4845149963041325
2012-12-08T04:00:00Z,0.0020870121167744,0.4843218110868181,0.1712753492352201,0.4845149963041325
2012-12-08T05:00:00Z,0.0233403484158208,0.4843218110868181,0.0,0.4845149963041325
2012-12-08T06:00:00Z,0.0255084843608714,0.4843218110868181,0.0,0.4845149963041325
2012-12-08T07:00:00Z,0.0026607653080283,0.0,0.0,0.0
2012-12-08T08:00:00Z,0.2684039001293134,0.0,0.102705094585655,0.0
2012-12-08T09:00:00Z,0.0026987666351975,0.0,0.102705094585655,0.0
2012-12-08T10:00:00Z,0.269616874672092,0.0,0.102705094585655,0.0
2012-12-08T11:00:00Z,0.267636918470143,0.0,0.102705094585655,0.0
2012-12-08T12:00:00Z,0.2641618865060214,0.0,0.102705094585655,0.0
2012-12-08T13:00:00Z,0.2579717747139556,0.0,0.102705094585655,0.0
2012-12-08T14:00:00Z,0.000255956484879,0.0,0.102705094585655,0.0
2012-12-08T15:00:00Z,0.259075958087514,0.0,0.102705094585655,0.0
2012-12-08T16:00:00Z,0.2629617961585897,0.0,0.0,0.0
2012-12-08T17:00:00Z,0.0257729236589847,0.49815957711787,0.1369706192075646,0.498359965843217
2012-12-08T18:00:00Z,0.2515568748328604,0.511997343148922,0.1369706192075646,0.5122022564021276
2012-12-08T19:00:00Z,0.0238675508918017,0.3459441507762986,0.1369706192075646,0.3460840537745046
2012-12-08T20:00:00Z,0.2267436572900384,0.4151329809315584,0.1369706192075646,0.41530086452940557
2012-12-08T21:00:00Z,0.0021464313627191,0.4704840450557662,0.1712753492352201,0.47067270574522185
2012-12-08T22:00:00Z,0.0203282624300356,0.4704840450557662,0.1712753492352201,0.47067270574522185
2012-12-08T23:00:00Z,0.0193894236193153,0.4428085129936623,0.1712753492352201,0.4429854456472267
2012-12-09T00:00:00Z,0.018718078718371,0.4566462790247142,0.1712753492352201,0.45683041518631134
2012-12-09T01:00:00Z,0.1834976598000633,0.4566462790247142,0.1712753492352201,0.45683041518631134
2012-12-09T02:00:00Z,0.1806996159361245,0.4428085129936623,0.1712753492352201,0.4429854456472267
2012-12-09T03:00:00Z,0.180227365140723,0.4566462790247142,0.1712753492352201,0.45683041518631134
2012-12-09T04:00:00Z,0.1805730061988716,0.4428085129936623,0.1712753492352201,0.4429854456472267
2012-12-09T05:00:00Z,0.181989229902288,0.4428085129936623,0.0,0.4429854456472267
2012-12-09T06:00:00Z,0.192958810323541,0.4428085129936623,0.0,0.4429854456472267
2012-12-09T07:00:00Z,0.2082912769180492,0.0,0.0,0.0
2012-12-09T08:00:00Z,0.0022026072376649,0.0,0.102705094585655,0.0
2012-12-09T09:00:00Z,0.0022692882354124,0.0,0.102705094585655,0.0
2012-12-09T10:00:00Z,0.2307929170850723,0.0,0.102705094585655,0.0
2012-12-09T11:00:00Z,0.0022960626898704,0.0,0.102705094585655,0.0
2012-12-09T12:00:00Z,0.0223894869668894,0.0,0.102705094585655,0.0
2012-12-09T13:00:00Z,0.2205520769346731,0.0,0.102705094585655,0.0
2012-12-09T14:00:00Z,0.0022090485521045,0.0,0.102705094585655,0.0
2012-12-09T15:00:00Z,0.0225980699494308,0.0,0.102705094585655,0.0
2012-12-09T16:00:00Z,0.2330647061858794,0.0,0.0,0.0
2012-12-09T17:00:00Z,0.2327920037716014,0.4566462790247142,0.1369706192075646,0.45683041518631134
2012-12-09T18:00:00Z,0.0227148696838436,0.4566462790247142,0.1369706192075646,0.45683041518631134
2012-12-09T19:00:00Z,0.0215431519793565,0.3044308526831428,0.1369706192075646,0.3045518241374249
2012-12-09T20:00:00Z,0.0020525882098025,0.3597819168073506,0.1369706192075646,0.3599263443334152
2012-12-09T21:00:00Z,0.2002085590690832,0.4151329809315584,0.1712753492352201,0.41530086452940557
2012-12-09T22:00:00Z,0.1908195247940284,0.4151329809315584,0.1712753492352201,0.41530086452940557
2012-12-09T23:00:00Z,0.0018159031915805,0.4151329809315584,0.1712753492352201,0.41530086452940557
2012-12-10T00:00:00Z,0.0177052399820358,0.4428085129936623,0.1712753492352201,0.4429854456472267
2012-12-10T01:00:00Z,0.1732717402527862,0.4566462790247142,0.1712753492352201,0.45683041518631134
2012-12-10T02:00:00Z,0.170955287246833,0.4566462790247142,0.1712753492352201,0.45683041518631134
2012-12-10T03:00:00Z,0.1697216353327989,0.4566462790247142,0.1712753492352201,0.45683041518631134
2012-12-10T04:00:00Z,0.0017034222081186,0.4566462790247142,0.1712753492352201,0.45683041518631134
2012-12-10T05:00:00Z,0.1698261578780287,0.4566462790247142,0.0,0.45683041518631134
2012-12-10T06:00:00Z,0.1754336612379537,0.4566462790247142,0.0,0.45683041518631134
2012-12-10T07:00:00Z,0.0187348829986851,0.0,0.0,0.0
2012-12-10T08:00:00Z,0.2009817674366431,0.0,0.102705094585655,0.0
2012-12-10T09:00:00Z,0.0021350071151003,0.0,0.102705094585655,0.0
2012-12-10T10:00:00Z,0.2242675029204857,0.0,0.102705094585655,0.0
2012-12-10T11:00:00Z,0.0022494457913446,0.0,0.102705094585655,0.0
2012-12-10T12:00:00Z,0.2185735501343356,0.0,0.102705094585655,0.0
2012-12-10T13:00:00Z,0.213061816682376,0.0,0.102705094585655,0.0
2012-12-10T14:00:00Z,0.2134643792540095,0.0,0.102705094585655,0.0
2012-12-10T15:00:00Z,0.2180515835760383,0.0,0.102705094585655,0.0
2012-12-10T16:00:00Z,0.2275971666988099,0.0,0.0,0.0
2012-12-10T17:00:00Z,0.0022873057448202,0.511997343148922,0.1369706192075646,0.5122022564021276
2012-12-10T18:00:00Z,0.0022434141081613,0.511997343148922,0.1369706192075646,0.5122022564021276
2012-12-10T19:00:00Z,0.0217677285952707,0.3459441507762986,0.1369706192075646,0.3460840537745046
2012-12-10T20:00:00Z,0.2118934668830555,0.4151329809315584,0.1369706192075646,0.41530086452940557
2012-12-10T21:00:00Z,0.0020837080451592,0.49815957711787,0.1712753492352201,0.498359965843217
2012-12-10T22:00:00Z,0.0198904739200603,0.4843218110868181,0.1712753492352201,0.4845149963041325
2012-12-10T23:00:00Z,0.000186666143861,0.4566462790247142,0.1712753492352201,0.45683041518631134
2012-12-11T00:00:00Z,0.1831450087997656,0.4843218110868181,0.1712753492352201,0.4845149963041325
2012-12-11T01:00:00Z,0.1819756407965575,0.4843218110868181,0.1712753492352201,0.4845149963041325
2012-12-11T02:00:00Z,0.1827845254618711,0.4843218110868181,0.1712753492352201,0.4845149963041325
2012-12-11T03:00:00Z,0.0018805101863325,0.4843218110868181,0.1712753492352201,0.4845149963041325
2012-12-11T04:00:00Z,0.0020150642636098,0.4843218110868181,0.1712753492352201,0.4845149963041325
2012-12-11T05:00:00Z,0.2348343053808212,0.4843218110868181,0.0,0.4845149963041325
2012-12-11T06:00:00Z,0.2568247876154305,0.4843218110868181,0.0,0.4845149963041325
2012-12-11T07:00:00Z,0.2682411441540511,0.0,0.0,0.0
2012-12-11T08:00:00Z,0.2718645989156328,0.0,0.102705094585655,0.0
2012-12-11T09:00:00Z,0.2729905561877104,0.0,0.102705094585655,0.0
2012-12-11T10:00:00Z,0.0027391227546652,0.0,0.102705094585655,0.0
2012-12-11T11:00:00Z,0.0272784869211995,0.0,0.102705094585655,0.0
2012-12-11T12:00:00Z,0.0270591344744624,0.0,0.102705094585655,0.0
2012-12-11T13:00:00Z,0.0026779686459429,0.0,0.102705094585655,0.0
2012-12-11T14:00:00Z,0.0026713601110955,0.0,0.102705094585655,0.0
2012-12-11T15:00:00Z,0.0270199297086214,0.0,0.102705094585655,0.0
2012-12-11T16:00:00Z,0.0277183353359628,0.0,0.0,0.0
2012-12-11T17:00:00Z,0.0273567163091167,0.5673484072731297,0.1369706192075646,0.5675767765981179
2012-12-11T18:00:00Z,0.2669286597621048,0.5673484072731297,0.1369706192075646,0.5675767765981179
2012-12-11T19:00:00Z,0.0253358557240683,0.4012952149005064,0.1369706192075646,0.40145589499032097
2012-12-11T20:00:00Z,0.0024246340360744,0.4566462790247142,0.1369706192075646,0.45683041518631134
2012-12-11T21:00:00Z,0.2330957418236068,0.5258351091799739,0.1712753492352201,0.5260472259412121
2012-12-11T22:00:00Z,0.0022026119370674,0.511997343148922,0.1712753492352201,0.5122022564021276
2012-12-11T23:00:00Z,0.2115491573222984,0.49815957711787,0.1712753492352201,0.498359965843217
2012-12-12T00:00:00Z,0.020535991687779,0.5258351091799739,0.1712753492352201,0.5260472259412121
2012-12-12T01:00:00Z,0.0020155016996646,0.5258351091799739,0.1712753492352201,0.5260472259412121
2012-12-12T02:00:00Z,0.0202700994910415,0.511997343148922,0.1712753492352201,0.5122022564021276
2012-12-12T03:00:00Z,0.2060021979319971,0.511997343148922,0.1712753492352201,0.5122022564021276
2012-12-12T04:00:00Z,0.217824269558134,0.511997343148922,0.1712753492352201,0.5122022564021276
2012-12-12T05:00:00Z,0.2422764359185857,0.511997343148922,0.0,0.5122022564021276
2012-12-12T06:00:00Z,0.2637823118452346,0.511997343148922,0.0,0.5122022564021276
2012-12-12T07:00:00Z,0.2751724496337498,0.0,0.0,0.0
2012-12-12T08:00:00Z,0.2769802314744762,0.0,0.102705094585655,0.0
2012-12-12T09:00:00Z,0.2767798998595931,0.0,0.102705094585655,0.0
2012-12-12T10:00:00Z,0.0274519653666319,0.0,0.102705094585655,0.0
2012-12-12T11:00:00Z,0.2724059700903263,0.0,0.102705094585655,0.0
2012-12-12T12:00:00Z,0.2703787261501365,0.0,0.102705094585655,0.0
2012-12-12T13:00:00Z,0.2665472249211387,0.0,0.102705094585655,0.0
2012-12-12T14:00:00Z,0.0026682651628941,0.0,0.102705094585655,0.0
2012-12-12T15:00:00Z,0.0027136484682484,0.0,0.102705094585655,0.0
2012-12-12T16:00:00Z,0.2787745025328482,0.0,0.0,0.0
2012-12-12T17:00:00Z,0.0277682664881426,0.5950239393352337,0.1369706192075646,0.595264036696113
2012-12-12T18:00:00Z,0.2723015258684724,0.5950239393352337,0.1369706192075646,0.595264036696113
2012-12-12T19:00:00Z,0.2570981949400922,0.4151329809315584,0.1369706192075646,0.41530086452940557
2012-12-12T20:00:00Z,0.2475499292416935,0.4843218110868181,0.1369706192075646,0.4845149963041325
2012-12-12T21:00:00Z,0.002362133940136,0.5396728752110259,0.1712753492352201,0.5398895165001227
2012-12-12T22:00:00Z,0.0022483727610938,0.5396728752110259,0.1712753492352201,0.5398895165001227
2012-12-12T23:00:00Z,0.2150981852958661,0.5258351091799739,0.1712753492352201,0.5260472259412121
2012-12-13T00:00:00Z,0.0020762747651629,0.5396728752110259,0.1712753492352201,0.5398895165001227
2012-12-13T01:00:00Z,0.0020349137567815,0.5396728752110259,0.1712753492352201,0.5398895165001227
2012-12-13T02:00:00Z,0.0020462342259271,0.5396728752110259,0.1712753492352201,0.5398895165001227
2012-12-13T03:00:00Z,0.2074189503182013,0.5258351091799739,0.1712753492352201,0.5260472259412121
2012-12-13T04:00:00Z,0.0021818049406246,0.5258351091799739,0.1712753492352201,0.5260472259412121
2012-12-13T05:00:00Z,0.2423375673135291,0.5258351091799739,0.0,0.5260472259412121
2012-12-13T06:00:00Z,0.2648631744335983,0.511997343148922,0.0,0.5122022564021276
2012-12-13T07:00:00Z,0.2770021620197474,0.0,0.0,0.0
2012-12-13T08:00:00Z,0.2809483286711629,0.0,0.102705094585655,0.0
2012-12-13T09:00:00Z,0.0002831675921579,0.0,0.102705094585655,0.0
2012-12-13T10:00:00Z,0.0283270567816515,0.0,0.102705094585655,0.0
2012-12-13T11:00:00Z,0.0280747811038261,0.0,0.102705094585655,0.0
2012-12-13T12:00:00Z,0.027620066912304,0.0,0.102705094585655,0.0
2012-12-13T13:00:00Z,0.2720346781265482,0.0,0.102705094585655,0.0
2012-12-13T14:00:00Z,0.2705466906299006,0.0,0.102705094585655,0.0
2012-12-13T15:00:00Z,0.2740908233924704,0.0,0.102705094585655,0.0
2012-12-13T16:00:00Z,0.0279739789189548,0.0,0.0,0.0
2012-12-13T17:00:00Z,0.0276309186160445,0.5258351091799739,0.1369706192075646,0.5260472259412121
2012-12-13T18:00:00Z,0.2692922046978589,0.5258351091799739,0.1369706192075646,0.5260472259412121
2012-12-13T19:00:00Z,0.0025462236365446,0.3597819168073506,0.1369706192075646,0.3599263443334152
2012-12-13T20:00:00Z,0.2421104099423768,0.4151329809315584,0.1369706192075646,0.41530086452940557
2012-12-13T21:00:00Z,0.233216692696946,0.4704840450557662,0.1712753492352201,0.47067270574522185
2012-12-13T22:00:00Z,0.2228520232891409,0.4843218110868181,0.1712753492352201,0.4845149963041325
2012-12-13T23:00:00Z,0.0021450955575419,0.4843218110868181,0.1712753492352201,0.4845149963041325
2012-12-14T00:00:00Z,0.0020665861635556,0.511997343148922,0.1712753492352201,0.5122022564021276
2012-12-14T01:00:00Z,0.0020083319778285,0.511997343148922,0.1712753492352201,0.5122022564021276
2012-12-14T02:00:00Z,0.0201029221612058,0.5258351091799739,0.1712753492352201,0.5260472259412121
2012-12-14T03:00:00Z,0.0020540681299915,0.511997343148922,0.1712753492352201,0.5122022564021276
2012-12-14T04:00:00Z,0.0217712374825141,0.511997343148922,0.1712753492352201,0.5122022564021276
2012-12-14T05:00:00Z,0.0024367357808953,0.511997343148922,0.0,0.5122022564021276
2012-12-14T06:00:00Z,0.2640163616734722,0.511997343148922,0.0,0.5122022564021276
2012-12-14T07:00:00Z,0.0274875476763343,0.0,0.0,0.0
2012-12-14T08:00:00Z,0.2789563694118467,0.0,0.102705094585655,0.0
2012-12-14T09:00:00Z,0.0027960019735272,0.0,0.102705094585655,0.0
2012-12-14T10:00:00Z,0.2792374132656653,0.0,0.102705094585655,0.0
2012-12-14T11:00:00Z,0.0277045700026363,0.0,0.102705094585655,0.0
2012-12-14T12:00:00Z,0.2728632219592297,0.0,0.102705094585655,0.0
2012-12-14T13:00:00Z,0.2678843811765151,0.0,0.102705094585655,0.0
2012-12-14T14:00:00Z,0.2662135477586694,0.0,0.102705094585655,0.0
2012-12-14T15:00:00Z,0.0270651418773992,0.0,0.102705094585655,0.0
2012-12-14T16:00:00Z,0.2761282885332241,0.0,0.0,0.0
2012-12-14T17:00:00Z,0.0273191915796903,0.5811861733041818,0.1369706192075646,0.5814190671570285
2012-12-14T18:00:00Z,0.2667142103587034,0.5811861733041818,0.1369706192075646,0.5814190671570285
2012-12-14T19:00:00Z,0.0025241254792489,0.4012952149005064,0.1369706192075646,0.40145589499032097
2012-12-14T20:00:00Z,0.2436829279425381,0.4704840450557662,0.1369706192075646,0.47067270574522185
2012-12-14T21:00:00Z,0.2322361427723538,0.5258351091799739,0.1712753492352201,0.5260472259412121
2012-12-14T22:00:00Z,0.0022037707314149,0.511997343148922,0.1712753492352201,0.5122022564021276
2012-12-14T23:00:00Z,0.0212626642215073,0.49815957711787,0.1712753492352201,0.498359965843217
2012-12-15T00:00:00Z,0.0206788417770389,0.5258351091799739,0.1712753492352201,0.5260472259412121
2012-12-15T01:00:00Z,0.0020253818019262,0.5258351091799739,0.1712753492352201,0.5260472259412121
2012-12-15T02:00:00Z,0.2008858017202379,0.5258351091799739,0.1712753492352201,0.5260472259412121
2012-12-15T03:00:00Z,0.2048165190857436,0.5258351091799739,0.1712753492352201,0.5260472259412121
2012-12-15T04:00:00Z,0.2143987771293124,0.5258351091799739,0.1712753492352201,0.5260472259412121
2012-12-15T05:00:00Z,0.2364147536227994,0.511997343148922,0.0,0.5122022564021276
2012-12-15T06:00:00Z,0.258139093025868,0.511997343148922,0.0,0.5122022564021276
2012-12-15T07:00:00Z,0.2695041477532295,0.0,0.0,0.0
2012-12-15T08:00:00Z,0.2733938824122596,0.0,0.102705094585655,0.0
2012-12-15T09:00:00Z,0.0002745355728924,0.0,0.102705094585655,0.0
2012-12-15T10:00:00Z,0.0272689040561498,0.0,0.102705094585655,0.0
2012-12-15T11:00:00Z,0.269467903611,0.0,0.102705094585655,0.0
2012-12-15T12:00:00Z,0.2642039461589164,0.0,0.102705094585655,0.0
2012-12-15T13:00:00Z,0.2588636429961077,0.0,0.102705094585655,0.0
2012-12-15T14:00:00Z,0.0257534837970693,0.0,0.102705094585655,0.0
2012-12-15T15:00:00Z,0.2622442757113433,0.0,0.102705094585655,0.0
2012-12-15T16:00:00Z,0.0002672554150962,0.0,0.0,0.0
2012-12-15T17:00:00Z,0.2629988235345787,0.5396728752110259,0.1369706192075646,0.5398895165001227
2012-12-15T18:00:00Z,0.0025532966290114,0.5535106412420778,0.1369706192075646,0.5537318070590334
2012-12-15T19:00:00Z,0.2424337092575302,0.3874574488694545,0.1369706192075646,0.38761360443141035
2012-12-15T20:00:00Z,0.0023089359199445,0.4566462790247142,0.1369706192075646,0.45683041518631134
2012-12-15T21:00:00Z,0.0022302467738104,0.511997343148922,0.1712753492352201,0.5122022564021276
2012-12-15T22:00:00Z,0.0212632046528015,0.49815957711787,0.1712753492352201,0.498359965843217
2012-12-15T23:00:00Z,0.2035911302878741,0.4843218110868181,0.1712753492352201,0.4845149963041325
2012-12-16T00:00:00Z,0.1961285181872938,0.49815957711787,0.1712753492352201,0.498359965843217
2012-12-16T01:00:00Z,0.0018996347966595,0.49815957711787,0.1712753492352201,0.498359965843217
2012-12-16T02:00:00Z,0.1886770671677891,0.4843218110868181,0.1712753492352201,0.4845149963041325
2012-12-16T03:00:00Z,0.0190226039203049,0.4843218110868181,0.1712753492352201,0.4845149963041325
2012-12-16T04:00:00Z,0.1909447638722018,0.4843218110868181,0.1712753492352201,0.4845149963041325
2012-12-16T05:00:00Z,0.1945658689325045,0.4843218110868181,0.0,0.4845149963041325
2012-12-16T06:00:00Z,0.0020496029143275,0.4843218110868181,0.0,0.4845149963041325
2012-12-16T07:00:00Z,0.2188729804006628,0.0,0.0,0.0
2012-12-16T08:00:00Z,0.2313981805537119,0.0,0.102705094585655,0.0
2012-12-16T09:00:00Z,0.2374566894933069,0.0,0.102705094585655,0.0
2012-12-16T10:00:00Z,0.2408575688012304,0.0,0.102705094585655,0.0
2012-12-16T11:00:00Z,0.2390957823630414,0.0,0.102705094585655,0.0
2012-12-16T12:00:00Z,0.2319195205250016,0.0,0.102705094585655,0.0
2012-12-16T13:00:00Z,0.0002289110315402,0.0,0.102705094585655,0.0
2012-12-16T14:00:00Z,0.0229312497584627,0.0,0.102705094585655,0.0
2012-12-16T15:00:00Z,0.0235453911817685,0.0,0.102705094585655,0.0
2012-12-16T16:00:00Z,0.2429621962368771,0.0,0.0,0.0
2012-12-16T17:00:00Z,0.0024305533252132,0.511997343148922,0.1369706192075646,0.5122022564021276
2012-12-16T18:00:00Z,0.2365583986943254,0.511997343148922,0.1369706192075646,0.5122022564021276
2012-12-16T19:00:00Z,0.2249907213933338,0.3321063847452467,0.1369706192075646,0.33223908423542003
2012-12-16T20:00:00Z,0.2175500398380247,0.4012952149005064,0.1369706192075646,0.40145589499032097
2012-12-16T21:00:00Z,0.0021298546118122,0.4566462790247142,0.1712753492352201,0.45683041518631134
2012-12-16T22:00:00Z,0.0020402244732891,0.4704840450557662,0.1712753492352201,0.47067270574522185
2012-12-16T23:00:00Z,0.0195130100742558,0.4566462790247142,0.1712753492352201,0.45683041518631134
2012-12-17T00:00:00Z,0.1885545302460865,0.4843218110868181,0.1712753492352201,0.4845149963041325
2012-12-17T01:00:00Z,0.0183340631221668,0.4843218110868181,0.1712753492352201,0.4845149963041325
2012-12-17T02:00:00Z,0.1810335672304098,0.4704840450557662,0.1712753492352201,0.47067270574522185
2012-12-17T03:00:00Z,0.1813090697053785,0.4704840450557662,0.1712753492352201,0.47067270574522185
2012-12-17T04:00:00Z,0.1811628791241336,0.4566462790247142,0.1712753492352201,0.45683041518631134
2012-12-17T05:00:00Z,0.0182209210894117,0.4566462790247142,0.0,0.45683041518631134
2012-12-17T06:00:00Z,0.1896414824769318,0.4428085129936623,0.0,0.4429854456472267
2012-12-17T07:00:00Z,0.0002007604353665,0.0,0.0,0.0
2012-12-17T08:00:00Z,0.2146630401998298,0.0,0.102705094585655,0.0
2012-12-17T09:00:00Z,0.2225461509251404,0.0,0.102705094585655,0.0
2012-12-17T10:00:00Z,0.2286095354948893,0.0,0.102705094585655,0.0
2012-12-17T11:00:00Z,0.0227373524089154,0.0,0.102705094585655,0.0
2012-12-17T12:00:00Z,0.2231011112055644,0.0,0.102705094585655,0.0
2012-12-17T13:00:00Z,0.2188934423826345,0.0,0.102705094585655,0.0
2012-12-17T14:00:00Z,0.0021932566014249,0.0,0.102705094585655,0.0
2012-12-17T15:00:00Z,0.0224927837512853,0.0,0.102705094585655,0.0
2012-12-17T16:00:00Z,0.2339485659028387,0.0,0.0,0.0
2012-12-17T17:00:00Z,0.2329561108250992,0.4566462790247142,0.1369706192075646,0.45683041518631134
2012-12-17T18:00:00Z,0.0232197930755303,0.4566462790247142,0.1369706192075646,0.45683041518631134
2012-12-17T19:00:00Z,0.0226211596806663,0.3044308526831428,0.1369706192075646,0.3045518241374249
2012-12-17T20:00:00Z,0.0219495915581005,0.4012952149005064,0.1369706192075646,0.40145589499032097
2012-12-17T21:00:00Z,0.0216788158988714,0.4428085129936623,0.1712753492352201,0.4429854456472267
2012-12-17T22:00:00Z,0.2084612582247446,0.4428085129936623,0.1712753492352201,0.4429854456472267
2012-12-17T23:00:00Z,0.2018831520089754,0.4289707469626103,0.1712753492352201,0.42914315508831613
2012-12-18T00:00:00Z,0.0019483202155446,0.4566462790247142,0.1712753492352201,0.45683041518631134
2012-12-18T01:00:00Z,0.1912224202400098,0.4428085129936623,0.1712753492352201,0.4429854456472267
2012-12-18T02:00:00Z,0.190822912280039,0.4428085129936623,0.1712753492352201,0.4429854456472267
2012-12-18T03:00:00Z,0.1953924938424749,0.4289707469626103,0.1712753492352201,0.42914315508831613
2012-12-18T04:00:00Z,0.2061059764051552,0.4151329809315584,0.1712753492352201,0.41530086452940557
2012-12-18T05:00:00Z,0.0023241216476942,0.4012952149005064,0.0,0.40145589499032097
2012-12-18T06:00:00Z,0.255445787096443,0.4012952149005064,0.0,0.40145589499032097
2012-12-18T07:00:00Z,0.0026831661851721,0.0,0.0,0.0
2012-12-18T08:00:00Z,0.0027389590588095,0.0,0.102705094585655,0.0
2012-12-18T09:00:00Z,0.2760698984564397,0.0,0.102705094585655,0.0
2012-12-18T10:00:00Z,0.2787394724029463,0.0,0.102705094585655,0.0
2012-12-18T11:00:00Z,0.2786041491901169,0.0,0.102705094585655,0.0
2012-12-18T12:00:00Z,0.0027401997010848,0.0,0.102705094585655,0.0
2012-12-18T13:00:00Z,0.0267021091136169,0.0,0.102705094585655,0.0
2012-12-18T14:00:00Z,0.2642080972978428,0.0,0.102705094585655,0.0
2012-12-18T15:00:00Z,0.2665556446840553,0.0,0.102705094585655,0.0
2012-12-18T16:00:00Z,0.0272191922094226,0.0,0.0,0.0
2012-12-18T17:00:00Z,0.0267561874885543,0.5258351091799739,0.1369706192075646,0.5260472259412121
2012-12-18T18:00:00Z,0.260507885627812,0.5258351091799739,0.1369706192075646,0.5260472259412121
2012-12-18T19:00:00Z,0.2463259502645915,0.3597819168073506,0.1369706192075646,0.3599263443334152
2012-12-18T20:00:00Z,0.002361397308785,0.4151329809315584,0.1369706192075646,0.41530086452940557
2012-12-18T21:00:00Z,0.0022686972855408,0.4843218110868181,0.1712753492352201,0.4845149963041325
2012-12-18T22:00:00Z,0.0021436555822747,0.4843218110868181,0.1712753492352201,0.4845149963041325
2012-12-18T23:00:00Z,0.0200764253631156,0.4566462790247142,0.1712753492352201,0.45683041518631134
2012-12-19T00:00:00Z,0.0019043294998151,0.4843218110868181,0.1712753492352201,0.4845149963041325
2012-12-19T01:00:00Z,0.0018647217602048,0.4843218110868181,0.1712753492352201,0.4845149963041325
2012-12-19T02:00:00Z,0.0185669498482712,0.4843218110868181,0.1712753492352201,0.4845149963041325
2012-12-19T03:00:00Z,0.0019051229156137,0.4704840450557662,0.1712753492352201,0.47067270574522185
2012-12-19T04:00:00Z,0.0203015894043496,0.4704840450557662,0.1712753492352201,0.47067270574522185
2012-12-19T05:00:00Z,0.2272491563585384,0.4843218110868181,0.0,0.4845149963041325
2012-12-19T06:00:00Z,0.00250985965955,0.4704840450557662,0.0,0.47067270574522185
2012-12-19T07:00:00Z,0.0261583882376443,0.0,0.0,0.0
2012-12-19T08:00:00Z,0.2655348952867473,0.0,0.102705094585655,0.0
2012-12-19T09:00:00Z,0.0266709285776439,0.0,0.102705094585655,0.0
2012-12-19T10:00:00Z,0.2681974788719488,0.0,0.102705094585655,0.0
2012-12-19T11:00:00Z,0.2675024568144493,0.0,0.102705094585655,0.0
2012-12-19T12:00:00Z,0.2655016078519607,0.0,0.102705094585655,0.0
2012-12-19T13:00:00Z,0.0026025044648142,0.0,0.102705094585655,0.0
2012-12-19T14:00:00Z,0.2590935612662629,0.0,0.102705094585655,0.0
2012-12-19T15:00:00Z,0.0026168133623699,0.0,0.102705094585655,0.0
2012-12-19T16:00:00Z,0.0026540706174674,0.0,0.0,0.0
2012-12-19T17:00:00Z,0.0261279596060806,0.5673484072731297,0.1369706192075646,0.5675767765981179
2012-12-19T18:00:00Z,0.0025473495350741,0.5673484072731297,0.1369706192075646,0.5675767765981179
2012-12-19T19:00:00Z,0.0023740786465881,0.3874574488694545,0.1369706192075646,0.38761360443141035
2012-12-19T20:00:00Z,0.0224802011009359,0.4428085129936623,0.1369706192075646,0.4429854456472267
2012-12-19T21:00:00Z,0.0214233407111377,0.511997343148922,0.1712753492352201,0.5122022564021276
2012-12-19T22:00:00Z,0.0020068042803802,0.511997343148922,0.1712753492352201,0.5122022564021276
2012-12-19T23:00:00Z,0.0018926127143871,0.4843218110868181,0.1712753492352201,0.4845149963041325
2012-12-20T00:00:00Z,0.0018098511443195,0.511997343148922,0.1712753492352201,0.5122022564021276
2012-12-20T01:00:00Z,0.0177855136100658,0.511997343148922,0.1712753492352201,0.5122022564021276
2012-12-20T02:00:00Z,0.0017892567958423,0.511997343148922,0.1712753492352201,0.5122022564021276
2012-12-20T03:00:00Z,0.0018201024993831,0.511997343148922,0.1712753492352201,0.5122022564021276
2012-12-20T04:00:00Z,0.1906665200790741,0.511997343148922,0.1712753492352201,0.5122022564021276
2012-12-20T05:00:00Z,0.2129245745468354,0.511997343148922,0.0,0.5122022564021276
2012-12-20T06:00:00Z,0.2350171513020194,0.511997343148922,0.0,0.5122022564021276
2012-12-20T07:00:00Z,0.2469224806768108,0.0,0.0,0.0
2012-12-20T08:00:00Z,0.2489468658137777,0.0,0.102705094585655,0.0
2012-12-20T09:00:00Z,0.0002497994842941,0.0,0.102705094585655,0.0
2012-12-20T10:00:00Z,0.2502859801535533,0.0,0.102705094585655,0.0
2012-12-20T11:00:00Z,0.2499227359166559,0.0,0.102705094585655,0.0
2012-12-20T12:00:00Z,0.2478173448280936,0.0,0.102705094585655,0.0
2012-12-20T13:00:00Z,0.2436578840430723,0.0,0.102705094585655,0.0
2012-12-20T14:00:00Z,0.2420145421301915,0.0,0.102705094585655,0.0
2012-12-20T15:00:00Z,0.0244419745311538,0.0,0.102705094585655,0.0
2012-12-20T16:00:00Z,0.0250715456595254,0.0,0.0,0.0
2012-12-20T17:00:00Z,0.0002491803380071,0.6088617053662857,0.1369706192075646,0.6091063272550237
2012-12-20T18:00:00Z,0.002424531040835,0.6088617053662857,0.1369706192075646,0.6091063272550237
2012-12-20T19:00:00Z,0.2295351415712398,0.4289707469626103,0.1369706192075646,0.42914315508831613
2012-12-20T20:00:00Z,0.0021651682723351,0.49815957711787,0.1369706192075646,0.498359965843217
2012-12-20T21:00:00Z,0.0204905445488733,0.5673484072731297,0.1712753492352201,0.5675767765981179
2012-12-20T22:00:00Z,0.1914509874319296,0.5535106412420778,0.1712753492352201,0.5537318070590334
2012-12-20T23:00:00Z,0.0019624732495821,0.5396728752110259,0.1712753492352201,0.5398895165001227
2012-12-21T00:00:00Z,0.001879918453227,0.5673484072731297,0.1712753492352201,0.5675767765981179
2012-12-21T01:00:00Z,0.1813000429362982,0.5535106412420778,0.1712753492352201,0.5537318070590334
2012-12-21T02:00:00Z,0.0178770109778721,0.5535106412420778,0.1712753492352201,0.5537318070590334
2012-12-21T03:00:00Z,0.0182583674954622,0.5535106412420778,0.1712753492352201,0.5537318070590334
2012-12-21T04:00:00Z,0.0192214865527327,0.5535106412420778,0.1712753492352201,0.5537318070590334
2012-12-21T05:00:00Z,0.0211814820423161,0.5535106412420778,0.0,0.5537318070590334
2012-12-21T06:00:00Z,0.2354005638082287,0.5535106412420778,0.0,0.5537318070590334
2012-12-21T07:00:00Z,0.2419546247475756,0.0,0.0,0.0
2012-12-21T08:00:00Z,0.0240834688585025,0.0,0.102705094585655,0.0
2012-12-21T09:00:00Z,0.0243730225471201,0.0,0.102705094585655,0.0
2012-12-21T10:00:00Z,0.2436719235082146,0.0,0.102705094585655,0.0
2012-12-21T11:00:00Z,0.0024088973033748,0.0,0.102705094585655,0.0
2012-12-21T12:00:00Z,0.2383297797460705,0.0,0.102705094585655,0.0
2012-12-21T13:00:00Z,0.2339226800270811,0.0,0.102705094585655,0.0
2012-12-21T14:00:00Z,0.2334127752686829,0.0,0.102705094585655,0.0
2012-12-21T15:00:00Z,0.2372069162473437,0.0,0.102705094585655,0.0
2012-12-21T16:00:00Z,0.0024254513405026,0.0,0.0,0.0
2012-12-21T17:00:00Z,0.2414145263277416,0.6365372374283894,0.1369706192075646,0.6367935873530188
2012-12-21T18:00:00Z,0.0002357079341067,0.6365372374283894,0.1369706192075646,0.6367935873530188
2012-12-21T19:00:00Z,0.0222003986726265,0.4566462790247142,0.1369706192075646,0.45683041518631134
2012-12-21T20:00:00Z,0.0210534977298149,0.511997343148922,0.1369706192075646,0.5122022564021276
2012-12-21T21:00:00Z,0.2011116275939988,0.5673484072731297,0.1712753492352201,0.5675767765981179
2012-12-21T22:00:00Z,0.1886493798543841,0.5673484072731297,0.1712753492352201,0.5675767765981179
2012-12-21T23:00:00Z,0.001778388644193,0.5535106412420778,0.1712753492352201,0.5537318070590334
2012-12-22T00:00:00Z,0.0168608787435774,0.5673484072731297,0.1712753492352201,0.5675767765981179
2012-12-22T01:00:00Z,0.1625546548148113,0.5673484072731297,0.1712753492352201,0.5675767765981179
2012-12-22T02:00:00Z,0.0164089763612525,0.5673484072731297,0.1712753492352201,0.5675767765981179
2012-12-22T03:00:00Z,0.1652262847499371,0.5673484072731297,0.1712753492352201,0.5675767765981179
2012-12-22T04:00:00Z,0.0173171006600868,0.5673484072731297,0.1712753492352201,0.5675767765981179
2012-12-22T05:00:00Z,0.0018931081097401,0.5535106412420778,0.0,0.5537318070590334
2012-12-22T06:00:00Z,0.0020698573393529,0.5535106412420778,0.0,0.5537318070590334
2012-12-22T07:00:00Z,0.0219693407973509,0.0,0.0,0.0
2012-12-22T08:00:00Z,0.2248413587153621,0.0,0.102705094585655,0.0
2012-12-22T09:00:00Z,0.0022798771642265,0.0,0.102705094585655,0.0
2012-12-22T10:00:00Z,0.00229582928621,0.0,0.102705094585655,0.0
2012-12-22T11:00:00Z,0.2279518345260388,0.0,0.102705094585655,0.0
2012-12-22T12:00:00Z,0.2212311797660071,0.0,0.102705094585655,0.0
2012-12-22T13:00:00Z,0.2155363654227214,0.0,0.102705094585655,0.0
2012-12-22T14:00:00Z,0.2156513833003309,0.0,0.102705094585655,0.0
2012-12-22T15:00:00Z,0.2218590982711457,0.0,0.102705094585655,0.0
2012-12-22T16:00:00Z,0.2267048872189341,0.0,0.0,0.0
2012-12-22T17:00:00Z,0.2246369347040846,0.6503750034594414,0.1369706192075646,0.6506358779119294
2012-12-22T18:00:00Z,0.0216314655019297,0.6503750034594414,0.1369706192075646,0.6506358779119294
2012-12-22T19:00:00Z,0.2037480511716267,0.4704840450557662,0.1369706192075646,0.47067270574522185
2012-12-22T20:00:00Z,0.0191485165795117,0.5258351091799739,0.1369706192075646,0.5260472259412121
2012-12-22T21:00:00Z,0.0182129164403877,0.5950239393352337,0.1712753492352201,0.595264036696113
2012-12-22T22:00:00Z,0.0170531822124237,0.5811861733041818,0.1712753492352201,0.5814190671570285
2012-12-22T23:00:00Z,0.0015639588216355,0.5673484072731297,0.1712753492352201,0.5675767765981179
2012-12-23T00:00:00Z,0.1456965271798148,0.5811861733041818,0.1712753492352201,0.5814190671570285
2012-12-23T01:00:00Z,0.0014221100967373,0.5811861733041818,0.1712753492352201,0.5814190671570285
2012-12-23T02:00:00Z,0.0144610896655938,0.5673484072731297,0.1712753492352201,0.5675767765981179
2012-12-23T03:00:00Z,0.1463951716934529,0.5673484072731297,0.1712753492352201,0.5675767765981179
2012-12-23T04:00:00Z,0.014958329534098,0.5811861733041818,0.1712753492352201,0.5814190671570285
2012-12-23T05:00:00Z,0.0001518713757039,0.5673484072731297,0.0,0.5675767765981179
2012-12-23T06:00:00Z,0.1615690138707811,0.5811861733041818,0.0,0.5814190671570285
2012-12-23T07:00:00Z,0.0017619795053107,0.0,0.0,0.0
2012-12-23T08:00:00Z,0.1879851976261722,0.0,0.102705094585655,0.0
2012-12-23T09:00:00Z,0.1957801358109864,0.0,0.102705094585655,0.0
2012-12-23T10:00:00Z,0.0200609447478555,0.0,0.102705094585655,0.0
2012-12-23T11:00:00Z,0.0200985203874763,0.0,0.102705094585655,0.0
2012-12-23T12:00:00Z,0.1918683335407771,0.0,0.102705094585655,0.0
2012-12-23T13:00:00Z,0.1845841616714968,0.0,0.102705094585655,0.0
2012-12-23T14:00:00Z,0.0181930810454237,0.0,0.102705094585655,0.0
2012-12-23T15:00:00Z,0.001879472009984,0.0,0.102705094585655,0.0
2012-12-23T16:00:00Z,0.1982209271762894,0.0,0.0,0.0
2012-12-23T17:00:00Z,0.1924757704831,0.6503750034594414,0.1369706192075646,0.6506358779119294
2012-12-23T18:00:00Z,0.1808486261589044,0.6503750034594414,0.1369706192075646,0.6506358779119294
2012-12-23T19:00:00Z,0.1695654781019619,0.4704840450557662,0.1369706192075646,0.47067270574522185
2012-12-23T20:00:00Z,0.1658914264395047,0.5258351091799739,0.1369706192075646,0.5260472259412121
2012-12-23T21:00:00Z,0.1645682900684267,0.5950239393352337,0.1712753492352201,0.595264036696113
2012-12-23T22:00:00Z,0.0015565525632039,0.5811861733041818,0.1712753492352201,0.5814190671570285
2012-12-23T23:00:00Z,0.1464879848939754,0.5673484072731297,0.1712753492352201,0.5675767765981179
2012-12-24T00:00:00Z,0.0013897711580337,0.5950239393352337,0.1712753492352201,0.595264036696113
2012-12-24T01:00:00Z,0.0013455701440397,0.5950239393352337,0.1712753492352201,0.595264036696113
2012-12-24T02:00:00Z,0.1372331773044864,0.5811861733041818,0.1712753492352201,0.5814190671570285
2012-12-24T03:00:00Z,0.1382439796330464,0.5811861733041818,0.1712753492352201,0.5814190671570285
2012-12-24T04:00:00Z,0.0013887709685226,0.5811861733041818,0.1712753492352201,0.5814190671570285
2012-12-24T05:00:00Z,0.1400832670517562,0.5673484072731297,0.0,0.5675767765981179
2012-12-24T06:00:00Z,0.1459153235305825,0.5673484072731297,0.0,0.5675767765981179
2012-12-24T07:00:00Z,0.0015610545908546,0.0,0.0,0.0
2012-12-24T08:00:00Z,0.0169556500284991,0.0,0.102705094585655,0.0
2012-12-24T09:00:00Z,0.0018024448858879,0.0,0.102705094585655,0.0
2012-12-24T10:00:00Z,0.1906689481037292,0.0,0.102705094585655,0.0
2012-12-24T11:00:00Z,0.1871227593525403,0.0,0.102705094585655,0.0
2012-12-24T12:00:00Z,0.0017511093955769,0.0,0.102705094585655,0.0
2012-12-24T13:00:00Z,0.0171961732837604,0.0,0.102705094585655,0.0
2012-12-24T14:00:00Z,0.0001725338655182,0.0,0.102705094585655,0.0
2012-12-24T15:00:00Z,0.1783195056063531,0.0,0.102705094585655,0.0
2012-12-24T16:00:00Z,0.1858119784940213,0.0,0.0,0.0
2012-12-24T17:00:00Z,0.1884759718999902,0.6642127694904933,0.1369706192075646,0.664480847451014
2012-12-24T18:00:00Z,0.0018516785684047,0.6642127694904933,0.1369706192075646,0.664480847451014
2012-12-24T19:00:00Z,0.1793361626072667,0.4843218110868181,0.1369706192075646,0.4845149963041325
2012-12-24T20:00:00Z,0.0174381533538148,0.5396728752110259,0.1369706192075646,0.5398895165001227
2012-12-24T21:00:00Z,0.0170578894473194,0.5950239393352337,0.1712753492352201,0.595264036696113
2012-12-24T22:00:00Z,0.1603879561037097,0.5950239393352337,0.1712753492352201,0.595264036696113
2012-12-24T23:00:00Z,0.1500244811273881,0.5811861733041818,0.1712753492352201,0.5814190671570285
2012-12-25T00:00:00Z,0.0144590101799619,0.6088617053662857,0.1712753492352201,0.6091063272550237
2012-12-25T01:00:00Z,0.1416400420533479,0.5950239393352337,0.1712753492352201,0.595264036696113
2012-12-25T02:00:00Z,0.1409477417331633,0.5950239393352337,0.1712753492352201,0.595264036696113
2012-12-25T03:00:00Z,0.1409030386663293,0.5811861733041818,0.1712753492352201,0.5814190671570285
2012-12-25T04:00:00Z,0.0014190554850745,0.5811861733041818,0.1712753492352201,0.5814190671570285
2012-12-25T05:00:00Z,0.0144635255225865,0.5811861733041818,0.0,0.5814190671570285
2012-12-25T06:00:00Z,0.0015285327670681,0.5673484072731297,0.0,0.5675767765981179
2012-12-25T07:00:00Z,0.1646479841034745,0.0,0.0,0.0
2012-12-25T08:00:00Z,0.0176663015156731,0.0,0.102705094585655,0.0
2012-12-25T09:00:00Z,0.001853300645521,0.0,0.102705094585655,0.0
2012-12-25T10:00:00Z,0.0019517374644381,0.0,0.102705094585655,0.0
2012-12-25T11:00:00Z,0.0196014724112433,0.0,0.102705094585655,0.0
2012-12-25T12:00:00Z,0.019182508924682,0.0,0.102705094585655,0.0
2012-12-25T13:00:00Z,0.0018754998399718,0.0,0.102705094585655,0.0
2012-12-25T14:00:00Z,0.0018584198613743,0.0,0.102705094585655,0.0
2012-12-25T15:00:00Z,0.1899439869357657,0.0,0.102705094585655,0.0
2012-12-25T16:00:00Z,0.1982142696893321,0.0,0.0,0.0
2012-12-25T17:00:00Z,0.0019991156661783,0.6365372374283894,0.1369706192075646,0.6367935873530188
2012-12-25T18:00:00Z,0.019478892411684,0.6365372374283894,0.1369706192075646,0.6367935873530188
2012-12-25T19:00:00Z,0.1862574035331536,0.4566462790247142,0.1369706192075646,0.45683041518631134
2012-12-25T20:00:00Z,0.181637420878282,0.511997343148922,0.1369706192075646,0.5122022564021276
2012-12-25T21:00:00Z,0.0177416486033547,0.5673484072731297,0.1712753492352201,0.5675767765981179
2012-12-25T22:00:00Z,0.0016975381644989,0.5673484072731297,0.1712753492352201,0.5675767765981179
2012-12-25T23:00:00Z,0.1612988961279102,0.5396728752110259,0.1712753492352201,0.5398895165001227
2012-12-26T00:00:00Z,0.1550452640779339,0.5673484072731297,0.1712753492352201,0.5675767765981179
2012-12-26T01:00:00Z,0.0155198024032338,0.5673484072731297,0.1712753492352201,0.5675767765981179
2012-12-26T02:00:00Z,0.0157833958088866,0.5535106412420778,0.1712753492352201,0.5537318070590334
2012-12-26T03:00:00Z,0.0016130906837636,0.5535106412420778,0.1712753492352201,0.5537318070590334
2012-12-26T04:00:00Z,0.0166547551150413,0.5535106412420778,0.1712753492352201,0.5537318070590334
2012-12-26T05:00:00Z,0.1775972074331726,0.5396728752110259,0.0,0.5398895165001227
2012-12-26T06:00:00Z,0.001920508367972,0.5396728752110259,0.0,0.5398895165001227
2012-12-26T07:00:00Z,0.2056980486822678,0.0,0.0,0.0
2012-12-26T08:00:00Z,0.0021494276234667,0.0,0.102705094585655,0.0
2012-12-26T09:00:00Z,0.0021823073850814,0.0,0.102705094585655,0.0
2012-12-26T10:00:00Z,0.222115979363478,0.0,0.102705094585655,0.0
2012-12-26T11:00:00Z,0.2221614069215396,0.0,0.102705094585655,0.0
2012-12-26T12:00:00Z,0.0217405347191345,0.0,0.102705094585655,0.0
2012-12-26T13:00:00Z,0.2127573541391429,0.0,0.102705094585655,0.0
2012-12-26T14:00:00Z,0.2114695220297826,0.0,0.102705094585655,0.0
2012-12-26T15:00:00Z,0.0216565955571091,0.0,0.102705094585655,0.0
2012-12-26T16:00:00Z,0.2265601456201445,0.0,0.0,0.0
2012-12-26T17:00:00Z,0.0022693187815291,0.6226994713973375,0.1369706192075646,0.6229486178139343
2012-12-26T18:00:00Z,0.2192925783065694,0.6088617053662857,0.1369706192075646,0.6091063272550237
2012-12-26T19:00:00Z,0.0020646899546234,0.4428085129936623,0.1369706192075646,0.4429854456472267
2012-12-26T20:00:00Z,0.1978455036544289,0.49815957711787,0.1369706192075646,0.498359965843217
2012-12-26T21:00:00Z,0.1908617410936753,0.5535106412420778,0.1712753492352201,0.5537318070590334
2012-12-26T22:00:00Z,0.0017838399511604,0.5535106412420778,0.1712753492352201,0.5537318070590334
2012-12-26T23:00:00Z,0.0016726278063891,0.5258351091799739,0.1712753492352201,0.5260472259412121
2012-12-27T00:00:00Z,0.1620367414912203,0.5535106412420778,0.1712753492352201,0.5537318070590334
2012-12-27T01:00:00Z,0.0015963592441892,0.5535106412420778,0.1712753492352201,0.5537318070590334
2012-12-27T02:00:00Z,0.1604574093573497,0.5396728752110259,0.1712753492352201,0.5398895165001227
2012-12-27T03:00:00Z,0.0164336638893578,0.5396728752110259,0.1712753492352201,0.5398895165001227
2012-12-27T04:00:00Z,0.1725142553029519,0.5258351091799739,0.1712753492352201,0.5260472259412121
2012-12-27T05:00:00Z,0.0184804220986702,0.5258351091799739,0.0,0.5260472259412121
2012-12-27T06:00:00Z,0.1973337387158514,0.5258351091799739,0.0,0.5260472259412121
2012-12-27T07:00:00Z,0.2070416274544736,0.0,0.0,0.0
2012-12-27T08:00:00Z,0.2158358740124245,0.0,0.102705094585655,0.0
2012-12-27T09:00:00Z,0.0022041733135674,0.0,0.102705094585655,0.0
2012-12-27T10:00:00Z,0.0221863866206657,0.0,0.102705094585655,0.0
2012-12-27T11:00:00Z,0.2221737624340987,0.0,0.102705094585655,0.0
2012-12-27T12:00:00Z,0.2194370457735431,0.0,0.102705094585655,0.0
2012-12-27T13:00:00Z,0.2144279330060167,0.0,0.102705094585655,0.0
2012-12-27T14:00:00Z,0.0213552542004084,0.0,0.102705094585655,0.0
2012-12-27T15:00:00Z,0.2167088271992802,0.0,0.102705094585655,0.0
2012-12-27T16:00:00Z,0.2249262808357559,0.0,0.0,0.0
2012-12-27T17:00:00Z,0.2236135027311496,0.6088617053662857,0.1369706192075646,0.6091063272550237
2012-12-27T18:00:00Z,0.2180599054347349,0.5950239393352337,0.1369706192075646,0.595264036696113
2012-12-27T19:00:00Z,0.2069352838907525,0.4289707469626103,0.1369706192075646,0.42914315508831613
2012-12-27T20:00:00Z,0.1976313675445313,0.4566462790247142,0.1369706192075646,0.45683041518631134
2012-12-27T21:00:00Z,0.1890356511638163,0.511997343148922,0.1712753492352201,0.5122022564021276
2012-12-27T22:00:00Z,0.1763957660075054,0.49815957711787,0.1712753492352201,0.498359965843217
2012-12-27T23:00:00Z,0.0162939584836429,0.49815957711787,0.1712753492352201,0.498359965843217
2012-12-28T00:00:00Z,0.015642053444614,0.5258351091799739,0.1712753492352201,0.5260472259412121
2012-12-28T01:00:00Z,0.1522457712315397,0.5258351091799739,0.1712753492352201,0.5260472259412121
2012-12-28T02:00:00Z,0.0015410629407555,0.5258351091799739,0.1712753492352201,0.5260472259412121
2012-12-28T03:00:00Z,0.0158079345225775,0.511997343148922,0.1712753492352201,0.5122022564021276
2012-12-28T04:00:00Z,0.1672474586284894,0.4843218110868181,0.1712753492352201,0.4845149963041325
2012-12-28T05:00:00Z,0.1777642711941132,0.4289707469626103,0.0,0.42914315508831613
2012-12-28T06:00:00Z,0.0019132622808443,0.4012952149005064,0.0,0.40145589499032097
2012-12-28T07:00:00Z,0.2026147902447401,0.0,0.0,0.0
2012-12-28T08:00:00Z,0.2116382501624625,0.0,0.102705094585655,0.0
2012-12-28T09:00:00Z,0.0215845341350494,0.0,0.102705094585655,0.0
2012-12-28T10:00:00Z,0.2177071956919052,0.0,0.102705094585655,0.0
2012-12-28T11:00:00Z,0.02193104849884,0.0,0.102705094585655,0.0
2012-12-28T12:00:00Z,0.2165098858243205,0.0,0.102705094585655,0.0
2012-12-28T13:00:00Z,0.0212629148563104,0.0,0.102705094585655,0.0
2012-12-28T14:00:00Z,0.2123430430611141,0.0,0.102705094585655,0.0
2012-12-28T15:00:00Z,0.0021695120867663,0.0,0.102705094585655,0.0
2012-12-28T16:00:00Z,0.2241291642576815,0.0,0.0,0.0
2012-12-28T17:00:00Z,0.0223207112104515,0.4428085129936623,0.1369706192075646,0.4429854456472267
2012-12-28T18:00:00Z,0.2151424184224443,0.4566462790247142,0.1369706192075646,0.45683041518631134
2012-12-28T19:00:00Z,0.2042436814947548,0.3182686187141947,0.1369706192075646,0.3183967936765094
2012-12-28T20:00:00Z,0.0001940144429944,0.3874574488694545,0.1369706192075646,0.38761360443141035
2012-12-28T21:00:00Z,0.1857623018928134,0.4566462790247142,0.1712753492352201,0.45683041518631134
2012-12-28T22:00:00Z,0.1746529534071448,0.4428085129936623,0.1712753492352201,0.4429854456472267
2012-12-28T23:00:00Z,0.1655320787905617,0.4289707469626103,0.1712753492352201,0.42914315508831613
2012-12-29T00:00:00Z,0.158152469887664,0.4566462790247142,0.1712753492352201,0.45683041518631134
2012-12-29T01:00:00Z,0.1543379060887193,0.4428085129936623,0.1712753492352201,0.4429854456472267
2012-12-29T02:00:00Z,0.0001537064924029,0.4428085129936623,0.1712753492352201,0.4429854456472267
2012-12-29T03:00:00Z,0.1576077503886477,0.4428085129936623,0.1712753492352201,0.4429854456472267
2012-12-29T04:00:00Z,0.0016299736790705,0.4428085129936623,0.1712753492352201,0.4429854456472267
2012-12-29T05:00:00Z,0.0170091605589607,0.4428085129936623,0.0,0.4429854456472267
2012-12-29T06:00:00Z,0.0018444767339844,0.4428085129936623,0.0,0.4429854456472267
2012-12-29T07:00:00Z,0.0197274947231765,0.0,0.0,0.0
2012-12-29T08:00:00Z,0.0204195404923892,0.0,0.102705094585655,0.0
2012-12-29T09:00:00Z,0.0020778024626112,0.0,0.102705094585655,0.0
2012-12-29T10:00:00Z,0.2101840396217014,0.0,0.102705094585655,0.0
2012-12-29T11:00:00Z,0.2088595913340759,0.0,0.102705094585655,0.0
2012-12-29T12:00:00Z,0.0203683757470378,0.0,0.102705094585655,0.0
2012-12-29T13:00:00Z,0.020288117783683,0.0,0.102705094585655,0.0
2012-12-29T14:00:00Z,0.0020603105030561,0.0,0.102705094585655,0.0
2012-12-29T15:00:00Z,0.0215143681386881,0.0,0.102705094585655,0.0
2012-12-29T16:00:00Z,0.224665601059689,0.0,0.0,0.0
2012-12-29T17:00:00Z,0.0022653748079322,0.5396728752110259,0.1369706192075646,0.5398895165001227
2012-12-29T18:00:00Z,0.2166167384899853,0.5396728752110259,0.1369706192075646,0.5398895165001227
2012-12-29T19:00:00Z,0.2037495980583021,0.3597819168073506,0.1369706192075646,0.3599263443334152
2012-12-29T20:00:00Z,0.001935937289804,0.4289707469626103,0.1369706192075646,0.42914315508831613
2012-12-29T21:00:00Z,0.0018524790333071,0.49815957711787,0.1712753492352201,0.498359965843217
2012-12-29T22:00:00Z,0.017216075253594,0.49815957711787,0.1712753492352201,0.498359965843217
2012-12-29T23:00:00Z,0.0015717053951357,0.4843218110868181,0.1712753492352201,0.4845149963041325
2012-12-30T00:00:00Z,0.0014854086994937,0.511997343148922,0.1712753492352201,0.5122022564021276
2012-12-30T01:00:00Z,0.0014527862301691,0.49815957711787,0.1712753492352201,0.498359965843217
2012-12-30T02:00:00Z,0.0144164492574607,0.49815957711787,0.1712753492352201,0.498359965843217
2012-12-30T03:00:00Z,0.1455514331258334,0.4843218110868181,0.1712753492352201,0.4845149963041325
2012-12-30T04:00:00Z,0.1483219659039633,0.4843218110868181,0.1712753492352201,0.4845149963041325
2012-12-30T05:00:00Z,0.1530059974995329,0.4428085129936623,0.0,0.4429854456472267
2012-12-30T06:00:00Z,0.161361026145897,0.4289707469626103,0.0,0.42914315508831613
2012-12-30T07:00:00Z,0.1755384579149994,0.0,0.0,0.0
2012-12-30T08:00:00Z,0.0018168442469428,0.0,0.102705094585655,0.0
2012-12-30T09:00:00Z,0.0018817919483802,0.0,0.102705094585655,0.0
2012-12-30T10:00:00Z,0.1948260004449395,0.0,0.102705094585655,0.0
2012-12-30T11:00:00Z,0.001972469662057,0.0,0.102705094585655,0.0
2012-12-30T12:00:00Z,0.0197860179497001,0.0,0.102705094585655,0.0
2012-12-30T13:00:00Z,0.0019341718809097,0.0,0.102705094585655,0.0
2012-12-30T14:00:00Z,0.1926241345380281,0.0,0.102705094585655,0.0
2012-12-30T15:00:00Z,0.019598738925422,0.0,0.102705094585655,0.0
2012-12-30T16:00:00Z,0.0205970721725279,0.0,0.0,0.0
2012-12-30T17:00:00Z,0.0205166262330708,0.4566462790247142,0.1369706192075646,0.45683041518631134
2012-12-30T18:00:00Z,0.195687028897804,0.4566462790247142,0.1369706192075646,0.45683041518631134
2012-12-30T19:00:00Z,0.0018306154545224,0.3044308526831428,0.1369706192075646,0.3045518241374249
2012-12-30T20:00:00Z,0.1733788866311109,0.3597819168073506,0.1369706192075646,0.3599263443334152
2012-12-30T21:00:00Z,0.001672823614829,0.4151329809315584,0.1712753492352201,0.41530086452940557
2012-12-30T22:00:00Z,0.0160546179113587,0.4151329809315584,0.1712753492352201,0.41530086452940557
2012-12-30T23:00:00Z,0.1509153703673407,0.3874574488694545,0.1712753492352201,0.38761360443141035
