timeindex,pv-profile,wind-profile
2012-01-01T00:00:00Z,0.0,0.8035599069019599
2012-01-01T01:00:00Z,0.0,0.8173464739321407
2012-01-01T02:00:00Z,0.0,0.8331025505380615
2012-01-01T03:00:00Z,0.0,0.8665842133256432
2012-01-01T04:00:00Z,0.0,0.8980963665374847
2012-01-01T05:00:00Z,0.0,0.9138524431434056
2012-01-01T06:00:00Z,0.0,0.9069591596283152
2012-01-01T07:00:00Z,0.0,0.8882488186587842
2012-01-01T08:00:00Z,0.02420087749670551,0.9030201404768351
2012-01-01T09:00:00Z,0.10587883904808659,0.9118829335676655
2012-01-01T10:00:00Z,0.14823037466732122,0.9365018032644166
2012-01-01T11:00:00Z,0.14016341550175276,0.9522578798703375
2012-01-01T12:00:00Z,0.15831407362428188,0.9611206729611678
2012-01-01T13:00:00Z,0.05949382384606771,0.9630901825369079
2012-01-01T14:00:00Z,0.007058589269872441,0.964074937324778
2012-01-01T15:00:00Z,0.0,0.9571816538096876
2012-01-01T16:00:00Z,0.0,0.9532426346582075
2012-01-01T17:00:00Z,0.0,0.9473341059309872
2012-01-01T18:00:00Z,0.0,0.9365018032644166
2012-01-01T19:00:00Z,0.0,0.9207457266584959
2012-01-01T20:00:00Z,0.0,0.9030201404768351
2012-01-01T21:00:00Z,0.0,0.9128676883555354
2012-01-01T22:00:00Z,0.0,0.9217304814463659
2012-01-01T23:00:00Z,0.0,0.925669500597846
2012-01-02T00:00:00Z,0.0,0.925669500597846
2012-01-02T01:00:00Z,0.0,0.9207457266584959
2012-01-02T02:00:00Z,0.0,0.9108981787797954
2012-01-02T03:00:00Z,0.0,0.8961268569617447
2012-01-02T04:00:00Z,0.0,0.8872640638709142
2012-01-02T05:00:00Z,0.0,0.882340289931564
2012-01-02T06:00:00Z,0.0,0.8882488186587842
2012-01-02T07:00:00Z,0.004033479582784252,0.8852945542951741
2012-01-02T08:00:00Z,0.16738940268554645,0.8685537229013832
2012-01-02T09:00:00Z,0.3993144786956409,0.8695384776892533
2012-01-02T10:00:00Z,0.5001514682652473,0.8685537229013832
2012-01-02T11:00:00Z,0.5072100575351196,0.8665842133256432
2012-01-02T12:00:00Z,0.42956557556652275,0.8695384776892533
2012-01-02T13:00:00Z,0.26217617288097633,0.8606756845984229
2012-01-02T14:00:00Z,0.05041849478480315,0.8331025505380615
2012-01-02T15:00:00Z,0.0,0.8035599069019599
2012-01-02T16:00:00Z,0.0,0.7769715276294688
2012-01-02T17:00:00Z,0.0,0.7474288839933673
2012-01-02T18:00:00Z,0.0,0.6942521254483845
2012-01-02T19:00:00Z,0.0,0.6075937041158203
2012-01-02T20:00:00Z,0.0,0.5790358152675888
2012-01-02T21:00:00Z,0.0,0.5534321907829677
2012-01-02T22:00:00Z,0.0,0.5347218498134367
2012-01-02T23:00:00Z,0.0,0.521920037571126
2012-01-03T00:00:00Z,0.0,0.5297980758740864
2012-01-03T01:00:00Z,0.0,0.540630378540657
2012-01-03T02:00:00Z,0.0,0.5455541524800072
2012-01-03T03:00:00Z,0.0,0.5554017003587076
2012-01-03T04:00:00Z,0.0,0.5947918918735097
2012-01-03T05:00:00Z,0.0,0.5967614014492497
2012-01-03T06:00:00Z,0.0,0.6302430642368314
2012-01-03T07:00:00Z,0.0030251096870881886,0.6459991408427522
2012-01-03T08:00:00Z,0.09982861967391023,0.5603254742980579
2012-01-03T09:00:00Z,0.25410921371540784,0.4588957311474429
2012-01-03T10:00:00Z,0.3468792441194456,0.4342768614506916
2012-01-03T11:00:00Z,0.3267118462055244,0.41458176569329064
2012-01-03T12:00:00Z,0.25410921371540784,0.35451172363321765
2012-01-03T13:00:00Z,0.14520526498023303,0.30822824860332537
2012-01-03T14:00:00Z,0.032267836662274015,0.3161062869062857
2012-01-03T15:00:00Z,0.0,0.32201481563350604
2012-01-03T16:00:00Z,0.0,0.2993654555124949
2012-01-03T17:00:00Z,0.0,0.26391428314917315
2012-01-03T18:00:00Z,0.0,0.21172227939206056
2012-01-03T19:00:00Z,0.0,0.1506674825441175
2012-01-03T20:00:00Z,0.0,0.13195714157458657
2012-01-03T21:00:00Z,0.0,0.09453645963552472
2012-01-03T22:00:00Z,0.0,0.07878038302960393
2012-01-03T23:00:00Z,0.0,0.11521631018079574
2012-01-04T00:00:00Z,0.0,0.20876801502845038
2012-01-04T01:00:00Z,0.0,0.3121672677548056
2012-01-04T02:00:00Z,0.0,0.35648123320895775
2012-01-04T03:00:00Z,0.0,0.3702678002391384
2012-01-04T04:00:00Z,0.0,0.41458176569329064
2012-01-04T05:00:00Z,0.0,0.3948866699358897
2012-01-04T06:00:00Z,0.0,0.43526161623856163
2012-01-04T07:00:00Z,0.0,0.45988048593531294
2012-01-04T08:00:00Z,0.0,0.43723112581430174
2012-01-04T09:00:00Z,0.004033479582784252,0.4460939189051322
2012-01-04T10:00:00Z,0.03025109687088189,0.4342768614506916
2012-01-04T11:00:00Z,0.039326425932146455,0.41458176569329064
2012-01-04T12:00:00Z,0.029242726975185825,0.4982859226622448
2012-01-04T13:00:00Z,0.015125548435440945,0.5238895471468661
2012-01-04T14:00:00Z,0.006050219374176377,0.4933621487228946
2012-01-04T15:00:00Z,0.0,0.4677585242382733
2012-01-04T16:00:00Z,0.0,0.44904818326874235
2012-01-04T17:00:00Z,0.0,0.41655127526903074
2012-01-04T18:00:00Z,0.0,0.42541406835986123
2012-01-04T19:00:00Z,0.0,0.44806342848087233
2012-01-04T20:00:00Z,0.0,0.47465180775336363
2012-01-04T21:00:00Z,0.0,0.4923773939350245
2012-01-04T22:00:00Z,0.0,0.502224941813725
2012-01-04T23:00:00Z,0.0,0.4943469035107646
2012-01-05T00:00:00Z,0.0,0.47662131732910373
2012-01-05T01:00:00Z,0.0,0.4648042598746631
2012-01-05T02:00:00Z,0.0,0.4539719572080926
2012-01-05T03:00:00Z,0.0,0.43723112581430174
2012-01-05T04:00:00Z,0.0,0.4342768614506916
2012-01-05T05:00:00Z,0.0,0.381100102905709
2012-01-05T06:00:00Z,0.0,0.32595383478498624
2012-01-05T07:00:00Z,0.0,0.2836093789065741
2012-01-05T08:00:00Z,0.020167397913921258,0.23831065866455187
2012-01-05T09:00:00Z,0.07764448196859684,0.2146765437556707
2012-01-05T10:00:00Z,0.21579115767895746,0.20285948630123007
2012-01-05T11:00:00Z,0.32267836662274013,0.21369178896780064
2012-01-05T12:00:00Z,0.23797529538427084,0.20975276981632043
2012-01-05T13:00:00Z,0.1280629767534,0.21369178896780064
2012-01-05T14:00:00Z,0.025209247392401574,0.26982281187639345
2012-01-05T15:00:00Z,0.0,0.3348166278758167
2012-01-05T16:00:00Z,0.0,0.33974040181516685
2012-01-05T17:00:00Z,0.0,0.3249690799971162
2012-01-05T18:00:00Z,0.0,0.29739594593675484
2012-01-05T19:00:00Z,0.0,0.26391428314917315
2012-01-05T20:00:00Z,0.0,0.23831065866455187
2012-01-05T21:00:00Z,0.0,0.22353933684650115
2012-01-05T22:00:00Z,0.0,0.20975276981632043
2012-01-05T23:00:00Z,0.0,0.19498144799826972
2012-01-06T00:00:00Z,0.0,0.18414914533169918
2012-01-06T01:00:00Z,0.0,0.16543880436216826
2012-01-06T02:00:00Z,0.0,0.14968272775624744
2012-01-06T03:00:00Z,0.0,0.13786567030180688
2012-01-06T04:00:00Z,0.0,0.12407910327162618
2012-01-06T05:00:00Z,0.0,0.11226204581718559
2012-01-06T06:00:00Z,0.0,0.10438400751422519
2012-01-06T07:00:00Z,0.011092068852656692,0.09453645963552472
2012-01-06T08:00:00Z,0.17545636185111493,0.08074989260534403
2012-01-06T09:00:00Z,0.3176365171442598,0.056131022908592794
2012-01-06T10:00:00Z,0.31360303756147556,0.0423444558784121
2012-01-06T11:00:00Z,0.30856118808299526,0.035451172363321765
2012-01-06T12:00:00Z,0.2601594330895842,0.026588379272491327
2012-01-06T13:00:00Z,0.12100438748352756,0.017725586181660882
2012-01-06T14:00:00Z,0.019159028018225197,0.013786567030180687
2012-01-06T15:00:00Z,0.0,0.017725586181660882
2012-01-06T16:00:00Z,0.0,0.025603624484621276
2012-01-06T17:00:00Z,0.0,0.03939019151480196
2012-01-06T18:00:00Z,0.0,0.061054796847943044
2012-01-06T19:00:00Z,0.0,0.09059744048404451
2012-01-06T20:00:00Z,0.0,0.1260486128473663
2012-01-06T21:00:00Z,0.0,0.1644540495742982
2012-01-06T22:00:00Z,0.0,0.18611865490743926
2012-01-06T23:00:00Z,0.0,0.18021012618021895
2012-01-07T00:00:00Z,0.0,0.16346929478642813
2012-01-07T01:00:00Z,0.0,0.1546065016955977
2012-01-07T02:00:00Z,0.0,0.15756076605920785
2012-01-07T03:00:00Z,0.0,0.1585455208470779
2012-01-07T04:00:00Z,0.0,0.1526369921198576
2012-01-07T05:00:00Z,0.0,0.1506674825441175
2012-01-07T06:00:00Z,0.0,0.15559125648346775
2012-01-07T07:00:00Z,0.0,0.16346929478642813
2012-01-07T08:00:00Z,0.004033479582784252,0.17430159745299867
2012-01-07T09:00:00Z,0.010083698956960629,0.17725586181660882
2012-01-07T10:00:00Z,0.014117178539744882,0.19202718363465957
2012-01-07T11:00:00Z,0.019159028018225197,0.22452409163437118
2012-01-07T12:00:00Z,0.019159028018225197,0.2570209996340828
2012-01-07T13:00:00Z,0.011092068852656692,0.281639869330834
2012-01-07T14:00:00Z,0.001008369895696063,0.32398432520924614
2012-01-07T15:00:00Z,0.0,0.36435927151191816
2012-01-07T16:00:00Z,0.0,0.3791305933299689
2012-01-07T17:00:00Z,0.0,0.45101769284448245
2012-01-07T18:00:00Z,0.0,0.5642644934495381
2012-01-07T19:00:00Z,0.0,0.6410753669034019
2012-01-07T20:00:00Z,0.0,0.6410753669034019
2012-01-07T21:00:00Z,0.0,0.6647094818122832
2012-01-07T22:00:00Z,0.0,0.6568314435093227
2012-01-07T23:00:00Z,0.0,0.6824350679939439
2012-01-08T00:00:00Z,0.0,0.6410753669034019
2012-01-08T01:00:00Z,0.0,0.6844045775696841
2012-01-08T02:00:00Z,0.0,0.6912978610847744
2012-01-08T03:00:00Z,0.0,0.6981911445998646
2012-01-08T04:00:00Z,0.0,0.7385660909025368
2012-01-08T05:00:00Z,0.0,0.7681087345386383
2012-01-08T06:00:00Z,0.0,0.7582611866599378
2012-01-08T07:00:00Z,0.0,0.7690934893265082
2012-01-08T08:00:00Z,0.0030251096870881886,0.7336423169631865
2012-01-08T09:00:00Z,0.002016739791392126,0.7297032978117063
2012-01-08T10:00:00Z,0.0030251096870881886,0.7454593744176272
2012-01-08T11:00:00Z,0.0050418494784803146,0.7897733398717794
2012-01-08T12:00:00Z,0.0050418494784803146,0.8203007382957508
2012-01-08T13:00:00Z,0.004033479582784252,0.8212854930836209
2012-01-08T14:00:00Z,0.0,0.8203007382957508
2012-01-08T15:00:00Z,0.0,0.8143922095685305
2012-01-08T16:00:00Z,0.0,0.7789410372052089
2012-01-08T17:00:00Z,0.0,0.7306880525995764
2012-01-08T18:00:00Z,0.0,0.6804655584182039
2012-01-08T19:00:00Z,0.0,0.6597857078729329
2012-01-08T20:00:00Z,0.0,0.6844045775696841
2012-01-08T21:00:00Z,0.0,0.7395508456904069
2012-01-08T22:00:00Z,0.0,0.7730325084779885
2012-01-08T23:00:00Z,0.0,0.7759867728415987
2012-01-09T00:00:00Z,0.0,0.7769715276294688
2012-01-09T01:00:00Z,0.0,0.7740172632658585
2012-01-09T02:00:00Z,0.0,0.7700782441143784
2012-01-09T03:00:00Z,0.0,0.7740172632658585
2012-01-09T04:00:00Z,0.0,0.7592459414478078
2012-01-09T05:00:00Z,0.0,0.7385660909025368
2012-01-09T06:00:00Z,0.0,0.7159167307815256
2012-01-09T07:00:00Z,0.0,0.6962216350241246
2012-01-09T08:00:00Z,0.012100438748352755,0.6755417844788537
2012-01-09T09:00:00Z,0.025209247392401574,0.6775112940545936
2012-01-09T10:00:00Z,0.031259466766577954,0.683419822781814
2012-01-09T11:00:00Z,0.031259466766577954,0.6912978610847744
2012-01-09T12:00:00Z,0.02420087749670551,0.6942521254483845
2012-01-09T13:00:00Z,0.011092068852656692,0.6873588419332942
2012-01-09T14:00:00Z,0.0,0.681450313206074
2012-01-09T15:00:00Z,0.0,0.6824350679939439
2012-01-09T16:00:00Z,0.0,0.6706180105395034
2012-01-09T17:00:00Z,0.0,0.6548619339335826
2012-01-09T18:00:00Z,0.0,0.5977461562371198
2012-01-09T19:00:00Z,0.0,0.562294983873798
2012-01-09T20:00:00Z,0.0,0.5347218498134367
2012-01-09T21:00:00Z,0.0,0.4923773939350245
2012-01-09T22:00:00Z,0.0,0.45101769284448245
2012-01-09T23:00:00Z,0.0,0.43033784229921146
2012-01-10T00:00:00Z,0.0,0.4588957311474429
2012-01-10T01:00:00Z,0.0,0.4451091641172622
2012-01-10T02:00:00Z,0.0,0.4362463710264317
2012-01-10T03:00:00Z,0.0,0.4382158806021718
2012-01-10T04:00:00Z,0.0,0.38799338642079934
2012-01-10T05:00:00Z,0.0,0.3436794209666471
2012-01-10T06:00:00Z,0.0,0.3131520225426756
2012-01-10T07:00:00Z,0.006050219374176377,0.27080756666426353
2012-01-10T08:00:00Z,0.11797927779643937,0.19892046714974992
2012-01-10T09:00:00Z,0.2067158286176929,0.14180468945328706
2012-01-10T10:00:00Z,0.18251495112098737,0.12014008412014597
2012-01-10T11:00:00Z,0.15730570372858582,0.10044498836274499
2012-01-10T12:00:00Z,0.10184535946530236,0.09059744048404451
2012-01-10T13:00:00Z,0.05646871415897953,0.08764317612043436
2012-01-10T14:00:00Z,0.0050418494784803146,0.09158219527191457
2012-01-10T15:00:00Z,0.0,0.09453645963552472
2012-01-10T16:00:00Z,0.0,0.08567366654469426
2012-01-10T17:00:00Z,0.0,0.06991758993877348
2012-01-10T18:00:00Z,0.0,0.06203955163581309
2012-01-10T19:00:00Z,0.0,0.08173464739321407
2012-01-10T20:00:00Z,0.0,0.12900287721097642
2012-01-10T21:00:00Z,0.0,0.1851339001195692
2012-01-10T22:00:00Z,0.0,0.2353563943009417
2012-01-10T23:00:00Z,0.0,0.26194477357343304
2012-01-11T00:00:00Z,0.0,0.2796703597550939
2012-01-11T01:00:00Z,0.0,0.3121672677548056
2012-01-11T02:00:00Z,0.0,0.35057270448173744
2012-01-11T03:00:00Z,0.0,0.41064274654181043
2012-01-11T04:00:00Z,0.0,0.43723112581430174
2012-01-11T05:00:00Z,0.0,0.45495671199596266
2012-01-11T06:00:00Z,0.0,0.3968561795116298
2012-01-11T07:00:00Z,0.0,0.3495879496938674
2012-01-11T08:00:00Z,0.0,0.3673135358755283
2012-01-11T09:00:00Z,0.001008369895696063,0.4421548997536521
2012-01-11T10:00:00Z,0.008066959165568504,0.45200244763235253
2012-01-11T11:00:00Z,0.012100438748352755,0.4362463710264317
2012-01-11T12:00:00Z,0.010083698956960629,0.4687432790261434
2012-01-11T13:00:00Z,0.006050219374176377,0.5101029801166854
2012-01-11T14:00:00Z,0.0,0.5613102290859279
2012-01-11T15:00:00Z,0.0,0.5741120413282386
2012-01-11T16:00:00Z,0.0,0.563279738661668
2012-01-11T17:00:00Z,0.0,0.5347218498134367
2012-01-11T18:00:00Z,0.0,0.4726822981776235
2012-01-11T19:00:00Z,0.0,0.39094765078440946
2012-01-11T20:00:00Z,0.0,0.3101977581790654
2012-01-11T21:00:00Z,0.0,0.2875483980580543
2012-01-11T22:00:00Z,0.0,0.2747465858157437
2012-01-11T23:00:00Z,0.0,0.27179232145213356
2012-01-12T00:00:00Z,0.0,0.2471734517553823
2012-01-12T01:00:00Z,0.0,0.2353563943009417
2012-01-12T02:00:00Z,0.0,0.24618869696751225
2012-01-12T03:00:00Z,0.0,0.28262462411870404
2012-01-12T04:00:00Z,0.0,0.3101977581790654
2012-01-12T05:00:00Z,0.0,0.32693858957285626
2012-01-12T06:00:00Z,0.0,0.3348166278758167
2012-01-12T07:00:00Z,0.0,0.34663368533025724
2012-01-12T08:00:00Z,0.006050219374176377,0.34860319490599734
2012-01-12T09:00:00Z,0.012100438748352755,0.3948866699358897
2012-01-12T10:00:00Z,0.023192507601009448,0.49040788435928445
2012-01-12T11:00:00Z,0.040334795827842516,0.583959589206939
2012-01-12T12:00:00Z,0.046385015202018896,0.5554017003587076
2012-01-12T13:00:00Z,0.020167397913921258,0.5721425317524984
2012-01-12T14:00:00Z,0.0,0.6302430642368314
2012-01-12T15:00:00Z,0.0,0.6548619339335826
2012-01-12T16:00:00Z,0.0,0.6164564972066507
2012-01-12T17:00:00Z,0.0,0.6735722749031136
2012-01-12T18:00:00Z,0.0,0.6489534052063624
2012-01-12T19:00:00Z,0.0,0.5957766466613796
2012-01-12T20:00:00Z,0.0,0.5938071370856396
2012-01-12T21:00:00Z,0.0,0.5888833631462893
2012-01-12T22:00:00Z,0.0,0.6144869876309106
2012-01-12T23:00:00Z,0.0,0.5642644934495381
2012-01-13T00:00:00Z,0.0,0.5849443439948091
2012-01-13T01:00:00Z,0.0,0.5869138535705491
2012-01-13T02:00:00Z,0.0,0.5691882673888883
2012-01-13T03:00:00Z,0.0,0.583959589206939
2012-01-13T04:00:00Z,0.0,0.5750967961161086
2012-01-13T05:00:00Z,0.0,0.5741120413282386
2012-01-13T06:00:00Z,0.0,0.6085784589036903
2012-01-13T07:00:00Z,0.0,0.6085784589036903
2012-01-13T08:00:00Z,0.0050418494784803146,0.6361515929640517
2012-01-13T09:00:00Z,0.020167397913921258,0.6588009530850629
2012-01-13T10:00:00Z,0.04941012488910708,0.6863740871454241
2012-01-13T11:00:00Z,0.042351535619234645,0.6932673706605145
2012-01-13T12:00:00Z,0.013108808644048817,0.7277337882359662
2012-01-13T13:00:00Z,0.010083698956960629,0.7336423169631865
2012-01-13T14:00:00Z,0.001008369895696063,0.7651544701750281
2012-01-13T15:00:00Z,0.0,0.7996208877504799
2012-01-13T16:00:00Z,0.0,0.8331025505380615
2012-01-13T17:00:00Z,0.0,0.844919607992502
2012-01-13T18:00:00Z,0.0,0.8468891175682423
2012-01-13T19:00:00Z,0.0,0.844919607992502
2012-01-13T20:00:00Z,0.0,0.8409805888410218
2012-01-13T21:00:00Z,0.0,0.8518128915075924
2012-01-13T22:00:00Z,0.0,0.862645194174163
2012-01-13T23:00:00Z,0.0,0.8941573473860046
2012-01-14T00:00:00Z,0.0,0.8971116117496147
2012-01-14T01:00:00Z,0.0,0.8655994585377732
2012-01-14T02:00:00Z,0.0,0.8340873053259316
2012-01-14T03:00:00Z,0.0,0.8596909298105527
2012-01-14T04:00:00Z,0.0,0.8793860255679538
2012-01-14T05:00:00Z,0.0,0.8784012707800838
2012-01-14T06:00:00Z,0.0,0.8695384776892533
2012-01-14T07:00:00Z,0.020167397913921258,0.8596909298105527
2012-01-14T08:00:00Z,0.15831407362428188,0.8409805888410218
2012-01-14T09:00:00Z,0.25410921371540784,0.8281787765987111
2012-01-14T10:00:00Z,0.28940216006477004,0.8665842133256432
2012-01-14T11:00:00Z,0.20570745872199683,0.8459043627803721
2012-01-14T12:00:00Z,0.2228497469488299,0.823255002659361
2012-01-14T13:00:00Z,0.21377441788756532,0.8291635313865813
2012-01-14T14:00:00Z,0.05344360447189133,0.844919607992502
2012-01-14T15:00:00Z,0.0,0.863629948962033
2012-01-14T16:00:00Z,0.0,0.8784012707800838
2012-01-14T17:00:00Z,0.0,0.864614703749903
2012-01-14T18:00:00Z,0.0,0.8291635313865813
2012-01-14T19:00:00Z,0.0,0.8084836808413103
2012-01-14T20:00:00Z,0.0,0.7966666233868697
2012-01-14T21:00:00Z,0.0,0.7818953015688189
2012-01-14T22:00:00Z,0.0,0.7789410372052089
2012-01-14T23:00:00Z,0.0,0.7937123590232597
2012-01-15T00:00:00Z,0.0,0.8015903973262198
2012-01-15T01:00:00Z,0.0,0.8045446616898301
2012-01-15T02:00:00Z,0.0,0.7612154510235479
2012-01-15T03:00:00Z,0.0,0.6489534052063624
2012-01-15T04:00:00Z,0.0,0.5485084168436173
2012-01-15T05:00:00Z,0.0,0.5169962636317758
2012-01-15T06:00:00Z,0.0,0.6962216350241246
2012-01-15T07:00:00Z,0.0,0.7572764318720677
2012-01-15T08:00:00Z,0.002016739791392126,0.7562916770841978
2012-01-15T09:00:00Z,0.010083698956960629,0.7100082020543054
2012-01-15T10:00:00Z,0.016133918331137007,0.6528924243578426
2012-01-15T11:00:00Z,0.017142288226833072,0.622365025933871
2012-01-15T12:00:00Z,0.011092068852656692,0.6686485009637634
2012-01-15T13:00:00Z,0.006050219374176377,0.783864811144559
2012-01-15T14:00:00Z,0.0,0.8872640638709142
2012-01-15T15:00:00Z,0.0,0.8409805888410218
2012-01-15T16:00:00Z,0.0,0.8183312287200106
2012-01-15T17:00:00Z,0.0,0.826209267022971
2012-01-15T18:00:00Z,0.0,0.8291635313865813
2012-01-15T19:00:00Z,0.0,0.8409805888410218
2012-01-15T20:00:00Z,0.0,0.8074989260534401
2012-01-15T21:00:00Z,0.0,0.7878038302960392
2012-01-15T22:00:00Z,0.0,0.7208405047208758
2012-01-15T23:00:00Z,0.0,0.6115327232673005
2012-01-16T00:00:00Z,0.0,0.5357066046013067
2012-01-16T01:00:00Z,0.0,0.5307828306619564
2012-01-16T02:00:00Z,0.0,0.5859290987826792
2012-01-16T03:00:00Z,0.0,0.6410753669034019
2012-01-16T04:00:00Z,0.0,0.6558466887214527
2012-01-16T05:00:00Z,0.0,0.6656942366001531
2012-01-16T06:00:00Z,0.0,0.6184260067823908
2012-01-16T07:00:00Z,0.0,0.5997156658128598
2012-01-16T08:00:00Z,0.014117178539744882,0.5721425317524984
2012-01-16T09:00:00Z,0.017142288226833072,0.5947918918735097
2012-01-16T10:00:00Z,0.015125548435440945,0.6125174780551705
2012-01-16T11:00:00Z,0.020167397913921258,0.6528924243578426
2012-01-16T12:00:00Z,0.020167397913921258,0.662739972236543
2012-01-16T13:00:00Z,0.014117178539744882,0.681450313206074
2012-01-16T14:00:00Z,0.0030251096870881886,0.703114918539215
2012-01-16T15:00:00Z,0.0,0.7070539376906951
2012-01-16T16:00:00Z,0.0,0.7169014855693956
2012-01-16T17:00:00Z,0.0,0.7297032978117063
2012-01-16T18:00:00Z,0.0,0.7395508456904069
2012-01-16T19:00:00Z,0.0,0.7297032978117063
2012-01-16T20:00:00Z,0.0,0.721825259508746
2012-01-16T21:00:00Z,0.0,0.7257642786602261
2012-01-16T22:00:00Z,0.0,0.7188709951451357
2012-01-16T23:00:00Z,0.0,0.7080386924785653
2012-01-17T00:00:00Z,0.0,0.703114918539215
2012-01-17T01:00:00Z,0.0,0.6972063898119947
2012-01-17T02:00:00Z,0.0,0.6784960488424637
2012-01-17T03:00:00Z,0.0,0.6548619339335826
2012-01-17T04:00:00Z,0.0,0.6489534052063624
2012-01-17T05:00:00Z,0.0,0.6381211025397918
2012-01-17T06:00:00Z,0.0,0.6528924243578426
2012-01-17T07:00:00Z,0.006050219374176377,0.6844045775696841
2012-01-17T08:00:00Z,0.07058589269872441,0.7336423169631865
2012-01-17T09:00:00Z,0.09176166050834171,0.7543221675084575
2012-01-17T10:00:00Z,0.0978118798825181,0.7769715276294688
2012-01-17T11:00:00Z,0.1280629767534,0.7710629989022484
2012-01-17T12:00:00Z,0.08268633144707715,0.7493983935691073
2012-01-17T13:00:00Z,0.05142686468049921,0.7336423169631865
2012-01-17T14:00:00Z,0.008066959165568504,0.6942521254483845
2012-01-17T15:00:00Z,0.0,0.6489534052063624
2012-01-17T16:00:00Z,0.0,0.5908528727220295
2012-01-17T17:00:00Z,0.0,0.48154509126845396
2012-01-17T18:00:00Z,0.0,0.40177995345097994
2012-01-17T19:00:00Z,0.0,0.33580138266368675
2012-01-17T20:00:00Z,0.0,0.42541406835986123
2012-01-17T21:00:00Z,0.0,0.45988048593531294
2012-01-17T22:00:00Z,0.0,0.45791097635957284
2012-01-17T23:00:00Z,0.0,0.44904818326874235
2012-01-18T00:00:00Z,0.0,0.45101769284448245
2012-01-18T01:00:00Z,0.0,0.45791097635957284
2012-01-18T02:00:00Z,0.0,0.4648042598746631
2012-01-18T03:00:00Z,0.0,0.44806342848087233
2012-01-18T04:00:00Z,0.0,0.41655127526903074
2012-01-18T05:00:00Z,0.0,0.3692830454512684
2012-01-18T06:00:00Z,0.0,0.32398432520924614
2012-01-18T07:00:00Z,0.06453567332454803,0.31807579648202583
2012-01-18T08:00:00Z,0.2994858590217307,0.29542643636101473
2012-01-18T09:00:00Z,0.4527580831675323,0.2777008501793538
2012-01-18T10:00:00Z,0.4446911240019637,0.3653440262997882
2012-01-18T11:00:00Z,0.3559545731807102,0.42344455878412113
2012-01-18T12:00:00Z,0.3609964226591905,0.4204902944205109
2012-01-18T13:00:00Z,0.25511758361110387,0.34466417575451713
2012-01-18T14:00:00Z,0.06352730342885196,0.33777089223942686
2012-01-18T15:00:00Z,0.0,0.3830696124814491
2012-01-18T16:00:00Z,0.0,0.38996289599653944
2012-01-18T17:00:00Z,0.0,0.3712525550270085
2012-01-18T18:00:00Z,0.0,0.3229995704213761
2012-01-18T19:00:00Z,0.0,0.29542643636101473
2012-01-18T20:00:00Z,0.0,0.260960018785563
2012-01-18T21:00:00Z,0.0,0.24224967781603207
2012-01-18T22:00:00Z,0.0,0.2471734517553823
2012-01-18T23:00:00Z,0.0,0.2501277161189924
2012-01-19T00:00:00Z,0.0,0.23831065866455187
2012-01-19T01:00:00Z,0.0,0.2166460533314108
2012-01-19T02:00:00Z,0.0,0.20285948630123007
2012-01-19T03:00:00Z,0.0,0.18119488096808903
2012-01-19T04:00:00Z,0.0,0.17134733308938851
2012-01-19T05:00:00Z,0.0,0.1506674825441175
2012-01-19T06:00:00Z,0.0,0.13392665115032668
2012-01-19T07:00:00Z,0.0050418494784803146,0.12900287721097642
2012-01-19T08:00:00Z,0.06251893353315591,0.10438400751422519
2012-01-19T09:00:00Z,0.15428059404149763,0.08271940218108413
2012-01-19T10:00:00Z,0.2228497469488299,0.08961268569617445
2012-01-19T11:00:00Z,0.2994858590217307,0.09650596921126481
2012-01-19T12:00:00Z,0.16436429299845826,0.08665842133256431
2012-01-19T13:00:00Z,0.07764448196859684,0.07582611866599377
2012-01-19T14:00:00Z,0.017142288226833072,0.06499381599942325
2012-01-19T15:00:00Z,0.0,0.04923773939350245
2012-01-19T16:00:00Z,0.0,0.036435927151191816
2012-01-19T17:00:00Z,0.0,0.03151215321184157
2012-01-19T18:00:00Z,0.0,0.035451172363321765
2012-01-19T19:00:00Z,0.0,0.044313965454152206
2012-01-19T20:00:00Z,0.0,0.052192003757112596
2012-01-19T21:00:00Z,0.0,0.05711577769646285
2012-01-19T22:00:00Z,0.0,0.05810053248433289
2012-01-19T23:00:00Z,0.0,0.05514626812072275
2012-01-20T00:00:00Z,0.0,0.04529872024202226
2012-01-20T01:00:00Z,0.0,0.02954264363610147
2012-01-20T02:00:00Z,0.0,0.014771321818050735
2012-01-20T03:00:00Z,0.0,0.007878038302960393
2012-01-20T04:00:00Z,0.0,0.005908528727220295
2012-01-20T05:00:00Z,0.0,0.005908528727220295
2012-01-20T06:00:00Z,0.0,0.005908528727220295
2012-01-20T07:00:00Z,0.017142288226833072,0.004923773939350245
2012-01-20T08:00:00Z,0.09882024977821416,0.004923773939350245
2012-01-20T09:00:00Z,0.17747310164250707,0.005908528727220295
2012-01-20T10:00:00Z,0.24705062444553538,0.008862793090830441
2012-01-20T11:00:00Z,0.27326824173363307,0.010832302666570539
2012-01-20T12:00:00Z,0.24402551475844722,0.014771321818050735
2012-01-20T13:00:00Z,0.18755680059946772,0.020679850545271033
2012-01-20T14:00:00Z,0.046385015202018896,0.025603624484621276
2012-01-20T15:00:00Z,0.0,0.030527398423971522
2012-01-20T16:00:00Z,0.0,0.035451172363321765
2012-01-20T17:00:00Z,0.0,0.040374946302672014
2012-01-20T18:00:00Z,0.0,0.04923773939350245
2012-01-20T19:00:00Z,0.0,0.060070042060072985
2012-01-20T20:00:00Z,0.0,0.06893283515090344
2012-01-20T21:00:00Z,0.0,0.07090234472664353
2012-01-20T22:00:00Z,0.0,0.07681087345386382
2012-01-20T23:00:00Z,0.0,0.08567366654469426
2012-01-21T00:00:00Z,0.0,0.10044498836274499
2012-01-21T01:00:00Z,0.0,0.11718581975653584
2012-01-21T02:00:00Z,0.0,0.13589616072606678
2012-01-21T03:00:00Z,0.0,0.15165223733198754
2012-01-21T04:00:00Z,0.0,0.1693778235136484
2012-01-21T05:00:00Z,0.0,0.19793571236187987
2012-01-21T06:00:00Z,0.0,0.23732590387668182
2012-01-21T07:00:00Z,0.009075329061264565,0.26785330230065335
2012-01-21T08:00:00Z,0.05344360447189133,0.29641119114888476
2012-01-21T09:00:00Z,0.09478677019542991,0.3456489305423872
2012-01-21T10:00:00Z,0.13108808644048817,0.40276470823885
2012-01-21T11:00:00Z,0.13411319612757636,0.4342768614506916
2012-01-21T12:00:00Z,0.09377840029973386,0.44904818326874235
2012-01-21T13:00:00Z,0.039326425932146455,0.39882568908736993
2012-01-21T14:00:00Z,0.012100438748352755,0.41556652048116066
2012-01-21T15:00:00Z,0.0,0.45495671199596266
2012-01-21T16:00:00Z,0.0,0.462834750298923
2012-01-21T17:00:00Z,0.0,0.41655127526903074
2012-01-21T18:00:00Z,0.0,0.38799338642079934
2012-01-21T19:00:00Z,0.0,0.340725156603037
2012-01-21T20:00:00Z,0.0,0.30822824860332537
2012-01-21T21:00:00Z,0.0,0.28459413369444414
2012-01-21T22:00:00Z,0.0,0.2520972256947326
2012-01-21T23:00:00Z,0.0,0.2284631107858514
2012-01-22T00:00:00Z,0.0,0.20876801502845038
2012-01-22T01:00:00Z,0.0,0.18316439054382913
2012-01-22T02:00:00Z,0.0,0.16149978521068806
2012-01-22T03:00:00Z,0.0,0.14180468945328706
2012-01-22T04:00:00Z,0.0,0.12703336763523634
2012-01-22T05:00:00Z,0.0,0.12014008412014597
2012-01-22T06:00:00Z,0.0,0.11718581975653584
2012-01-22T07:00:00Z,0.011092068852656692,0.11718581975653584
2012-01-22T08:00:00Z,0.10184535946530236,0.10635351708996531
2012-01-22T09:00:00Z,0.2067158286176929,0.10733827187783535
2012-01-22T10:00:00Z,0.336795545162485,0.1260486128473663
2012-01-22T11:00:00Z,0.4830091800384141,0.1546065016955977
2012-01-22T12:00:00Z,0.46183341222879676,0.19202718363465957
2012-01-22T13:00:00Z,0.3176365171442598,0.21861556290715087
2012-01-22T14:00:00Z,0.09982861967391023,0.26686854751278327
2012-01-22T15:00:00Z,0.0,0.36435927151191816
2012-01-22T16:00:00Z,0.0,0.38996289599653944
2012-01-22T17:00:00Z,0.0,0.38405436726931913
2012-01-22T18:00:00Z,0.0,0.3830696124814491
2012-01-22T19:00:00Z,0.0,0.38602387684505923
2012-01-22T20:00:00Z,0.0,0.3919324055722795
2012-01-22T21:00:00Z,0.0,0.39094765078440946
2012-01-22T22:00:00Z,0.0,0.3791305933299689
2012-01-22T23:00:00Z,0.0,0.35254221405747754
2012-01-23T00:00:00Z,0.0,0.3712525550270085
2012-01-23T01:00:00Z,0.0,0.34663368533025724
2012-01-23T02:00:00Z,0.0,0.32398432520924614
2012-01-23T03:00:00Z,0.0,0.340725156603037
2012-01-23T04:00:00Z,0.0,0.31807579648202583
2012-01-23T05:00:00Z,0.0,0.3170910416941558
2012-01-23T06:00:00Z,0.0,0.3141367773305457
2012-01-23T07:00:00Z,0.04537664530632283,0.3052739842397152
2012-01-23T08:00:00Z,0.1956237597650362,0.35254221405747754
2012-01-23T09:00:00Z,0.4346074250450031,0.34663368533025724
2012-01-23T10:00:00Z,0.5354444146146095,0.33383187308794665
2012-01-23T11:00:00Z,0.5314109350318251,0.3101977581790654
2012-01-23T12:00:00Z,0.4426743842105716,0.29247217199740455
2012-01-23T13:00:00Z,0.28133520089920155,0.2914874172095345
2012-01-23T14:00:00Z,0.0816779615513811,0.27671609539148384
2012-01-23T15:00:00Z,0.0,0.3289080991485964
2012-01-23T16:00:00Z,0.0,0.36829829066339836
2012-01-23T17:00:00Z,0.0,0.3742068193906186
2012-01-23T18:00:00Z,0.0,0.3653440262997882
2012-01-23T19:00:00Z,0.0,0.34761844011812726
2012-01-23T20:00:00Z,0.0,0.32693858957285626
2012-01-23T21:00:00Z,0.0,0.2993654555124949
2012-01-23T22:00:00Z,0.0,0.26883805708852343
2012-01-23T23:00:00Z,0.0,0.24323443260390212
2012-01-24T00:00:00Z,0.0,0.22550884642224123
2012-01-24T01:00:00Z,0.0,0.19793571236187987
2012-01-24T02:00:00Z,0.0,0.16543880436216826
2012-01-24T03:00:00Z,0.0,0.13589616072606678
2012-01-24T04:00:00Z,0.0,0.12210959369588609
2012-01-24T05:00:00Z,0.0,0.13294189636245662
2012-01-24T06:00:00Z,0.0,0.15165223733198754
2012-01-24T07:00:00Z,0.0544519743675874,0.16346929478642813
2012-01-24T08:00:00Z,0.2611678029852803,0.1526369921198576
2012-01-24T09:00:00Z,0.5011598381609433,0.1506674825441175
2012-01-24T10:00:00Z,0.5868712792951086,0.16642355915003829
2012-01-24T11:00:00Z,0.5828377997123244,0.15559125648346775
2012-01-24T12:00:00Z,0.5092267973265118,0.1467284633926373
2012-01-24T13:00:00Z,0.3408290247452693,0.1388504250896769
2012-01-24T14:00:00Z,0.10386209925669447,0.13786567030180688
2012-01-24T15:00:00Z,0.0,0.1565760112713378
2012-01-24T16:00:00Z,0.0,0.1703625783015185
2012-01-24T17:00:00Z,0.0,0.17824061660447887
2012-01-24T18:00:00Z,0.0,0.1792253713923489
2012-01-24T19:00:00Z,0.0,0.1693778235136484
2012-01-24T20:00:00Z,0.0,0.14869797296837742
2012-01-24T21:00:00Z,0.0,0.12309434848375612
2012-01-24T22:00:00Z,0.0,0.10044498836274499
2012-01-24T23:00:00Z,0.0,0.07976513781747398
2012-01-25T00:00:00Z,0.0,0.06203955163581309
2012-01-25T01:00:00Z,0.0,0.04726822981776236
2012-01-25T02:00:00Z,0.0,0.03348166278758167
2012-01-25T03:00:00Z,0.0,0.02264936012101113
2012-01-25T04:00:00Z,0.0,0.01871034096953093
2012-01-25T05:00:00Z,0.0,0.017725586181660882
2012-01-25T06:00:00Z,0.0,0.01871034096953093
2012-01-25T07:00:00Z,0.022184137705313384,0.02363411490888118
2012-01-25T08:00:00Z,0.09882024977821416,0.027573134060361375
2012-01-25T09:00:00Z,0.17142288226833072,0.03840543672693191
2012-01-25T10:00:00Z,0.18554006080807559,0.04529872024202226
2012-01-25T11:00:00Z,0.17545636185111493,0.056131022908592794
2012-01-25T12:00:00Z,0.13713830581466457,0.07188709951451358
2012-01-25T13:00:00Z,0.05848545395037165,0.09158219527191457
2012-01-25T14:00:00Z,0.012100438748352755,0.10339925272635514
2012-01-25T15:00:00Z,0.0,0.10536876230209524
2012-01-25T16:00:00Z,0.0,0.11521631018079574
2012-01-25T17:00:00Z,0.0,0.13688091551393683
2012-01-25T18:00:00Z,0.0,0.1703625783015185
2012-01-25T19:00:00Z,0.0,0.2166460533314108
2012-01-25T20:00:00Z,0.0,0.2570209996340828
2012-01-25T21:00:00Z,0.0,0.2570209996340828
2012-01-25T22:00:00Z,0.0,0.24520394217964223
2012-01-25T23:00:00Z,0.0,0.23831065866455187
2012-01-26T00:00:00Z,0.0,0.23831065866455187
2012-01-26T01:00:00Z,0.0,0.23043262036159148
2012-01-26T02:00:00Z,0.0,0.21172227939206056
2012-01-26T03:00:00Z,0.0,0.18611865490743926
2012-01-26T04:00:00Z,0.0,0.1526369921198576
2012-01-26T05:00:00Z,0.0,0.11127729102931555
2012-01-26T06:00:00Z,0.0,0.07287185430238363
2012-01-26T07:00:00Z,0.007058589269872441,0.044313965454152206
2012-01-26T08:00:00Z,0.0272259871837937,0.02954264363610147
2012-01-26T09:00:00Z,0.0433599055149307,0.024618869696751224
2012-01-26T10:00:00Z,0.06050219374176378,0.02363411490888118
2012-01-26T11:00:00Z,0.05243523457619527,0.02363411490888118
2012-01-26T12:00:00Z,0.032267836662274015,0.02363411490888118
2012-01-26T13:00:00Z,0.013108808644048817,0.024618869696751224
2012-01-26T14:00:00Z,0.0,0.030527398423971522
2012-01-26T15:00:00Z,0.0,0.041359701090542066
2012-01-26T16:00:00Z,0.0,0.06302430642368315
2012-01-26T17:00:00Z,0.0,0.09749072399913486
2012-01-26T18:00:00Z,0.0,0.1506674825441175
2012-01-26T19:00:00Z,0.0,0.19990522193761998
2012-01-26T20:00:00Z,0.0,0.22649360121011128
2012-01-26T21:00:00Z,0.0,0.24618869696751225
2012-01-26T22:00:00Z,0.0,0.27179232145213356
2012-01-26T23:00:00Z,0.0,0.27671609539148384
2012-01-27T00:00:00Z,0.0,0.2895179076337944
2012-01-27T01:00:00Z,0.0,0.31807579648202583
2012-01-27T02:00:00Z,0.0,0.33580138266368675
2012-01-27T03:00:00Z,0.0,0.3594354975725679
2012-01-27T04:00:00Z,0.0,0.3722373098148785
2012-01-27T05:00:00Z,0.0,0.3830696124814491
2012-01-27T06:00:00Z,0.0,0.3742068193906186
2012-01-27T07:00:00Z,0.001008369895696063,0.3781458385420989
2012-01-27T08:00:00Z,0.017142288226833072,0.3791305933299689
2012-01-27T09:00:00Z,0.05546034426328346,0.3594354975725679
2012-01-27T10:00:00Z,0.10991231863087086,0.3791305933299689
2012-01-27T11:00:00Z,0.08066959165568503,0.41359701090542056
2012-01-27T12:00:00Z,0.042351535619234645,0.36435927151191816
2012-01-27T13:00:00Z,0.032267836662274015,0.340725156603037
2012-01-27T14:00:00Z,0.015125548435440945,0.35254221405747754
2012-01-27T15:00:00Z,0.0,0.38700863163292926
2012-01-27T16:00:00Z,0.0,0.42541406835986123
2012-01-27T17:00:00Z,0.0,0.36140500714830803
2012-01-27T18:00:00Z,0.0,0.3151215321184157
2012-01-27T19:00:00Z,0.0,0.29641119114888476
2012-01-27T20:00:00Z,0.0,0.29542643636101473
2012-01-27T21:00:00Z,0.0,0.3033044746639751
2012-01-27T22:00:00Z,0.0,0.2895179076337944
2012-01-27T23:00:00Z,0.0,0.260960018785563
2012-01-28T00:00:00Z,0.0,0.23043262036159148
2012-01-28T01:00:00Z,0.0,0.2048289958769702
2012-01-28T02:00:00Z,0.0,0.20384424108910015
2012-01-28T03:00:00Z,0.0,0.24224967781603207
2012-01-28T04:00:00Z,0.0,0.2796703597550939
2012-01-28T05:00:00Z,0.0,0.27080756666426353
2012-01-28T06:00:00Z,0.0,0.22944786557372146
2012-01-28T07:00:00Z,0.004033479582784252,0.18119488096808903
2012-01-28T08:00:00Z,0.03630131624505826,0.1624845399985581
2012-01-28T09:00:00Z,0.07260263249011652,0.17233208787725857
2012-01-28T10:00:00Z,0.1300797165447921,0.17430159745299867
2012-01-28T11:00:00Z,0.22184137705313384,0.14180468945328706
2012-01-28T12:00:00Z,0.34284576453666143,0.11127729102931555
2012-01-28T13:00:00Z,0.2258748566359181,0.10635351708996531
2012-01-28T14:00:00Z,0.05546034426328346,0.11915532933227593
2012-01-28T15:00:00Z,0.0,0.12703336763523634
2012-01-28T16:00:00Z,0.0,0.11718581975653584
2012-01-28T17:00:00Z,0.0,0.09552121442339477
2012-01-28T18:00:00Z,0.0,0.07090234472664353
2012-01-28T19:00:00Z,0.0,0.060070042060072985
2012-01-28T20:00:00Z,0.0,0.07385660909025368
2012-01-28T21:00:00Z,0.0,0.12014008412014597
2012-01-28T22:00:00Z,0.0,0.2048289958769702
2012-01-28T23:00:00Z,0.0,0.31807579648202583
2012-01-29T00:00:00Z,0.0,0.42541406835986123
2012-01-29T01:00:00Z,0.0,0.48154509126845396
2012-01-29T02:00:00Z,0.0,0.4894231295714144
2012-01-29T03:00:00Z,0.0,0.42344455878412113
2012-01-29T04:00:00Z,0.0,0.40177995345097994
2012-01-29T05:00:00Z,0.0,0.38996289599653944
2012-01-29T06:00:00Z,0.0,0.39094765078440946
2012-01-29T07:00:00Z,0.11797927779643937,0.35057270448173744
2012-01-29T08:00:00Z,0.3347788053710929,0.28459413369444414
2012-01-29T09:00:00Z,0.5051933177437276,0.27573134060361376
2012-01-29T10:00:00Z,0.4799840703513259,0.27080756666426353
2012-01-29T11:00:00Z,0.4678836316029732,0.2777008501793538
2012-01-29T12:00:00Z,0.2914188998561622,0.27671609539148384
2012-01-29T13:00:00Z,0.17848147153820312,0.2491429613311224
2012-01-29T14:00:00Z,0.07361100238581259,0.2648990379370432
2012-01-29T15:00:00Z,0.0,0.3033044746639751
2012-01-29T16:00:00Z,0.0,0.31807579648202583
2012-01-29T17:00:00Z,0.0,0.32398432520924614
2012-01-29T18:00:00Z,0.0,0.321030060845636
2012-01-29T19:00:00Z,0.0,0.30428922945184517
2012-01-29T20:00:00Z,0.0,0.2796703597550939
2012-01-29T21:00:00Z,0.0,0.2471734517553823
2012-01-29T22:00:00Z,0.0,0.19990522193761998
2012-01-29T23:00:00Z,0.0,0.1447589538168972
2012-01-30T00:00:00Z,0.0,0.09946023357487496
2012-01-30T01:00:00Z,0.0,0.08665842133256431
2012-01-30T02:00:00Z,0.0,0.09650596921126481
2012-01-30T03:00:00Z,0.0,0.11324680060505564
2012-01-30T04:00:00Z,0.0,0.13983517987754696
2012-01-30T05:00:00Z,0.0,0.17627110702873877
2012-01-30T06:00:00Z,0.0,0.22747835599798133
2012-01-30T07:00:00Z,0.04134316572353858,0.26785330230065335
2012-01-30T08:00:00Z,0.15125548435440941,0.26686854751278327
2012-01-30T09:00:00Z,0.29041052996046607,0.29444168157314465
2012-01-30T10:00:00Z,0.35494620328501414,0.3456489305423872
2012-01-30T11:00:00Z,0.37612197109463147,0.4313225970870815
2012-01-30T12:00:00Z,0.31057792787438737,0.4894231295714144
2012-01-30T13:00:00Z,0.176464731746811,0.5169962636317758
2012-01-30T14:00:00Z,0.05848545395037165,0.5347218498134367
2012-01-30T15:00:00Z,0.0,0.5534321907829677
2012-01-30T16:00:00Z,0.0,0.5701730221767584
2012-01-30T17:00:00Z,0.0,0.5790358152675888
2012-01-30T18:00:00Z,0.0,0.5790358152675888
2012-01-30T19:00:00Z,0.0,0.5642644934495381
2012-01-30T20:00:00Z,0.0,0.5524474359950976
2012-01-30T21:00:00Z,0.0,0.5347218498134367
2012-01-30T22:00:00Z,0.0,0.5110877349045555
2012-01-30T23:00:00Z,0.0,0.47563656254123365
2012-01-31T00:00:00Z,0.0,0.4342768614506916
2012-01-31T01:00:00Z,0.0,0.3939019151480196
2012-01-31T02:00:00Z,0.0,0.35451172363321765
2012-01-31T03:00:00Z,0.0,0.33284711830007657
2012-01-31T04:00:00Z,0.0,0.32398432520924614
2012-01-31T05:00:00Z,0.0,0.29739594593675484
2012-01-31T06:00:00Z,0.0,0.2648990379370432
2012-01-31T07:00:00Z,0.02420087749670551,0.22747835599798133
2012-01-31T08:00:00Z,0.08873655082125353,0.20187473151336002
2012-01-31T09:00:00Z,0.14520526498023303,0.18021012618021895
2012-01-31T10:00:00Z,0.20369071893060473,0.14574370860476726
2012-01-31T11:00:00Z,0.22184137705313384,0.1260486128473663
2012-01-31T12:00:00Z,0.17444799195541888,0.11915532933227593
2012-01-31T13:00:00Z,0.11092068852656692,0.11521631018079574
2012-01-31T14:00:00Z,0.04941012488910708,0.13589616072606678
2012-01-31T15:00:00Z,0.0,0.18808816448317936
2012-01-31T16:00:00Z,0.0,0.24520394217964223
2012-01-31T17:00:00Z,0.0,0.29247217199740455
2012-01-31T18:00:00Z,0.0,0.32398432520924614
2012-01-31T19:00:00Z,0.0,0.3308776087243365
2012-01-31T20:00:00Z,0.0,0.29641119114888476
2012-01-31T21:00:00Z,0.0,0.22747835599798133
2012-01-31T22:00:00Z,0.0,0.17824061660447887
2012-01-31T23:00:00Z,0.0,0.15165223733198754
2012-02-01T00:00:00Z,0.0,0.15165223733198754
2012-02-01T01:00:00Z,0.0,0.1792253713923489
2012-02-01T02:00:00Z,0.0,0.21073752460419048
2012-02-01T03:00:00Z,0.0,0.2353563943009417
2012-02-01T04:00:00Z,0.0,0.241264923028162
2012-02-01T05:00:00Z,0.0,0.24421918739177217
2012-02-01T06:00:00Z,0.0,0.26588379272491325
2012-02-01T07:00:00Z,0.038318056036450394,0.27376183102787366
2012-02-01T08:00:00Z,0.1300797165447921,0.28262462411870404
2012-02-01T09:00:00Z,0.40536469806981734,0.36435927151191816
2012-02-01T10:00:00Z,0.3267118462055244,0.3712525550270085
2012-02-01T11:00:00Z,0.4709087412900614,0.37519157417848864
2012-02-01T12:00:00Z,0.3862056700515921,0.39094765078440946
2012-02-01T13:00:00Z,0.22083300715743778,0.38897814120866936
2012-02-01T14:00:00Z,0.07663611207290079,0.39784093429949985
2012-02-01T15:00:00Z,0.0,0.43723112581430174
2012-02-01T16:00:00Z,0.0,0.40374946302672005
2012-02-01T17:00:00Z,0.0,0.32201481563350604
2012-02-01T18:00:00Z,0.0,0.27671609539148384
2012-02-01T19:00:00Z,0.0,0.2471734517553823
2012-02-01T20:00:00Z,0.0,0.2166460533314108
2012-02-01T21:00:00Z,0.0,0.18611865490743926
2012-02-01T22:00:00Z,0.0,0.1506674825441175
2012-02-01T23:00:00Z,0.0,0.12900287721097642
2012-02-02T00:00:00Z,0.0,0.12210959369588609
2012-02-02T01:00:00Z,0.0,0.13786567030180688
2012-02-02T02:00:00Z,0.0,0.16149978521068806
2012-02-02T03:00:00Z,0.0,0.16642355915003829
2012-02-02T04:00:00Z,0.0,0.1703625783015185
2012-02-02T05:00:00Z,0.0,0.17627110702873877
2012-02-02T06:00:00Z,0.0,0.2166460533314108
2012-02-02T07:00:00Z,0.004033479582784252,0.22550884642224123
2012-02-02T08:00:00Z,0.01815065812252913,0.21172227939206056
2012-02-02T09:00:00Z,0.038318056036450394,0.18119488096808903
2012-02-02T10:00:00Z,0.05243523457619527,0.14771321818050737
2012-02-02T11:00:00Z,0.04840175499341102,0.13688091551393683
2012-02-02T12:00:00Z,0.034284576453666143,0.13491140593819673
2012-02-02T13:00:00Z,0.01815065812252913,0.13195714157458657
2012-02-02T14:00:00Z,0.004033479582784252,0.13688091551393683
2012-02-02T15:00:00Z,0.0,0.16346929478642813
2012-02-02T16:00:00Z,0.0,0.18217963575595908
2012-02-02T17:00:00Z,0.0,0.20187473151336002
2012-02-02T18:00:00Z,0.0,0.22649360121011128
2012-02-02T19:00:00Z,0.0,0.24421918739177217
2012-02-02T20:00:00Z,0.0,0.25603624484621273
2012-02-02T21:00:00Z,0.0,0.26588379272491325
2012-02-02T22:00:00Z,0.0,0.26785330230065335
2012-02-02T23:00:00Z,0.0,0.29247217199740455
2012-02-03T00:00:00Z,0.0,0.31807579648202583
2012-02-03T01:00:00Z,0.0,0.29542643636101473
2012-02-03T02:00:00Z,0.0,0.29542643636101473
2012-02-03T03:00:00Z,0.0,0.2727770762400036
2012-02-03T04:00:00Z,0.0,0.26982281187639345
2012-02-03T05:00:00Z,0.0,0.2727770762400036
2012-02-03T06:00:00Z,0.0,0.25800575442195284
2012-02-03T07:00:00Z,0.013108808644048817,0.26785330230065335
2012-02-03T08:00:00Z,0.04134316572353858,0.2727770762400036
2012-02-03T09:00:00Z,0.06957752280302835,0.2540667352704727
2012-02-03T10:00:00Z,0.09075329061264566,0.2570209996340828
2012-02-03T11:00:00Z,0.10991231863087086,0.3161062869062857
2012-02-03T12:00:00Z,0.1008369895696063,0.32398432520924614
2012-02-03T13:00:00Z,0.06050219374176378,0.3348166278758167
2012-02-03T14:00:00Z,0.021175767809617323,0.36829829066339836
2012-02-03T15:00:00Z,0.0,0.3939019151480196
2012-02-03T16:00:00Z,0.0,0.40571897260246015
2012-02-03T17:00:00Z,0.0,0.40571897260246015
2012-02-03T18:00:00Z,0.0,0.4273835779356013
2012-02-03T19:00:00Z,0.0,0.4539719572080926
2012-02-03T20:00:00Z,0.0,0.4273835779356013
2012-02-03T21:00:00Z,0.0,0.34466417575451713
2012-02-03T22:00:00Z,0.0,0.2501277161189924
2012-02-03T23:00:00Z,0.0,0.20285948630123007
2012-02-04T00:00:00Z,0.0,0.20285948630123007
2012-02-04T01:00:00Z,0.0,0.22452409163437118
2012-02-04T02:00:00Z,0.0,0.2471734517553823
2012-02-04T03:00:00Z,0.0,0.2511124709068625
2012-02-04T04:00:00Z,0.0,0.2146765437556707
2012-02-04T05:00:00Z,0.0,0.18611865490743926
2012-02-04T06:00:00Z,0.0,0.17627110702873877
2012-02-04T07:00:00Z,0.05142686468049921,0.1792253713923489
2012-02-04T08:00:00Z,0.27427661162932915,0.18021012618021895
2012-02-04T09:00:00Z,0.5576285523199228,0.2166460533314108
2012-02-04T10:00:00Z,0.6251893353315591,0.3121672677548056
2012-02-04T11:00:00Z,0.561662031902707,0.4047342178145901
2012-02-04T12:00:00Z,0.3932642593214645,0.44904818326874235
2012-02-04T13:00:00Z,0.18957354039085983,0.46184999551105294
2012-02-04T14:00:00Z,0.05747708405467558,0.4973011678743747
2012-02-04T15:00:00Z,0.001008369895696063,0.5130572444802955
2012-02-04T16:00:00Z,0.0,0.5327523402376966
2012-02-04T17:00:00Z,0.0,0.5376761141770469
2012-02-04T18:00:00Z,0.0,0.5475236620557473
2012-02-04T19:00:00Z,0.0,0.5485084168436173
2012-02-04T20:00:00Z,0.0,0.5494931716314874
2012-02-04T21:00:00Z,0.0,0.5494931716314874
2012-02-04T22:00:00Z,0.0,0.5455541524800072
2012-02-04T23:00:00Z,0.0,0.5376761141770469
2012-02-05T00:00:00Z,0.0,0.520935282783256
2012-02-05T01:00:00Z,0.0,0.4913926391471545
2012-02-05T02:00:00Z,0.0,0.5347218498134367
2012-02-05T03:00:00Z,0.0,0.540630378540657
2012-02-05T04:00:00Z,0.0,0.5544169455708375
2012-02-05T05:00:00Z,0.0,0.5455541524800072
2012-02-05T06:00:00Z,0.0,0.5091182253288153
2012-02-05T07:00:00Z,0.033276206557970076,0.5376761141770469
2012-02-05T08:00:00Z,0.08369470134277322,0.5347218498134367
2012-02-05T09:00:00Z,0.08268633144707715,0.5101029801166854
2012-02-05T10:00:00Z,0.06957752280302835,0.5317675854498265
2012-02-05T11:00:00Z,0.09377840029973386,0.5435846429042671
2012-02-05T12:00:00Z,0.0816779615513811,0.5603254742980579
2012-02-05T13:00:00Z,0.04436827541062677,0.582974834419069
2012-02-05T14:00:00Z,0.019159028018225197,0.6075937041158203
2012-02-05T15:00:00Z,0.0,0.6272887998732213
2012-02-05T16:00:00Z,0.0,0.623349780721741
2012-02-05T17:00:00Z,0.0,0.6095632136915604
2012-02-05T18:00:00Z,0.0,0.5849443439948091
2012-02-05T19:00:00Z,0.0,0.563279738661668
2012-02-05T20:00:00Z,0.0,0.5455541524800072
2012-02-05T21:00:00Z,0.0,0.5229047923589961
2012-02-05T22:00:00Z,0.0,0.48745361999567427
2012-02-05T23:00:00Z,0.0,0.45988048593531294
2012-02-06T00:00:00Z,0.0,0.42442931357199115
2012-02-06T01:00:00Z,0.0,0.3584507427846978
2012-02-06T02:00:00Z,0.0,0.26982281187639345
2012-02-06T03:00:00Z,0.0,0.18414914533169918
2012-02-06T04:00:00Z,0.0,0.14869797296837742
2012-02-06T05:00:00Z,0.0,0.14278944424115708
2012-02-06T06:00:00Z,0.0,0.1644540495742982
2012-02-06T07:00:00Z,0.033276206557970076,0.21566129854354074
2012-02-06T08:00:00Z,0.10386209925669447,0.2796703597550939
2012-02-06T09:00:00Z,0.14823037466732122,0.3939019151480196
2012-02-06T10:00:00Z,0.17545636185111493,0.4923773939350245
2012-02-06T11:00:00Z,0.16133918331137007,0.5465389072678772
2012-02-06T12:00:00Z,0.1008369895696063,0.5455541524800072
2012-02-06T13:00:00Z,0.034284576453666143,0.5229047923589961
2012-02-06T14:00:00Z,0.009075329061264565,0.521920037571126
2012-02-06T15:00:00Z,0.0,0.5120724896924255
2012-02-06T16:00:00Z,0.0,0.5101029801166854
2012-02-06T17:00:00Z,0.0,0.5120724896924255
2012-02-06T18:00:00Z,0.0,0.5041944513894652
2012-02-06T19:00:00Z,0.0,0.41458176569329064
2012-02-06T20:00:00Z,0.0,0.33284711830007657
2012-02-06T21:00:00Z,0.0,0.3072434938154553
2012-02-06T22:00:00Z,0.0,0.301334965088235
2012-02-06T23:00:00Z,0.0,0.27671609539148384
2012-02-07T00:00:00Z,0.0,0.26194477357343304
2012-02-07T01:00:00Z,0.0,0.2570209996340828
2012-02-07T02:00:00Z,0.0,0.26194477357343304
2012-02-07T03:00:00Z,0.0,0.27179232145213356
2012-02-07T04:00:00Z,0.0,0.30822824860332537
2012-02-07T05:00:00Z,0.0,0.3515574592696075
2012-02-07T06:00:00Z,0.0,0.34860319490599734
2012-02-07T07:00:00Z,0.011092068852656692,0.36337451672404814
2012-02-07T08:00:00Z,0.031259466766577954,0.3850391220571892
2012-02-07T09:00:00Z,0.05243523457619527,0.42541406835986123
2012-02-07T10:00:00Z,0.11192905842226297,0.44904818326874235
2012-02-07T11:00:00Z,0.1663810327898504,0.4539719572080926
2012-02-07T12:00:00Z,0.09579514009112598,0.4687432790261434
2012-02-07T13:00:00Z,0.05243523457619527,0.4697280338140134
2012-02-07T14:00:00Z,0.023192507601009448,0.4982859226622448
2012-02-07T15:00:00Z,0.0,0.4894231295714144
2012-02-07T16:00:00Z,0.0,0.4923773939350245
2012-02-07T17:00:00Z,0.0,0.5081334705409454
2012-02-07T18:00:00Z,0.0,0.5032096966015951
2012-02-07T19:00:00Z,0.0,0.5051792061773351
2012-02-07T20:00:00Z,0.0,0.5317675854498265
2012-02-07T21:00:00Z,0.0,0.5524474359950976
2012-02-07T22:00:00Z,0.0,0.5741120413282386
2012-02-07T23:00:00Z,0.0,0.5750967961161086
2012-02-08T00:00:00Z,0.0,0.6075937041158203
2012-02-08T01:00:00Z,0.0,0.6341820833883116
2012-02-08T02:00:00Z,0.0,0.6509229147821024
2012-02-08T03:00:00Z,0.0,0.6351668381761816
2012-02-08T04:00:00Z,0.0,0.5741120413282386
2012-02-08T05:00:00Z,0.0,0.5494931716314874
2012-02-08T06:00:00Z,0.0,0.5810053248433289
2012-02-08T07:00:00Z,0.07361100238581259,0.5888833631462893
2012-02-08T08:00:00Z,0.24805899434123146,0.5544169455708375
2012-02-08T09:00:00Z,0.34385413443235746,0.5485084168436173
2012-02-08T10:00:00Z,0.38822240984298423,0.6164564972066507
2012-02-08T11:00:00Z,0.4830091800384141,0.6056241945400801
2012-02-08T12:00:00Z,0.4346074250450031,0.5711577769646283
2012-02-08T13:00:00Z,0.20772419851338894,0.5376761141770469
2012-02-08T14:00:00Z,0.05747708405467558,0.5662340030252782
2012-02-08T15:00:00Z,0.0030251096870881886,0.6203955163581308
2012-02-08T16:00:00Z,0.0,0.6174412519945207
2012-02-08T17:00:00Z,0.0,0.6282735546610914
2012-02-08T18:00:00Z,0.0,0.6341820833883116
2012-02-08T19:00:00Z,0.0,0.6361515929640517
2012-02-08T20:00:00Z,0.0,0.6410753669034019
2012-02-08T21:00:00Z,0.0,0.6410753669034019
2012-02-08T22:00:00Z,0.0,0.6489534052063624
2012-02-08T23:00:00Z,0.0,0.6548619339335826
2012-02-09T00:00:00Z,0.0,0.661755217448673
2012-02-09T01:00:00Z,0.0,0.6794808036303337
2012-02-09T02:00:00Z,0.0,0.6656942366001531
2012-02-09T03:00:00Z,0.0,0.6597857078729329
2012-02-09T04:00:00Z,0.0,0.6568314435093227
2012-02-09T05:00:00Z,0.0,0.6469838956306223
2012-02-09T06:00:00Z,0.0,0.7119777116300455
2012-02-09T07:00:00Z,0.007058589269872441,0.6410753669034019
2012-02-09T08:00:00Z,0.039326425932146455,0.6322125738125715
2012-02-09T09:00:00Z,0.3730968614075433,0.6331973286004415
2012-02-09T10:00:00Z,0.2369669254885748,0.7169014855693956
2012-02-09T11:00:00Z,0.2228497469488299,0.8015903973262198
2012-02-09T12:00:00Z,0.3317536956840047,0.8537824010833325
2012-02-09T13:00:00Z,0.24805899434123146,0.863629948962033
2012-02-09T14:00:00Z,0.09680350998682204,0.8655994585377732
2012-02-09T15:00:00Z,0.002016739791392126,0.8774165159922137
2012-02-09T16:00:00Z,0.0,0.883325044719434
2012-02-09T17:00:00Z,0.0,0.8764317612043436
2012-02-09T18:00:00Z,0.0,0.8655994585377732
2012-02-09T19:00:00Z,0.0,0.8498433819318523
2012-02-09T20:00:00Z,0.0,0.8360568149016716
2012-02-09T21:00:00Z,0.0,0.826209267022971
2012-02-09T22:00:00Z,0.0,0.8173464739321407
2012-02-09T23:00:00Z,0.0,0.8045446616898301
2012-02-10T00:00:00Z,0.0,0.7543221675084575
2012-02-10T01:00:00Z,0.0,0.6588009530850629
2012-02-10T02:00:00Z,0.0,0.5810053248433289
2012-02-10T03:00:00Z,0.0,0.5465389072678772
2012-02-10T04:00:00Z,0.0,0.48843837478354435
2012-02-10T05:00:00Z,0.0,0.42442931357199115
2012-02-10T06:00:00Z,0.0,0.3968561795116298
2012-02-10T07:00:00Z,0.004033479582784252,0.40177995345097994
2012-02-10T08:00:00Z,0.017142288226833072,0.39882568908736993
2012-02-10T09:00:00Z,0.04134316572353858,0.39882568908736993
2012-02-10T10:00:00Z,0.04739338509771496,0.45200244763235253
2012-02-10T11:00:00Z,0.039326425932146455,0.563279738661668
2012-02-10T12:00:00Z,0.021175767809617323,0.704099673327085
2012-02-10T13:00:00Z,0.011092068852656692,0.6676637461758933
2012-02-10T14:00:00Z,0.004033479582784252,0.6410753669034019
2012-02-10T15:00:00Z,0.0,0.6804655584182039
2012-02-10T16:00:00Z,0.0,0.7247795238723561
2012-02-10T17:00:00Z,0.0,0.6302430642368314
2012-02-10T18:00:00Z,0.0,0.5347218498134367
2012-02-10T19:00:00Z,0.0,0.5376761141770469
2012-02-10T20:00:00Z,0.0,0.5041944513894652
2012-02-10T21:00:00Z,0.0,0.4913926391471545
2012-02-10T22:00:00Z,0.0,0.45200244763235253
2012-02-10T23:00:00Z,0.0,0.3742068193906186
2012-02-11T00:00:00Z,0.0,0.2895179076337944
2012-02-11T01:00:00Z,0.0,0.4332921066628216
2012-02-11T02:00:00Z,0.0,0.6066089493279502
2012-02-11T03:00:00Z,0.0,0.6331973286004415
2012-02-11T04:00:00Z,0.0,0.60365468496434
2012-02-11T05:00:00Z,0.0,0.6489534052063624
2012-02-11T06:00:00Z,0.0,0.7405356004782768
2012-02-11T07:00:00Z,0.06655241311594015,0.7562916770841978
2012-02-11T08:00:00Z,0.14823037466732122,0.7720477536901185
2012-02-11T09:00:00Z,0.15428059404149763,0.7976513781747399
2012-02-11T10:00:00Z,0.18957354039085983,0.8006056425383499
2012-02-11T11:00:00Z,0.24402551475844722,0.823255002659361
2012-02-11T12:00:00Z,0.1633559231027622,0.8390110792652817
2012-02-11T13:00:00Z,0.12201275737922361,0.8409805888410218
2012-02-11T14:00:00Z,0.1008369895696063,0.8468891175682423
2012-02-11T15:00:00Z,0.020167397913921258,0.8291635313865813
2012-02-11T16:00:00Z,0.0,0.7878038302960392
2012-02-11T17:00:00Z,0.0,0.742505110054017
2012-02-11T18:00:00Z,0.0,0.6755417844788537
2012-02-11T19:00:00Z,0.0,0.6075937041158203
2012-02-11T20:00:00Z,0.0,0.6056241945400801
2012-02-11T21:00:00Z,0.0,0.6263040450853512
2012-02-11T22:00:00Z,0.0,0.6203955163581308
2012-02-11T23:00:00Z,0.0,0.6243345355096112
2012-02-12T00:00:00Z,0.0,0.6410753669034019
2012-02-12T01:00:00Z,0.0,0.6381211025397918
2012-02-12T02:00:00Z,0.0,0.6509229147821024
2012-02-12T03:00:00Z,0.0,0.6331973286004415
2012-02-12T04:00:00Z,0.0,0.60365468496434
2012-02-12T05:00:00Z,0.0,0.5573712099344478
2012-02-12T06:00:00Z,0.007058589269872441,0.501240187025855
2012-02-12T07:00:00Z,0.15428059404149763,0.4096579917539404
2012-02-12T08:00:00Z,0.46183341222879676,0.35648123320895775
2012-02-12T09:00:00Z,0.6040135675219417,0.3761763289663587
2012-02-12T10:00:00Z,0.6745994602206661,0.3673135358755283
2012-02-12T11:00:00Z,0.6786329398034504,0.3712525550270085
2012-02-12T12:00:00Z,0.6161140062702944,0.36829829066339836
2012-02-12T13:00:00Z,0.3892307797386803,0.34860319490599734
2012-02-12T14:00:00Z,0.09882024977821416,0.3121672677548056
2012-02-12T15:00:00Z,0.011092068852656692,0.29739594593675484
2012-02-12T16:00:00Z,0.0,0.29739594593675484
2012-02-12T17:00:00Z,0.0,0.28262462411870404
2012-02-12T18:00:00Z,0.0,0.2875483980580543
2012-02-12T19:00:00Z,0.0,0.3229995704213761
2012-02-12T20:00:00Z,0.0,0.3436794209666471
2012-02-12T21:00:00Z,0.0,0.35549647842108767
2012-02-12T22:00:00Z,0.0,0.39784093429949985
2012-02-12T23:00:00Z,0.0,0.44904818326874235
2012-02-13T00:00:00Z,0.0,0.4716975433897535
2012-02-13T01:00:00Z,0.0,0.5032096966015951
2012-02-13T02:00:00Z,0.0,0.5642644934495381
2012-02-13T03:00:00Z,0.0,0.6952368802362545
2012-02-13T04:00:00Z,0.0,0.6962216350241246
2012-02-13T05:00:00Z,0.0,0.6991758993877348
2012-02-13T06:00:00Z,0.0,0.6873588419332942
2012-02-13T07:00:00Z,0.007058589269872441,0.6873588419332942
2012-02-13T08:00:00Z,0.038318056036450394,0.7139472212057856
2012-02-13T09:00:00Z,0.06756078301163622,0.6489534052063624
2012-02-13T10:00:00Z,0.07663611207290079,0.5878986083584192
2012-02-13T11:00:00Z,0.10487046915239054,0.6952368802362545
2012-02-13T12:00:00Z,0.10587883904808659,0.7011454089634749
2012-02-13T13:00:00Z,0.07058589269872441,0.6686485009637634
2012-02-13T14:00:00Z,0.022184137705313384,0.6371363477519217
2012-02-13T15:00:00Z,0.0,0.5790358152675888
2012-02-13T16:00:00Z,0.0,0.5455541524800072
2012-02-13T17:00:00Z,0.0,0.5248743019347362
2012-02-13T18:00:00Z,0.0,0.45988048593531294
2012-02-13T19:00:00Z,0.0,0.4460939189051322
2012-02-13T20:00:00Z,0.0,0.4441244093293921
2012-02-13T21:00:00Z,0.0,0.4982859226622448
2012-02-13T22:00:00Z,0.0,0.5160115088439057
2012-02-13T23:00:00Z,0.0,0.5150267540560356
2012-02-14T00:00:00Z,0.0,0.4933621487228946
2012-02-14T01:00:00Z,0.0,0.45988048593531294
2012-02-14T02:00:00Z,0.0,0.4342768614506916
2012-02-14T03:00:00Z,0.0,0.4116275013296805
2012-02-14T04:00:00Z,0.0,0.38996289599653944
2012-02-14T05:00:00Z,0.0,0.34663368533025724
2012-02-14T06:00:00Z,0.0,0.30231971987610506
2012-02-14T07:00:00Z,0.015125548435440945,0.26785330230065335
2012-02-14T08:00:00Z,0.035292946349362204,0.24028016824029194
2012-02-14T09:00:00Z,0.05344360447189133,0.2501277161189924
2012-02-14T10:00:00Z,0.08873655082125353,0.2520972256947326
2012-02-14T11:00:00Z,0.08066959165568503,0.2520972256947326
2012-02-14T12:00:00Z,0.07562774217720471,0.24028016824029194
2012-02-14T13:00:00Z,0.09882024977821416,0.2146765437556707
2012-02-14T14:00:00Z,0.09277003040403779,0.18021012618021895
2012-02-14T15:00:00Z,0.022184137705313384,0.18119488096808903
2012-02-14T16:00:00Z,0.0,0.20876801502845038
2012-02-14T17:00:00Z,0.0,0.26686854751278327
2012-02-14T18:00:00Z,0.0,0.3249690799971162
2012-02-14T19:00:00Z,0.0,0.35352696884534757
2012-02-14T20:00:00Z,0.0,0.3594354975725679
2012-02-14T21:00:00Z,0.0,0.3722373098148785
2012-02-14T22:00:00Z,0.0,0.3791305933299689
2012-02-14T23:00:00Z,0.0,0.35648123320895775
2012-02-15T00:00:00Z,0.0,0.27671609539148384
2012-02-15T01:00:00Z,0.0,0.20975276981632043
2012-02-15T02:00:00Z,0.0,0.16642355915003829
2012-02-15T03:00:00Z,0.0,0.1260486128473663
2012-02-15T04:00:00Z,0.0,0.10339925272635514
2012-02-15T05:00:00Z,0.0,0.09059744048404451
2012-02-15T06:00:00Z,0.002016739791392126,0.08665842133256431
2012-02-15T07:00:00Z,0.05747708405467558,0.07681087345386382
2012-02-15T08:00:00Z,0.23797529538427084,0.07681087345386382
2012-02-15T09:00:00Z,0.5808210599209321,0.07582611866599377
2012-02-15T10:00:00Z,0.6705659806378819,0.07681087345386382
2012-02-15T11:00:00Z,0.6665325010550976,0.0846889117568242
2012-02-15T12:00:00Z,0.6050219374176377,0.08074989260534403
2012-02-15T13:00:00Z,0.47897570045562987,0.07188709951451358
2012-02-15T14:00:00Z,0.28536868048198577,0.08271940218108413
2012-02-15T15:00:00Z,0.05747708405467558,0.11817057454440588
2012-02-15T16:00:00Z,0.0,0.17430159745299867
2012-02-15T17:00:00Z,0.0,0.2491429613311224
2012-02-15T18:00:00Z,0.0,0.3249690799971162
2012-02-15T19:00:00Z,0.0,0.38799338642079934
2012-02-15T20:00:00Z,0.0,0.42836833272347136
2012-02-15T21:00:00Z,0.0,0.45003293805661243
2012-02-15T22:00:00Z,0.0,0.46381950508679304
2012-02-15T23:00:00Z,0.0,0.4716975433897535
2012-02-16T00:00:00Z,0.0,0.4736670529654936
2012-02-16T01:00:00Z,0.0,0.47760607211697376
2012-02-16T02:00:00Z,0.0,0.4913926391471545
2012-02-16T03:00:00Z,0.0,0.5032096966015951
2012-02-16T04:00:00Z,0.0,0.5110877349045555
2012-02-16T05:00:00Z,0.0,0.5179810184196458
2012-02-16T06:00:00Z,0.032267836662274015,0.519950527995386
2012-02-16T07:00:00Z,0.28436031058628974,0.4076884821782003
2012-02-16T08:00:00Z,0.4830091800384141,0.2796703597550939
2012-02-16T09:00:00Z,0.6151056363745984,0.2353563943009417
2012-02-16T10:00:00Z,0.671574350533578,0.2471734517553823
2012-02-16T11:00:00Z,0.6675408709507937,0.38602387684505923
2012-02-16T12:00:00Z,0.609055417000422,0.4460939189051322
2012-02-16T13:00:00Z,0.4678836316029732,0.4342768614506916
2012-02-16T14:00:00Z,0.2591510631938882,0.45791097635957284
2012-02-16T15:00:00Z,0.05041849478480315,0.5347218498134367
2012-02-16T16:00:00Z,0.0,0.6007004206007299
2012-02-16T17:00:00Z,0.0,0.6056241945400801
2012-02-16T18:00:00Z,0.0,0.5869138535705491
2012-02-16T19:00:00Z,0.0,0.5573712099344478
2012-02-16T20:00:00Z,0.0,0.5238895471468661
2012-02-16T21:00:00Z,0.0,0.5002554322379849
2012-02-16T22:00:00Z,0.0,0.47465180775336363
2012-02-16T23:00:00Z,0.0,0.45988048593531294
2012-02-17T00:00:00Z,0.0,0.40867323696607033
2012-02-17T01:00:00Z,0.0,0.3712525550270085
2012-02-17T02:00:00Z,0.0,0.34860319490599734
2012-02-17T03:00:00Z,0.0,0.340725156603037
2012-02-17T04:00:00Z,0.0,0.33974040181516685
2012-02-17T05:00:00Z,0.0,0.3141367773305457
2012-02-17T06:00:00Z,0.001008369895696063,0.26194477357343304
2012-02-17T07:00:00Z,0.016133918331137007,0.18611865490743926
2012-02-17T08:00:00Z,0.04134316572353858,0.12112483890801604
2012-02-17T09:00:00Z,0.06655241311594015,0.08271940218108413
2012-02-17T10:00:00Z,0.09478677019542991,0.06499381599942325
2012-02-17T11:00:00Z,0.13713830581466457,0.060070042060072985
2012-02-17T12:00:00Z,0.22184137705313384,0.060070042060072985
2012-02-17T13:00:00Z,0.22889996632300627,0.041359701090542066
2012-02-17T14:00:00Z,0.13411319612757636,0.032496907999711624
2012-02-17T15:00:00Z,0.025209247392401574,0.05120724896924255
2012-02-17T16:00:00Z,0.0,0.1250638580594962
2012-02-17T17:00:00Z,0.0,0.241264923028162
2012-02-17T18:00:00Z,0.0,0.3515574592696075
2012-02-17T19:00:00Z,0.0,0.42541406835986123
2012-02-17T20:00:00Z,0.0,0.4539719572080926
2012-02-17T21:00:00Z,0.0,0.4460939189051322
2012-02-17T22:00:00Z,0.0,0.39784093429949985
2012-02-17T23:00:00Z,0.0,0.32201481563350604
2012-02-18T00:00:00Z,0.0,0.2520972256947326
2012-02-18T01:00:00Z,0.0,0.20088997672548997
2012-02-18T02:00:00Z,0.0,0.16740831393790834
2012-02-18T03:00:00Z,0.0,0.140819934665417
2012-02-18T04:00:00Z,0.0,0.12703336763523634
2012-02-18T05:00:00Z,0.0,0.1142315553929257
2012-02-18T06:00:00Z,0.001008369895696063,0.10044498836274499
2012-02-18T07:00:00Z,0.02420087749670551,0.09355170484765465
2012-02-18T08:00:00Z,0.09680350998682204,0.08862793090830441
2012-02-18T09:00:00Z,0.42149861640095426,0.08074989260534403
2012-02-18T10:00:00Z,0.640314883767,0.08961268569617445
2012-02-18T11:00:00Z,0.641323253662696,0.09059744048404451
2012-02-18T12:00:00Z,0.577795950233844,0.08961268569617445
2012-02-18T13:00:00Z,0.4537664530632283,0.09158219527191457
2012-02-18T14:00:00Z,0.2672180223594567,0.1142315553929257
2012-02-18T15:00:00Z,0.05747708405467558,0.16543880436216826
2012-02-18T16:00:00Z,0.0,0.22747835599798133
2012-02-18T17:00:00Z,0.0,0.29444168157314465
2012-02-18T18:00:00Z,0.0,0.3515574592696075
2012-02-18T19:00:00Z,0.0,0.39784093429949985
2012-02-18T20:00:00Z,0.0,0.42836833272347136
2012-02-18T21:00:00Z,0.0,0.45101769284448245
2012-02-18T22:00:00Z,0.0,0.4569262215717028
2012-02-18T23:00:00Z,0.0,0.441170144965782
2012-02-19T00:00:00Z,0.0,0.41950553963264087
2012-02-19T01:00:00Z,0.0,0.3968561795116298
2012-02-19T02:00:00Z,0.0,0.3289080991485964
2012-02-19T03:00:00Z,0.0,0.2491429613311224
2012-02-19T04:00:00Z,0.0,0.21270703417993062
2012-02-19T05:00:00Z,0.0,0.20088997672548997
2012-02-19T06:00:00Z,0.001008369895696063,0.21073752460419048
2012-02-19T07:00:00Z,0.019159028018225197,0.2550514900583427
2012-02-19T08:00:00Z,0.025209247392401574,0.36829829066339836
2012-02-19T09:00:00Z,0.05546034426328346,0.4342768614506916
2012-02-19T10:00:00Z,0.17243125216402677,0.5238895471468661
2012-02-19T11:00:00Z,0.4134316572353858,0.661755217448673
2012-02-19T12:00:00Z,0.5203188661791684,0.7346270717510566
2012-02-19T13:00:00Z,0.32469510641413224,0.7612154510235479
2012-02-19T14:00:00Z,0.07663611207290079,0.7375813361146667
2012-02-19T15:00:00Z,0.019159028018225197,0.7080386924785653
2012-02-19T16:00:00Z,0.0,0.7011454089634749
2012-02-19T17:00:00Z,0.0,0.6972063898119947
2012-02-19T18:00:00Z,0.0,0.703114918539215
2012-02-19T19:00:00Z,0.0,0.6775112940545936
2012-02-19T20:00:00Z,0.0,0.5928223822977695
2012-02-19T21:00:00Z,0.0,0.5810053248433289
2012-02-19T22:00:00Z,0.0,0.5849443439948091
2012-02-19T23:00:00Z,0.0,0.583959589206939
2012-02-20T00:00:00Z,0.0,0.5760815509039787
2012-02-20T01:00:00Z,0.0,0.5485084168436173
2012-02-20T02:00:00Z,0.0,0.5238895471468661
2012-02-20T03:00:00Z,0.0,0.5229047923589961
2012-02-20T04:00:00Z,0.0,0.5110877349045555
2012-02-20T05:00:00Z,0.0,0.5179810184196458
2012-02-20T06:00:00Z,0.002016739791392126,0.5051792061773351
2012-02-20T07:00:00Z,0.04739338509771496,0.4894231295714144
2012-02-20T08:00:00Z,0.1683977725812425,0.45298720242022256
2012-02-20T09:00:00Z,0.26217617288097633,0.4785908269048438
2012-02-20T10:00:00Z,0.28536868048198577,0.4913926391471545
2012-02-20T11:00:00Z,0.29242726975185823,0.4923773939350245
2012-02-20T12:00:00Z,0.2803268310035055,0.4726822981776235
2012-02-20T13:00:00Z,0.25511758361110387,0.43723112581430174
2012-02-20T14:00:00Z,0.17747310164250707,0.3712525550270085
2012-02-20T15:00:00Z,0.021175767809617323,0.31807579648202583
2012-02-20T16:00:00Z,0.0,0.33580138266368675
2012-02-20T17:00:00Z,0.0,0.32989285393646645
2012-02-20T18:00:00Z,0.0,0.2648990379370432
2012-02-20T19:00:00Z,0.0,0.23732590387668182
2012-02-20T20:00:00Z,0.0,0.24520394217964223
2012-02-20T21:00:00Z,0.0,0.27573134060361376
2012-02-20T22:00:00Z,0.0,0.30822824860332537
2012-02-20T23:00:00Z,0.0,0.3367861374515568
2012-02-21T00:00:00Z,0.0,0.35746598799682777
2012-02-21T01:00:00Z,0.0,0.3742068193906186
2012-02-21T02:00:00Z,0.0,0.3939019151480196
2012-02-21T03:00:00Z,0.0,0.41064274654181043
2012-02-21T04:00:00Z,0.0,0.422459803996251
2012-02-21T05:00:00Z,0.0,0.42836833272347136
2012-02-21T06:00:00Z,0.0,0.42836833272347136
2012-02-21T07:00:00Z,0.01815065812252913,0.40571897260246015
2012-02-21T08:00:00Z,0.09176166050834171,0.3948866699358897
2012-02-21T09:00:00Z,0.33881228495387716,0.501240187025855
2012-02-21T10:00:00Z,0.43964927452348346,0.5731272865403685
2012-02-21T11:00:00Z,0.25209247392401574,0.6095632136915604
2012-02-21T12:00:00Z,0.06554404322024408,0.6075937041158203
2012-02-21T13:00:00Z,0.037309686140754326,0.6016851753885999
2012-02-21T14:00:00Z,0.022184137705313384,0.5711577769646283
2012-02-21T15:00:00Z,0.0030251096870881886,0.5613102290859279
2012-02-21T16:00:00Z,0.0,0.5534321907829677
2012-02-21T17:00:00Z,0.0,0.5672187578131482
2012-02-21T18:00:00Z,0.0,0.5485084168436173
2012-02-21T19:00:00Z,0.0,0.520935282783256
2012-02-21T20:00:00Z,0.0,0.4805603364805839
2012-02-21T21:00:00Z,0.0,0.4313225970870815
2012-02-21T22:00:00Z,0.0,0.3830696124814491
2012-02-21T23:00:00Z,0.0,0.35254221405747754
2012-02-22T00:00:00Z,0.0,0.38897814120866936
2012-02-22T01:00:00Z,0.0,0.42344455878412113
2012-02-22T02:00:00Z,0.0,0.43723112581430174
2012-02-22T03:00:00Z,0.0,0.45003293805661243
2012-02-22T04:00:00Z,0.0,0.4677585242382733
2012-02-22T05:00:00Z,0.0,0.43526161623856163
2012-02-22T06:00:00Z,0.07159426259442046,0.40571897260246015
2012-02-22T07:00:00Z,0.32469510641413224,0.40374946302672005
2012-02-22T08:00:00Z,0.5263690855533449,0.5101029801166854
2012-02-22T09:00:00Z,0.6614906515766172,0.482529846056324
2012-02-22T10:00:00Z,0.7320765442753416,0.42836833272347136
2012-02-22T11:00:00Z,0.7401435034409102,0.3653440262997882
2012-02-22T12:00:00Z,0.6745994602206661,0.29641119114888476
2012-02-22T13:00:00Z,0.543511373780178,0.23831065866455187
2012-02-22T14:00:00Z,0.3660382721376708,0.20384424108910015
2012-02-22T15:00:00Z,0.12503786706631181,0.21172227939206056
2012-02-22T16:00:00Z,0.0,0.26982281187639345
2012-02-22T17:00:00Z,0.0,0.30822824860332537
2012-02-22T18:00:00Z,0.0,0.3111825129669355
2012-02-22T19:00:00Z,0.0,0.32792334436072634
2012-02-22T20:00:00Z,0.0,0.3436794209666471
2012-02-22T21:00:00Z,0.0,0.32201481563350604
2012-02-22T22:00:00Z,0.0,0.29444168157314465
2012-02-22T23:00:00Z,0.0,0.2934569267852746
2012-02-23T00:00:00Z,0.0,0.2875483980580543
2012-02-23T01:00:00Z,0.0,0.2314173751494615
2012-02-23T02:00:00Z,0.0,0.19301193842252962
2012-02-23T03:00:00Z,0.0,0.2166460533314108
2012-02-23T04:00:00Z,0.0,0.19498144799826972
2012-02-23T05:00:00Z,0.0,0.1703625783015185
2012-02-23T06:00:00Z,0.07966122175998898,0.1546065016955977
2012-02-23T07:00:00Z,0.31057792787438737,0.12014008412014597
2012-02-23T08:00:00Z,0.4991430983695512,0.1546065016955977
2012-02-23T09:00:00Z,0.6140972664789023,0.15953027563494795
2012-02-23T10:00:00Z,0.6362814041842156,0.160515030422818
2012-02-23T11:00:00Z,0.5667038813811874,0.16642355915003829
2012-02-23T12:00:00Z,0.5414946339887858,0.16346929478642813
2012-02-23T13:00:00Z,0.5072100575351196,0.1447589538168972
2012-02-23T14:00:00Z,0.33881228495387716,0.12801812242310637
2012-02-23T15:00:00Z,0.1089039487351748,0.15165223733198754
2012-02-23T16:00:00Z,0.0,0.19793571236187987
2012-02-23T17:00:00Z,0.0,0.24224967781603207
2012-02-23T18:00:00Z,0.0,0.29542643636101473
2012-02-23T19:00:00Z,0.0,0.34860319490599734
2012-02-23T20:00:00Z,0.0,0.3742068193906186
2012-02-23T21:00:00Z,0.0,0.36829829066339836
2012-02-23T22:00:00Z,0.0,0.3515574592696075
2012-02-23T23:00:00Z,0.0,0.32792334436072634
2012-02-24T00:00:00Z,0.0,0.29641119114888476
2012-02-24T01:00:00Z,0.0,0.26982281187639345
2012-02-24T02:00:00Z,0.0,0.2550514900583427
2012-02-24T03:00:00Z,0.0,0.24028016824029194
2012-02-24T04:00:00Z,0.0,0.23240212993733156
2012-02-24T05:00:00Z,0.0,0.23732590387668182
2012-02-24T06:00:00Z,0.040334795827842516,0.22550884642224123
2012-02-24T07:00:00Z,0.10789557883947873,0.14968272775624744
2012-02-24T08:00:00Z,0.22990833621870232,0.09552121442339477
2012-02-24T09:00:00Z,0.42754883577513064,0.07484136387812372
2012-02-24T10:00:00Z,0.5838461696080204,0.08074989260534403
2012-02-24T11:00:00Z,0.641323253662696,0.11817057454440588
2012-02-24T12:00:00Z,0.6201474858530787,0.14377419902902716
2012-02-24T13:00:00Z,0.5112435371179039,0.15756076605920785
2012-02-24T14:00:00Z,0.335787175266789,0.17430159745299867
2012-02-24T15:00:00Z,0.11192905842226297,0.22452409163437118
2012-02-24T16:00:00Z,0.0,0.28459413369444414
2012-02-24T17:00:00Z,0.0,0.3456489305423872
2012-02-24T18:00:00Z,0.0,0.39094765078440946
2012-02-24T19:00:00Z,0.0,0.3968561795116298
2012-02-24T20:00:00Z,0.0,0.381100102905709
2012-02-24T21:00:00Z,0.0,0.3604202523604379
2012-02-24T22:00:00Z,0.0,0.340725156603037
2012-02-24T23:00:00Z,0.0,0.32201481563350604
2012-02-25T00:00:00Z,0.0,0.29444168157314465
2012-02-25T01:00:00Z,0.0,0.25603624484621273
2012-02-25T02:00:00Z,0.0,0.2146765437556707
2012-02-25T03:00:00Z,0.0,0.17331684266512862
2012-02-25T04:00:00Z,0.0,0.16149978521068806
2012-02-25T05:00:00Z,0.0,0.15559125648346775
2012-02-25T06:00:00Z,0.001008369895696063,0.13983517987754696
2012-02-25T07:00:00Z,0.03630131624505826,0.14574370860476726
2012-02-25T08:00:00Z,0.08873655082125353,0.16346929478642813
2012-02-25T09:00:00Z,0.1633559231027622,0.17134733308938851
2012-02-25T10:00:00Z,0.32166999672704405,0.17627110702873877
2012-02-25T11:00:00Z,0.49006776930828655,0.20088997672548997
2012-02-25T12:00:00Z,0.42351535619234637,0.2353563943009417
2012-02-25T13:00:00Z,0.31662814724856375,0.26194477357343304
2012-02-25T14:00:00Z,0.1986488694521244,0.2836093789065741
2012-02-25T15:00:00Z,0.07865285186429291,0.3161062869062857
2012-02-25T16:00:00Z,0.0,0.3712525550270085
2012-02-25T17:00:00Z,0.0,0.38700863163292926
2012-02-25T18:00:00Z,0.0,0.38799338642079934
2012-02-25T19:00:00Z,0.0,0.3712525550270085
2012-02-25T20:00:00Z,0.0,0.3367861374515568
2012-02-25T21:00:00Z,0.0,0.29542643636101473
2012-02-25T22:00:00Z,0.0,0.26588379272491325
2012-02-25T23:00:00Z,0.0,0.2520972256947326
2012-02-26T00:00:00Z,0.0,0.2570209996340828
2012-02-26T01:00:00Z,0.0,0.301334965088235
2012-02-26T02:00:00Z,0.0,0.3190605512698959
2012-02-26T03:00:00Z,0.0,0.30428922945184517
2012-02-26T04:00:00Z,0.0,0.28065511454296393
2012-02-26T05:00:00Z,0.0,0.24323443260390212
2012-02-26T06:00:00Z,0.004033479582784252,0.20285948630123007
2012-02-26T07:00:00Z,0.031259466766577954,0.15165223733198754
2012-02-26T08:00:00Z,0.07260263249011652,0.11718581975653584
2012-02-26T09:00:00Z,0.14419689508453698,0.08665842133256431
2012-02-26T10:00:00Z,0.20268234903490867,0.061054796847943044
2012-02-26T11:00:00Z,0.2833519406905937,0.060070042060072985
2012-02-26T12:00:00Z,0.37914708078171966,0.07878038302960393
2012-02-26T13:00:00Z,0.3892307797386803,0.1142315553929257
2012-02-26T14:00:00Z,0.21276604799186927,0.15165223733198754
2012-02-26T15:00:00Z,0.0544519743675874,0.17430159745299867
2012-02-26T16:00:00Z,0.0,0.18119488096808903
2012-02-26T17:00:00Z,0.0,0.1526369921198576
2012-02-26T18:00:00Z,0.0,0.11521631018079574
2012-02-26T19:00:00Z,0.0,0.07878038302960393
2012-02-26T20:00:00Z,0.0,0.06203955163581309
2012-02-26T21:00:00Z,0.0,0.060070042060072985
2012-02-26T22:00:00Z,0.0,0.06991758993877348
2012-02-26T23:00:00Z,0.0,0.09453645963552472
2012-02-27T00:00:00Z,0.0,0.13786567030180688
2012-02-27T01:00:00Z,0.0,0.19301193842252962
2012-02-27T02:00:00Z,0.0,0.23043262036159148
2012-02-27T03:00:00Z,0.0,0.2471734517553823
2012-02-27T04:00:00Z,0.0,0.28065511454296393
2012-02-27T05:00:00Z,0.0,0.31807579648202583
2012-02-27T06:00:00Z,0.04537664530632283,0.321030060845636
2012-02-27T07:00:00Z,0.3297369558926126,0.2530819804826026
2012-02-27T08:00:00Z,0.5354444146146095,0.20285948630123007
2012-02-27T09:00:00Z,0.6564488020981369,0.18808816448317936
2012-02-27T10:00:00Z,0.7098924065700283,0.2648990379370432
2012-02-27T11:00:00Z,0.70686729688294,0.3791305933299689
2012-02-27T12:00:00Z,0.626197705227255,0.39981044387523995
2012-02-27T13:00:00Z,0.40536469806981734,0.39291716036014956
2012-02-27T14:00:00Z,0.2934356396475543,0.3515574592696075
2012-02-27T15:00:00Z,0.1331048262318803,0.3791305933299689
2012-02-27T16:00:00Z,0.0,0.4460939189051322
2012-02-27T17:00:00Z,0.0,0.5081334705409454
2012-02-27T18:00:00Z,0.0,0.5682035126010182
2012-02-27T19:00:00Z,0.0,0.6184260067823908
2012-02-27T20:00:00Z,0.0,0.6341820833883116
2012-02-27T21:00:00Z,0.0,0.622365025933871
2012-02-27T22:00:00Z,0.0,0.6007004206007299
2012-02-27T23:00:00Z,0.0,0.581990079631199
2012-02-28T00:00:00Z,0.0,0.5642644934495381
2012-02-28T01:00:00Z,0.0,0.5554017003587076
2012-02-28T02:00:00Z,0.0,0.5435846429042671
2012-02-28T03:00:00Z,0.0,0.5297980758740864
2012-02-28T04:00:00Z,0.0,0.5091182253288153
2012-02-28T05:00:00Z,0.0,0.4588957311474429
2012-02-28T06:00:00Z,0.0050418494784803146,0.3948866699358897
2012-02-28T07:00:00Z,0.017142288226833072,0.4067037273903303
2012-02-28T08:00:00Z,0.04941012488910708,0.42344455878412113
2012-02-28T09:00:00Z,0.06957752280302835,0.39882568908736993
2012-02-28T10:00:00Z,0.10386209925669447,0.3742068193906186
2012-02-28T11:00:00Z,0.11999601758783147,0.3436794209666471
2012-02-28T12:00:00Z,0.13814667571036063,0.33974040181516685
2012-02-28T13:00:00Z,0.3499043538065338,0.31807579648202583
2012-02-28T14:00:00Z,0.28536868048198577,0.27671609539148384
2012-02-28T15:00:00Z,0.0978118798825181,0.2530819804826026
2012-02-28T16:00:00Z,0.0,0.30035021030036496
2012-02-28T17:00:00Z,0.0,0.35057270448173744
2012-02-28T18:00:00Z,0.0,0.3732220646027486
2012-02-28T19:00:00Z,0.0,0.33580138266368675
2012-02-28T20:00:00Z,0.0,0.27671609539148384
2012-02-28T21:00:00Z,0.0,0.21369178896780064
2012-02-28T22:00:00Z,0.0,0.15165223733198754
2012-02-28T23:00:00Z,0.0,0.11718581975653584
2012-02-29T00:00:00Z,0.0,0.10339925272635514
2012-02-29T01:00:00Z,0.0,0.08961268569617445
2012-02-29T02:00:00Z,0.0,0.0846889117568242
2012-02-29T03:00:00Z,0.0,0.08074989260534403
2012-02-29T04:00:00Z,0.0,0.07976513781747398
2012-02-29T05:00:00Z,0.0,0.08764317612043436
2012-02-29T06:00:00Z,0.004033479582784252,0.08862793090830441
2012-02-29T07:00:00Z,0.034284576453666143,0.07385660909025368
2012-02-29T08:00:00Z,0.10991231863087086,0.05711577769646285
2012-02-29T09:00:00Z,0.1683977725812425,0.04726822981776236
2012-02-29T10:00:00Z,0.24301714486275117,0.04923773939350245
2012-02-29T11:00:00Z,0.28940216006477004,0.0462834750298923
2012-02-29T12:00:00Z,0.35494620328501414,0.04726822981776236
2012-02-29T13:00:00Z,0.31360303756147556,0.05514626812072275
2012-02-29T14:00:00Z,0.1986488694521244,0.06203955163581309
2012-02-29T15:00:00Z,0.07260263249011652,0.06203955163581309
2012-02-29T16:00:00Z,0.0,0.06597857078729329
2012-02-29T17:00:00Z,0.0,0.060070042060072985
2012-02-29T18:00:00Z,0.0,0.0541615133328527
2012-02-29T19:00:00Z,0.0,0.05810053248433289
2012-02-29T20:00:00Z,0.0,0.07090234472664353
2012-02-29T21:00:00Z,0.0,0.08862793090830441
2012-02-29T22:00:00Z,0.0,0.11521631018079574
2012-02-29T23:00:00Z,0.0,0.13195714157458657
2012-03-01T00:00:00Z,0.0,0.13491140593819673
2012-03-01T01:00:00Z,0.0,0.13983517987754696
2012-03-01T02:00:00Z,0.0,0.1388504250896769
2012-03-01T03:00:00Z,0.0,0.1250638580594962
2012-03-01T04:00:00Z,0.0,0.11127729102931555
2012-03-01T05:00:00Z,0.0,0.10635351708996531
2012-03-01T06:00:00Z,0.034284576453666143,0.09552121442339477
2012-03-01T07:00:00Z,0.14621363487592912,0.07878038302960393
2012-03-01T08:00:00Z,0.2692347621508488,0.1024144979384851
2012-03-01T09:00:00Z,0.29444400954325034,0.13786567030180688
2012-03-01T10:00:00Z,0.3378039150581811,0.1624845399985581
2012-03-01T11:00:00Z,0.3741052313032393,0.18119488096808903
2012-03-01T12:00:00Z,0.3983061087999449,0.19498144799826972
2012-03-01T13:00:00Z,0.34183739464096535,0.19498144799826972
2012-03-01T14:00:00Z,0.12907134664909606,0.18907291927104944
2012-03-01T15:00:00Z,0.031259466766577954,0.17134733308938851
2012-03-01T16:00:00Z,0.0,0.21073752460419048
2012-03-01T17:00:00Z,0.0,0.2993654555124949
2012-03-01T18:00:00Z,0.0,0.3604202523604379
2012-03-01T19:00:00Z,0.0,0.35746598799682777
2012-03-01T20:00:00Z,0.0,0.36238976193617806
2012-03-01T21:00:00Z,0.0,0.4007951986631099
2012-03-01T22:00:00Z,0.0,0.4431396545415221
2012-03-01T23:00:00Z,0.0,0.45003293805661243
2012-03-02T00:00:00Z,0.0,0.43723112581430174
2012-03-02T01:00:00Z,0.0,0.42836833272347136
2012-03-02T02:00:00Z,0.0,0.4697280338140134
2012-03-02T03:00:00Z,0.0,0.520935282783256
2012-03-02T04:00:00Z,0.0,0.5455541524800072
2012-03-02T05:00:00Z,0.0,0.5347218498134367
2012-03-02T06:00:00Z,0.01815065812252913,0.5741120413282386
2012-03-02T07:00:00Z,0.03025109687088189,0.5918376275098994
2012-03-02T08:00:00Z,0.05041849478480315,0.6725875201152435
2012-03-02T09:00:00Z,0.07764448196859684,0.7661392249628982
2012-03-02T10:00:00Z,0.08470307123846929,0.6558466887214527
2012-03-02T11:00:00Z,0.07966122175998898,0.5938071370856396
2012-03-02T12:00:00Z,0.06957752280302835,0.5642644934495381
2012-03-02T13:00:00Z,0.04436827541062677,0.5297980758740864
2012-03-02T14:00:00Z,0.0272259871837937,0.5376761141770469
2012-03-02T15:00:00Z,0.008066959165568504,0.5189657732075159
2012-03-02T16:00:00Z,0.0,0.47662131732910373
2012-03-02T17:00:00Z,0.0,0.41261225611755054
2012-03-02T18:00:00Z,0.0,0.3742068193906186
2012-03-02T19:00:00Z,0.0,0.3594354975725679
2012-03-02T20:00:00Z,0.0,0.42639882314773125
2012-03-02T21:00:00Z,0.0,0.622365025933871
2012-03-02T22:00:00Z,0.0,0.7464441292054972
2012-03-02T23:00:00Z,0.0,0.7297032978117063
2012-03-03T00:00:00Z,0.0,0.7178862403572658
2012-03-03T01:00:00Z,0.0,0.6873588419332942
2012-03-03T02:00:00Z,0.0,0.7228100142966161
2012-03-03T03:00:00Z,0.0,0.7641697153871582
2012-03-03T04:00:00Z,0.0,0.703114918539215
2012-03-03T05:00:00Z,0.0,0.6528924243578426
2012-03-03T06:00:00Z,0.011092068852656692,0.6194107615702609
2012-03-03T07:00:00Z,0.03025109687088189,0.642060121691272
2012-03-03T08:00:00Z,0.05546034426328346,0.6430448764791421
2012-03-03T09:00:00Z,0.24805899434123146,0.7365965813267967
2012-03-03T10:00:00Z,0.24402551475844722,0.7878038302960392
2012-03-03T11:00:00Z,0.4779673305599338,0.9010506309010949
2012-03-03T12:00:00Z,0.25209247392401574,0.9355170484765466
2012-03-03T13:00:00Z,0.18049821132959526,0.9335475389008063
2012-03-03T14:00:00Z,0.12503786706631181,0.9040048952647051
2012-03-03T15:00:00Z,0.010083698956960629,0.8862793090830442
2012-03-03T16:00:00Z,0.0,0.9118829335676655
2012-03-03T17:00:00Z,0.0,0.9276390101735861
2012-03-03T18:00:00Z,0.0,0.944379841567377
2012-03-03T19:00:00Z,0.0,0.9591511633854277
2012-03-03T20:00:00Z,0.0,0.967029201688388
2012-03-03T21:00:00Z,0.0,0.9689987112641283
2012-03-03T22:00:00Z,0.0,0.9699834660519983
2012-03-03T23:00:00Z,0.0,0.9680139564762582
2012-03-04T00:00:00Z,0.0,0.9611206729611678
2012-03-04T01:00:00Z,0.0,0.9493036155067273
2012-03-04T02:00:00Z,0.0,0.9335475389008063
2012-03-04T03:00:00Z,0.0,0.9177914622948858
2012-03-04T04:00:00Z,0.0,0.9040048952647051
2012-03-04T05:00:00Z,0.0,0.9040048952647051
2012-03-04T06:00:00Z,0.017142288226833072,0.9020353856889649
2012-03-04T07:00:00Z,0.05747708405467558,0.9059744048404451
2012-03-04T08:00:00Z,0.22184137705313384,0.9079439144161852
2012-03-04T09:00:00Z,0.4335990551493071,0.9059744048404451
2012-03-04T10:00:00Z,0.5556118125285308,0.8931725925981344
2012-03-04T11:00:00Z,0.5404862640930898,0.8764317612043436
2012-03-04T12:00:00Z,0.46485852191588506,0.8537824010833325
2012-03-04T13:00:00Z,0.35897968286779836,0.823255002659361
2012-03-04T14:00:00Z,0.21276604799186927,0.7759867728415987
2012-03-04T15:00:00Z,0.07361100238581259,0.7119777116300455
2012-03-04T16:00:00Z,0.002016739791392126,0.6775112940545936
2012-03-04T17:00:00Z,0.0,0.6893283515090343
2012-03-04T18:00:00Z,0.0,0.6686485009637634
2012-03-04T19:00:00Z,0.0,0.5760815509039787
2012-03-04T20:00:00Z,0.0,0.5150267540560356
2012-03-04T21:00:00Z,0.0,0.46184999551105294
2012-03-04T22:00:00Z,0.0,0.36238976193617806
2012-03-04T23:00:00Z,0.0,0.27080756666426353
2012-03-05T00:00:00Z,0.0,0.17725586181660882
2012-03-05T01:00:00Z,0.0,0.13786567030180688
2012-03-05T02:00:00Z,0.0,0.13491140593819673
2012-03-05T03:00:00Z,0.0,0.13195714157458657
2012-03-05T04:00:00Z,0.0,0.10930778145357543
2012-03-05T05:00:00Z,0.0,0.10044498836274499
2012-03-05T06:00:00Z,0.012100438748352755,0.12900287721097642
2012-03-05T07:00:00Z,0.07159426259442046,0.17430159745299867
2012-03-05T08:00:00Z,0.20772419851338894,0.241264923028162
2012-03-05T09:00:00Z,0.25108410402831965,0.3121672677548056
2012-03-05T10:00:00Z,0.1986488694521244,0.46184999551105294
2012-03-05T11:00:00Z,0.15831407362428188,0.5485084168436173
2012-03-05T12:00:00Z,0.10184535946530236,0.582974834419069
2012-03-05T13:00:00Z,0.06251893353315591,0.6016851753885999
2012-03-05T14:00:00Z,0.040334795827842516,0.6302430642368314
2012-03-05T15:00:00Z,0.016133918331137007,0.6568314435093227
2012-03-05T16:00:00Z,0.0,0.7011454089634749
2012-03-05T17:00:00Z,0.0,0.6794808036303337
2012-03-05T18:00:00Z,0.0,0.6637247270244131
2012-03-05T19:00:00Z,0.0,0.6588009530850629
2012-03-05T20:00:00Z,0.0,0.6647094818122832
2012-03-05T21:00:00Z,0.0,0.721825259508746
2012-03-05T22:00:00Z,0.0,0.6942521254483845
2012-03-05T23:00:00Z,0.0,0.6302430642368314
2012-03-06T00:00:00Z,0.0,0.6272887998732213
2012-03-06T01:00:00Z,0.0,0.5563864551465776
2012-03-06T02:00:00Z,0.0,0.5987309110249898
2012-03-06T03:00:00Z,0.0,0.5652492482374081
2012-03-06T04:00:00Z,0.0,0.5878986083584192
2012-03-06T05:00:00Z,0.0,0.5051792061773351
2012-03-06T06:00:00Z,0.002016739791392126,0.5307828306619564
2012-03-06T07:00:00Z,0.023192507601009448,0.5396456237527869
2012-03-06T08:00:00Z,0.10285372936099842,0.6519076695699725
2012-03-06T09:00:00Z,0.15024711445871336,0.6962216350241246
2012-03-06T10:00:00Z,0.160330813415674,0.6450143860548821
2012-03-06T11:00:00Z,0.593929868564981,0.8203007382957508
2012-03-06T12:00:00Z,0.5152770167006882,0.9089286692040554
2012-03-06T13:00:00Z,0.40536469806981734,0.9365018032644166
2012-03-06T14:00:00Z,0.30654444829160316,0.9197609718706259
2012-03-06T15:00:00Z,0.11999601758783147,0.8468891175682423
2012-03-06T16:00:00Z,0.009075329061264565,0.7700782441143784
2012-03-06T17:00:00Z,0.0,0.6962216350241246
2012-03-06T18:00:00Z,0.0,0.6528924243578426
2012-03-06T19:00:00Z,0.0,0.6656942366001531
2012-03-06T20:00:00Z,0.0,0.6588009530850629
2012-03-06T21:00:00Z,0.0,0.6784960488424637
2012-03-06T22:00:00Z,0.0,0.704099673327085
2012-03-06T23:00:00Z,0.0,0.7188709951451357
2012-03-07T00:00:00Z,0.0,0.7493983935691073
2012-03-07T01:00:00Z,0.0,0.8006056425383499
2012-03-07T02:00:00Z,0.0,0.8331025505380615
2012-03-07T03:00:00Z,0.0,0.8508281367197225
2012-03-07T04:00:00Z,0.0,0.8429500984167619
2012-03-07T05:00:00Z,0.0,0.8961268569617447
2012-03-07T06:00:00Z,0.011092068852656692,0.9108981787797954
2012-03-07T07:00:00Z,0.022184137705313384,0.9148371979312756
2012-03-07T08:00:00Z,0.04537664530632283,0.9236999910221059
2012-03-07T09:00:00Z,0.11495416810935116,0.9365018032644166
2012-03-07T10:00:00Z,0.27629335142072126,0.9502883702945972
2012-03-07T11:00:00Z,0.6877082688647149,0.9601359181732978
2012-03-07T12:00:00Z,0.6877082688647149,0.9552121442339475
2012-03-07T13:00:00Z,0.5818294298166282,0.9374865580522868
2012-03-07T14:00:00Z,0.4124232873396897,0.9049896500525751
2012-03-07T15:00:00Z,0.1815065812252913,0.8665842133256432
2012-03-07T16:00:00Z,0.007058589269872441,0.7956818685989997
2012-03-07T17:00:00Z,0.0,0.7129624664179155
2012-03-07T18:00:00Z,0.0,0.5760815509039787
2012-03-07T19:00:00Z,0.0,0.4923773939350245
2012-03-07T20:00:00Z,0.0,0.4460939189051322
2012-03-07T21:00:00Z,0.0,0.38700863163292926
2012-03-07T22:00:00Z,0.0,0.38799338642079934
2012-03-07T23:00:00Z,0.0,0.42541406835986123
2012-03-08T00:00:00Z,0.0,0.4273835779356013
2012-03-08T01:00:00Z,0.0,0.4923773939350245
2012-03-08T02:00:00Z,0.0,0.5396456237527869
2012-03-08T03:00:00Z,0.0,0.540630378540657
2012-03-08T04:00:00Z,0.0,0.5435846429042671
2012-03-08T05:00:00Z,0.0,0.622365025933871
2012-03-08T06:00:00Z,0.0050418494784803146,0.7405356004782768
2012-03-08T07:00:00Z,0.017142288226833072,0.8390110792652817
2012-03-08T08:00:00Z,0.07361100238581259,0.8744622516286035
2012-03-08T09:00:00Z,0.29242726975185823,0.9345322936886765
2012-03-08T10:00:00Z,0.5152770167006882,0.9394560676280268
2012-03-08T11:00:00Z,0.5051933177437276,0.9384713128401567
2012-03-08T12:00:00Z,0.5112435371179039,0.9374865580522868
2012-03-08T13:00:00Z,0.38116382057311177,0.925669500597846
2012-03-08T14:00:00Z,0.22889996632300627,0.8882488186587842
2012-03-08T15:00:00Z,0.0978118798825181,0.823255002659361
2012-03-08T16:00:00Z,0.004033479582784252,0.7612154510235479
2012-03-08T17:00:00Z,0.0,0.7109929568421753
2012-03-08T18:00:00Z,0.0,0.6893283515090343
2012-03-08T19:00:00Z,0.0,0.6922826158726444
2012-03-08T20:00:00Z,0.0,0.7159167307815256
2012-03-08T21:00:00Z,0.0,0.7533374127205875
2012-03-08T22:00:00Z,0.0,0.7887885850839094
2012-03-08T23:00:00Z,0.0,0.8459043627803721
2012-03-09T00:00:00Z,0.0,0.8912030830223944
2012-03-09T01:00:00Z,0.0,0.9177914622948858
2012-03-09T02:00:00Z,0.0,0.9305932745371963
2012-03-09T03:00:00Z,0.0,0.9207457266584959
2012-03-09T04:00:00Z,0.0,0.9030201404768351
2012-03-09T05:00:00Z,0.0,0.8518128915075924
2012-03-09T06:00:00Z,0.04436827541062677,0.7484136387812372
2012-03-09T07:00:00Z,0.09680350998682204,0.6213802711460009
2012-03-09T08:00:00Z,0.22486648674022205,0.5672187578131482
2012-03-09T09:00:00Z,0.5525867028414425,0.4923773939350245
2012-03-09T10:00:00Z,0.2389836652799669,0.41655127526903074
2012-03-09T11:00:00Z,0.1169709079007433,0.33284711830007657
2012-03-09T12:00:00Z,0.09680350998682204,0.24323443260390212
2012-03-09T13:00:00Z,0.0816779615513811,0.16149978521068806
2012-03-09T14:00:00Z,0.04840175499341102,0.0925669500597846
2012-03-09T15:00:00Z,0.01815065812252913,0.06794808036303339
2012-03-09T16:00:00Z,0.0,0.08665842133256431
2012-03-09T17:00:00Z,0.0,0.18021012618021895
2012-03-09T18:00:00Z,0.0,0.341709911390907
2012-03-09T19:00:00Z,0.0,0.4067037273903303
2012-03-09T20:00:00Z,0.0,0.4431396545415221
2012-03-09T21:00:00Z,0.0,0.4687432790261434
2012-03-09T22:00:00Z,0.0,0.42836833272347136
2012-03-09T23:00:00Z,0.0,0.3850391220571892
2012-03-10T00:00:00Z,0.0,0.34663368533025724
2012-03-10T01:00:00Z,0.0,0.3121672677548056
2012-03-10T02:00:00Z,0.0,0.2727770762400036
2012-03-10T03:00:00Z,0.0,0.2166460533314108
2012-03-10T04:00:00Z,0.0,0.19498144799826972
2012-03-10T05:00:00Z,0.0,0.19399669321039967
2012-03-10T06:00:00Z,0.006050219374176377,0.19104242884678954
2012-03-10T07:00:00Z,0.02420087749670551,0.1969509575740098
2012-03-10T08:00:00Z,0.05142686468049921,0.22353933684650115
2012-03-10T09:00:00Z,0.07764448196859684,0.22353933684650115
2012-03-10T10:00:00Z,0.11192905842226297,0.21172227939206056
2012-03-10T11:00:00Z,0.1683977725812425,0.18217963575595908
2012-03-10T12:00:00Z,0.19965723934782045,0.1447589538168972
2012-03-10T13:00:00Z,0.17444799195541888,0.12309434848375612
2012-03-10T14:00:00Z,0.12907134664909606,0.11915532933227593
2012-03-10T15:00:00Z,0.07159426259442046,0.1083230266657054
2012-03-10T16:00:00Z,0.012100438748352755,0.13491140593819673
2012-03-10T17:00:00Z,0.0,0.17430159745299867
2012-03-10T18:00:00Z,0.0,0.23240212993733156
2012-03-10T19:00:00Z,0.0,0.3161062869062857
2012-03-10T20:00:00Z,0.0,0.3791305933299689
2012-03-10T21:00:00Z,0.0,0.3830696124814491
2012-03-10T22:00:00Z,0.0,0.33580138266368675
2012-03-10T23:00:00Z,0.0,0.3033044746639751
2012-03-11T00:00:00Z,0.0,0.3033044746639751
2012-03-11T01:00:00Z,0.0,0.301334965088235
2012-03-11T02:00:00Z,0.0,0.28459413369444414
2012-03-11T03:00:00Z,0.0,0.2520972256947326
2012-03-11T04:00:00Z,0.0,0.2284631107858514
2012-03-11T05:00:00Z,0.0,0.2166460533314108
2012-03-11T06:00:00Z,0.046385015202018896,0.2146765437556707
2012-03-11T07:00:00Z,0.14016341550175276,0.26588379272491325
2012-03-11T08:00:00Z,0.2914188998561622,0.32201481563350604
2012-03-11T09:00:00Z,0.25410921371540784,0.37716108375422874
2012-03-11T10:00:00Z,0.25007573413262363,0.41064274654181043
2012-03-11T11:00:00Z,0.401331218487033,0.4382158806021718
2012-03-11T12:00:00Z,0.3700717517204551,0.4677585242382733
2012-03-11T13:00:00Z,0.25511758361110387,0.5081334705409454
2012-03-11T14:00:00Z,0.11293742831795905,0.5435846429042671
2012-03-11T15:00:00Z,0.032267836662274015,0.5485084168436173
2012-03-11T16:00:00Z,0.001008369895696063,0.5682035126010182
2012-03-11T17:00:00Z,0.0,0.5603254742980579
2012-03-11T18:00:00Z,0.0,0.6676637461758933
2012-03-11T19:00:00Z,0.0,0.7139472212057856
2012-03-11T20:00:00Z,0.0,0.7562916770841978
2012-03-11T21:00:00Z,0.0,0.7612154510235479
2012-03-11T22:00:00Z,0.0,0.762200205811418
2012-03-11T23:00:00Z,0.0,0.7385660909025368
2012-03-12T00:00:00Z,0.0,0.7277337882359662
2012-03-12T01:00:00Z,0.0,0.7316728073874463
2012-03-12T02:00:00Z,0.0,0.7109929568421753
2012-03-12T03:00:00Z,0.0,0.7277337882359662
2012-03-12T04:00:00Z,0.0,0.7109929568421753
2012-03-12T05:00:00Z,0.0050418494784803146,0.6735722749031136
2012-03-12T06:00:00Z,0.17041451237263466,0.5997156658128598
2012-03-12T07:00:00Z,0.3499043538065338,0.7159167307815256
2012-03-12T08:00:00Z,0.40738143786120945,0.8527976462954625
2012-03-12T09:00:00Z,0.432590685253611,0.883325044719434
2012-03-12T10:00:00Z,0.5888880190865007,0.8912030830223944
2012-03-12T11:00:00Z,0.528385825344737,0.8902183282345244
2012-03-12T12:00:00Z,0.336795545162485,0.882340289931564
2012-03-12T13:00:00Z,0.22990833621870232,0.8695384776892533
2012-03-12T14:00:00Z,0.15629733383288977,0.8498433819318523
2012-03-12T15:00:00Z,0.07966122175998898,0.8508281367197225
2012-03-12T16:00:00Z,0.009075329061264565,0.8606756845984229
2012-03-12T17:00:00Z,0.0,0.8537824010833325
2012-03-12T18:00:00Z,0.0,0.8271940218108411
2012-03-12T19:00:00Z,0.0,0.8025751521140899
2012-03-12T20:00:00Z,0.0,0.7710629989022484
2012-03-12T21:00:00Z,0.0,0.741520355266147
2012-03-12T22:00:00Z,0.0,0.7346270717510566
2012-03-12T23:00:00Z,0.0,0.741520355266147
2012-03-13T00:00:00Z,0.0,0.7582611866599378
2012-03-13T01:00:00Z,0.0,0.7937123590232597
2012-03-13T02:00:00Z,0.0,0.7907580946596494
2012-03-13T03:00:00Z,0.0,0.7996208877504799
2012-03-13T04:00:00Z,0.0,0.7710629989022484
2012-03-13T05:00:00Z,0.001008369895696063,0.683419822781814
2012-03-13T06:00:00Z,0.05747708405467558,0.6135022328430405
2012-03-13T07:00:00Z,0.11495416810935116,0.581990079631199
2012-03-13T08:00:00Z,0.12705460685770392,0.5908528727220295
2012-03-13T09:00:00Z,0.13411319612757636,0.6331973286004415
2012-03-13T10:00:00Z,0.15327222414580158,0.6794808036303337
2012-03-13T11:00:00Z,0.1633559231027622,0.6981911445998646
2012-03-13T12:00:00Z,0.14722200477162517,0.6903131062969043
2012-03-13T13:00:00Z,0.10991231863087086,0.6784960488424637
2012-03-13T14:00:00Z,0.04941012488910708,0.6194107615702609
2012-03-13T15:00:00Z,0.017142288226833072,0.5938071370856396
2012-03-13T16:00:00Z,0.001008369895696063,0.5810053248433289
2012-03-13T17:00:00Z,0.0,0.4943469035107646
2012-03-13T18:00:00Z,0.0,0.3712525550270085
2012-03-13T19:00:00Z,0.0,0.22353933684650115
2012-03-13T20:00:00Z,0.0,0.15165223733198754
2012-03-13T21:00:00Z,0.0,0.16346929478642813
2012-03-13T22:00:00Z,0.0,0.2796703597550939
2012-03-13T23:00:00Z,0.0,0.4648042598746631
2012-03-14T00:00:00Z,0.0,0.6164564972066507
2012-03-14T01:00:00Z,0.0,0.6755417844788537
2012-03-14T02:00:00Z,0.0,0.7011454089634749
2012-03-14T03:00:00Z,0.0,0.6962216350241246
2012-03-14T04:00:00Z,0.0,0.6981911445998646
2012-03-14T05:00:00Z,0.001008369895696063,0.7001606541756048
2012-03-14T06:00:00Z,0.05142686468049921,0.6656942366001531
2012-03-14T07:00:00Z,0.15831407362428188,0.6548619339335826
2012-03-14T08:00:00Z,0.37914708078171966,0.6410753669034019
2012-03-14T09:00:00Z,0.5667038813811874,0.5750967961161086
2012-03-14T10:00:00Z,0.44166601431487557,0.5347218498134367
2012-03-14T11:00:00Z,0.21579115767895746,0.540630378540657
2012-03-14T12:00:00Z,0.176464731746811,0.5760815509039787
2012-03-14T13:00:00Z,0.1300797165447921,0.6647094818122832
2012-03-14T14:00:00Z,0.06151056363745983,0.7582611866599378
2012-03-14T15:00:00Z,0.014117178539744882,0.8222702478714908
2012-03-14T16:00:00Z,0.0050418494784803146,0.9365018032644166
2012-03-14T17:00:00Z,0.0,0.9601359181732978
2012-03-14T18:00:00Z,0.0,0.9571816538096876
2012-03-14T19:00:00Z,0.0,0.9561968990218176
2012-03-14T20:00:00Z,0.0,0.9542273894460775
2012-03-14T21:00:00Z,0.0,0.9552121442339475
2012-03-14T22:00:00Z,0.0,0.9512731250824673
2012-03-14T23:00:00Z,0.0,0.945364596355247
2012-03-15T00:00:00Z,0.0,0.9374865580522868
2012-03-15T01:00:00Z,0.0,0.9236999910221059
2012-03-15T02:00:00Z,0.0,0.8961268569617447
2012-03-15T03:00:00Z,0.0,0.8498433819318523
2012-03-15T04:00:00Z,0.0,0.7976513781747399
2012-03-15T05:00:00Z,0.002016739791392126,0.7277337882359662
2012-03-15T06:00:00Z,0.06856915290733229,0.6568314435093227
2012-03-15T07:00:00Z,0.17243125216402677,0.6519076695699725
2012-03-15T08:00:00Z,0.28536868048198577,0.7336423169631865
2012-03-15T09:00:00Z,0.22486648674022205,0.6794808036303337
2012-03-15T10:00:00Z,0.2178078974703496,0.6263040450853512
2012-03-15T11:00:00Z,0.19259865007794802,0.563279738661668
2012-03-15T12:00:00Z,0.16940614247693858,0.4923773939350245
2012-03-15T13:00:00Z,0.1331048262318803,0.4076884821782003
2012-03-15T14:00:00Z,0.07562774217720471,0.3161062869062857
2012-03-15T15:00:00Z,0.020167397913921258,0.241264923028162
2012-03-15T16:00:00Z,0.0,0.28459413369444414
2012-03-15T17:00:00Z,0.0,0.3850391220571892
2012-03-15T18:00:00Z,0.0,0.4293530875113414
2012-03-15T19:00:00Z,0.0,0.422459803996251
2012-03-15T20:00:00Z,0.0,0.4805603364805839
2012-03-15T21:00:00Z,0.0,0.5435846429042671
2012-03-15T22:00:00Z,0.0,0.5967614014492497
2012-03-15T23:00:00Z,0.0,0.6272887998732213
2012-03-16T00:00:00Z,0.0,0.7129624664179155
2012-03-16T01:00:00Z,0.0,0.7365965813267967
2012-03-16T02:00:00Z,0.0,0.7188709951451357
2012-03-16T03:00:00Z,0.0,0.681450313206074
2012-03-16T04:00:00Z,0.0,0.6942521254483845
2012-03-16T05:00:00Z,0.004033479582784252,0.7050844281149551
2012-03-16T06:00:00Z,0.07461937228150865,0.7090234472664353
2012-03-16T07:00:00Z,0.18957354039085983,0.7001606541756048
2012-03-16T08:00:00Z,0.25310084381971176,0.7671239797507682
2012-03-16T09:00:00Z,0.1734396220597228,0.8153769643564006
2012-03-16T10:00:00Z,0.2067158286176929,0.8055294164777
2012-03-16T11:00:00Z,0.20369071893060473,0.7641697153871582
2012-03-16T12:00:00Z,0.23495018569718268,0.7011454089634749
2012-03-16T13:00:00Z,0.2389836652799669,0.6853893323575541
2012-03-16T14:00:00Z,0.2016739791392126,0.683419822781814
2012-03-16T15:00:00Z,0.08873655082125353,0.6410753669034019
2012-03-16T16:00:00Z,0.020167397913921258,0.5662340030252782
2012-03-16T17:00:00Z,0.0,0.542599888116397
2012-03-16T18:00:00Z,0.0,0.5701730221767584
2012-03-16T19:00:00Z,0.0,0.5957766466613796
2012-03-16T20:00:00Z,0.0,0.6135022328430405
2012-03-16T21:00:00Z,0.0,0.6588009530850629
2012-03-16T22:00:00Z,0.0,0.6981911445998646
2012-03-16T23:00:00Z,0.0,0.7188709951451357
2012-03-17T00:00:00Z,0.0,0.7306880525995764
2012-03-17T01:00:00Z,0.0,0.7395508456904069
2012-03-17T02:00:00Z,0.0,0.7405356004782768
2012-03-17T03:00:00Z,0.0,0.7484136387812372
2012-03-17T04:00:00Z,0.0,0.7513679031448475
2012-03-17T05:00:00Z,0.001008369895696063,0.7592459414478078
2012-03-17T06:00:00Z,0.03630131624505826,0.8006056425383499
2012-03-17T07:00:00Z,0.0816779615513811,0.8429500984167619
2012-03-17T08:00:00Z,0.15831407362428188,0.8655994585377732
2012-03-17T09:00:00Z,0.31461140745717164,0.8813555351436939
2012-03-17T10:00:00Z,0.2692347621508488,0.883325044719434
2012-03-17T11:00:00Z,0.2652012825680646,0.883325044719434
2012-03-17T12:00:00Z,0.23293344590579054,0.8813555351436939
2012-03-17T13:00:00Z,0.23999203517566295,0.8754470064164737
2012-03-17T14:00:00Z,0.20772419851338894,0.8567366654469427
2012-03-17T15:00:00Z,0.08974492071694959,0.7799257919930789
2012-03-17T16:00:00Z,0.019159028018225197,0.7306880525995764
2012-03-17T17:00:00Z,0.0,0.7070539376906951
2012-03-17T18:00:00Z,0.0,0.6588009530850629
2012-03-17T19:00:00Z,0.0,0.6302430642368314
2012-03-17T20:00:00Z,0.0,0.5672187578131482
2012-03-17T21:00:00Z,0.0,0.521920037571126
2012-03-17T22:00:00Z,0.0,0.4805603364805839
2012-03-17T23:00:00Z,0.0,0.4421548997536521
2012-03-18T00:00:00Z,0.0,0.41458176569329064
2012-03-18T01:00:00Z,0.0,0.38799338642079934
2012-03-18T02:00:00Z,0.0,0.32595383478498624
2012-03-18T03:00:00Z,0.0,0.28459413369444414
2012-03-18T04:00:00Z,0.0,0.2895179076337944
2012-03-18T05:00:00Z,0.002016739791392126,0.28656364327018424
2012-03-18T06:00:00Z,0.06756078301163622,0.2520972256947326
2012-03-18T07:00:00Z,0.2016739791392126,0.2570209996340828
2012-03-18T08:00:00Z,0.5425030038844819,0.22649360121011128
2012-03-18T09:00:00Z,0.6544320623067449,0.17528635224086872
2012-03-18T10:00:00Z,0.5747708405467559,0.14574370860476726
2012-03-18T11:00:00Z,0.49510961878676685,0.13097238678671652
2012-03-18T12:00:00Z,0.4406576444191795,0.1250638580594962
2012-03-18T13:00:00Z,0.38418893026019996,0.13097238678671652
2012-03-18T14:00:00Z,0.3267118462055244,0.140819934665417
2012-03-18T15:00:00Z,0.19461538986934016,0.14377419902902716
2012-03-18T16:00:00Z,0.04436827541062677,0.13688091551393683
2012-03-18T17:00:00Z,0.0,0.12703336763523634
2012-03-18T18:00:00Z,0.0,0.11226204581718559
2012-03-18T19:00:00Z,0.0,0.10142974315061504
2012-03-18T20:00:00Z,0.0,0.10536876230209524
2012-03-18T21:00:00Z,0.0,0.13786567030180688
2012-03-18T22:00:00Z,0.0,0.18611865490743926
2012-03-18T23:00:00Z,0.0,0.2314173751494615
2012-03-19T00:00:00Z,0.0,0.28459413369444414
2012-03-19T01:00:00Z,0.0,0.3308776087243365
2012-03-19T02:00:00Z,0.0,0.34663368533025724
2012-03-19T03:00:00Z,0.0,0.32595383478498624
2012-03-19T04:00:00Z,0.0,0.2589905092098229
2012-03-19T05:00:00Z,0.0050418494784803146,0.2314173751494615
2012-03-19T06:00:00Z,0.11192905842226297,0.22353933684650115
2012-03-19T07:00:00Z,0.2319250760100945,0.22649360121011128
2012-03-19T08:00:00Z,0.19965723934782045,0.32792334436072634
2012-03-19T09:00:00Z,0.21478278778326138,0.3850391220571892
2012-03-19T10:00:00Z,0.21679952757465354,0.45791097635957284
2012-03-19T11:00:00Z,0.18554006080807559,0.5297980758740864
2012-03-19T12:00:00Z,0.22083300715743778,0.5790358152675888
2012-03-19T13:00:00Z,0.15125548435440941,0.5642644934495381
2012-03-19T14:00:00Z,0.07058589269872441,0.5297980758740864
2012-03-19T15:00:00Z,0.009075329061264565,0.5101029801166854
2012-03-19T16:00:00Z,0.0,0.5150267540560356
2012-03-19T17:00:00Z,0.0,0.49040788435928445
2012-03-19T18:00:00Z,0.0,0.4421548997536521
2012-03-19T19:00:00Z,0.0,0.3968561795116298
2012-03-19T20:00:00Z,0.0,0.35746598799682777
2012-03-19T21:00:00Z,0.0,0.2993654555124949
2012-03-19T22:00:00Z,0.0,0.2727770762400036
2012-03-19T23:00:00Z,0.0,0.26686854751278327
2012-03-20T00:00:00Z,0.0,0.29542643636101473
2012-03-20T01:00:00Z,0.0,0.28459413369444414
2012-03-20T02:00:00Z,0.0,0.27573134060361376
2012-03-20T03:00:00Z,0.0,0.27671609539148384
2012-03-20T04:00:00Z,0.0,0.30822824860332537
2012-03-20T05:00:00Z,0.0030251096870881886,0.3653440262997882
2012-03-20T06:00:00Z,0.037309686140754326,0.3673135358755283
2012-03-20T07:00:00Z,0.10688720894378266,0.3850391220571892
2012-03-20T08:00:00Z,0.2581426932981921,0.501240187025855
2012-03-20T09:00:00Z,0.42754883577513064,0.5435846429042671
2012-03-20T10:00:00Z,0.4890593994125905,0.5445693976921372
2012-03-20T11:00:00Z,0.4709087412900614,0.5416151333285271
2012-03-20T12:00:00Z,0.3297369558926126,0.5347218498134367
2012-03-20T13:00:00Z,0.3075528181872992,0.520935282783256
2012-03-20T14:00:00Z,0.2258748566359181,0.502224941813725
2012-03-20T15:00:00Z,0.1300797165447921,0.462834750298923
2012-03-20T16:00:00Z,0.035292946349362204,0.4342768614506916
2012-03-20T17:00:00Z,0.0,0.42836833272347136
2012-03-20T18:00:00Z,0.0,0.3850391220571892
2012-03-20T19:00:00Z,0.0,0.35746598799682777
2012-03-20T20:00:00Z,0.0,0.3456489305423872
2012-03-20T21:00:00Z,0.0,0.33777089223942686
2012-03-20T22:00:00Z,0.0,0.35451172363321765
2012-03-20T23:00:00Z,0.0,0.29444168157314465
2012-03-21T00:00:00Z,0.0,0.241264923028162
2012-03-21T01:00:00Z,0.0,0.17824061660447887
2012-03-21T02:00:00Z,0.0,0.160515030422818
2012-03-21T03:00:00Z,0.0,0.1851339001195692
2012-03-21T04:00:00Z,0.0,0.1693778235136484
2012-03-21T05:00:00Z,0.002016739791392126,0.0541615133328527
2012-03-21T06:00:00Z,0.035292946349362204,0.00984754787870049
2012-03-21T07:00:00Z,0.0978118798825181,0.017725586181660882
2012-03-21T08:00:00Z,0.17243125216402677,0.043329210666282154
2012-03-21T09:00:00Z,0.25007573413262363,0.04726822981776236
2012-03-21T10:00:00Z,0.2692347621508488,0.040374946302672014
2012-03-21T11:00:00Z,0.24503388465414327,0.036435927151191816
2012-03-21T12:00:00Z,0.31561977735286767,0.030527398423971522
2012-03-21T13:00:00Z,0.38418893026019996,0.02954264363610147
2012-03-21T14:00:00Z,0.3317536956840047,0.0423444558784121
2012-03-21T15:00:00Z,0.18654843070377164,0.07287185430238363
2012-03-21T16:00:00Z,0.03630131624505826,0.13195714157458657
2012-03-21T17:00:00Z,0.0,0.21172227939206056
2012-03-21T18:00:00Z,0.0,0.24323443260390212
2012-03-21T19:00:00Z,0.0,0.260960018785563
2012-03-21T20:00:00Z,0.0,0.27080756666426353
2012-03-21T21:00:00Z,0.0,0.260960018785563
2012-03-21T22:00:00Z,0.0,0.24323443260390212
2012-03-21T23:00:00Z,0.0,0.2471734517553823
2012-03-22T00:00:00Z,0.0,0.24618869696751225
2012-03-22T01:00:00Z,0.0,0.21861556290715087
2012-03-22T02:00:00Z,0.0,0.2048289958769702
2012-03-22T03:00:00Z,0.0,0.18021012618021895
2012-03-22T04:00:00Z,0.0,0.14771321818050737
2012-03-22T05:00:00Z,0.0030251096870881886,0.1250638580594962
2012-03-22T06:00:00Z,0.026217617288097635,0.11817057454440588
2012-03-22T07:00:00Z,0.06554404322024408,0.1388504250896769
2012-03-22T08:00:00Z,0.11596253800504724,0.1703625783015185
2012-03-22T09:00:00Z,0.42149861640095426,0.20088997672548997
2012-03-22T10:00:00Z,0.5233439758662566,0.2353563943009417
2012-03-22T11:00:00Z,0.4799840703513259,0.3249690799971162
2012-03-22T12:00:00Z,0.35091272370222987,0.4116275013296805
2012-03-22T13:00:00Z,0.16133918331137007,0.45101769284448245
2012-03-22T14:00:00Z,0.14621363487592912,0.48154509126845396
2012-03-22T15:00:00Z,0.176464731746811,0.4539719572080926
2012-03-22T16:00:00Z,0.05142686468049921,0.3692830454512684
2012-03-22T17:00:00Z,0.0,0.3712525550270085
2012-03-22T18:00:00Z,0.0,0.4047342178145901
2012-03-22T19:00:00Z,0.0,0.41655127526903074
2012-03-22T20:00:00Z,0.0,0.39981044387523995
2012-03-22T21:00:00Z,0.0,0.3367861374515568
2012-03-22T22:00:00Z,0.0,0.2934569267852746
2012-03-22T23:00:00Z,0.0,0.2914874172095345
2012-03-23T00:00:00Z,0.0,0.27671609539148384
2012-03-23T01:00:00Z,0.0,0.24421918739177217
2012-03-23T02:00:00Z,0.0,0.22452409163437118
2012-03-23T03:00:00Z,0.0,0.20975276981632043
2012-03-23T04:00:00Z,0.0,0.18907291927104944
2012-03-23T05:00:00Z,0.007058589269872441,0.1624845399985581
2012-03-23T06:00:00Z,0.05243523457619527,0.1083230266657054
2012-03-23T07:00:00Z,0.11898764769213542,0.08074989260534403
2012-03-23T08:00:00Z,0.18654843070377164,0.07188709951451358
2012-03-23T09:00:00Z,0.2339418158014866,0.07878038302960393
2012-03-23T10:00:00Z,0.23293344590579054,0.09552121442339477
2012-03-23T11:00:00Z,0.20772419851338894,0.1083230266657054
2012-03-23T12:00:00Z,0.3015025988131228,0.13097238678671652
2012-03-23T13:00:00Z,0.5223356059705606,0.16346929478642813
2012-03-23T14:00:00Z,0.4678836316029732,0.18021012618021895
2012-03-23T15:00:00Z,0.2752849815250252,0.18611865490743926
2012-03-23T16:00:00Z,0.06756078301163622,0.18021012618021895
2012-03-23T17:00:00Z,0.0,0.1703625783015185
2012-03-23T18:00:00Z,0.0,0.19892046714974992
2012-03-23T19:00:00Z,0.0,0.25800575442195284
2012-03-23T20:00:00Z,0.0,0.32989285393646645
2012-03-23T21:00:00Z,0.0,0.3830696124814491
2012-03-23T22:00:00Z,0.0,0.3948866699358897
2012-03-23T23:00:00Z,0.0,0.3830696124814491
2012-03-24T00:00:00Z,0.0,0.3584507427846978
2012-03-24T01:00:00Z,0.0,0.36337451672404814
2012-03-24T02:00:00Z,0.0,0.3594354975725679
2012-03-24T03:00:00Z,0.0,0.3594354975725679
2012-03-24T04:00:00Z,0.0,0.38405436726931913
2012-03-24T05:00:00Z,0.001008369895696063,0.440185390177912
2012-03-24T06:00:00Z,0.035292946349362204,0.42541406835986123
2012-03-24T07:00:00Z,0.13411319612757636,0.41458176569329064
2012-03-24T08:00:00Z,0.335787175266789,0.502224941813725
2012-03-24T09:00:00Z,0.37108012161615117,0.501240187025855
2012-03-24T10:00:00Z,0.41141491744399367,0.462834750298923
2012-03-24T11:00:00Z,0.4265404658794346,0.42541406835986123
2012-03-24T12:00:00Z,0.41746513681817005,0.4116275013296805
2012-03-24T13:00:00Z,0.42956557556652275,0.4096579917539404
2012-03-24T14:00:00Z,0.3640215323462787,0.41655127526903074
2012-03-24T15:00:00Z,0.2178078974703496,0.4096579917539404
2012-03-24T16:00:00Z,0.038318056036450394,0.3348166278758167
2012-03-24T17:00:00Z,0.0,0.3249690799971162
2012-03-24T18:00:00Z,0.0,0.31807579648202583
2012-03-24T19:00:00Z,0.0,0.32989285393646645
2012-03-24T20:00:00Z,0.0,0.36337451672404814
2012-03-24T21:00:00Z,0.0,0.37519157417848864
2012-03-24T22:00:00Z,0.0,0.38799338642079934
2012-03-24T23:00:00Z,0.0,0.39882568908736993
2012-03-25T00:00:00Z,0.0,0.3702678002391384
2012-03-25T01:00:00Z,0.0,0.3830696124814491
2012-03-25T02:00:00Z,0.0,0.4047342178145901
2012-03-25T03:00:00Z,0.0,0.4697280338140134
2012-03-25T04:00:00Z,0.0,0.5366913593891768
2012-03-25T05:00:00Z,0.0030251096870881886,0.6538771791457125
2012-03-25T06:00:00Z,0.05142686468049921,0.7109929568421753
2012-03-25T07:00:00Z,0.20570745872199683,0.7858343207202991
2012-03-25T08:00:00Z,0.5213272360748645,0.8084836808413103
2012-03-25T09:00:00Z,0.6393065138713039,0.7927276042353895
2012-03-25T10:00:00Z,0.6332562944971275,0.7562916770841978
2012-03-25T11:00:00Z,0.5425030038844819,0.7001606541756048
2012-03-25T12:00:00Z,0.4315823153579149,0.6499381599942324
2012-03-25T13:00:00Z,0.30856118808299526,0.6203955163581308
2012-03-25T14:00:00Z,0.23293344590579054,0.6016851753885999
2012-03-25T15:00:00Z,0.11192905842226297,0.540630378540657
2012-03-25T16:00:00Z,0.023192507601009448,0.4067037273903303
2012-03-25T17:00:00Z,0.0,0.3161062869062857
2012-03-25T18:00:00Z,0.0,0.2914874172095345
2012-03-25T19:00:00Z,0.0,0.26883805708852343
2012-03-25T20:00:00Z,0.0,0.26391428314917315
2012-03-25T21:00:00Z,0.0,0.2648990379370432
2012-03-25T22:00:00Z,0.0,0.29247217199740455
2012-03-25T23:00:00Z,0.0,0.3131520225426756
2012-03-26T00:00:00Z,0.0,0.30231971987610506
2012-03-26T01:00:00Z,0.0,0.2875483980580543
2012-03-26T02:00:00Z,0.0,0.26883805708852343
2012-03-26T03:00:00Z,0.0,0.2648990379370432
2012-03-26T04:00:00Z,0.0,0.30231971987610506
2012-03-26T05:00:00Z,0.0030251096870881886,0.3141367773305457
2012-03-26T06:00:00Z,0.025209247392401574,0.3101977581790654
2012-03-26T07:00:00Z,0.046385015202018896,0.34761844011812726
2012-03-26T08:00:00Z,0.06151056363745983,0.40276470823885
2012-03-26T09:00:00Z,0.0544519743675874,0.4342768614506916
2012-03-26T10:00:00Z,0.05949382384606771,0.4362463710264317
2012-03-26T11:00:00Z,0.04537664530632283,0.42836833272347136
2012-03-26T12:00:00Z,0.0433599055149307,0.4313225970870815
2012-03-26T13:00:00Z,0.034284576453666143,0.441170144965782
2012-03-26T14:00:00Z,0.026217617288097635,0.45101769284448245
2012-03-26T15:00:00Z,0.017142288226833072,0.45101769284448245
2012-03-26T16:00:00Z,0.0030251096870881886,0.47760607211697376
2012-03-26T17:00:00Z,0.0,0.482529846056324
2012-03-26T18:00:00Z,0.0,0.4697280338140134
2012-03-26T19:00:00Z,0.0,0.43033784229921146
2012-03-26T20:00:00Z,0.0,0.4007951986631099
2012-03-26T21:00:00Z,0.0,0.380115348117839
2012-03-26T22:00:00Z,0.0,0.3939019151480196
2012-03-26T23:00:00Z,0.0,0.36632878108765826
2012-03-27T00:00:00Z,0.0,0.35648123320895775
2012-03-27T01:00:00Z,0.0,0.3456489305423872
2012-03-27T02:00:00Z,0.0,0.3052739842397152
2012-03-27T03:00:00Z,0.0,0.2629295283613031
2012-03-27T04:00:00Z,0.0,0.2471734517553823
2012-03-27T05:00:00Z,0.001008369895696063,0.23831065866455187
2012-03-27T06:00:00Z,0.017142288226833072,0.24815820654325235
2012-03-27T07:00:00Z,0.031259466766577954,0.23240212993733156
2012-03-27T08:00:00Z,0.0544519743675874,0.19498144799826972
2012-03-27T09:00:00Z,0.07966122175998898,0.18119488096808903
2012-03-27T10:00:00Z,0.09680350998682204,0.17331684266512862
2012-03-27T11:00:00Z,0.09277003040403779,0.17528635224086872
2012-03-27T12:00:00Z,0.08772818092555747,0.18808816448317936
2012-03-27T13:00:00Z,0.07159426259442046,0.20088997672548997
2012-03-27T14:00:00Z,0.04941012488910708,0.17331684266512862
2012-03-27T15:00:00Z,0.026217617288097635,0.1250638580594962
2012-03-27T16:00:00Z,0.006050219374176377,0.1260486128473663
2012-03-27T17:00:00Z,0.0,0.15756076605920785
2012-03-27T18:00:00Z,0.0,0.18119488096808903
2012-03-27T19:00:00Z,0.0,0.20187473151336002
2012-03-27T20:00:00Z,0.0,0.22353933684650115
2012-03-27T21:00:00Z,0.0,0.23831065866455187
2012-03-27T22:00:00Z,0.0,0.2540667352704727
2012-03-27T23:00:00Z,0.0,0.2589905092098229
2012-03-28T00:00:00Z,0.0,0.2471734517553823
2012-03-28T01:00:00Z,0.0,0.23043262036159148
2012-03-28T02:00:00Z,0.0,0.21861556290715087
2012-03-28T03:00:00Z,0.0,0.2048289958769702
2012-03-28T04:00:00Z,0.0,0.18808816448317936
2012-03-28T05:00:00Z,0.004033479582784252,0.1644540495742982
2012-03-28T06:00:00Z,0.031259466766577954,0.14574370860476726
2012-03-28T07:00:00Z,0.09075329061264566,0.14574370860476726
2012-03-28T08:00:00Z,0.19663212966073226,0.26982281187639345
2012-03-28T09:00:00Z,0.23495018569718268,0.36632878108765826
2012-03-28T10:00:00Z,0.2662096524637606,0.3742068193906186
2012-03-28T11:00:00Z,0.4124232873396897,0.3653440262997882
2012-03-28T12:00:00Z,0.528385825344737,0.36337451672404814
2012-03-28T13:00:00Z,0.5223356059705606,0.36337451672404814
2012-03-28T14:00:00Z,0.3972977389042488,0.3495879496938674
2012-03-28T15:00:00Z,0.21982463726174173,0.29050266242166445
2012-03-28T16:00:00Z,0.07159426259442046,0.20088997672548997
2012-03-28T17:00:00Z,0.0,0.19990522193761998
2012-03-28T18:00:00Z,0.0,0.2501277161189924
2012-03-28T19:00:00Z,0.0,0.3161062869062857
2012-03-28T20:00:00Z,0.0,0.34466417575451713
2012-03-28T21:00:00Z,0.0,0.32989285393646645
2012-03-28T22:00:00Z,0.0,0.30035021030036496
2012-03-28T23:00:00Z,0.0,0.26686854751278327
2012-03-29T00:00:00Z,0.0,0.23634114908881176
2012-03-29T01:00:00Z,0.0,0.19498144799826972
2012-03-29T02:00:00Z,0.0,0.1388504250896769
2012-03-29T03:00:00Z,0.0,0.09946023357487496
2012-03-29T04:00:00Z,0.0,0.07681087345386382
2012-03-29T05:00:00Z,0.010083698956960629,0.07385660909025368
2012-03-29T06:00:00Z,0.05646871415897953,0.08567366654469426
2012-03-29T07:00:00Z,0.1815065812252913,0.11521631018079574
2012-03-29T08:00:00Z,0.5041849478480315,0.14278944424115708
2012-03-29T09:00:00Z,0.6302311848100394,0.21073752460419048
2012-03-29T10:00:00Z,0.7119091463614204,0.2501277161189924
2012-03-29T11:00:00Z,0.7260263249011653,0.27179232145213356
2012-03-29T12:00:00Z,0.6624990214723133,0.29641119114888476
2012-03-29T13:00:00Z,0.5727541007553637,0.32693858957285626
2012-03-29T14:00:00Z,0.3720884915118472,0.34860319490599734
2012-03-29T15:00:00Z,0.16436429299845826,0.3249690799971162
2012-03-29T16:00:00Z,0.0544519743675874,0.32792334436072634
2012-03-29T17:00:00Z,0.0,0.3692830454512684
2012-03-29T18:00:00Z,0.0,0.38799338642079934
2012-03-29T19:00:00Z,0.0,0.3939019151480196
2012-03-29T20:00:00Z,0.0,0.41458176569329064
2012-03-29T21:00:00Z,0.0,0.4293530875113414
2012-03-29T22:00:00Z,0.0,0.40571897260246015
2012-03-29T23:00:00Z,0.0,0.39587142472375975
2012-03-30T00:00:00Z,0.0,0.38897814120866936
2012-03-30T01:00:00Z,0.0,0.38799338642079934
2012-03-30T02:00:00Z,0.0,0.3732220646027486
2012-03-30T03:00:00Z,0.0,0.36337451672404814
2012-03-30T04:00:00Z,0.0,0.35451172363321765
2012-03-30T05:00:00Z,0.025209247392401574,0.3348166278758167
2012-03-30T06:00:00Z,0.20974093830478108,0.3850391220571892
2012-03-30T07:00:00Z,0.3720884915118472,0.5091182253288153
2012-03-30T08:00:00Z,0.4799840703513259,0.5248743019347362
2012-03-30T09:00:00Z,0.6655241311594016,0.5061639609652052
2012-03-30T10:00:00Z,0.7875368885386251,0.4913926391471545
2012-03-30T11:00:00Z,0.8248465746793794,0.4726822981776235
2012-03-30T12:00:00Z,0.7875368885386251,0.4460939189051322
2012-03-30T13:00:00Z,0.6917417484474991,0.4076884821782003
2012-03-30T14:00:00Z,0.5384695243016976,0.36829829066339836
2012-03-30T15:00:00Z,0.33377043547539686,0.32398432520924614
2012-03-30T16:00:00Z,0.11293742831795905,0.26588379272491325
2012-03-30T17:00:00Z,0.001008369895696063,0.23240212993733156
2012-03-30T18:00:00Z,0.0,0.19301193842252962
2012-03-30T19:00:00Z,0.0,0.1546065016955977
2012-03-30T20:00:00Z,0.0,0.12407910327162618
2012-03-30T21:00:00Z,0.0,0.09946023357487496
2012-03-30T22:00:00Z,0.0,0.07976513781747398
2012-03-30T23:00:00Z,0.0,0.06597857078729329
2012-03-31T00:00:00Z,0.0,0.061054796847943044
2012-03-31T01:00:00Z,0.0,0.053176758544982654
2012-03-31T02:00:00Z,0.0,0.043329210666282154
2012-03-31T03:00:00Z,0.0,0.036435927151191816
2012-03-31T04:00:00Z,0.0,0.030527398423971522
2012-03-31T05:00:00Z,0.06554404322024408,0.025603624484621276
2012-03-31T06:00:00Z,0.2833519406905937,0.021664605333141077
2012-03-31T07:00:00Z,0.5001514682652473,0.026588379272491327
2012-03-31T08:00:00Z,0.6695576107421858,0.03151215321184157
2012-03-31T09:00:00Z,0.7835034089558409,0.040374946302672014
2012-03-31T10:00:00Z,0.8379553833234282,0.0541615133328527
2012-03-31T11:00:00Z,0.8399721231148204,0.07484136387812372
2012-03-31T12:00:00Z,0.7915703681214095,0.10142974315061504
2012-03-31T13:00:00Z,0.6897250086561071,0.13097238678671652
2012-03-31T14:00:00Z,0.5344360447189134,0.16740831393790834
2012-03-31T15:00:00Z,0.3327620655797008,0.21073752460419048
2012-03-31T16:00:00Z,0.11495416810935116,0.2589905092098229
2012-03-31T17:00:00Z,0.001008369895696063,0.380115348117839
2012-03-31T18:00:00Z,0.0,0.462834750298923
2012-03-31T19:00:00Z,0.0,0.5032096966015951
2012-03-31T20:00:00Z,0.0,0.5445693976921372
2012-03-31T21:00:00Z,0.0,0.562294983873798
2012-03-31T22:00:00Z,0.0,0.5455541524800072
2012-03-31T23:00:00Z,0.0,0.5248743019347362
2012-04-01T00:00:00Z,0.0,0.5317675854498265
2012-04-01T01:00:00Z,0.0,0.5347218498134367
2012-04-01T02:00:00Z,0.0,0.540630378540657
2012-04-01T03:00:00Z,0.0,0.540630378540657
2012-04-01T04:00:00Z,0.0,0.540630378540657
2012-04-01T05:00:00Z,0.06856915290733229,0.4943469035107646
2012-04-01T06:00:00Z,0.28536868048198577,0.45200244763235253
2012-04-01T07:00:00Z,0.4991430983695512,0.6302430642368314
2012-04-01T08:00:00Z,0.6624990214723133,0.6548619339335826
2012-04-01T09:00:00Z,0.7683778605203999,0.6243345355096112
2012-04-01T10:00:00Z,0.817787985409507,0.5957766466613796
2012-04-01T11:00:00Z,0.8137545058267228,0.5741120413282386
2012-04-01T12:00:00Z,0.7582941615634393,0.562294983873798
2012-04-01T13:00:00Z,0.6524153225153527,0.5534321907829677
2012-04-01T14:00:00Z,0.49208450909967866,0.5445693976921372
2012-04-01T15:00:00Z,0.28234357079489764,0.5150267540560356
2012-04-01T16:00:00Z,0.07865285186429291,0.5150267540560356
2012-04-01T17:00:00Z,0.001008369895696063,0.5672187578131482
2012-04-01T18:00:00Z,0.0,0.5790358152675888
2012-04-01T19:00:00Z,0.0,0.5603254742980579
2012-04-01T20:00:00Z,0.0,0.5376761141770469
2012-04-01T21:00:00Z,0.0,0.5091182253288153
2012-04-01T22:00:00Z,0.0,0.4342768614506916
2012-04-01T23:00:00Z,0.0,0.39882568908736993
2012-04-02T00:00:00Z,0.0,0.38799338642079934
2012-04-02T01:00:00Z,0.0,0.36337451672404814
2012-04-02T02:00:00Z,0.0,0.3308776087243365
2012-04-02T03:00:00Z,0.0,0.29542643636101473
2012-04-02T04:00:00Z,0.0,0.23732590387668182
2012-04-02T05:00:00Z,0.01815065812252913,0.14377419902902716
2012-04-02T06:00:00Z,0.05344360447189133,0.13195714157458657
2012-04-02T07:00:00Z,0.11797927779643937,0.1250638580594962
2012-04-02T08:00:00Z,0.1986488694521244,0.12801812242310637
2012-04-02T09:00:00Z,0.28738542027337793,0.1250638580594962
2012-04-02T10:00:00Z,0.34486250432805354,0.14377419902902716
2012-04-02T11:00:00Z,0.37914708078171966,0.20285948630123007
2012-04-02T12:00:00Z,0.35797131297210233,0.26883805708852343
2012-04-02T13:00:00Z,0.2934356396475543,0.29838070072462486
2012-04-02T14:00:00Z,0.23091670611439838,0.26391428314917315
2012-04-02T15:00:00Z,0.13713830581466457,0.26194477357343304
2012-04-02T16:00:00Z,0.046385015202018896,0.3111825129669355
2012-04-02T17:00:00Z,0.001008369895696063,0.38996289599653944
2012-04-02T18:00:00Z,0.0,0.4707127886018834
2012-04-02T19:00:00Z,0.0,0.49927067745011483
2012-04-02T20:00:00Z,0.0,0.4923773939350245
2012-04-02T21:00:00Z,0.0,0.5120724896924255
2012-04-02T22:00:00Z,0.0,0.5317675854498265
2012-04-02T23:00:00Z,0.0,0.5435846429042671
2012-04-03T00:00:00Z,0.0,0.520935282783256
2012-04-03T01:00:00Z,0.0,0.501240187025855
2012-04-03T02:00:00Z,0.0,0.47760607211697376
2012-04-03T03:00:00Z,0.0,0.45101769284448245
2012-04-03T04:00:00Z,0.0,0.440185390177912
2012-04-03T05:00:00Z,0.04537664530632283,0.3850391220571892
2012-04-03T06:00:00Z,0.20369071893060473,0.30822824860332537
2012-04-03T07:00:00Z,0.42553209598373853,0.3456489305423872
2012-04-03T08:00:00Z,0.5878796491908046,0.38799338642079934
2012-04-03T09:00:00Z,0.6957752280302834,0.43033784229921146
2012-04-03T10:00:00Z,0.7482104626064786,0.4313225970870815
2012-04-03T11:00:00Z,0.7522439421892629,0.41556652048116066
2012-04-03T12:00:00Z,0.6998087076130676,0.3850391220571892
2012-04-03T13:00:00Z,0.5999800879391575,0.3436794209666471
2012-04-03T14:00:00Z,0.4527580831675323,0.30035021030036496
2012-04-03T15:00:00Z,0.272259871837937,0.2353563943009417
2012-04-03T16:00:00Z,0.09478677019542991,0.26194477357343304
2012-04-03T17:00:00Z,0.0030251096870881886,0.37519157417848864
2012-04-03T18:00:00Z,0.0,0.4854841104199342
2012-04-03T19:00:00Z,0.0,0.5455541524800072
2012-04-03T20:00:00Z,0.0,0.5524474359950976
2012-04-03T21:00:00Z,0.0,0.542599888116397
2012-04-03T22:00:00Z,0.0,0.5288133210862164
2012-04-03T23:00:00Z,0.0,0.5051792061773351
2012-04-04T00:00:00Z,0.0,0.46677376945040316
2012-04-04T01:00:00Z,0.0,0.42442931357199115
2012-04-04T02:00:00Z,0.0,0.4007951986631099
2012-04-04T03:00:00Z,0.0,0.3732220646027486
2012-04-04T04:00:00Z,0.0,0.35451172363321765
2012-04-04T05:00:00Z,0.06251893353315591,0.28459413369444414
2012-04-04T06:00:00Z,0.2389836652799669,0.18907291927104944
2012-04-04T07:00:00Z,0.4285572056708267,0.22156982727076105
2012-04-04T08:00:00Z,0.5727541007553637,0.3348166278758167
2012-04-04T09:00:00Z,0.6655241311594016,0.40571897260246015
2012-04-04T10:00:00Z,0.7290514345882535,0.41064274654181043
2012-04-04T11:00:00Z,0.738126763649518,0.3781458385420989
2012-04-04T12:00:00Z,0.6897250086561071,0.3348166278758167
2012-04-04T13:00:00Z,0.593929868564981,0.29641119114888476
2012-04-04T14:00:00Z,0.4446911240019637,0.259975263997693
2012-04-04T15:00:00Z,0.2662096524637606,0.20187473151336002
2012-04-04T16:00:00Z,0.09377840029973386,0.11620106496866578
2012-04-04T17:00:00Z,0.0030251096870881886,0.07484136387812372
2012-04-04T18:00:00Z,0.0,0.06794808036303339
2012-04-04T19:00:00Z,0.0,0.08567366654469426
2012-04-04T20:00:00Z,0.0,0.11226204581718559
2012-04-04T21:00:00Z,0.0,0.14180468945328706
2012-04-04T22:00:00Z,0.0,0.16346929478642813
2012-04-04T23:00:00Z,0.0,0.17725586181660882
2012-04-05T00:00:00Z,0.0,0.18907291927104944
2012-04-05T01:00:00Z,0.0,0.18611865490743926
2012-04-05T02:00:00Z,0.0,0.17725586181660882
2012-04-05T03:00:00Z,0.0,0.17134733308938851
2012-04-05T04:00:00Z,0.0,0.18021012618021895
2012-04-05T05:00:00Z,0.029242726975185825,0.1792253713923489
2012-04-05T06:00:00Z,0.09377840029973386,0.14869797296837742
2012-04-05T07:00:00Z,0.19159028018225197,0.14180468945328706
2012-04-05T08:00:00Z,0.3499043538065338,0.15559125648346775
2012-04-05T09:00:00Z,0.5374611544060015,0.18021012618021895
2012-04-05T10:00:00Z,0.6544320623067449,0.2166460533314108
2012-04-05T11:00:00Z,0.705858926987244,0.22550884642224123
2012-04-05T12:00:00Z,0.6645157612637055,0.21073752460419048
2012-04-05T13:00:00Z,0.5727541007553637,0.1969509575740098
2012-04-05T14:00:00Z,0.4265404658794346,0.19793571236187987
2012-04-05T15:00:00Z,0.24906736423692755,0.22353933684650115
2012-04-05T16:00:00Z,0.09176166050834171,0.3141367773305457
2012-04-05T17:00:00Z,0.0050418494784803146,0.41655127526903074
2012-04-05T18:00:00Z,0.0,0.4736670529654936
2012-04-05T19:00:00Z,0.0,0.4894231295714144
2012-04-05T20:00:00Z,0.0,0.482529846056324
2012-04-05T21:00:00Z,0.0,0.43723112581430174
2012-04-05T22:00:00Z,0.0,0.3702678002391384
2012-04-05T23:00:00Z,0.0,0.3161062869062857
2012-04-06T00:00:00Z,0.0,0.2629295283613031
2012-04-06T01:00:00Z,0.0,0.21073752460419048
2012-04-06T02:00:00Z,0.0,0.1693778235136484
2012-04-06T03:00:00Z,0.0,0.13983517987754696
2012-04-06T04:00:00Z,0.0,0.11817057454440588
2012-04-06T05:00:00Z,0.07361100238581259,0.09650596921126481
2012-04-06T06:00:00Z,0.2652012825680646,0.05120724896924255
2012-04-06T07:00:00Z,0.45981667243740465,0.03348166278758167
2012-04-06T08:00:00Z,0.6060303073133337,0.06696332557516334
2012-04-06T09:00:00Z,0.705858926987244,0.09650596921126481
2012-04-06T10:00:00Z,0.7572857916677432,0.09158219527191457
2012-04-06T11:00:00Z,0.7613192712505275,0.08271940218108413
2012-04-06T12:00:00Z,0.7179593657355967,0.07582611866599377
2012-04-06T13:00:00Z,0.6251893353315591,0.07582611866599377
2012-04-06T14:00:00Z,0.4830091800384141,0.0846889117568242
2012-04-06T15:00:00Z,0.3015025988131228,0.1024144979384851
2012-04-06T16:00:00Z,0.11394579821365511,0.14574370860476726
2012-04-06T17:00:00Z,0.0050418494784803146,0.19793571236187987
2012-04-06T18:00:00Z,0.0,0.21172227939206056
2012-04-06T19:00:00Z,0.0,0.18808816448317936
2012-04-06T20:00:00Z,0.0,0.15362174690772765
2012-04-06T21:00:00Z,0.0,0.11817057454440588
2012-04-06T22:00:00Z,0.0,0.08173464739321407
2012-04-06T23:00:00Z,0.0,0.05120724896924255
2012-04-07T00:00:00Z,0.0,0.032496907999711624
2012-04-07T01:00:00Z,0.0,0.030527398423971522
2012-04-07T02:00:00Z,0.0,0.041359701090542066
2012-04-07T03:00:00Z,0.0,0.06203955163581309
2012-04-07T04:00:00Z,0.0,0.08764317612043436
2012-04-07T05:00:00Z,0.046385015202018896,0.09552121442339477
2012-04-07T06:00:00Z,0.13713830581466457,0.07090234472664353
2012-04-07T07:00:00Z,0.2591510631938882,0.0846889117568242
2012-04-07T08:00:00Z,0.3942726292171606,0.1102925362414455
2012-04-07T09:00:00Z,0.5505699630500503,0.13195714157458657
2012-04-07T10:00:00Z,0.672582720429274,0.15362174690772765
2012-04-07T11:00:00Z,0.7088840366743322,0.19498144799826972
2012-04-07T12:00:00Z,0.6594739117852252,0.2471734517553823
2012-04-07T13:00:00Z,0.5142686468049921,0.3033044746639751
2012-04-07T14:00:00Z,0.3468792441194456,0.35451172363321765
2012-04-07T15:00:00Z,0.25511758361110387,0.3850391220571892
2012-04-07T16:00:00Z,0.11797927779643937,0.38799338642079934
2012-04-07T17:00:00Z,0.007058589269872441,0.3515574592696075
2012-04-07T18:00:00Z,0.0,0.3515574592696075
2012-04-07T19:00:00Z,0.0,0.3712525550270085
2012-04-07T20:00:00Z,0.0,0.3948866699358897
2012-04-07T21:00:00Z,0.0,0.4047342178145901
2012-04-07T22:00:00Z,0.0,0.38996289599653944
2012-04-07T23:00:00Z,0.0,0.36829829066339836
2012-04-08T00:00:00Z,0.0,0.3515574592696075
2012-04-08T01:00:00Z,0.0,0.32201481563350604
2012-04-08T02:00:00Z,0.0,0.29739594593675484
2012-04-08T03:00:00Z,0.0,0.2727770762400036
2012-04-08T04:00:00Z,0.001008369895696063,0.2392954134524219
2012-04-08T05:00:00Z,0.07966122175998898,0.19399669321039967
2012-04-08T06:00:00Z,0.27427661162932915,0.16346929478642813
2012-04-08T07:00:00Z,0.4779673305599338,0.14377419902902716
2012-04-08T08:00:00Z,0.6171223761659905,0.13097238678671652
2012-04-08T09:00:00Z,0.70686729688294,0.12801812242310637
2012-04-08T10:00:00Z,0.7451853529193905,0.13097238678671652
2012-04-08T11:00:00Z,0.7270346947968613,0.13983517987754696
2012-04-08T12:00:00Z,0.6685492408464898,0.15559125648346775
2012-04-08T13:00:00Z,0.5878796491908046,0.17725586181660882
2012-04-08T14:00:00Z,0.49510961878676685,0.19892046714974992
2012-04-08T15:00:00Z,0.33881228495387716,0.21172227939206056
2012-04-08T16:00:00Z,0.13108808644048817,0.21763080811928082
2012-04-08T17:00:00Z,0.008066959165568504,0.2343716395130717
2012-04-08T18:00:00Z,0.0,0.2540667352704727
2012-04-08T19:00:00Z,0.0,0.23043262036159148
2012-04-08T20:00:00Z,0.0,0.19596620278613974
2012-04-08T21:00:00Z,0.0,0.17233208787725857
2012-04-08T22:00:00Z,0.0,0.1565760112713378
2012-04-08T23:00:00Z,0.0,0.1467284633926373
2012-04-09T00:00:00Z,0.0,0.1388504250896769
2012-04-09T01:00:00Z,0.0,0.13491140593819673
2012-04-09T02:00:00Z,0.0,0.13294189636245662
2012-04-09T03:00:00Z,0.0,0.12900287721097642
2012-04-09T04:00:00Z,0.002016739791392126,0.1250638580594962
2012-04-09T05:00:00Z,0.07562774217720471,0.11226204581718559
2012-04-09T06:00:00Z,0.25007573413262363,0.09158219527191457
2012-04-09T07:00:00Z,0.47897570045562987,0.08567366654469426
2012-04-09T08:00:00Z,0.5243523457619527,0.08764317612043436
2012-04-09T09:00:00Z,0.6635073913680094,0.08862793090830441
2012-04-09T10:00:00Z,0.6251893353315591,0.09158219527191457
2012-04-09T11:00:00Z,0.6624990214723133,0.09650596921126481
2012-04-09T12:00:00Z,0.6635073913680094,0.10536876230209524
2012-04-09T13:00:00Z,0.6080470471047259,0.1250638580594962
2012-04-09T14:00:00Z,0.48603428972550233,0.15165223733198754
2012-04-09T15:00:00Z,0.2783100912121134,0.19892046714974992
2012-04-09T16:00:00Z,0.11293742831795905,0.2648990379370432
2012-04-09T17:00:00Z,0.009075329061264565,0.32792334436072634
2012-04-09T18:00:00Z,0.0,0.3742068193906186
2012-04-09T19:00:00Z,0.0,0.36632878108765826
2012-04-09T20:00:00Z,0.0,0.36632878108765826
2012-04-09T21:00:00Z,0.0,0.34761844011812726
2012-04-09T22:00:00Z,0.0,0.3289080991485964
2012-04-09T23:00:00Z,0.0,0.3072434938154553
2012-04-10T00:00:00Z,0.0,0.2796703597550939
2012-04-10T01:00:00Z,0.0,0.2570209996340828
2012-04-10T02:00:00Z,0.0,0.23240212993733156
2012-04-10T03:00:00Z,0.0,0.21172227939206056
2012-04-10T04:00:00Z,0.001008369895696063,0.19990522193761998
2012-04-10T05:00:00Z,0.05142686468049921,0.17331684266512862
2012-04-10T06:00:00Z,0.15428059404149763,0.14278944424115708
2012-04-10T07:00:00Z,0.25108410402831965,0.14278944424115708
2012-04-10T08:00:00Z,0.37511360119893544,0.15559125648346775
2012-04-10T09:00:00Z,0.46183341222879676,0.16642355915003829
2012-04-10T10:00:00Z,0.5293941952404331,0.17824061660447887
2012-04-10T11:00:00Z,0.5626704017984031,0.19793571236187987
2012-04-10T12:00:00Z,0.5011598381609433,0.22353933684650115
2012-04-10T13:00:00Z,0.4567915627503165,0.24028016824029194
2012-04-10T14:00:00Z,0.369063381824759,0.2501277161189924
2012-04-10T15:00:00Z,0.22990833621870232,0.26194477357343304
2012-04-10T16:00:00Z,0.10285372936099842,0.26785330230065335
2012-04-10T17:00:00Z,0.010083698956960629,0.2727770762400036
2012-04-10T18:00:00Z,0.0,0.29247217199740455
2012-04-10T19:00:00Z,0.0,0.29542643636101473
2012-04-10T20:00:00Z,0.0,0.28853315284592435
2012-04-10T21:00:00Z,0.0,0.28656364327018424
2012-04-10T22:00:00Z,0.0,0.29838070072462486
2012-04-10T23:00:00Z,0.0,0.32004530605776593
2012-04-11T00:00:00Z,0.0,0.34466417575451713
2012-04-11T01:00:00Z,0.0,0.3653440262997882
2012-04-11T02:00:00Z,0.0,0.3781458385420989
2012-04-11T03:00:00Z,0.0,0.381100102905709
2012-04-11T04:00:00Z,0.0030251096870881886,0.380115348117839
2012-04-11T05:00:00Z,0.07865285186429291,0.32595383478498624
2012-04-11T06:00:00Z,0.1986488694521244,0.33383187308794665
2012-04-11T07:00:00Z,0.3781387108860236,0.3850391220571892
2012-04-11T08:00:00Z,0.4830091800384141,0.39882568908736993
2012-04-11T09:00:00Z,0.5535950727371386,0.39587142472375975
2012-04-11T10:00:00Z,0.6443483633497842,0.39094765078440946
2012-04-11T11:00:00Z,0.5697289910682756,0.3968561795116298
2012-04-11T12:00:00Z,0.4315823153579149,0.40374946302672005
2012-04-11T13:00:00Z,0.41645676692247396,0.4047342178145901
2012-04-11T14:00:00Z,0.29444400954325034,0.4047342178145901
2012-04-11T15:00:00Z,0.20772419851338894,0.4047342178145901
2012-04-11T16:00:00Z,0.08873655082125353,0.3919324055722795
2012-04-11T17:00:00Z,0.010083698956960629,0.35648123320895775
2012-04-11T18:00:00Z,0.0,0.3653440262997882
2012-04-11T19:00:00Z,0.0,0.381100102905709
2012-04-11T20:00:00Z,0.0,0.3919324055722795
2012-04-11T21:00:00Z,0.0,0.38996289599653944
2012-04-11T22:00:00Z,0.0,0.36829829066339836
2012-04-11T23:00:00Z,0.0,0.36337451672404814
2012-04-12T00:00:00Z,0.0,0.3348166278758167
2012-04-12T01:00:00Z,0.0,0.32398432520924614
2012-04-12T02:00:00Z,0.0,0.3289080991485964
2012-04-12T03:00:00Z,0.0,0.33284711830007657
2012-04-12T04:00:00Z,0.002016739791392126,0.3289080991485964
2012-04-12T05:00:00Z,0.05747708405467558,0.27179232145213356
2012-04-12T06:00:00Z,0.15125548435440941,0.2914874172095345
2012-04-12T07:00:00Z,0.2581426932981921,0.36337451672404814
2012-04-12T08:00:00Z,0.4124232873396897,0.3830696124814491
2012-04-12T09:00:00Z,0.4517497132718362,0.39882568908736993
2012-04-12T10:00:00Z,0.4346074250450031,0.43723112581430174
2012-04-12T11:00:00Z,0.40536469806981734,0.4894231295714144
2012-04-12T12:00:00Z,0.41847350671386613,0.5238895471468661
2012-04-12T13:00:00Z,0.29041052996046607,0.5366913593891768
2012-04-12T14:00:00Z,0.24301714486275117,0.5376761141770469
2012-04-12T15:00:00Z,0.18352332101668342,0.5366913593891768
2012-04-12T16:00:00Z,0.08268633144707715,0.5248743019347362
2012-04-12T17:00:00Z,0.012100438748352755,0.4894231295714144
2012-04-12T18:00:00Z,0.0,0.45988048593531294
2012-04-12T19:00:00Z,0.0,0.4539719572080926
2012-04-12T20:00:00Z,0.0,0.4313225970870815
2012-04-12T21:00:00Z,0.0,0.4392006353900419
2012-04-12T22:00:00Z,0.0,0.4342768614506916
2012-04-12T23:00:00Z,0.0,0.40571897260246015
2012-04-13T00:00:00Z,0.0,0.3742068193906186
2012-04-13T01:00:00Z,0.0,0.3515574592696075
2012-04-13T02:00:00Z,0.0,0.3387556470272968
2012-04-13T03:00:00Z,0.0,0.32989285393646645
2012-04-13T04:00:00Z,0.001008369895696063,0.32595383478498624
2012-04-13T05:00:00Z,0.042351535619234645,0.2895179076337944
2012-04-13T06:00:00Z,0.1391550456060567,0.3052739842397152
2012-04-13T07:00:00Z,0.24604225454983933,0.39882568908736993
2012-04-13T08:00:00Z,0.3277202161012205,0.45988048593531294
2012-04-13T09:00:00Z,0.38116382057311177,0.5110877349045555
2012-04-13T10:00:00Z,0.4769589606642377,0.5514626812072275
2012-04-13T11:00:00Z,0.559645292111315,0.5642644934495381
2012-04-13T12:00:00Z,0.5223356059705606,0.5682035126010182
2012-04-13T13:00:00Z,0.4285572056708267,0.5790358152675888
2012-04-13T14:00:00Z,0.3055360783959071,0.6016851753885999
2012-04-13T15:00:00Z,0.18049821132959526,0.622365025933871
2012-04-13T16:00:00Z,0.08873655082125353,0.6302430642368314
2012-04-13T17:00:00Z,0.015125548435440945,0.5938071370856396
2012-04-13T18:00:00Z,0.0,0.6056241945400801
2012-04-13T19:00:00Z,0.0,0.6184260067823908
2012-04-13T20:00:00Z,0.0,0.60365468496434
2012-04-13T21:00:00Z,0.0,0.5514626812072275
2012-04-13T22:00:00Z,0.0,0.502224941813725
2012-04-13T23:00:00Z,0.0,0.45791097635957284
2012-04-14T00:00:00Z,0.0,0.42344455878412113
2012-04-14T01:00:00Z,0.0,0.4007951986631099
2012-04-14T02:00:00Z,0.0,0.3919324055722795
2012-04-14T03:00:00Z,0.0,0.3939019151480196
2012-04-14T04:00:00Z,0.0050418494784803146,0.39882568908736993
2012-04-14T05:00:00Z,0.10587883904808659,0.3101977581790654
2012-04-14T06:00:00Z,0.31461140745717164,0.2747465858157437
2012-04-14T07:00:00Z,0.5162853865963842,0.26785330230065335
2012-04-14T08:00:00Z,0.6745994602206661,0.2747465858157437
2012-04-14T09:00:00Z,0.7804782992687528,0.29641119114888476
2012-04-14T10:00:00Z,0.8359386435320362,0.3131520225426756
2012-04-14T11:00:00Z,0.8409804930105165,0.3151215321184157
2012-04-14T12:00:00Z,0.7945954778084976,0.3161062869062857
2012-04-14T13:00:00Z,0.7008170775087637,0.32693858957285626
2012-04-14T14:00:00Z,0.5556118125285308,0.3515574592696075
2012-04-14T15:00:00Z,0.36502990224197474,0.3850391220571892
2012-04-14T16:00:00Z,0.15629733383288977,0.42442931357199115
2012-04-14T17:00:00Z,0.016133918331137007,0.422459803996251
2012-04-14T18:00:00Z,0.0,0.4441244093293921
2012-04-14T19:00:00Z,0.0,0.45988048593531294
2012-04-14T20:00:00Z,0.0,0.46086524072318297
2012-04-14T21:00:00Z,0.0,0.45101769284448245
2012-04-14T22:00:00Z,0.0,0.440185390177912
2012-04-14T23:00:00Z,0.0,0.4273835779356013
2012-04-15T00:00:00Z,0.0,0.40571897260246015
2012-04-15T01:00:00Z,0.0,0.3791305933299689
2012-04-15T02:00:00Z,0.0,0.3495879496938674
2012-04-15T03:00:00Z,0.0,0.3141367773305457
2012-04-15T04:00:00Z,0.006050219374176377,0.2934569267852746
2012-04-15T05:00:00Z,0.10991231863087086,0.22649360121011128
2012-04-15T06:00:00Z,0.31965325693565194,0.18217963575595908
2012-04-15T07:00:00Z,0.5183021263877764,0.18316439054382913
2012-04-15T08:00:00Z,0.671574350533578,0.19399669321039967
2012-04-15T09:00:00Z,0.7683778605203999,0.21861556290715087
2012-04-15T10:00:00Z,0.8117377660353307,0.2392954134524219
2012-04-15T11:00:00Z,0.8107293961396347,0.2520972256947326
2012-04-15T12:00:00Z,0.7724113401031842,0.26686854751278327
2012-04-15T13:00:00Z,0.6816580494905387,0.2875483980580543
2012-04-15T14:00:00Z,0.5324193049275212,0.3052739842397152
2012-04-15T15:00:00Z,0.34587087422374957,0.3190605512698959
2012-04-15T16:00:00Z,0.14823037466732122,0.32398432520924614
2012-04-15T17:00:00Z,0.01815065812252913,0.42836833272347136
2012-04-15T18:00:00Z,0.0,0.5514626812072275
2012-04-15T19:00:00Z,0.0,0.5928223822977695
2012-04-15T20:00:00Z,0.0,0.6016851753885999
2012-04-15T21:00:00Z,0.0,0.5957766466613796
2012-04-15T22:00:00Z,0.0,0.5760815509039787
2012-04-15T23:00:00Z,0.0,0.5189657732075159
2012-04-16T00:00:00Z,0.0,0.46086524072318297
2012-04-16T01:00:00Z,0.0,0.40571897260246015
2012-04-16T02:00:00Z,0.0,0.3673135358755283
2012-04-16T03:00:00Z,0.0,0.3289080991485964
2012-04-16T04:00:00Z,0.008066959165568504,0.2914874172095345
2012-04-16T05:00:00Z,0.09377840029973386,0.17824061660447887
2012-04-16T06:00:00Z,0.3176365171442598,0.12309434848375612
2012-04-16T07:00:00Z,0.5112435371179039,0.1644540495742982
2012-04-16T08:00:00Z,0.657457171993833,0.21172227939206056
2012-04-16T09:00:00Z,0.7512355722935669,0.24028016824029194
2012-04-16T10:00:00Z,0.7945954778084976,0.26588379272491325
2012-04-16T11:00:00Z,0.7935871079128016,0.28459413369444414
2012-04-16T12:00:00Z,0.7472020927107825,0.26982281187639345
2012-04-16T13:00:00Z,0.6352730342885196,0.24421918739177217
2012-04-16T14:00:00Z,0.4729254810814535,0.2284631107858514
2012-04-16T15:00:00Z,0.30856118808299526,0.23634114908881176
2012-04-16T16:00:00Z,0.14621363487592912,0.2530819804826026
2012-04-16T17:00:00Z,0.020167397913921258,0.2895179076337944
2012-04-16T18:00:00Z,0.0,0.3456489305423872
2012-04-16T19:00:00Z,0.0,0.3515574592696075
2012-04-16T20:00:00Z,0.0,0.36337451672404814
2012-04-16T21:00:00Z,0.0,0.3820848576935791
2012-04-16T22:00:00Z,0.0,0.39094765078440946
2012-04-16T23:00:00Z,0.0,0.3939019151480196
2012-04-17T00:00:00Z,0.0,0.3850391220571892
2012-04-17T01:00:00Z,0.0,0.36829829066339836
2012-04-17T02:00:00Z,0.0,0.340725156603037
2012-04-17T03:00:00Z,0.0,0.2796703597550939
2012-04-17T04:00:00Z,0.004033479582784252,0.21073752460419048
2012-04-17T05:00:00Z,0.09882024977821416,0.1546065016955977
2012-04-17T06:00:00Z,0.3115862977700834,0.14869797296837742
2012-04-17T07:00:00Z,0.5051933177437276,0.18021012618021895
2012-04-17T08:00:00Z,0.655440432202441,0.2048289958769702
2012-04-17T09:00:00Z,0.7562774217720472,0.24028016824029194
2012-04-17T10:00:00Z,0.8046791767654583,0.24028016824029194
2012-04-17T11:00:00Z,0.8066959165568504,0.22353933684650115
2012-04-17T12:00:00Z,0.7633360110419197,0.20285948630123007
2012-04-17T13:00:00Z,0.672582720429274,0.19301193842252962
2012-04-17T14:00:00Z,0.5344360447189134,0.19793571236187987
2012-04-17T15:00:00Z,0.352929463493622,0.23043262036159148
2012-04-17T16:00:00Z,0.15528896393719369,0.2747465858157437
2012-04-17T17:00:00Z,0.020167397913921258,0.340725156603037
2012-04-17T18:00:00Z,0.0,0.3919324055722795
2012-04-17T19:00:00Z,0.0,0.37519157417848864
2012-04-17T20:00:00Z,0.0,0.3712525550270085
2012-04-17T21:00:00Z,0.0,0.3761763289663587
2012-04-17T22:00:00Z,0.0,0.39291716036014956
2012-04-17T23:00:00Z,0.0,0.41064274654181043
2012-04-18T00:00:00Z,0.0,0.41753603005690076
2012-04-18T01:00:00Z,0.0,0.41458176569329064
2012-04-18T02:00:00Z,0.0,0.39882568908736993
2012-04-18T03:00:00Z,0.0,0.3673135358755283
2012-04-18T04:00:00Z,0.010083698956960629,0.3161062869062857
2012-04-18T05:00:00Z,0.09982861967391023,0.2146765437556707
2012-04-18T06:00:00Z,0.3186448870399559,0.1447589538168972
2012-04-18T07:00:00Z,0.5112435371179039,0.13688091551393683
2012-04-18T08:00:00Z,0.6594739117852252,0.14377419902902716
2012-04-18T09:00:00Z,0.7572857916677432,0.1260486128473663
2012-04-18T10:00:00Z,0.8087126563482425,0.11127729102931555
2012-04-18T11:00:00Z,0.8127461359310267,0.1083230266657054
2012-04-18T12:00:00Z,0.7703946003117921,0.12014008412014597
2012-04-18T13:00:00Z,0.6826664193862346,0.13589616072606678
2012-04-18T14:00:00Z,0.5465364834672661,0.14771321818050737
2012-04-18T15:00:00Z,0.36704664203336684,0.1585455208470779
2012-04-18T16:00:00Z,0.16436429299845826,0.16642355915003829
2012-04-18T17:00:00Z,0.020167397913921258,0.19990522193761998
2012-04-18T18:00:00Z,0.0,0.24028016824029194
2012-04-18T19:00:00Z,0.0,0.24421918739177217
2012-04-18T20:00:00Z,0.0,0.241264923028162
2012-04-18T21:00:00Z,0.0,0.2471734517553823
2012-04-18T22:00:00Z,0.0,0.2530819804826026
2012-04-18T23:00:00Z,0.0,0.2471734517553823
2012-04-19T00:00:00Z,0.0,0.2353563943009417
2012-04-19T01:00:00Z,0.0,0.22452409163437118
2012-04-19T02:00:00Z,0.0,0.2166460533314108
2012-04-19T03:00:00Z,0.0,0.19596620278613974
2012-04-19T04:00:00Z,0.011092068852656692,0.17233208787725857
2012-04-19T05:00:00Z,0.10386209925669447,0.11127729102931555
2012-04-19T06:00:00Z,0.3307453257883086,0.061054796847943044
2012-04-19T07:00:00Z,0.49712635857815896,0.07878038302960393
2012-04-19T08:00:00Z,0.6030051976262456,0.08665842133256431
2012-04-19T09:00:00Z,0.6624990214723133,0.09650596921126481
2012-04-19T10:00:00Z,0.6503985827239606,0.10536876230209524
2012-04-19T11:00:00Z,0.6756078301163622,0.11226204581718559
2012-04-19T12:00:00Z,0.705858926987244,0.12112483890801604
2012-04-19T13:00:00Z,0.6584655418895291,0.12900287721097642
2012-04-19T14:00:00Z,0.5414946339887858,0.1388504250896769
2012-04-19T15:00:00Z,0.3730968614075433,0.1585455208470779
2012-04-19T16:00:00Z,0.16940614247693858,0.16740831393790834
2012-04-19T17:00:00Z,0.022184137705313384,0.19596620278613974
2012-04-19T18:00:00Z,0.0,0.21566129854354074
2012-04-19T19:00:00Z,0.0,0.20778326024058033
2012-04-19T20:00:00Z,0.0,0.19104242884678954
2012-04-19T21:00:00Z,0.0,0.17233208787725857
2012-04-19T22:00:00Z,0.0,0.14869797296837742
2012-04-19T23:00:00Z,0.0,0.11915532933227593
2012-04-20T00:00:00Z,0.0,0.09059744048404451
2012-04-20T01:00:00Z,0.0,0.06696332557516334
2012-04-20T02:00:00Z,0.0,0.048252984605632404
2012-04-20T03:00:00Z,0.0,0.030527398423971522
2012-04-20T04:00:00Z,0.011092068852656692,0.01871034096953093
2012-04-20T05:00:00Z,0.12402949717061573,0.012801812242310638
2012-04-20T06:00:00Z,0.3297369558926126,0.00984754787870049
2012-04-20T07:00:00Z,0.5223356059705606,0.010832302666570539
2012-04-20T08:00:00Z,0.6635073913680094,0.012801812242310638
2012-04-20T09:00:00Z,0.7603109013548314,0.010832302666570539
2012-04-20T10:00:00Z,0.8087126563482425,0.008862793090830441
2012-04-20T11:00:00Z,0.8107293961396347,0.007878038302960393
2012-04-20T12:00:00Z,0.7683778605203999,0.014771321818050735
2012-04-20T13:00:00Z,0.6786329398034504,0.02363411490888118
2012-04-20T14:00:00Z,0.5404862640930898,0.03840543672693191
2012-04-20T15:00:00Z,0.3630131624505826,0.05711577769646285
2012-04-20T16:00:00Z,0.16436429299845826,0.10339925272635514
2012-04-20T17:00:00Z,0.022184137705313384,0.18907291927104944
2012-04-20T18:00:00Z,0.0,0.2501277161189924
2012-04-20T19:00:00Z,0.0,0.2491429613311224
2012-04-20T20:00:00Z,0.0,0.22550884642224123
2012-04-20T21:00:00Z,0.0,0.21369178896780064
2012-04-20T22:00:00Z,0.0,0.220585072482891
2012-04-20T23:00:00Z,0.0,0.23831065866455187
2012-04-21T00:00:00Z,0.0,0.2491429613311224
2012-04-21T01:00:00Z,0.0,0.2520972256947326
2012-04-21T02:00:00Z,0.0,0.2570209996340828
2012-04-21T03:00:00Z,0.0,0.26686854751278327
2012-04-21T04:00:00Z,0.014117178539744882,0.29050266242166445
2012-04-21T05:00:00Z,0.1280629767534,0.2166460533314108
2012-04-21T06:00:00Z,0.3317536956840047,0.1969509575740098
2012-04-21T07:00:00Z,0.5223356059705606,0.3742068193906186
2012-04-21T08:00:00Z,0.672582720429274,0.43033784229921146
2012-04-21T09:00:00Z,0.7734197099988802,0.45988048593531294
2012-04-21T10:00:00Z,0.8198047252008991,0.46578901466253314
2012-04-21T11:00:00Z,0.8187963553052032,0.45791097635957284
2012-04-21T12:00:00Z,0.7724113401031842,0.4539719572080926
2012-04-21T13:00:00Z,0.6796413096991465,0.4687432790261434
2012-04-21T14:00:00Z,0.5414946339887858,0.5032096966015951
2012-04-21T15:00:00Z,0.3630131624505826,0.5396456237527869
2012-04-21T16:00:00Z,0.1653726628941543,0.4894231295714144
2012-04-21T17:00:00Z,0.02420087749670551,0.46677376945040316
2012-04-21T18:00:00Z,0.0,0.5544169455708375
2012-04-21T19:00:00Z,0.0,0.6135022328430405
2012-04-21T20:00:00Z,0.0,0.6085784589036903
2012-04-21T21:00:00Z,0.0,0.5997156658128598
2012-04-21T22:00:00Z,0.0,0.60365468496434
2012-04-21T23:00:00Z,0.0,0.6253192902974812
2012-04-22T00:00:00Z,0.0,0.6312278190247015
2012-04-22T01:00:00Z,0.0,0.6056241945400801
2012-04-22T02:00:00Z,0.0,0.5977461562371198
2012-04-22T03:00:00Z,0.0,0.5977461562371198
2012-04-22T04:00:00Z,0.016133918331137007,0.5957766466613796
2012-04-22T05:00:00Z,0.12907134664909606,0.5485084168436173
2012-04-22T06:00:00Z,0.3287285859969165,0.723794769084486
2012-04-22T07:00:00Z,0.5162853865963842,0.843934853204632
2012-04-22T08:00:00Z,0.6594739117852252,0.8695384776892533
2012-04-22T09:00:00Z,0.7582941615634393,0.8784012707800838
2012-04-22T10:00:00Z,0.8036708068697621,0.8813555351436939
2012-04-22T11:00:00Z,0.800645697182674,0.8784012707800838
2012-04-22T12:00:00Z,0.7552690518763511,0.8685537229013832
2012-04-22T13:00:00Z,0.655440432202441,0.862645194174163
2012-04-22T14:00:00Z,0.49712635857815896,0.8508281367197225
2012-04-22T15:00:00Z,0.23595855559287873,0.8203007382957508
2012-04-22T16:00:00Z,0.09377840029973386,0.7464441292054972
2012-04-22T17:00:00Z,0.020167397913921258,0.7582611866599378
2012-04-22T18:00:00Z,0.0,0.7966666233868697
2012-04-22T19:00:00Z,0.0,0.7858343207202991
2012-04-22T20:00:00Z,0.0,0.7208405047208758
2012-04-22T21:00:00Z,0.0,0.7336423169631865
2012-04-22T22:00:00Z,0.0,0.7720477536901185
2012-04-22T23:00:00Z,0.0,0.7513679031448475
2012-04-23T00:00:00Z,0.0,0.7228100142966161
2012-04-23T01:00:00Z,0.0,0.6932673706605145
2012-04-23T02:00:00Z,0.0,0.6686485009637634
2012-04-23T03:00:00Z,0.0,0.6430448764791421
2012-04-23T04:00:00Z,0.016133918331137007,0.5987309110249898
2012-04-23T05:00:00Z,0.1089039487351748,0.5297980758740864
2012-04-23T06:00:00Z,0.2662096524637606,0.6302430642368314
2012-04-23T07:00:00Z,0.3912475195300724,0.6253192902974812
2012-04-23T08:00:00Z,0.528385825344737,0.5731272865403685
2012-04-23T09:00:00Z,0.6201474858530787,0.5150267540560356
2012-04-23T10:00:00Z,0.7028338173001558,0.46677376945040316
2012-04-23T11:00:00Z,0.7028338173001558,0.43033784229921146
2012-04-23T12:00:00Z,0.5909047588778928,0.4047342178145901
2012-04-23T13:00:00Z,0.46183341222879676,0.3820848576935791
2012-04-23T14:00:00Z,0.3620047925548866,0.3584507427846978
2012-04-23T15:00:00Z,0.24402551475844722,0.34860319490599734
2012-04-23T16:00:00Z,0.12302112727491966,0.36337451672404814
2012-04-23T17:00:00Z,0.03025109687088189,0.43033784229921146
2012-04-23T18:00:00Z,0.0,0.5278285662983463
2012-04-23T19:00:00Z,0.0,0.5563864551465776
2012-04-23T20:00:00Z,0.0,0.5317675854498265
2012-04-23T21:00:00Z,0.0,0.5051792061773351
2012-04-23T22:00:00Z,0.0,0.47465180775336363
2012-04-23T23:00:00Z,0.0,0.4470786736930023
2012-04-24T00:00:00Z,0.0,0.40571897260246015
2012-04-24T01:00:00Z,0.0,0.340725156603037
2012-04-24T02:00:00Z,0.0,0.27671609539148384
2012-04-24T03:00:00Z,0.0,0.2314173751494615
2012-04-24T04:00:00Z,0.01815065812252913,0.2146765437556707
2012-04-24T05:00:00Z,0.05142686468049921,0.18611865490743926
2012-04-24T06:00:00Z,0.1361299359189685,0.19793571236187987
2012-04-24T07:00:00Z,0.46687526170727717,0.1851339001195692
2012-04-24T08:00:00Z,0.6393065138713039,0.17528635224086872
2012-04-24T09:00:00Z,0.7431686131279983,0.160515030422818
2012-04-24T10:00:00Z,0.7925787380171055,0.13688091551393683
2012-04-24T11:00:00Z,0.7824950390601448,0.11226204581718559
2012-04-24T12:00:00Z,0.6433399934540881,0.07976513781747398
2012-04-24T13:00:00Z,0.5344360447189134,0.04726822981776236
2012-04-24T14:00:00Z,0.480992440247022,0.021664605333141077
2012-04-24T15:00:00Z,0.35797131297210233,0.020679850545271033
2012-04-24T16:00:00Z,0.16940614247693858,0.08370415696895417
2012-04-24T17:00:00Z,0.029242726975185825,0.2520972256947326
2012-04-24T18:00:00Z,0.0,0.4047342178145901
2012-04-24T19:00:00Z,0.0,0.41458176569329064
2012-04-24T20:00:00Z,0.0,0.380115348117839
2012-04-24T21:00:00Z,0.0,0.3742068193906186
2012-04-24T22:00:00Z,0.0,0.3791305933299689
2012-04-24T23:00:00Z,0.0,0.37716108375422874
2012-04-25T00:00:00Z,0.0,0.36435927151191816
2012-04-25T01:00:00Z,0.0,0.3722373098148785
2012-04-25T02:00:00Z,0.0,0.3722373098148785
2012-04-25T03:00:00Z,0.0,0.36337451672404814
2012-04-25T04:00:00Z,0.014117178539744882,0.3348166278758167
2012-04-25T05:00:00Z,0.06856915290733229,0.29641119114888476
2012-04-25T06:00:00Z,0.1986488694521244,0.2501277161189924
2012-04-25T07:00:00Z,0.4688920014986693,0.2284631107858514
2012-04-25T08:00:00Z,0.6070386772090298,0.28262462411870404
2012-04-25T09:00:00Z,0.6604822816809213,0.35648123320895775
2012-04-25T10:00:00Z,0.6463651031411763,0.321030060845636
2012-04-25T11:00:00Z,0.655440432202441,0.23831065866455187
2012-04-25T12:00:00Z,0.5959466083563733,0.1506674825441175
2012-04-25T13:00:00Z,0.4477162336890519,0.06794808036303339
2012-04-25T14:00:00Z,0.28234357079489764,0.024618869696751224
2012-04-25T15:00:00Z,0.18049821132959526,0.1142315553929257
2012-04-25T16:00:00Z,0.0867198110298614,0.33284711830007657
2012-04-25T17:00:00Z,0.023192507601009448,0.47760607211697376
2012-04-25T18:00:00Z,0.0,0.482529846056324
2012-04-25T19:00:00Z,0.0,0.4854841104199342
2012-04-25T20:00:00Z,0.0,0.5455541524800072
2012-04-25T21:00:00Z,0.0,0.5908528727220295
2012-04-25T22:00:00Z,0.0,0.6194107615702609
2012-04-25T23:00:00Z,0.0,0.6203955163581308
2012-04-26T00:00:00Z,0.0,0.6144869876309106
2012-04-26T01:00:00Z,0.0,0.5898681179341593
2012-04-26T02:00:00Z,0.0,0.5790358152675888
2012-04-26T03:00:00Z,0.0,0.5032096966015951
2012-04-26T04:00:00Z,0.008066959165568504,0.41655127526903074
2012-04-26T05:00:00Z,0.1169709079007433,0.3830696124814491
2012-04-26T06:00:00Z,0.28436031058628974,0.36829829066339836
2012-04-26T07:00:00Z,0.3932642593214645,0.3594354975725679
2012-04-26T08:00:00Z,0.28637705037768185,0.3161062869062857
2012-04-26T09:00:00Z,0.24906736423692755,0.26982281187639345
2012-04-26T10:00:00Z,0.31461140745717164,0.20187473151336002
2012-04-26T11:00:00Z,0.4678836316029732,0.13294189636245662
2012-04-26T12:00:00Z,0.5152770167006882,0.09749072399913486
2012-04-26T13:00:00Z,0.39628936900855277,0.07681087345386382
2012-04-26T14:00:00Z,0.3297369558926126,0.05908528727220294
2012-04-26T15:00:00Z,0.22486648674022205,0.0423444558784121
2012-04-26T16:00:00Z,0.10285372936099842,0.03348166278758167
2012-04-26T17:00:00Z,0.028234357079489764,0.044313965454152206
2012-04-26T18:00:00Z,0.0,0.07878038302960393
2012-04-26T19:00:00Z,0.0,0.1250638580594962
2012-04-26T20:00:00Z,0.0,0.12703336763523634
2012-04-26T21:00:00Z,0.0,0.09946023357487496
2012-04-26T22:00:00Z,0.0,0.08271940218108413
2012-04-26T23:00:00Z,0.0,0.08370415696895417
2012-04-27T00:00:00Z,0.0,0.09158219527191457
2012-04-27T01:00:00Z,0.0,0.11817057454440588
2012-04-27T02:00:00Z,0.0,0.1526369921198576
2012-04-27T03:00:00Z,0.0,0.17824061660447887
2012-04-27T04:00:00Z,0.011092068852656692,0.17430159745299867
2012-04-27T05:00:00Z,0.05344360447189133,0.13983517987754696
2012-04-27T06:00:00Z,0.11092068852656692,0.11718581975653584
2012-04-27T07:00:00Z,0.17041451237263466,0.10536876230209524
2012-04-27T08:00:00Z,0.23595855559287873,0.10339925272635514
2012-04-27T09:00:00Z,0.3257034763098284,0.09552121442339477
2012-04-27T10:00:00Z,0.3912475195300724,0.08862793090830441
2012-04-27T11:00:00Z,0.4436827541062677,0.08567366654469426
2012-04-27T12:00:00Z,0.3741052313032393,0.09453645963552472
2012-04-27T13:00:00Z,0.25108410402831965,0.11718581975653584
2012-04-27T14:00:00Z,0.16738940268554645,0.14180468945328706
2012-04-27T15:00:00Z,0.14823037466732122,0.16346929478642813
2012-04-27T16:00:00Z,0.05747708405467558,0.19301193842252962
2012-04-27T17:00:00Z,0.015125548435440945,0.22747835599798133
2012-04-27T18:00:00Z,0.0,0.27573134060361376
2012-04-27T19:00:00Z,0.0,0.30822824860332537
2012-04-27T20:00:00Z,0.0,0.30822824860332537
2012-04-27T21:00:00Z,0.0,0.28459413369444414
2012-04-27T22:00:00Z,0.0,0.29542643636101473
2012-04-27T23:00:00Z,0.0,0.35057270448173744
2012-04-28T00:00:00Z,0.0,0.38799338642079934
2012-04-28T01:00:00Z,0.0,0.3781458385420989
2012-04-28T02:00:00Z,0.0,0.35254221405747754
2012-04-28T03:00:00Z,0.0,0.31807579648202583
2012-04-28T04:00:00Z,0.014117178539744882,0.3101977581790654
2012-04-28T05:00:00Z,0.10386209925669447,0.30035021030036496
2012-04-28T06:00:00Z,0.27427661162932915,0.30625873902758527
2012-04-28T07:00:00Z,0.4769589606642377,0.35451172363321765
2012-04-28T08:00:00Z,0.6433399934540881,0.4441244093293921
2012-04-28T09:00:00Z,0.7562774217720472,0.5248743019347362
2012-04-28T10:00:00Z,0.8157712456181149,0.5603254742980579
2012-04-28T11:00:00Z,0.8278716843664676,0.5741120413282386
2012-04-28T12:00:00Z,0.7895536283300173,0.5770663056918487
2012-04-28T13:00:00Z,0.705858926987244,0.5790358152675888
2012-04-28T14:00:00Z,0.5717457308596676,0.5878986083584192
2012-04-28T15:00:00Z,0.3932642593214645,0.60365468496434
2012-04-28T16:00:00Z,0.18957354039085983,0.5711577769646283
2012-04-28T17:00:00Z,0.031259466766577954,0.4382158806021718
2012-04-28T18:00:00Z,0.0,0.3830696124814491
2012-04-28T19:00:00Z,0.0,0.38897814120866936
2012-04-28T20:00:00Z,0.0,0.3781458385420989
2012-04-28T21:00:00Z,0.0,0.36632878108765826
2012-04-28T22:00:00Z,0.0,0.36238976193617806
2012-04-28T23:00:00Z,0.0,0.3594354975725679
2012-04-29T00:00:00Z,0.0,0.3653440262997882
2012-04-29T01:00:00Z,0.0,0.3820848576935791
2012-04-29T02:00:00Z,0.0,0.39291716036014956
2012-04-29T03:00:00Z,0.0,0.36829829066339836
2012-04-29T04:00:00Z,0.025209247392401574,0.29542643636101473
2012-04-29T05:00:00Z,0.14722200477162517,0.1693778235136484
2012-04-29T06:00:00Z,0.3468792441194456,0.14278944424115708
2012-04-29T07:00:00Z,0.5344360447189134,0.13786567030180688
2012-04-29T08:00:00Z,0.671574350533578,0.13195714157458657
2012-04-29T09:00:00Z,0.7603109013548314,0.13097238678671652
2012-04-29T10:00:00Z,0.8137545058267228,0.12112483890801604
2012-04-29T11:00:00Z,0.8248465746793794,0.1102925362414455
2012-04-29T12:00:00Z,0.7835034089558409,0.10438400751422519
2012-04-29T13:00:00Z,0.657457171993833,0.1142315553929257
2012-04-29T14:00:00Z,0.43964927452348346,0.14180468945328706
2012-04-29T15:00:00Z,0.22990833621870232,0.1546065016955977
2012-04-29T16:00:00Z,0.08974492071694959,0.09355170484765465
2012-04-29T17:00:00Z,0.023192507601009448,0.028557888848231426
2012-04-29T18:00:00Z,0.0,0.061054796847943044
2012-04-29T19:00:00Z,0.0,0.15559125648346775
2012-04-29T20:00:00Z,0.0,0.2501277161189924
2012-04-29T21:00:00Z,0.0,0.29739594593675484
2012-04-29T22:00:00Z,0.0,0.3170910416941558
2012-04-29T23:00:00Z,0.0,0.3348166278758167
2012-04-30T00:00:00Z,0.0,0.3722373098148785
2012-04-30T01:00:00Z,0.0,0.38996289599653944
2012-04-30T02:00:00Z,0.0,0.3791305933299689
2012-04-30T03:00:00Z,0.0,0.34860319490599734
2012-04-30T04:00:00Z,0.013108808644048817,0.3348166278758167
2012-04-30T05:00:00Z,0.08268633144707715,0.3702678002391384
2012-04-30T06:00:00Z,0.18352332101668342,0.40571897260246015
2012-04-30T07:00:00Z,0.34587087422374957,0.4342768614506916
2012-04-30T08:00:00Z,0.49410124889107077,0.4539719572080926
2012-04-30T09:00:00Z,0.6604822816809213,0.482529846056324
2012-04-30T10:00:00Z,0.7320765442753416,0.5229047923589961
2012-04-30T11:00:00Z,0.6816580494905387,0.5721425317524984
2012-04-30T12:00:00Z,0.6110721567918141,0.6253192902974812
2012-04-30T13:00:00Z,0.5062016876394235,0.6676637461758933
2012-04-30T14:00:00Z,0.33377043547539686,0.6962216350241246
2012-04-30T15:00:00Z,0.19764049955642832,0.7129624664179155
2012-04-30T16:00:00Z,0.12604623696200787,0.7188709951451357
2012-04-30T17:00:00Z,0.03025109687088189,0.683419822781814
2012-04-30T18:00:00Z,0.0,0.6282735546610914
2012-04-30T19:00:00Z,0.0,0.6450143860548821
2012-04-30T20:00:00Z,0.0,0.683419822781814
2012-04-30T21:00:00Z,0.0,0.7090234472664353
2012-04-30T22:00:00Z,0.0,0.6824350679939439
2012-04-30T23:00:00Z,0.0,0.6942521254483845
2012-05-01T00:00:00Z,0.0,0.7139472212057856
2012-05-01T01:00:00Z,0.0,0.7434898648418871
2012-05-01T02:00:00Z,0.0,0.7651544701750281
2012-05-01T03:00:00Z,0.0,0.7592459414478078
2012-05-01T04:00:00Z,0.002016739791392126,0.7582611866599378
2012-05-01T05:00:00Z,0.026217617288097635,0.7572764318720677
2012-05-01T06:00:00Z,0.13814667571036063,0.8035599069019599
2012-05-01T07:00:00Z,0.31662814724856375,0.8331025505380615
2012-05-01T08:00:00Z,0.3468792441194456,0.8409805888410218
2012-05-01T09:00:00Z,0.3317536956840047,0.8429500984167619
2012-05-01T10:00:00Z,0.2389836652799669,0.8409805888410218
2012-05-01T11:00:00Z,0.27730172131641734,0.8518128915075924
2012-05-01T12:00:00Z,0.3317536956840047,0.8744622516286035
2012-05-01T13:00:00Z,0.2672180223594567,0.8784012707800838
2012-05-01T14:00:00Z,0.19058191028655588,0.8665842133256432
2012-05-01T15:00:00Z,0.13814667571036063,0.8459043627803721
2012-05-01T16:00:00Z,0.07058589269872441,0.8143922095685305
2012-05-01T17:00:00Z,0.042351535619234645,0.760230696235678
2012-05-01T18:00:00Z,0.001008369895696063,0.7070539376906951
2012-05-01T19:00:00Z,0.0,0.6706180105395034
2012-05-01T20:00:00Z,0.0,0.6282735546610914
2012-05-01T21:00:00Z,0.0,0.6459991408427522
2012-05-01T22:00:00Z,0.0,0.6154717424187807
2012-05-01T23:00:00Z,0.0,0.5544169455708375
2012-05-02T00:00:00Z,0.0,0.5169962636317758
2012-05-02T01:00:00Z,0.0,0.4854841104199342
2012-05-02T02:00:00Z,0.0,0.46381950508679304
2012-05-02T03:00:00Z,0.0,0.4460939189051322
2012-05-02T04:00:00Z,0.031259466766577954,0.3761763289663587
2012-05-02T05:00:00Z,0.15730570372858582,0.35057270448173744
2012-05-02T06:00:00Z,0.3499043538065338,0.3939019151480196
2012-05-02T07:00:00Z,0.47191711118575747,0.3968561795116298
2012-05-02T08:00:00Z,0.5062016876394235,0.4313225970870815
2012-05-02T09:00:00Z,0.5425030038844819,0.4805603364805839
2012-05-02T10:00:00Z,0.577795950233844,0.5258590567226062
2012-05-02T11:00:00Z,0.579812690025236,0.562294983873798
2012-05-02T12:00:00Z,0.5384695243016976,0.5721425317524984
2012-05-02T13:00:00Z,0.4477162336890519,0.563279738661668
2012-05-02T14:00:00Z,0.3347788053710929,0.5613102290859279
2012-05-02T15:00:00Z,0.2016739791392126,0.5790358152675888
2012-05-02T16:00:00Z,0.10386209925669447,0.5878986083584192
2012-05-02T17:00:00Z,0.03630131624505826,0.540630378540657
2012-05-02T18:00:00Z,0.001008369895696063,0.4707127886018834
2012-05-02T19:00:00Z,0.0,0.43526161623856163
2012-05-02T20:00:00Z,0.0,0.4421548997536521
2012-05-02T21:00:00Z,0.0,0.47662131732910373
2012-05-02T22:00:00Z,0.0,0.49040788435928445
2012-05-02T23:00:00Z,0.0,0.43723112581430174
2012-05-03T00:00:00Z,0.0,0.4421548997536521
2012-05-03T01:00:00Z,0.0,0.4677585242382733
2012-05-03T02:00:00Z,0.0,0.4096579917539404
2012-05-03T03:00:00Z,0.0,0.4116275013296805
2012-05-03T04:00:00Z,0.029242726975185825,0.45298720242022256
2012-05-03T05:00:00Z,0.13411319612757636,0.482529846056324
2012-05-03T06:00:00Z,0.27125150194224096,0.5455541524800072
2012-05-03T07:00:00Z,0.38822240984298423,0.5101029801166854
2012-05-03T08:00:00Z,0.480992440247022,0.44904818326874235
2012-05-03T09:00:00Z,0.4799840703513259,0.3830696124814491
2012-05-03T10:00:00Z,0.4769589606642377,0.3289080991485964
2012-05-03T11:00:00Z,0.4537664530632283,0.2786856049672239
2012-05-03T12:00:00Z,0.4144400271310818,0.2353563943009417
2012-05-03T13:00:00Z,0.3912475195300724,0.21960031769502095
2012-05-03T14:00:00Z,0.31259466766577954,0.23338688472520158
2012-05-03T15:00:00Z,0.22688322653161416,0.26391428314917315
2012-05-03T16:00:00Z,0.12302112727491966,0.2786856049672239
2012-05-03T17:00:00Z,0.046385015202018896,0.2501277161189924
2012-05-03T18:00:00Z,0.002016739791392126,0.23831065866455187
2012-05-03T19:00:00Z,0.0,0.2284631107858514
2012-05-03T20:00:00Z,0.0,0.2146765437556707
2012-05-03T21:00:00Z,0.0,0.22156982727076105
2012-05-03T22:00:00Z,0.0,0.23240212993733156
2012-05-03T23:00:00Z,0.0,0.23240212993733156
2012-05-04T00:00:00Z,0.0,0.21861556290715087
2012-05-04T01:00:00Z,0.0,0.19301193842252962
2012-05-04T02:00:00Z,0.0,0.16149978521068806
2012-05-04T03:00:00Z,0.0,0.13392665115032668
2012-05-04T04:00:00Z,0.029242726975185825,0.12407910327162618
2012-05-04T05:00:00Z,0.16234755320706612,0.09650596921126481
2012-05-04T06:00:00Z,0.3640215323462787,0.1024144979384851
2012-05-04T07:00:00Z,0.4991430983695512,0.10536876230209524
2012-05-04T08:00:00Z,0.6070386772090298,0.09650596921126481
2012-05-04T09:00:00Z,0.7008170775087637,0.08567366654469426
2012-05-04T10:00:00Z,0.7774531895816645,0.07681087345386382
2012-05-04T11:00:00Z,0.7764448196859685,0.07484136387812372
2012-05-04T12:00:00Z,0.7340932840667337,0.08271940218108413
2012-05-04T13:00:00Z,0.6362814041842156,0.09453645963552472
2012-05-04T14:00:00Z,0.49410124889107077,0.1083230266657054
2012-05-04T15:00:00Z,0.33881228495387716,0.12703336763523634
2012-05-04T16:00:00Z,0.17747310164250707,0.15165223733198754
2012-05-04T17:00:00Z,0.046385015202018896,0.17725586181660882
2012-05-04T18:00:00Z,0.002016739791392126,0.2284631107858514
2012-05-04T19:00:00Z,0.0,0.2993654555124949
2012-05-04T20:00:00Z,0.0,0.35549647842108767
2012-05-04T21:00:00Z,0.0,0.3830696124814491
2012-05-04T22:00:00Z,0.0,0.3850391220571892
2012-05-04T23:00:00Z,0.0,0.3702678002391384
2012-05-05T00:00:00Z,0.0,0.3604202523604379
2012-05-05T01:00:00Z,0.0,0.35746598799682777
2012-05-05T02:00:00Z,0.0,0.35451172363321765
2012-05-05T03:00:00Z,0.0,0.340725156603037
2012-05-05T04:00:00Z,0.034284576453666143,0.3101977581790654
2012-05-05T05:00:00Z,0.14722200477162517,0.33580138266368675
2012-05-05T06:00:00Z,0.28436031058628974,0.462834750298923
2012-05-05T07:00:00Z,0.3862056700515921,0.5248743019347362
2012-05-05T08:00:00Z,0.4527580831675323,0.540630378540657
2012-05-05T09:00:00Z,0.4678836316029732,0.5455541524800072
2012-05-05T10:00:00Z,0.463850152020189,0.5494931716314874
2012-05-05T11:00:00Z,0.4537664530632283,0.5603254742980579
2012-05-05T12:00:00Z,0.4497329734804441,0.5672187578131482
2012-05-05T13:00:00Z,0.37511360119893544,0.5800205700554588
2012-05-05T14:00:00Z,0.29646074933464245,0.583959589206939
2012-05-05T15:00:00Z,0.23595855559287873,0.5790358152675888
2012-05-05T16:00:00Z,0.14621363487592912,0.5573712099344478
2012-05-05T17:00:00Z,0.05243523457619527,0.4982859226622448
2012-05-05T18:00:00Z,0.004033479582784252,0.43723112581430174
2012-05-05T19:00:00Z,0.0,0.41950553963264087
2012-05-05T20:00:00Z,0.0,0.41950553963264087
2012-05-05T21:00:00Z,0.0,0.40374946302672005
2012-05-05T22:00:00Z,0.0,0.4047342178145901
2012-05-05T23:00:00Z,0.0,0.4007951986631099
2012-05-06T00:00:00Z,0.0,0.3968561795116298
2012-05-06T01:00:00Z,0.0,0.39094765078440946
2012-05-06T02:00:00Z,0.0,0.3732220646027486
2012-05-06T03:00:00Z,0.0,0.3584507427846978
2012-05-06T04:00:00Z,0.035292946349362204,0.33284711830007657
2012-05-06T05:00:00Z,0.1633559231027622,0.32595383478498624
2012-05-06T06:00:00Z,0.34889598391083776,0.4431396545415221
2012-05-06T07:00:00Z,0.49208450909967866,0.43526161623856163
2012-05-06T08:00:00Z,0.6019968277305495,0.4076884821782003
2012-05-06T09:00:00Z,0.5818294298166282,0.3781458385420989
2012-05-06T10:00:00Z,0.5888880190865007,0.35352696884534757
2012-05-06T11:00:00Z,0.5868712792951086,0.3367861374515568
2012-05-06T12:00:00Z,0.5515783329457464,0.3161062869062857
2012-05-06T13:00:00Z,0.5122519070136,0.2895179076337944
2012-05-06T14:00:00Z,0.4537664530632283,0.2589905092098229
2012-05-06T15:00:00Z,0.320661626831348,0.23043262036159148
2012-05-06T16:00:00Z,0.160330813415674,0.18808816448317936
2012-05-06T17:00:00Z,0.04840175499341102,0.13786567030180688
2012-05-06T18:00:00Z,0.0030251096870881886,0.08862793090830441
2012-05-06T19:00:00Z,0.0,0.03742068193906186
2012-05-06T20:00:00Z,0.0,0.008862793090830441
2012-05-06T21:00:00Z,0.0,0.00984754787870049
2012-05-06T22:00:00Z,0.0,0.04923773939350245
2012-05-06T23:00:00Z,0.0,0.13195714157458657
2012-05-07T00:00:00Z,0.0,0.23732590387668182
2012-05-07T01:00:00Z,0.0,0.32398432520924614
2012-05-07T02:00:00Z,0.0,0.3712525550270085
2012-05-07T03:00:00Z,0.0,0.3781458385420989
2012-05-07T04:00:00Z,0.040334795827842516,0.30822824860332537
2012-05-07T05:00:00Z,0.160330813415674,0.18119488096808903
2012-05-07T06:00:00Z,0.34284576453666143,0.2166460533314108
2012-05-07T07:00:00Z,0.5203188661791684,0.38799338642079934
2012-05-07T08:00:00Z,0.6514069526196568,0.42639882314773125
2012-05-07T09:00:00Z,0.6856915290733229,0.4421548997536521
2012-05-07T10:00:00Z,0.6181307460616865,0.4470786736930023
2012-05-07T11:00:00Z,0.4759505907685417,0.4421548997536521
2012-05-07T12:00:00Z,0.27427661162932915,0.42147504920838097
2012-05-07T13:00:00Z,0.15932244351997796,0.3919324055722795
2012-05-07T14:00:00Z,0.13209645633618425,0.3653440262997882
2012-05-07T15:00:00Z,0.12503786706631181,0.36829829066339836
2012-05-07T16:00:00Z,0.10184535946530236,0.40571897260246015
2012-05-07T17:00:00Z,0.034284576453666143,0.502224941813725
2012-05-07T18:00:00Z,0.001008369895696063,0.5957766466613796
2012-05-07T19:00:00Z,0.0,0.6203955163581308
2012-05-07T20:00:00Z,0.0,0.5957766466613796
2012-05-07T21:00:00Z,0.0,0.5642644934495381
2012-05-07T22:00:00Z,0.0,0.5347218498134367
2012-05-07T23:00:00Z,0.0,0.5061639609652052
2012-05-08T00:00:00Z,0.0,0.46677376945040316
2012-05-08T01:00:00Z,0.0,0.40867323696607033
2012-05-08T02:00:00Z,0.0,0.38602387684505923
2012-05-08T03:00:00Z,0.0,0.3436794209666471
2012-05-08T04:00:00Z,0.006050219374176377,0.26883805708852343
2012-05-08T05:00:00Z,0.0272259871837937,0.20581375066484026
2012-05-08T06:00:00Z,0.05243523457619527,0.1299876319988465
2012-05-08T07:00:00Z,0.12503786706631181,0.1024144979384851
2012-05-08T08:00:00Z,0.2420087749670551,0.09946023357487496
2012-05-08T09:00:00Z,0.34486250432805354,0.08665842133256431
2012-05-08T10:00:00Z,0.40435632817412126,0.07090234472664353
2012-05-08T11:00:00Z,0.39628936900855277,0.0462834750298923
2012-05-08T12:00:00Z,0.37612197109463147,0.024618869696751224
2012-05-08T13:00:00Z,0.41746513681817005,0.01181705745444059
2012-05-08T14:00:00Z,0.38116382057311177,0.010832302666570539
2012-05-08T15:00:00Z,0.2601594330895842,0.016740831393790834
2012-05-08T16:00:00Z,0.1361299359189685,0.02954264363610147
2012-05-08T17:00:00Z,0.05344360447189133,0.05908528727220294
2012-05-08T18:00:00Z,0.0050418494784803146,0.10339925272635514
2012-05-08T19:00:00Z,0.0,0.14869797296837742
2012-05-08T20:00:00Z,0.0,0.1792253713923489
2012-05-08T21:00:00Z,0.0,0.1851339001195692
2012-05-08T22:00:00Z,0.0,0.19301193842252962
2012-05-08T23:00:00Z,0.0,0.19399669321039967
2012-05-09T00:00:00Z,0.0,0.18611865490743926
2012-05-09T01:00:00Z,0.0,0.1585455208470779
2012-05-09T02:00:00Z,0.0,0.12210959369588609
2012-05-09T03:00:00Z,0.001008369895696063,0.09453645963552472
2012-05-09T04:00:00Z,0.042351535619234645,0.07878038302960393
2012-05-09T05:00:00Z,0.16234755320706612,0.04529872024202226
2012-05-09T06:00:00Z,0.31965325693565194,0.03348166278758167
2012-05-09T07:00:00Z,0.4386409046277874,0.05810053248433289
2012-05-09T08:00:00Z,0.5162853865963842,0.0846889117568242
2012-05-09T09:00:00Z,0.543511373780178,0.1142315553929257
2012-05-09T10:00:00Z,0.369063381824759,0.14574370860476726
2012-05-09T11:00:00Z,0.19663212966073226,0.17233208787725857
2012-05-09T12:00:00Z,0.2369669254885748,0.19399669321039967
2012-05-09T13:00:00Z,0.19764049955642832,0.2166460533314108
2012-05-09T14:00:00Z,0.12604623696200787,0.23732590387668182
2012-05-09T15:00:00Z,0.15327222414580158,0.27376183102787366
2012-05-09T16:00:00Z,0.09075329061264566,0.29247217199740455
2012-05-09T17:00:00Z,0.0433599055149307,0.2501277161189924
2012-05-09T18:00:00Z,0.007058589269872441,0.2501277161189924
2012-05-09T19:00:00Z,0.0,0.26194477357343304
2012-05-09T20:00:00Z,0.0,0.27179232145213356
2012-05-09T21:00:00Z,0.0,0.27671609539148384
2012-05-09T22:00:00Z,0.0,0.2747465858157437
2012-05-09T23:00:00Z,0.0,0.2530819804826026
2012-05-10T00:00:00Z,0.0,0.2166460533314108
2012-05-10T01:00:00Z,0.0,0.18119488096808903
2012-05-10T02:00:00Z,0.0,0.1644540495742982
2012-05-10T03:00:00Z,0.002016739791392126,0.15953027563494795
2012-05-10T04:00:00Z,0.038318056036450394,0.1467284633926373
2012-05-10T05:00:00Z,0.1653726628941543,0.09946023357487496
2012-05-10T06:00:00Z,0.335787175266789,0.061054796847943044
2012-05-10T07:00:00Z,0.5354444146146095,0.040374946302672014
2012-05-10T08:00:00Z,0.6776245699077543,0.03446641757545172
2012-05-10T09:00:00Z,0.7673694906247039,0.036435927151191816
2012-05-10T10:00:00Z,0.802662436974066,0.05022249418137249
2012-05-10T11:00:00Z,0.7835034089558409,0.08271940218108413
2012-05-10T12:00:00Z,0.6514069526196568,0.12210959369588609
2012-05-10T13:00:00Z,0.48603428972550233,0.15362174690772765
2012-05-10T14:00:00Z,0.3327620655797008,0.17824061660447887
2012-05-10T15:00:00Z,0.19461538986934016,0.18907291927104944
2012-05-10T16:00:00Z,0.09882024977821416,0.17134733308938851
2012-05-10T17:00:00Z,0.038318056036450394,0.11915532933227593
2012-05-10T18:00:00Z,0.0030251096870881886,0.10339925272635514
2012-05-10T19:00:00Z,0.0,0.12801812242310637
2012-05-10T20:00:00Z,0.0,0.19793571236187987
2012-05-10T21:00:00Z,0.0,0.30035021030036496
2012-05-10T22:00:00Z,0.0,0.35451172363321765
2012-05-10T23:00:00Z,0.0,0.36435927151191816
2012-05-11T00:00:00Z,0.0,0.36829829066339836
2012-05-11T01:00:00Z,0.0,0.37716108375422874
2012-05-11T02:00:00Z,0.0,0.3692830454512684
2012-05-11T03:00:00Z,0.001008369895696063,0.35648123320895775
2012-05-11T04:00:00Z,0.03630131624505826,0.3092130033911954
2012-05-11T05:00:00Z,0.17444799195541888,0.3436794209666471
2012-05-11T06:00:00Z,0.37612197109463147,0.3712525550270085
2012-05-11T07:00:00Z,0.5586369222156189,0.3761763289663587
2012-05-11T08:00:00Z,0.6998087076130676,0.3948866699358897
2012-05-11T09:00:00Z,0.7945954778084976,0.40571897260246015
2012-05-11T10:00:00Z,0.8419888629062124,0.41359701090542056
2012-05-11T11:00:00Z,0.8440056026976046,0.42541406835986123
2012-05-11T12:00:00Z,0.802662436974066,0.43033784229921146
2012-05-11T13:00:00Z,0.7149342560485086,0.42836833272347136
2012-05-11T14:00:00Z,0.5788043201295401,0.41655127526903074
2012-05-11T15:00:00Z,0.40233958838272915,0.40867323696607033
2012-05-11T16:00:00Z,0.2067158286176929,0.4047342178145901
2012-05-11T17:00:00Z,0.03630131624505826,0.321030060845636
2012-05-11T18:00:00Z,0.008066959165568504,0.241264923028162
2012-05-11T19:00:00Z,0.0,0.2284631107858514
2012-05-11T20:00:00Z,0.0,0.24028016824029194
2012-05-11T21:00:00Z,0.0,0.2520972256947326
2012-05-11T22:00:00Z,0.0,0.2589905092098229
2012-05-11T23:00:00Z,0.0,0.26686854751278327
2012-05-12T00:00:00Z,0.0,0.26982281187639345
2012-05-12T01:00:00Z,0.0,0.26883805708852343
2012-05-12T02:00:00Z,0.0,0.27671609539148384
2012-05-12T03:00:00Z,0.002016739791392126,0.26391428314917315
2012-05-12T04:00:00Z,0.035292946349362204,0.20876801502845038
2012-05-12T05:00:00Z,0.17545636185111493,0.13786567030180688
2012-05-12T06:00:00Z,0.35998805276349444,0.14574370860476726
2012-05-12T07:00:00Z,0.5152770167006882,0.18808816448317936
2012-05-12T08:00:00Z,0.6372897740799118,0.23634114908881176
2012-05-12T09:00:00Z,0.7270346947968613,0.2875483980580543
2012-05-12T10:00:00Z,0.7734197099988802,0.33284711830007657
2012-05-12T11:00:00Z,0.7703946003117921,0.36337451672404814
2012-05-12T12:00:00Z,0.7250179550054693,0.36829829066339836
2012-05-12T13:00:00Z,0.6372897740799118,0.36337451672404814
2012-05-12T14:00:00Z,0.5092267973265118,0.35057270448173744
2012-05-12T15:00:00Z,0.35192109359792595,0.33284711830007657
2012-05-12T16:00:00Z,0.18352332101668342,0.30625873902758527
2012-05-12T17:00:00Z,0.05344360447189133,0.2530819804826026
2012-05-12T18:00:00Z,0.010083698956960629,0.22353933684650115
2012-05-12T19:00:00Z,0.0,0.22353933684650115
2012-05-12T20:00:00Z,0.0,0.2353563943009417
2012-05-12T21:00:00Z,0.0,0.2589905092098229
2012-05-12T22:00:00Z,0.0,0.27179232145213356
2012-05-12T23:00:00Z,0.0,0.26686854751278327
2012-05-13T00:00:00Z,0.0,0.2501277161189924
2012-05-13T01:00:00Z,0.0,0.2343716395130717
2012-05-13T02:00:00Z,0.0,0.22353933684650115
2012-05-13T03:00:00Z,0.0030251096870881886,0.23634114908881176
2012-05-13T04:00:00Z,0.031259466766577954,0.22944786557372146
2012-05-13T05:00:00Z,0.17545636185111493,0.23732590387668182
2012-05-13T06:00:00Z,0.37511360119893544,0.32398432520924614
2012-05-13T07:00:00Z,0.5475448533629622,0.3712525550270085
2012-05-13T08:00:00Z,0.6846831591776268,0.38996289599653944
2012-05-13T09:00:00Z,0.7895536283300173,0.38799338642079934
2012-05-13T10:00:00Z,0.8399721231148204,0.3781458385420989
2012-05-13T11:00:00Z,0.8399721231148204,0.36829829066339836
2012-05-13T12:00:00Z,0.802662436974066,0.35254221405747754
2012-05-13T13:00:00Z,0.7179593657355967,0.3348166278758167
2012-05-13T14:00:00Z,0.5848545395037165,0.3190605512698959
2012-05-13T15:00:00Z,0.4144400271310818,0.301334965088235
2012-05-13T16:00:00Z,0.21579115767895746,0.2589905092098229
2012-05-13T17:00:00Z,0.037309686140754326,0.18907291927104944
2012-05-13T18:00:00Z,0.011092068852656692,0.13392665115032668
2012-05-13T19:00:00Z,0.0,0.09650596921126481
2012-05-13T20:00:00Z,0.0,0.06991758993877348
2012-05-13T21:00:00Z,0.0,0.05810053248433289
2012-05-13T22:00:00Z,0.0,0.05908528727220294
2012-05-13T23:00:00Z,0.0,0.06991758993877348
2012-05-14T00:00:00Z,0.0,0.08862793090830441
2012-05-14T01:00:00Z,0.0,0.12112483890801604
2012-05-14T02:00:00Z,0.0,0.16642355915003829
2012-05-14T03:00:00Z,0.004033479582784252,0.20187473151336002
2012-05-14T04:00:00Z,0.035292946349362204,0.19399669321039967
2012-05-14T05:00:00Z,0.17948984143389918,0.14869797296837742
2012-05-14T06:00:00Z,0.37511360119893544,0.21073752460419048
2012-05-14T07:00:00Z,0.5414946339887858,0.3141367773305457
2012-05-14T08:00:00Z,0.6100637868961181,0.3968561795116298
2012-05-14T09:00:00Z,0.6362814041842156,0.44904818326874235
2012-05-14T10:00:00Z,0.6100637868961181,0.4894231295714144
2012-05-14T11:00:00Z,0.5576285523199228,0.5169962636317758
2012-05-14T12:00:00Z,0.5394778941973938,0.5317675854498265
2012-05-14T13:00:00Z,0.5203188661791684,0.542599888116397
2012-05-14T14:00:00Z,0.46284178212449295,0.5524474359950976
2012-05-14T15:00:00Z,0.335787175266789,0.5603254742980579
2012-05-14T16:00:00Z,0.18554006080807559,0.5504779264193574
2012-05-14T17:00:00Z,0.05949382384606771,0.48154509126845396
2012-05-14T18:00:00Z,0.012100438748352755,0.41753603005690076
2012-05-14T19:00:00Z,0.0,0.45791097635957284
2012-05-14T20:00:00Z,0.0,0.47465180775336363
2012-05-14T21:00:00Z,0.0,0.5150267540560356
2012-05-14T22:00:00Z,0.0,0.5494931716314874
2012-05-14T23:00:00Z,0.0,0.5327523402376966
2012-05-15T00:00:00Z,0.0,0.5317675854498265
2012-05-15T01:00:00Z,0.0,0.5297980758740864
2012-05-15T02:00:00Z,0.0,0.5297980758740864
2012-05-15T03:00:00Z,0.0,0.5376761141770469
2012-05-15T04:00:00Z,0.020167397913921258,0.5455541524800072
2012-05-15T05:00:00Z,0.05949382384606771,0.5435846429042671
2012-05-15T06:00:00Z,0.12604623696200787,0.581990079631199
2012-05-15T07:00:00Z,0.18049821132959526,0.6647094818122832
2012-05-15T08:00:00Z,0.2016739791392126,0.6903131062969043
2012-05-15T09:00:00Z,0.17243125216402677,0.6755417844788537
2012-05-15T10:00:00Z,0.2016739791392126,0.660770462660803
2012-05-15T11:00:00Z,0.36704664203336684,0.6755417844788537
2012-05-15T12:00:00Z,0.36502990224197474,0.6932673706605145
2012-05-15T13:00:00Z,0.31662814724856375,0.7090234472664353
2012-05-15T14:00:00Z,0.24402551475844722,0.723794769084486
2012-05-15T15:00:00Z,0.1300797165447921,0.7050844281149551
2012-05-15T16:00:00Z,0.05646871415897953,0.6548619339335826
2012-05-15T17:00:00Z,0.020167397913921258,0.5957766466613796
2012-05-15T18:00:00Z,0.004033479582784252,0.563279738661668
2012-05-15T19:00:00Z,0.0,0.5169962636317758
2012-05-15T20:00:00Z,0.0,0.4460939189051322
2012-05-15T21:00:00Z,0.0,0.33284711830007657
2012-05-15T22:00:00Z,0.0,0.3151215321184157
2012-05-15T23:00:00Z,0.0,0.23043262036159148
2012-05-16T00:00:00Z,0.0,0.15362174690772765
2012-05-16T01:00:00Z,0.0,0.10733827187783535
2012-05-16T02:00:00Z,0.0,0.07976513781747398
2012-05-16T03:00:00Z,0.0,0.05711577769646285
2012-05-16T04:00:00Z,0.022184137705313384,0.03348166278758167
2012-05-16T05:00:00Z,0.06554404322024408,0.01871034096953093
2012-05-16T06:00:00Z,0.12907134664909606,0.015756076605920787
2012-05-16T07:00:00Z,0.2420087749670551,0.015756076605920787
2012-05-16T08:00:00Z,0.335787175266789,0.01969509575740098
2012-05-16T09:00:00Z,0.34587087422374957,0.020679850545271033
2012-05-16T10:00:00Z,0.34486250432805354,0.014771321818050735
2012-05-16T11:00:00Z,0.4517497132718362,0.00984754787870049
2012-05-16T12:00:00Z,0.4709087412900614,0.004923773939350245
2012-05-16T13:00:00Z,0.5243523457619527,0.003939019151480197
2012-05-16T14:00:00Z,0.47897570045562987,0.014771321818050735
2012-05-16T15:00:00Z,0.3347788053710929,0.026588379272491327
2012-05-16T16:00:00Z,0.14016341550175276,0.06302430642368315
2012-05-16T17:00:00Z,0.05848545395037165,0.14574370860476726
2012-05-16T18:00:00Z,0.010083698956960629,0.21172227939206056
2012-05-16T19:00:00Z,0.0,0.24421918739177217
2012-05-16T20:00:00Z,0.0,0.24224967781603207
2012-05-16T21:00:00Z,0.0,0.2392954134524219
2012-05-16T22:00:00Z,0.0,0.23240212993733156
2012-05-16T23:00:00Z,0.0,0.2353563943009417
2012-05-17T00:00:00Z,0.0,0.2530819804826026
2012-05-17T01:00:00Z,0.0,0.260960018785563
2012-05-17T02:00:00Z,0.0,0.2648990379370432
2012-05-17T03:00:00Z,0.0050418494784803146,0.27080756666426353
2012-05-17T04:00:00Z,0.04436827541062677,0.21172227939206056
2012-05-17T05:00:00Z,0.17041451237263466,0.13491140593819673
2012-05-17T06:00:00Z,0.3468792441194456,0.17430159745299867
2012-05-17T07:00:00Z,0.5112435371179039,0.24520394217964223
2012-05-17T08:00:00Z,0.640314883767,0.29444168157314465
2012-05-17T09:00:00Z,0.721992845318381,0.32201481563350604
2012-05-17T10:00:00Z,0.737118393753822,0.3515574592696075
2012-05-17T11:00:00Z,0.6967835979259794,0.35648123320895775
2012-05-17T12:00:00Z,0.5223356059705606,0.340725156603037
2012-05-17T13:00:00Z,0.3942726292171606,0.30822824860332537
2012-05-17T14:00:00Z,0.38318056036450393,0.29641119114888476
2012-05-17T15:00:00Z,0.3307453257883086,0.29444168157314465
2012-05-17T16:00:00Z,0.17848147153820312,0.2934569267852746
2012-05-17T17:00:00Z,0.06251893353315591,0.3052739842397152
2012-05-17T18:00:00Z,0.014117178539744882,0.3436794209666471
2012-05-17T19:00:00Z,0.0,0.3584507427846978
2012-05-17T20:00:00Z,0.0,0.3367861374515568
2012-05-17T21:00:00Z,0.0,0.321030060845636
2012-05-17T22:00:00Z,0.0,0.2914874172095345
2012-05-17T23:00:00Z,0.0,0.24224967781603207
2012-05-18T00:00:00Z,0.0,0.1969509575740098
2012-05-18T01:00:00Z,0.0,0.17430159745299867
2012-05-18T02:00:00Z,0.0,0.19399669321039967
2012-05-18T03:00:00Z,0.0050418494784803146,0.22944786557372146
2012-05-18T04:00:00Z,0.04537664530632283,0.19399669321039967
2012-05-18T05:00:00Z,0.1734396220597228,0.11226204581718559
2012-05-18T06:00:00Z,0.35393783338931806,0.0984754787870049
2012-05-18T07:00:00Z,0.5102351672222077,0.16346929478642813
2012-05-18T08:00:00Z,0.6302311848100394,0.22452409163437118
2012-05-18T09:00:00Z,0.7038421871958519,0.2501277161189924
2012-05-18T10:00:00Z,0.7300598044839495,0.24323443260390212
2012-05-18T11:00:00Z,0.721992845318381,0.22944786557372146
2012-05-18T12:00:00Z,0.6503985827239606,0.23043262036159148
2012-05-18T13:00:00Z,0.5576285523199228,0.2471734517553823
2012-05-18T14:00:00Z,0.4527580831675323,0.2589905092098229
2012-05-18T15:00:00Z,0.3257034763098284,0.26686854751278327
2012-05-18T16:00:00Z,0.18251495112098737,0.26588379272491325
2012-05-18T17:00:00Z,0.06251893353315591,0.2570209996340828
2012-05-18T18:00:00Z,0.015125548435440945,0.2353563943009417
2012-05-18T19:00:00Z,0.0,0.23240212993733156
2012-05-18T20:00:00Z,0.0,0.22353933684650115
2012-05-18T21:00:00Z,0.0,0.2166460533314108
2012-05-18T22:00:00Z,0.0,0.21369178896780064
2012-05-18T23:00:00Z,0.0,0.21172227939206056
2012-05-19T00:00:00Z,0.0,0.20285948630123007
2012-05-19T01:00:00Z,0.0,0.18808816448317936
2012-05-19T02:00:00Z,0.0,0.17430159745299867
2012-05-19T03:00:00Z,0.007058589269872441,0.1703625783015185
2012-05-19T04:00:00Z,0.05747708405467558,0.14180468945328706
2012-05-19T05:00:00Z,0.12402949717061573,0.09453645963552472
2012-05-19T06:00:00Z,0.2258748566359181,0.09059744048404451
2012-05-19T07:00:00Z,0.4346074250450031,0.1447589538168972
2012-05-19T08:00:00Z,0.5667038813811874,0.19301193842252962
2012-05-19T09:00:00Z,0.579812690025236,0.20975276981632043
2012-05-19T10:00:00Z,0.4346074250450031,0.22156982727076105
2012-05-19T11:00:00Z,0.31057792787438737,0.26391428314917315
2012-05-19T12:00:00Z,0.37108012161615117,0.3161062869062857
2012-05-19T13:00:00Z,0.33881228495387716,0.34466417575451713
2012-05-19T14:00:00Z,0.15428059404149763,0.3456489305423872
2012-05-19T15:00:00Z,0.07663611207290079,0.3436794209666471
2012-05-19T16:00:00Z,0.05747708405467558,0.3289080991485964
2012-05-19T17:00:00Z,0.028234357079489764,0.3052739842397152
2012-05-19T18:00:00Z,0.004033479582784252,0.30428922945184517
2012-05-19T19:00:00Z,0.0,0.32595383478498624
2012-05-19T20:00:00Z,0.0,0.2934569267852746
2012-05-19T21:00:00Z,0.0,0.24028016824029194
2012-05-19T22:00:00Z,0.0,0.17430159745299867
2012-05-19T23:00:00Z,0.0,0.12112483890801604
2012-05-20T00:00:00Z,0.0,0.07385660909025368
2012-05-20T01:00:00Z,0.0,0.0462834750298923
2012-05-20T02:00:00Z,0.0,0.030527398423971522
2012-05-20T03:00:00Z,0.006050219374176377,0.017725586181660882
2012-05-20T04:00:00Z,0.05142686468049921,0.010832302666570539
2012-05-20T05:00:00Z,0.14419689508453698,0.007878038302960393
2012-05-20T06:00:00Z,0.2954523794389464,0.008862793090830441
2012-05-20T07:00:00Z,0.4830091800384141,0.015756076605920787
2012-05-20T08:00:00Z,0.6211558557487747,0.017725586181660882
2012-05-20T09:00:00Z,0.7098924065700283,0.020679850545271033
2012-05-20T10:00:00Z,0.753252312084959,0.02264936012101113
2012-05-20T11:00:00Z,0.7552690518763511,0.02264936012101113
2012-05-20T12:00:00Z,0.720984475422685,0.02264936012101113
2012-05-20T13:00:00Z,0.6322479246014314,0.02264936012101113
2012-05-20T14:00:00Z,0.5152770167006882,0.020679850545271033
2012-05-20T15:00:00Z,0.3277202161012205,0.017725586181660882
2012-05-20T16:00:00Z,0.15629733383288977,0.025603624484621276
2012-05-20T17:00:00Z,0.06352730342885196,0.048252984605632404
2012-05-20T18:00:00Z,0.014117178539744882,0.06696332557516334
2012-05-20T19:00:00Z,0.0,0.06597857078729329
2012-05-20T20:00:00Z,0.0,0.044313965454152206
2012-05-20T21:00:00Z,0.0,0.01969509575740098
2012-05-20T22:00:00Z,0.0,0.007878038302960393
2012-05-20T23:00:00Z,0.0,0.024618869696751224
2012-05-21T00:00:00Z,0.0,0.05810053248433289
2012-05-21T01:00:00Z,0.0,0.10339925272635514
2012-05-21T02:00:00Z,0.0,0.15165223733198754
2012-05-21T03:00:00Z,0.0050418494784803146,0.18907291927104944
2012-05-21T04:00:00Z,0.04739338509771496,0.20384424108910015
2012-05-21T05:00:00Z,0.11394579821365511,0.2520972256947326
2012-05-21T06:00:00Z,0.19965723934782045,0.3101977581790654
2012-05-21T07:00:00Z,0.2994858590217307,0.36829829066339836
2012-05-21T08:00:00Z,0.3640215323462787,0.4204902944205109
2012-05-21T09:00:00Z,0.4144400271310818,0.46677376945040316
2012-05-21T10:00:00Z,0.4356157949406992,0.5169962636317758
2012-05-21T11:00:00Z,0.4678836316029732,0.5691882673888883
2012-05-21T12:00:00Z,0.35696294307640625,0.6272887998732213
2012-05-21T13:00:00Z,0.25511758361110387,0.6765265392667238
2012-05-21T14:00:00Z,0.1633559231027622,0.6972063898119947
2012-05-21T15:00:00Z,0.12907134664909606,0.6981911445998646
2012-05-21T16:00:00Z,0.10487046915239054,0.6873588419332942
2012-05-21T17:00:00Z,0.05747708405467558,0.6410753669034019
2012-05-21T18:00:00Z,0.016133918331137007,0.5435846429042671
2012-05-21T19:00:00Z,0.0,0.4894231295714144
2012-05-21T20:00:00Z,0.0,0.45594146678383274
2012-05-21T21:00:00Z,0.0,0.45298720242022256
2012-05-21T22:00:00Z,0.0,0.46184999551105294
2012-05-21T23:00:00Z,0.0,0.45791097635957284
2012-05-22T00:00:00Z,0.0,0.38897814120866936
2012-05-22T01:00:00Z,0.0,0.3653440262997882
2012-05-22T02:00:00Z,0.0,0.3515574592696075
2012-05-22T03:00:00Z,0.008066959165568504,0.3052739842397152
2012-05-22T04:00:00Z,0.05243523457619527,0.2520972256947326
2012-05-22T05:00:00Z,0.176464731746811,0.27080756666426353
2012-05-22T06:00:00Z,0.35192109359792595,0.2570209996340828
2012-05-22T07:00:00Z,0.5092267973265118,0.23634114908881176
2012-05-22T08:00:00Z,0.6050219374176377,0.22353933684650115
2012-05-22T09:00:00Z,0.6534236924110488,0.2166460533314108
2012-05-22T10:00:00Z,0.6473734730368724,0.20975276981632043
2012-05-22T11:00:00Z,0.6211558557487747,0.19596620278613974
2012-05-22T12:00:00Z,0.6110721567918141,0.17430159745299867
2012-05-22T13:00:00Z,0.5898963889821968,0.14869797296837742
2012-05-22T14:00:00Z,0.5314109350318251,0.12309434848375612
2012-05-22T15:00:00Z,0.38721403994728815,0.0984754787870049
2012-05-22T16:00:00Z,0.19663212966073226,0.06696332557516334
2012-05-22T17:00:00Z,0.06856915290733229,0.02954264363610147
2012-05-22T18:00:00Z,0.016133918331137007,0.004923773939350245
2012-05-22T19:00:00Z,0.0,0.02954264363610147
2012-05-22T20:00:00Z,0.0,0.1024144979384851
2012-05-22T21:00:00Z,0.0,0.20285948630123007
2012-05-22T22:00:00Z,0.0,0.30822824860332537
2012-05-22T23:00:00Z,0.0,0.3968561795116298
2012-05-23T00:00:00Z,0.0,0.4431396545415221
2012-05-23T01:00:00Z,0.0,0.45791097635957284
2012-05-23T02:00:00Z,0.0,0.4539719572080926
2012-05-23T03:00:00Z,0.009075329061264565,0.4116275013296805
2012-05-23T04:00:00Z,0.05747708405467558,0.2895179076337944
2012-05-23T05:00:00Z,0.14419689508453698,0.19202718363465957
2012-05-23T06:00:00Z,0.23797529538427084,0.19399669321039967
2012-05-23T07:00:00Z,0.34385413443235746,0.23831065866455187
2012-05-23T08:00:00Z,0.4406576444191795,0.241264923028162
2012-05-23T09:00:00Z,0.528385825344737,0.24028016824029194
2012-05-23T10:00:00Z,0.641323253662696,0.241264923028162
2012-05-23T11:00:00Z,0.753252312084959,0.2550514900583427
2012-05-23T12:00:00Z,0.7159426259442047,0.281639869330834
2012-05-23T13:00:00Z,0.5838461696080204,0.3249690799971162
2012-05-23T14:00:00Z,0.46183341222879676,0.3702678002391384
2012-05-23T15:00:00Z,0.21478278778326138,0.3653440262997882
2012-05-23T16:00:00Z,0.10991231863087086,0.32693858957285626
2012-05-23T17:00:00Z,0.06453567332454803,0.340725156603037
2012-05-23T18:00:00Z,0.01815065812252913,0.3742068193906186
2012-05-23T19:00:00Z,0.0,0.3348166278758167
2012-05-23T20:00:00Z,0.0,0.28262462411870404
2012-05-23T21:00:00Z,0.0,0.2796703597550939
2012-05-23T22:00:00Z,0.0,0.3052739842397152
2012-05-23T23:00:00Z,0.0,0.30822824860332537
2012-05-24T00:00:00Z,0.0,0.3052739842397152
2012-05-24T01:00:00Z,0.0,0.3190605512698959
2012-05-24T02:00:00Z,0.0,0.3101977581790654
2012-05-24T03:00:00Z,0.002016739791392126,0.28459413369444414
2012-05-24T04:00:00Z,0.025209247392401574,0.29247217199740455
2012-05-24T05:00:00Z,0.12705460685770392,0.3033044746639751
2012-05-24T06:00:00Z,0.241000405071359,0.2836093789065741
2012-05-24T07:00:00Z,0.3095695579786913,0.27573134060361376
2012-05-24T08:00:00Z,0.42956557556652275,0.2796703597550939
2012-05-24T09:00:00Z,0.543511373780178,0.2895179076337944
2012-05-24T10:00:00Z,0.6040135675219417,0.3033044746639751
2012-05-24T11:00:00Z,0.7048505570915479,0.3161062869062857
2012-05-24T12:00:00Z,0.6544320623067449,0.32989285393646645
2012-05-24T13:00:00Z,0.543511373780178,0.3456489305423872
2012-05-24T14:00:00Z,0.4456994938976598,0.35648123320895775
2012-05-24T15:00:00Z,0.32267836662274013,0.3673135358755283
2012-05-24T16:00:00Z,0.18251495112098737,0.3692830454512684
2012-05-24T17:00:00Z,0.05949382384606771,0.3436794209666471
2012-05-24T18:00:00Z,0.009075329061264565,0.3092130033911954
2012-05-24T19:00:00Z,0.0,0.30035021030036496
2012-05-24T20:00:00Z,0.0,0.3033044746639751
2012-05-24T21:00:00Z,0.0,0.31807579648202583
2012-05-24T22:00:00Z,0.0,0.3436794209666471
2012-05-24T23:00:00Z,0.0,0.3515574592696075
2012-05-25T00:00:00Z,0.0,0.34761844011812726
2012-05-25T01:00:00Z,0.0,0.32004530605776593
2012-05-25T02:00:00Z,0.0,0.29050266242166445
2012-05-25T03:00:00Z,0.007058589269872441,0.27080756666426353
2012-05-25T04:00:00Z,0.034284576453666143,0.2520972256947326
2012-05-25T05:00:00Z,0.06352730342885196,0.2895179076337944
2012-05-25T06:00:00Z,0.12302112727491966,0.4047342178145901
2012-05-25T07:00:00Z,0.2016739791392126,0.5179810184196458
2012-05-25T08:00:00Z,0.2692347621508488,0.6203955163581308
2012-05-25T09:00:00Z,0.3267118462055244,0.7011454089634749
2012-05-25T10:00:00Z,0.3095695579786913,0.7493983935691073
2012-05-25T11:00:00Z,0.23293344590579054,0.7523526579327174
2012-05-25T12:00:00Z,0.16940614247693858,0.704099673327085
2012-05-25T13:00:00Z,0.12503786706631181,0.6135022328430405
2012-05-25T14:00:00Z,0.10487046915239054,0.501240187025855
2012-05-25T15:00:00Z,0.08470307123846929,0.3939019151480196
2012-05-25T16:00:00Z,0.05848545395037165,0.35648123320895775
2012-05-25T17:00:00Z,0.0272259871837937,0.3436794209666471
2012-05-25T18:00:00Z,0.004033479582784252,0.3308776087243365
2012-05-25T19:00:00Z,0.0,0.36337451672404814
2012-05-25T20:00:00Z,0.0,0.41950553963264087
2012-05-25T21:00:00Z,0.0,0.46677376945040316
2012-05-25T22:00:00Z,0.0,0.462834750298923
2012-05-25T23:00:00Z,0.0,0.5534321907829677
2012-05-26T00:00:00Z,0.0,0.6213802711460009
2012-05-26T01:00:00Z,0.0,0.6174412519945207
2012-05-26T02:00:00Z,0.0,0.60365468496434
2012-05-26T03:00:00Z,0.002016739791392126,0.5445693976921372
2012-05-26T04:00:00Z,0.026217617288097635,0.43526161623856163
2012-05-26T05:00:00Z,0.07764448196859684,0.36829829066339836
2012-05-26T06:00:00Z,0.23495018569718268,0.4076884821782003
2012-05-26T07:00:00Z,0.49107613920398263,0.4726822981776235
2012-05-26T08:00:00Z,0.6352730342885196,0.5150267540560356
2012-05-26T09:00:00Z,0.736110023858126,0.520935282783256
2012-05-26T10:00:00Z,0.802662436974066,0.5130572444802955
2012-05-26T11:00:00Z,0.8077042864525464,0.48843837478354435
2012-05-26T12:00:00Z,0.7673694906247039,0.45101769284448245
2012-05-26T13:00:00Z,0.6836747892819307,0.40571897260246015
2012-05-26T14:00:00Z,0.5515783329457464,0.36632878108765826
2012-05-26T15:00:00Z,0.37612197109463147,0.3141367773305457
2012-05-26T16:00:00Z,0.19058191028655588,0.23831065866455187
2012-05-26T17:00:00Z,0.07361100238581259,0.1546065016955977
2012-05-26T18:00:00Z,0.02420087749670551,0.13195714157458657
2012-05-26T19:00:00Z,0.0,0.10733827187783535
2012-05-26T20:00:00Z,0.0,0.06499381599942325
2012-05-26T21:00:00Z,0.0,0.027573134060361375
2012-05-26T22:00:00Z,0.0,0.008862793090830441
2012-05-26T23:00:00Z,0.0,0.006893283515090344
2012-05-27T00:00:00Z,0.0,0.015756076605920787
2012-05-27T01:00:00Z,0.0,0.030527398423971522
2012-05-27T02:00:00Z,0.0,0.05711577769646285
2012-05-27T03:00:00Z,0.007058589269872441,0.09453645963552472
2012-05-27T04:00:00Z,0.046385015202018896,0.1102925362414455
2012-05-27T05:00:00Z,0.11797927779643937,0.10635351708996531
2012-05-27T06:00:00Z,0.21579115767895746,0.13294189636245662
2012-05-27T07:00:00Z,0.304527708500211,0.13983517987754696
2012-05-27T08:00:00Z,0.37612197109463147,0.14574370860476726
2012-05-27T09:00:00Z,0.46082504233310073,0.1546065016955977
2012-05-27T10:00:00Z,0.5304025651361292,0.16346929478642813
2012-05-27T11:00:00Z,0.5213272360748645,0.1792253713923489
2012-05-27T12:00:00Z,0.42553209598373853,0.19990522193761998
2012-05-27T13:00:00Z,0.3277202161012205,0.22353933684650115
2012-05-27T14:00:00Z,0.25713432340249603,0.24028016824029194
2012-05-27T15:00:00Z,0.22083300715743778,0.24028016824029194
2012-05-27T16:00:00Z,0.16234755320706612,0.23240212993733156
2012-05-27T17:00:00Z,0.07865285186429291,0.22550884642224123
2012-05-27T18:00:00Z,0.025209247392401574,0.2392954134524219
2012-05-27T19:00:00Z,0.0,0.29739594593675484
2012-05-27T20:00:00Z,0.0,0.35746598799682777
2012-05-27T21:00:00Z,0.0,0.41655127526903074
2012-05-27T22:00:00Z,0.0,0.46381950508679304
2012-05-27T23:00:00Z,0.0,0.47760607211697376
2012-05-28T00:00:00Z,0.0,0.4697280338140134
2012-05-28T01:00:00Z,0.0,0.43723112581430174
2012-05-28T02:00:00Z,0.0,0.380115348117839
2012-05-28T03:00:00Z,0.011092068852656692,0.33777089223942686
2012-05-28T04:00:00Z,0.05546034426328346,0.2570209996340828
2012-05-28T05:00:00Z,0.17545636185111493,0.29739594593675484
2012-05-28T06:00:00Z,0.3468792441194456,0.2589905092098229
2012-05-28T07:00:00Z,0.5485532232586583,0.2284631107858514
2012-05-28T08:00:00Z,0.6947668581345874,0.20975276981632043
2012-05-28T09:00:00Z,0.7925787380171055,0.19399669321039967
2012-05-28T10:00:00Z,0.8349302736363401,0.18611865490743926
2012-05-28T11:00:00Z,0.8349302736363401,0.18316439054382913
2012-05-28T12:00:00Z,0.7956038477041937,0.1792253713923489
2012-05-28T13:00:00Z,0.7179593657355967,0.1644540495742982
2012-05-28T14:00:00Z,0.5898963889821968,0.13786567030180688
2012-05-28T15:00:00Z,0.42351535619234637,0.10930778145357543
2012-05-28T16:00:00Z,0.23091670611439838,0.08074989260534403
2012-05-28T17:00:00Z,0.05546034426328346,0.05514626812072275
2012-05-28T18:00:00Z,0.022184137705313384,0.044313965454152206
2012-05-28T19:00:00Z,0.0,0.030527398423971522
2012-05-28T20:00:00Z,0.0,0.01969509575740098
2012-05-28T21:00:00Z,0.0,0.02363411490888118
2012-05-28T22:00:00Z,0.0,0.048252984605632404
2012-05-28T23:00:00Z,0.0,0.09650596921126481
2012-05-29T00:00:00Z,0.0,0.17233208787725857
2012-05-29T01:00:00Z,0.0,0.25800575442195284
2012-05-29T02:00:00Z,0.0,0.3367861374515568
2012-05-29T03:00:00Z,0.015125548435440945,0.36829829066339836
2012-05-29T04:00:00Z,0.05041849478480315,0.281639869330834
2012-05-29T05:00:00Z,0.19259865007794802,0.23831065866455187
2012-05-29T06:00:00Z,0.37713034099032755,0.3604202523604379
2012-05-29T07:00:00Z,0.5374611544060015,0.4539719572080926
2012-05-29T08:00:00Z,0.6534236924110488,0.502224941813725
2012-05-29T09:00:00Z,0.671574350533578,0.5534321907829677
2012-05-29T10:00:00Z,0.6231725955401668,0.5967614014492497
2012-05-29T11:00:00Z,0.5223356059705606,0.6302430642368314
2012-05-29T12:00:00Z,0.4154483970267779,0.6489534052063624
2012-05-29T13:00:00Z,0.2984774891260346,0.6469838956306223
2012-05-29T14:00:00Z,0.23293344590579054,0.6056241945400801
2012-05-29T15:00:00Z,0.22889996632300627,0.5238895471468661
2012-05-29T16:00:00Z,0.1815065812252913,0.44904818326874235
2012-05-29T17:00:00Z,0.07966122175998898,0.340725156603037
2012-05-29T18:00:00Z,0.02420087749670551,0.28065511454296393
2012-05-29T19:00:00Z,0.0,0.3584507427846978
2012-05-29T20:00:00Z,0.0,0.39981044387523995
2012-05-29T21:00:00Z,0.0,0.3742068193906186
2012-05-29T22:00:00Z,0.0,0.3584507427846978
2012-05-29T23:00:00Z,0.0,0.3436794209666471
2012-05-30T00:00:00Z,0.0,0.33777089223942686
2012-05-30T01:00:00Z,0.0,0.35648123320895775
2012-05-30T02:00:00Z,0.0,0.37716108375422874
2012-05-30T03:00:00Z,0.006050219374176377,0.3702678002391384
2012-05-30T04:00:00Z,0.04134316572353858,0.32792334436072634
2012-05-30T05:00:00Z,0.10991231863087086,0.3249690799971162
2012-05-30T06:00:00Z,0.15629733383288977,0.36337451672404814
2012-05-30T07:00:00Z,0.19965723934782045,0.41359701090542056
2012-05-30T08:00:00Z,0.3408290247452693,0.45101769284448245
2012-05-30T09:00:00Z,0.5808210599209321,0.4854841104199342
2012-05-30T10:00:00Z,0.6251893353315591,0.5169962636317758
2012-05-30T11:00:00Z,0.5495615931543543,0.5169962636317758
2012-05-30T12:00:00Z,0.5646871415897953,0.4805603364805839
2012-05-30T13:00:00Z,0.4658668918115811,0.4076884821782003
2012-05-30T14:00:00Z,0.31965325693565194,0.3101977581790654
2012-05-30T15:00:00Z,0.23293344590579054,0.220585072482891
2012-05-30T16:00:00Z,0.1522638542501055,0.14869797296837742
2012-05-30T17:00:00Z,0.07361100238581259,0.08862793090830441
2012-05-30T18:00:00Z,0.023192507601009448,0.052192003757112596
2012-05-30T19:00:00Z,0.0,0.03348166278758167
2012-05-30T20:00:00Z,0.0,0.026588379272491327
2012-05-30T21:00:00Z,0.0,0.03151215321184157
2012-05-30T22:00:00Z,0.0,0.04529872024202226
2012-05-30T23:00:00Z,0.0,0.061054796847943044
2012-05-31T00:00:00Z,0.0,0.07681087345386382
2012-05-31T01:00:00Z,0.0,0.09158219527191457
2012-05-31T02:00:00Z,0.0,0.1102925362414455
2012-05-31T03:00:00Z,0.012100438748352755,0.1250638580594962
2012-05-31T04:00:00Z,0.0544519743675874,0.11324680060505564
2012-05-31T05:00:00Z,0.12907134664909606,0.0925669500597846
2012-05-31T06:00:00Z,0.2662096524637606,0.1260486128473663
2012-05-31T07:00:00Z,0.46082504233310073,0.19793571236187987
2012-05-31T08:00:00Z,0.5959466083563733,0.26588379272491325
2012-05-31T09:00:00Z,0.6796413096991465,0.2934569267852746
2012-05-31T10:00:00Z,0.7169509958399006,0.3101977581790654
2012-05-31T11:00:00Z,0.7018254474044597,0.3515574592696075
2012-05-31T12:00:00Z,0.6312395547057353,0.3820848576935791
2012-05-31T13:00:00Z,0.6060303073133337,0.3830696124814491
2012-05-31T14:00:00Z,0.5041849478480315,0.3850391220571892
2012-05-31T15:00:00Z,0.35797131297210233,0.3919324055722795
2012-05-31T16:00:00Z,0.1845316909123795,0.3712525550270085
2012-05-31T17:00:00Z,0.07058589269872441,0.3131520225426756
2012-05-31T18:00:00Z,0.01815065812252913,0.27671609539148384
2012-05-31T19:00:00Z,0.0,0.24028016824029194
2012-05-31T20:00:00Z,0.0,0.18217963575595908
2012-05-31T21:00:00Z,0.0,0.14377419902902716
2012-05-31T22:00:00Z,0.0,0.11521631018079574
2012-05-31T23:00:00Z,0.0,0.08665842133256431
2012-06-01T00:00:00Z,0.0,0.056131022908592794
2012-06-01T01:00:00Z,0.0,0.032496907999711624
2012-06-01T02:00:00Z,0.0,0.01871034096953093
2012-06-01T03:00:00Z,0.016133918331137007,0.00984754787870049
2012-06-01T04:00:00Z,0.04537664530632283,0.004923773939350245
2012-06-01T05:00:00Z,0.1845316909123795,0.005908528727220295
2012-06-01T06:00:00Z,0.352929463493622,0.01181705745444059
2012-06-01T07:00:00Z,0.5233439758662566,0.016740831393790834
2012-06-01T08:00:00Z,0.6463651031411763,0.02363411490888118
2012-06-01T09:00:00Z,0.705858926987244,0.03446641757545172
2012-06-01T10:00:00Z,0.7310681743796456,0.048252984605632404
2012-06-01T11:00:00Z,0.7502272023978709,0.06597857078729329
2012-06-01T12:00:00Z,0.7048505570915479,0.08764317612043436
2012-06-01T13:00:00Z,0.624180965435863,0.10438400751422519
2012-06-01T14:00:00Z,0.49410124889107077,0.11226204581718559
2012-06-01T15:00:00Z,0.2984774891260346,0.11718581975653584
2012-06-01T16:00:00Z,0.15327222414580158,0.13392665115032668
2012-06-01T17:00:00Z,0.07562774217720471,0.18316439054382913
2012-06-01T18:00:00Z,0.026217617288097635,0.260960018785563
2012-06-01T19:00:00Z,0.0,0.33974040181516685
2012-06-01T20:00:00Z,0.0,0.4067037273903303
2012-06-01T21:00:00Z,0.0,0.4677585242382733
2012-06-01T22:00:00Z,0.0,0.5169962636317758
2012-06-01T23:00:00Z,0.0,0.5376761141770469
2012-06-02T00:00:00Z,0.0,0.5347218498134367
2012-06-02T01:00:00Z,0.0,0.5130572444802955
2012-06-02T02:00:00Z,0.0,0.4913926391471545
2012-06-02T03:00:00Z,0.016133918331137007,0.440185390177912
2012-06-02T04:00:00Z,0.04537664530632283,0.33580138266368675
2012-06-02T05:00:00Z,0.18352332101668342,0.25800575442195284
2012-06-02T06:00:00Z,0.3559545731807102,0.22353933684650115
2012-06-02T07:00:00Z,0.5082184274308157,0.26588379272491325
2012-06-02T08:00:00Z,0.6251893353315591,0.3111825129669355
2012-06-02T09:00:00Z,0.7028338173001558,0.259975263997693
2012-06-02T10:00:00Z,0.7421602432323023,0.22550884642224123
2012-06-02T11:00:00Z,0.7431686131279983,0.2491429613311224
2012-06-02T12:00:00Z,0.7048505570915479,0.321030060845636
2012-06-02T13:00:00Z,0.6251893353315591,0.38799338642079934
2012-06-02T14:00:00Z,0.41141491744399367,0.28459413369444414
2012-06-02T15:00:00Z,0.28133520089920155,0.23043262036159148
2012-06-02T16:00:00Z,0.17747310164250707,0.28853315284592435
2012-06-02T17:00:00Z,0.06856915290733229,0.3289080991485964
2012-06-02T18:00:00Z,0.014117178539744882,0.3101977581790654
2012-06-02T19:00:00Z,0.0,0.23043262036159148
2012-06-02T20:00:00Z,0.0,0.1388504250896769
2012-06-02T21:00:00Z,0.0,0.0925669500597846
2012-06-02T22:00:00Z,0.0,0.08764317612043436
2012-06-02T23:00:00Z,0.0,0.1102925362414455
2012-06-03T00:00:00Z,0.0,0.13786567030180688
2012-06-03T01:00:00Z,0.0,0.16149978521068806
2012-06-03T02:00:00Z,0.0,0.18217963575595908
2012-06-03T03:00:00Z,0.0050418494784803146,0.17528635224086872
2012-06-03T04:00:00Z,0.04436827541062677,0.14377419902902716
2012-06-03T05:00:00Z,0.14621363487592912,0.13589616072606678
2012-06-03T06:00:00Z,0.2984774891260346,0.11324680060505564
2012-06-03T07:00:00Z,0.4588083025417086,0.08074989260534403
2012-06-03T08:00:00Z,0.5838461696080204,0.043329210666282154
2012-06-03T09:00:00Z,0.6705659806378819,0.027573134060361375
2012-06-03T10:00:00Z,0.7028338173001558,0.026588379272491327
2012-06-03T11:00:00Z,0.6493902128282645,0.030527398423971522
2012-06-03T12:00:00Z,0.5757792104424518,0.035451172363321765
2012-06-03T13:00:00Z,0.448724603584748,0.043329210666282154
2012-06-03T14:00:00Z,0.352929463493622,0.06597857078729329
2012-06-03T15:00:00Z,0.2954523794389464,0.1083230266657054
2012-06-03T16:00:00Z,0.19663212966073226,0.17824061660447887
2012-06-03T17:00:00Z,0.08268633144707715,0.26883805708852343
2012-06-03T18:00:00Z,0.026217617288097635,0.3249690799971162
2012-06-03T19:00:00Z,0.0,0.3456489305423872
2012-06-03T20:00:00Z,0.0,0.340725156603037
2012-06-03T21:00:00Z,0.0,0.3387556470272968
2012-06-03T22:00:00Z,0.0,0.341709911390907
2012-06-03T23:00:00Z,0.0,0.33580138266368675
2012-06-04T00:00:00Z,0.0,0.32398432520924614
2012-06-04T01:00:00Z,0.0,0.31807579648202583
2012-06-04T02:00:00Z,0.0,0.33284711830007657
2012-06-04T03:00:00Z,0.016133918331137007,0.340725156603037
2012-06-04T04:00:00Z,0.05344360447189133,0.2875483980580543
2012-06-04T05:00:00Z,0.17444799195541888,0.21073752460419048
2012-06-04T06:00:00Z,0.3347788053710929,0.17430159745299867
2012-06-04T07:00:00Z,0.4739338509771496,0.23240212993733156
2012-06-04T08:00:00Z,0.5878796491908046,0.3161062869062857
2012-06-04T09:00:00Z,0.6705659806378819,0.3111825129669355
2012-06-04T10:00:00Z,0.720984475422685,0.2747465858157437
2012-06-04T11:00:00Z,0.7230012152140771,0.2353563943009417
2012-06-04T12:00:00Z,0.6866998989690188,0.20285948630123007
2012-06-04T13:00:00Z,0.6120805266875102,0.1900576740589195
2012-06-04T14:00:00Z,0.5011598381609433,0.20876801502845038
2012-06-04T15:00:00Z,0.35998805276349444,0.2353563943009417
2012-06-04T16:00:00Z,0.2046990888263008,0.26686854751278327
2012-06-04T17:00:00Z,0.07058589269872441,0.33580138266368675
2012-06-04T18:00:00Z,0.0272259871837937,0.44904818326874235
2012-06-04T19:00:00Z,0.0,0.5376761141770469
2012-06-04T20:00:00Z,0.0,0.5494931716314874
2012-06-04T21:00:00Z,0.0,0.5297980758740864
2012-06-04T22:00:00Z,0.0,0.5041944513894652
2012-06-04T23:00:00Z,0.0,0.4785908269048438
2012-06-05T00:00:00Z,0.0,0.46381950508679304
2012-06-05T01:00:00Z,0.0,0.4539719572080926
2012-06-05T02:00:00Z,0.0,0.4441244093293921
2012-06-05T03:00:00Z,0.019159028018225197,0.40571897260246015
2012-06-05T04:00:00Z,0.05546034426328346,0.3101977581790654
2012-06-05T05:00:00Z,0.18654843070377164,0.28853315284592435
2012-06-05T06:00:00Z,0.3499043538065338,0.3968561795116298
2012-06-05T07:00:00Z,0.5011598381609433,0.45791097635957284
2012-06-05T08:00:00Z,0.6171223761659905,0.44904818326874235
2012-06-05T09:00:00Z,0.6756078301163622,0.3850391220571892
2012-06-05T10:00:00Z,0.6332562944971275,0.3101977581790654
2012-06-05T11:00:00Z,0.5344360447189134,0.2353563943009417
2012-06-05T12:00:00Z,0.41645676692247396,0.16346929478642813
2012-06-05T13:00:00Z,0.2702431320465449,0.09946023357487496
2012-06-05T14:00:00Z,0.15125548435440941,0.17430159745299867
2012-06-05T15:00:00Z,0.07159426259442046,0.5032096966015951
2012-06-05T16:00:00Z,0.04134316572353858,0.6912978610847744
2012-06-05T17:00:00Z,0.017142288226833072,0.681450313206074
2012-06-05T18:00:00Z,0.0030251096870881886,0.5554017003587076
2012-06-05T19:00:00Z,0.0,0.4539719572080926
2012-06-05T20:00:00Z,0.0,0.40276470823885
2012-06-05T21:00:00Z,0.0,0.36829829066339836
2012-06-05T22:00:00Z,0.0,0.301334965088235
2012-06-05T23:00:00Z,0.0,0.2520972256947326
2012-06-06T00:00:00Z,0.0,0.2540667352704727
2012-06-06T01:00:00Z,0.0,0.26194477357343304
2012-06-06T02:00:00Z,0.0,0.24028016824029194
2012-06-06T03:00:00Z,0.01815065812252913,0.20581375066484026
2012-06-06T04:00:00Z,0.05646871415897953,0.14869797296837742
2012-06-06T05:00:00Z,0.17142288226833072,0.1250638580594962
2012-06-06T06:00:00Z,0.3609964226591905,0.08370415696895417
2012-06-06T07:00:00Z,0.5263690855533449,0.04726822981776236
2012-06-06T08:00:00Z,0.6564488020981369,0.025603624484621276
2012-06-06T09:00:00Z,0.7431686131279983,0.015756076605920787
2012-06-06T10:00:00Z,0.7875368885386251,0.013786567030180687
2012-06-06T11:00:00Z,0.7895536283300173,0.016740831393790834
2012-06-06T12:00:00Z,0.7492188325021747,0.02264936012101113
2012-06-06T13:00:00Z,0.6695576107421858,0.028557888848231426
2012-06-06T14:00:00Z,0.5374611544060015,0.03939019151480196
2012-06-06T15:00:00Z,0.3115862977700834,0.04923773939350245
2012-06-06T16:00:00Z,0.17545636185111493,0.06302430642368315
2012-06-06T17:00:00Z,0.07260263249011652,0.1083230266657054
2012-06-06T18:00:00Z,0.028234357079489764,0.23240212993733156
2012-06-06T19:00:00Z,0.0,0.381100102905709
2012-06-06T20:00:00Z,0.0,0.462834750298923
2012-06-06T21:00:00Z,0.0,0.48843837478354435
2012-06-06T22:00:00Z,0.0,0.4982859226622448
2012-06-06T23:00:00Z,0.0,0.47465180775336363
2012-06-07T00:00:00Z,0.0,0.4067037273903303
2012-06-07T01:00:00Z,0.0,0.3830696124814491
2012-06-07T02:00:00Z,0.0,0.4460939189051322
2012-06-07T03:00:00Z,0.011092068852656692,0.4460939189051322
2012-06-07T04:00:00Z,0.06251893353315591,0.24815820654325235
2012-06-07T05:00:00Z,0.16738940268554645,0.13195714157458657
2012-06-07T06:00:00Z,0.2914188998561622,0.22649360121011128
2012-06-07T07:00:00Z,0.42553209598373853,0.3939019151480196
2012-06-07T08:00:00Z,0.5374611544060015,0.4973011678743747
2012-06-07T09:00:00Z,0.6342646643928236,0.5583559647223177
2012-06-07T10:00:00Z,0.7290514345882535,0.6007004206007299
2012-06-07T11:00:00Z,0.7976205874955858,0.6331973286004415
2012-06-07T12:00:00Z,0.7572857916677432,0.6331973286004415
2012-06-07T13:00:00Z,0.6745994602206661,0.6351668381761816
2012-06-07T14:00:00Z,0.5394778941973938,0.642060121691272
2012-06-07T15:00:00Z,0.37612197109463147,0.6331973286004415
2012-06-07T16:00:00Z,0.20268234903490867,0.5750967961161086
2012-06-07T17:00:00Z,0.07966122175998898,0.46578901466253314
2012-06-07T18:00:00Z,0.03025109687088189,0.422459803996251
2012-06-07T19:00:00Z,0.0,0.462834750298923
2012-06-07T20:00:00Z,0.0,0.4923773939350245
2012-06-07T21:00:00Z,0.0,0.482529846056324
2012-06-07T22:00:00Z,0.0,0.4687432790261434
2012-06-07T23:00:00Z,0.0,0.4441244093293921
2012-06-08T00:00:00Z,0.0,0.42344455878412113
2012-06-08T01:00:00Z,0.0,0.4204902944205109
2012-06-08T02:00:00Z,0.0,0.41950553963264087
2012-06-08T03:00:00Z,0.019159028018225197,0.3742068193906186
2012-06-08T04:00:00Z,0.04537664530632283,0.2570209996340828
2012-06-08T05:00:00Z,0.19159028018225197,0.2934569267852746
2012-06-08T06:00:00Z,0.3730968614075433,0.3456489305423872
2012-06-08T07:00:00Z,0.5374611544060015,0.34860319490599734
2012-06-08T08:00:00Z,0.6645157612637055,0.341709911390907
2012-06-08T09:00:00Z,0.7492188325021747,0.3101977581790654
2012-06-08T10:00:00Z,0.7915703681214095,0.2570209996340828
2012-06-08T11:00:00Z,0.7885452584343212,0.19498144799826972
2012-06-08T12:00:00Z,0.7008170775087637,0.13786567030180688
2012-06-08T13:00:00Z,0.5364527845103054,0.08665842133256431
2012-06-08T14:00:00Z,0.4547748229589244,0.04529872024202226
2012-06-08T15:00:00Z,0.33881228495387716,0.014771321818050735
2012-06-08T16:00:00Z,0.14722200477162517,0.004923773939350245
2012-06-08T17:00:00Z,0.05546034426328346,0.03151215321184157
2012-06-08T18:00:00Z,0.023192507601009448,0.14278944424115708
2012-06-08T19:00:00Z,0.0,0.2934569267852746
2012-06-08T20:00:00Z,0.0,0.35451172363321765
2012-06-08T21:00:00Z,0.0,0.3436794209666471
2012-06-08T22:00:00Z,0.0,0.32595383478498624
2012-06-08T23:00:00Z,0.0,0.3229995704213761
2012-06-09T00:00:00Z,0.0,0.3289080991485964
2012-06-09T01:00:00Z,0.0,0.27671609539148384
2012-06-09T02:00:00Z,0.0,0.20876801502845038
2012-06-09T03:00:00Z,0.007058589269872441,0.17233208787725857
2012-06-09T04:00:00Z,0.03630131624505826,0.1447589538168972
2012-06-09T05:00:00Z,0.09882024977821416,0.1526369921198576
2012-06-09T06:00:00Z,0.1683977725812425,0.18611865490743926
2012-06-09T07:00:00Z,0.15831407362428188,0.19596620278613974
2012-06-09T08:00:00Z,0.1522638542501055,0.18414914533169918
2012-06-09T09:00:00Z,0.2682263922551527,0.16642355915003829
2012-06-09T10:00:00Z,0.23293344590579054,0.1546065016955977
2012-06-09T11:00:00Z,0.38721403994728815,0.12703336763523634
2012-06-09T12:00:00Z,0.37914708078171966,0.06499381599942325
2012-06-09T13:00:00Z,0.3186448870399559,0.02954264363610147
2012-06-09T14:00:00Z,0.23495018569718268,0.027573134060361375
2012-06-09T15:00:00Z,0.2662096524637606,0.04529872024202226
2012-06-09T16:00:00Z,0.19461538986934016,0.061054796847943044
2012-06-09T17:00:00Z,0.09176166050834171,0.11817057454440588
2012-06-09T18:00:00Z,0.029242726975185825,0.2048289958769702
2012-06-09T19:00:00Z,0.0,0.20384424108910015
2012-06-09T20:00:00Z,0.0,0.20384424108910015
2012-06-09T21:00:00Z,0.0,0.2570209996340828
2012-06-09T22:00:00Z,0.0,0.27573134060361376
2012-06-09T23:00:00Z,0.0,0.3052739842397152
2012-06-10T00:00:00Z,0.0,0.3229995704213761
2012-06-10T01:00:00Z,0.0,0.2993654555124949
2012-06-10T02:00:00Z,0.0,0.25603624484621273
2012-06-10T03:00:00Z,0.011092068852656692,0.18119488096808903
2012-06-10T04:00:00Z,0.05747708405467558,0.1142315553929257
2012-06-10T05:00:00Z,0.15528896393719369,0.06893283515090344
2012-06-10T06:00:00Z,0.2954523794389464,0.07681087345386382
2012-06-10T07:00:00Z,0.448724603584748,0.06991758993877348
2012-06-10T08:00:00Z,0.5525867028414425,0.056131022908592794
2012-06-10T09:00:00Z,0.5384695243016976,0.04923773939350245
2012-06-10T10:00:00Z,0.3922558894257685,0.053176758544982654
2012-06-10T11:00:00Z,0.34284576453666143,0.05810053248433289
2012-06-10T12:00:00Z,0.3741052313032393,0.04923773939350245
2012-06-10T13:00:00Z,0.3640215323462787,0.036435927151191816
2012-06-10T14:00:00Z,0.29041052996046607,0.026588379272491327
2012-06-10T15:00:00Z,0.25410921371540784,0.01969509575740098
2012-06-10T16:00:00Z,0.14823037466732122,0.027573134060361375
2012-06-10T17:00:00Z,0.04941012488910708,0.08567366654469426
2012-06-10T18:00:00Z,0.012100438748352755,0.16346929478642813
2012-06-10T19:00:00Z,0.0,0.19399669321039967
2012-06-10T20:00:00Z,0.0,0.19596620278613974
2012-06-10T21:00:00Z,0.0,0.19793571236187987
2012-06-10T22:00:00Z,0.0,0.2166460533314108
2012-06-10T23:00:00Z,0.0,0.24028016824029194
2012-06-11T00:00:00Z,0.0,0.24520394217964223
2012-06-11T01:00:00Z,0.0,0.26785330230065335
2012-06-11T02:00:00Z,0.0,0.28853315284592435
2012-06-11T03:00:00Z,0.017142288226833072,0.2471734517553823
2012-06-11T04:00:00Z,0.06554404322024408,0.15756076605920785
2012-06-11T05:00:00Z,0.16234755320706612,0.09749072399913486
2012-06-11T06:00:00Z,0.28234357079489764,0.0984754787870049
2012-06-11T07:00:00Z,0.32469510641413224,0.13688091551393683
2012-06-11T08:00:00Z,0.3660382721376708,0.19399669321039967
2012-06-11T09:00:00Z,0.4376325347320913,0.24028016824029194
2012-06-11T10:00:00Z,0.4376325347320913,0.21960031769502095
2012-06-11T11:00:00Z,0.47897570045562987,0.15559125648346775
2012-06-11T12:00:00Z,0.5757792104424518,0.10635351708996531
2012-06-11T13:00:00Z,0.5485532232586583,0.07385660909025368
2012-06-11T14:00:00Z,0.45779993264601254,0.048252984605632404
2012-06-11T15:00:00Z,0.336795545162485,0.025603624484621276
2012-06-11T16:00:00Z,0.2016739791392126,0.017725586181660882
2012-06-11T17:00:00Z,0.0867198110298614,0.014771321818050735
2012-06-11T18:00:00Z,0.028234357079489764,0.05120724896924255
2012-06-11T19:00:00Z,0.0,0.1299876319988465
2012-06-11T20:00:00Z,0.0,0.14771321818050737
2012-06-11T21:00:00Z,0.0,0.18217963575595908
2012-06-11T22:00:00Z,0.0,0.3830696124814491
2012-06-11T23:00:00Z,0.0,0.47465180775336363
2012-06-12T00:00:00Z,0.0,0.40867323696607033
2012-06-12T01:00:00Z,0.0,0.2747465858157437
2012-06-12T02:00:00Z,0.0,0.2491429613311224
2012-06-12T03:00:00Z,0.020167397913921258,0.2589905092098229
2012-06-12T04:00:00Z,0.05848545395037165,0.17824061660447887
2012-06-12T05:00:00Z,0.15528896393719369,0.07976513781747398
2012-06-12T06:00:00Z,0.22184137705313384,0.03939019151480196
2012-06-12T07:00:00Z,0.4406576444191795,0.03939019151480196
2012-06-12T08:00:00Z,0.5697289910682756,0.05514626812072275
2012-06-12T09:00:00Z,0.655440432202441,0.05711577769646285
2012-06-12T10:00:00Z,0.7179593657355967,0.06991758993877348
2012-06-12T11:00:00Z,0.7744280798945763,0.07188709951451358
2012-06-12T12:00:00Z,0.737118393753822,0.08173464739321407
2012-06-12T13:00:00Z,0.657457171993833,0.07484136387812372
2012-06-12T14:00:00Z,0.5364527845103054,0.06893283515090344
2012-06-12T15:00:00Z,0.38217219046880785,0.06696332557516334
2012-06-12T16:00:00Z,0.20772419851338894,0.07287185430238363
2012-06-12T17:00:00Z,0.08268633144707715,0.09749072399913486
2012-06-12T18:00:00Z,0.031259466766577954,0.1526369921198576
2012-06-12T19:00:00Z,0.0,0.2520972256947326
2012-06-12T20:00:00Z,0.0,0.341709911390907
2012-06-12T21:00:00Z,0.0,0.36632878108765826
2012-06-12T22:00:00Z,0.0,0.35254221405747754
2012-06-12T23:00:00Z,0.0,0.3101977581790654
2012-06-13T00:00:00Z,0.0,0.2648990379370432
2012-06-13T01:00:00Z,0.0,0.24323443260390212
2012-06-13T02:00:00Z,0.0,0.21566129854354074
2012-06-13T03:00:00Z,0.020167397913921258,0.14968272775624744
2012-06-13T04:00:00Z,0.04436827541062677,0.08074989260534403
2012-06-13T05:00:00Z,0.18755680059946772,0.04529872024202226
2012-06-13T06:00:00Z,0.3630131624505826,0.0423444558784121
2012-06-13T07:00:00Z,0.5203188661791684,0.05514626812072275
2012-06-13T08:00:00Z,0.6443483633497842,0.07976513781747398
2012-06-13T09:00:00Z,0.7280430646925574,0.09650596921126481
2012-06-13T10:00:00Z,0.7703946003117921,0.09946023357487496
2012-06-13T11:00:00Z,0.7734197099988802,0.12407910327162618
2012-06-13T12:00:00Z,0.7330849141710377,0.15165223733198754
2012-06-13T13:00:00Z,0.6483818429325684,0.17627110702873877
2012-06-13T14:00:00Z,0.4567915627503165,0.19596620278613974
2012-06-13T15:00:00Z,0.29746911923033853,0.2471734517553823
2012-06-13T16:00:00Z,0.18352332101668342,0.36337451672404814
2012-06-13T17:00:00Z,0.08066959165568503,0.47760607211697376
2012-06-13T18:00:00Z,0.026217617288097635,0.5554017003587076
2012-06-13T19:00:00Z,0.0,0.5918376275098994
2012-06-13T20:00:00Z,0.0,0.6016851753885999
2012-06-13T21:00:00Z,0.0,0.5672187578131482
2012-06-13T22:00:00Z,0.0,0.4697280338140134
2012-06-13T23:00:00Z,0.0,0.41655127526903074
2012-06-14T00:00:00Z,0.0,0.42147504920838097
2012-06-14T01:00:00Z,0.0,0.42147504920838097
2012-06-14T02:00:00Z,0.0,0.43723112581430174
2012-06-14T03:00:00Z,0.008066959165568504,0.40571897260246015
2012-06-14T04:00:00Z,0.03025109687088189,0.3584507427846978
2012-06-14T05:00:00Z,0.06756078301163622,0.32595383478498624
2012-06-14T06:00:00Z,0.15528896393719369,0.3348166278758167
2012-06-14T07:00:00Z,0.21982463726174173,0.520935282783256
2012-06-14T08:00:00Z,0.32166999672704405,0.6676637461758933
2012-06-14T09:00:00Z,0.4154483970267779,0.7306880525995764
2012-06-14T10:00:00Z,0.5193104962834724,0.7297032978117063
2012-06-14T11:00:00Z,0.560653662007011,0.6676637461758933
2012-06-14T12:00:00Z,0.4527580831675323,0.5120724896924255
2012-06-14T13:00:00Z,0.335787175266789,0.2934569267852746
2012-06-14T14:00:00Z,0.29646074933464245,0.1447589538168972
2012-06-14T15:00:00Z,0.2702431320465449,0.18611865490743926
2012-06-14T16:00:00Z,0.18049821132959526,0.3170910416941558
2012-06-14T17:00:00Z,0.0867198110298614,0.483514600844194
2012-06-14T18:00:00Z,0.032267836662274015,0.5987309110249898
2012-06-14T19:00:00Z,0.0,0.60266993017647
2012-06-14T20:00:00Z,0.0,0.5229047923589961
2012-06-14T21:00:00Z,0.0,0.41950553963264087
2012-06-14T22:00:00Z,0.0,0.42344455878412113
2012-06-14T23:00:00Z,0.0,0.47760607211697376
2012-06-15T00:00:00Z,0.0,0.4923773939350245
2012-06-15T01:00:00Z,0.0,0.44904818326874235
2012-06-15T02:00:00Z,0.0,0.4067037273903303
2012-06-15T03:00:00Z,0.021175767809617323,0.36238976193617806
2012-06-15T04:00:00Z,0.06655241311594015,0.3515574592696075
2012-06-15T05:00:00Z,0.17243125216402677,0.3968561795116298
2012-06-15T06:00:00Z,0.336795545162485,0.40571897260246015
2012-06-15T07:00:00Z,0.5041849478480315,0.3939019151480196
2012-06-15T08:00:00Z,0.6130888965832063,0.36238976193617806
2012-06-15T09:00:00Z,0.655440432202441,0.3289080991485964
2012-06-15T10:00:00Z,0.5626704017984031,0.3052739842397152
2012-06-15T11:00:00Z,0.3660382721376708,0.2786856049672239
2012-06-15T12:00:00Z,0.31561977735286767,0.2520972256947326
2012-06-15T13:00:00Z,0.3700717517204551,0.23240212993733156
2012-06-15T14:00:00Z,0.4315823153579149,0.20088997672548997
2012-06-15T15:00:00Z,0.3115862977700834,0.16346929478642813
2012-06-15T16:00:00Z,0.19764049955642832,0.12703336763523634
2012-06-15T17:00:00Z,0.08772818092555747,0.08567366654469426
2012-06-15T18:00:00Z,0.034284576453666143,0.056131022908592794
2012-06-15T19:00:00Z,0.0,0.03446641757545172
2012-06-15T20:00:00Z,0.0,0.030527398423971522
2012-06-15T21:00:00Z,0.0,0.0423444558784121
2012-06-15T22:00:00Z,0.0,0.06597857078729329
2012-06-15T23:00:00Z,0.0,0.09946023357487496
2012-06-16T00:00:00Z,0.0,0.13097238678671652
2012-06-16T01:00:00Z,0.0,0.1526369921198576
2012-06-16T02:00:00Z,0.0,0.1703625783015185
2012-06-16T03:00:00Z,0.020167397913921258,0.16642355915003829
2012-06-16T04:00:00Z,0.0544519743675874,0.10142974315061504
2012-06-16T05:00:00Z,0.17948984143389918,0.05810053248433289
2012-06-16T06:00:00Z,0.34486250432805354,0.04923773939350245
2012-06-16T07:00:00Z,0.49309287899537474,0.0462834750298923
2012-06-16T08:00:00Z,0.6120805266875102,0.04529872024202226
2012-06-16T09:00:00Z,0.705858926987244,0.040374946302672014
2012-06-16T10:00:00Z,0.7562774217720472,0.03348166278758167
2012-06-16T11:00:00Z,0.7633360110419197,0.026588379272491327
2012-06-16T12:00:00Z,0.7290514345882535,0.021664605333141077
2012-06-16T13:00:00Z,0.6584655418895291,0.016740831393790834
2012-06-16T14:00:00Z,0.54552811357157,0.012801812242310638
2012-06-16T15:00:00Z,0.3993144786956409,0.013786567030180687
2012-06-16T16:00:00Z,0.22789159642731022,0.026588379272491327
2012-06-16T17:00:00Z,0.07159426259442046,0.06203955163581309
2012-06-16T18:00:00Z,0.029242726975185825,0.1526369921198576
2012-06-16T19:00:00Z,0.0,0.2934569267852746
2012-06-16T20:00:00Z,0.0,0.3653440262997882
2012-06-16T21:00:00Z,0.0,0.3584507427846978
2012-06-16T22:00:00Z,0.0,0.340725156603037
2012-06-16T23:00:00Z,0.0,0.340725156603037
2012-06-17T00:00:00Z,0.0,0.3348166278758167
2012-06-17T01:00:00Z,0.0,0.3456489305423872
2012-06-17T02:00:00Z,0.0,0.36337451672404814
2012-06-17T03:00:00Z,0.021175767809617323,0.3190605512698959
2012-06-17T04:00:00Z,0.06352730342885196,0.22353933684650115
2012-06-17T05:00:00Z,0.17747310164250707,0.1644540495742982
2012-06-17T06:00:00Z,0.34889598391083776,0.18021012618021895
2012-06-17T07:00:00Z,0.4991430983695512,0.22944786557372146
2012-06-17T08:00:00Z,0.6140972664789023,0.23831065866455187
2012-06-17T09:00:00Z,0.6836747892819307,0.2314173751494615
2012-06-17T10:00:00Z,0.7189677356312928,0.23338688472520158
2012-06-17T11:00:00Z,0.7250179550054693,0.2353563943009417
2012-06-17T12:00:00Z,0.6917417484474991,0.22452409163437118
2012-06-17T13:00:00Z,0.6211558557487747,0.20187473151336002
2012-06-17T14:00:00Z,0.4840175499341102,0.1851339001195692
2012-06-17T15:00:00Z,0.26217617288097633,0.17233208787725857
2012-06-17T16:00:00Z,0.15831407362428188,0.1792253713923489
2012-06-17T17:00:00Z,0.08268633144707715,0.23831065866455187
2012-06-17T18:00:00Z,0.0272259871837937,0.35746598799682777
2012-06-17T19:00:00Z,0.0,0.4894231295714144
2012-06-17T20:00:00Z,0.0,0.5366913593891768
2012-06-17T21:00:00Z,0.0,0.521920037571126
2012-06-17T22:00:00Z,0.0,0.501240187025855
2012-06-17T23:00:00Z,0.0,0.48745361999567427
2012-06-18T00:00:00Z,0.0,0.46677376945040316
2012-06-18T01:00:00Z,0.0,0.4332921066628216
2012-06-18T02:00:00Z,0.0,0.3939019151480196
2012-06-18T03:00:00Z,0.015125548435440945,0.34269466617877703
2012-06-18T04:00:00Z,0.05243523457619527,0.27179232145213356
2012-06-18T05:00:00Z,0.1331048262318803,0.20876801502845038
2012-06-18T06:00:00Z,0.2752849815250252,0.18217963575595908
2012-06-18T07:00:00Z,0.39528099911285663,0.2225545820586311
2012-06-18T08:00:00Z,0.45779993264601254,0.241264923028162
2012-06-18T09:00:00Z,0.5213272360748645,0.2314173751494615
2012-06-18T10:00:00Z,0.6393065138713039,0.20088997672548997
2012-06-18T11:00:00Z,0.6312395547057353,0.1546065016955977
2012-06-18T12:00:00Z,0.5919131287735889,0.11718581975653584
2012-06-18T13:00:00Z,0.46284178212449295,0.0925669500597846
2012-06-18T14:00:00Z,0.3630131624505826,0.08370415696895417
2012-06-18T15:00:00Z,0.2833519406905937,0.08862793090830441
2012-06-18T16:00:00Z,0.15327222414580158,0.1142315553929257
2012-06-18T17:00:00Z,0.07562774217720471,0.14278944424115708
2012-06-18T18:00:00Z,0.028234357079489764,0.19399669321039967
2012-06-18T19:00:00Z,0.0,0.24520394217964223
2012-06-18T20:00:00Z,0.0,0.2727770762400036
2012-06-18T21:00:00Z,0.0,0.2540667352704727
2012-06-18T22:00:00Z,0.0,0.2343716395130717
2012-06-18T23:00:00Z,0.0,0.24028016824029194
2012-06-19T00:00:00Z,0.0,0.2570209996340828
2012-06-19T01:00:00Z,0.0,0.25800575442195284
2012-06-19T02:00:00Z,0.0,0.22550884642224123
2012-06-19T03:00:00Z,0.019159028018225197,0.15165223733198754
2012-06-19T04:00:00Z,0.06655241311594015,0.06400906121155318
2012-06-19T05:00:00Z,0.1663810327898504,0.0462834750298923
2012-06-19T06:00:00Z,0.3257034763098284,0.08961268569617445
2012-06-19T07:00:00Z,0.42956557556652275,0.17134733308938851
2012-06-19T08:00:00Z,0.5273774554490409,0.23732590387668182
2012-06-19T09:00:00Z,0.6514069526196568,0.2530819804826026
2012-06-19T10:00:00Z,0.6534236924110488,0.2540667352704727
2012-06-19T11:00:00Z,0.5878796491908046,0.2570209996340828
2012-06-19T12:00:00Z,0.40738143786120945,0.2530819804826026
2012-06-19T13:00:00Z,0.22990833621870232,0.23043262036159148
2012-06-19T14:00:00Z,0.21074930820047713,0.19399669321039967
2012-06-19T15:00:00Z,0.23293344590579054,0.17233208787725857
2012-06-19T16:00:00Z,0.1815065812252913,0.15953027563494795
2012-06-19T17:00:00Z,0.08470307123846929,0.13195714157458657
2012-06-19T18:00:00Z,0.03025109687088189,0.11127729102931555
2012-06-19T19:00:00Z,0.0,0.1083230266657054
2012-06-19T20:00:00Z,0.0,0.1102925362414455
2012-06-19T21:00:00Z,0.0,0.10635351708996531
2012-06-19T22:00:00Z,0.0,0.09749072399913486
2012-06-19T23:00:00Z,0.0,0.09453645963552472
2012-06-20T00:00:00Z,0.0,0.08665842133256431
2012-06-20T01:00:00Z,0.0,0.0846889117568242
2012-06-20T02:00:00Z,0.0,0.09355170484765465
2012-06-20T03:00:00Z,0.01815065812252913,0.11817057454440588
2012-06-20T04:00:00Z,0.06151056363745983,0.11226204581718559
2012-06-20T05:00:00Z,0.11596253800504724,0.1142315553929257
2012-06-20T06:00:00Z,0.17545636185111493,0.11718581975653584
2012-06-20T07:00:00Z,0.23999203517566295,0.11226204581718559
2012-06-20T08:00:00Z,0.3781387108860236,0.11718581975653584
2012-06-20T09:00:00Z,0.46183341222879676,0.11620106496866578
2012-06-20T10:00:00Z,0.624180965435863,0.13097238678671652
2012-06-20T11:00:00Z,0.6816580494905387,0.160515030422818
2012-06-20T12:00:00Z,0.7038421871958519,0.18611865490743926
2012-06-20T13:00:00Z,0.5878796491908046,0.20088997672548997
2012-06-20T14:00:00Z,0.46284178212449295,0.20088997672548997
2012-06-20T15:00:00Z,0.3559545731807102,0.19399669321039967
2012-06-20T16:00:00Z,0.1683977725812425,0.18907291927104944
2012-06-20T17:00:00Z,0.08066959165568503,0.18316439054382913
2012-06-20T18:00:00Z,0.033276206557970076,0.19498144799826972
2012-06-20T19:00:00Z,0.0,0.22353933684650115
2012-06-20T20:00:00Z,0.0,0.2343716395130717
2012-06-20T21:00:00Z,0.0,0.2343716395130717
2012-06-20T22:00:00Z,0.0,0.2471734517553823
2012-06-20T23:00:00Z,0.0,0.26194477357343304
2012-06-21T00:00:00Z,0.0,0.27080756666426353
2012-06-21T01:00:00Z,0.0,0.2836093789065741
2012-06-21T02:00:00Z,0.0,0.2895179076337944
2012-06-21T03:00:00Z,0.020167397913921258,0.26194477357343304
2012-06-21T04:00:00Z,0.039326425932146455,0.17134733308938851
2012-06-21T05:00:00Z,0.18755680059946772,0.13688091551393683
2012-06-21T06:00:00Z,0.3730968614075433,0.09552121442339477
2012-06-21T07:00:00Z,0.5384695243016976,0.06302430642368315
2012-06-21T08:00:00Z,0.6675408709507937,0.044313965454152206
2012-06-21T09:00:00Z,0.7512355722935669,0.03446641757545172
2012-06-21T10:00:00Z,0.7956038477041937,0.03151215321184157
2012-06-21T11:00:00Z,0.7986289573912818,0.03446641757545172
2012-06-21T12:00:00Z,0.7603109013548314,0.043329210666282154
2012-06-21T13:00:00Z,0.6826664193862346,0.05514626812072275
2012-06-21T14:00:00Z,0.5646871415897953,0.06991758993877348
2012-06-21T15:00:00Z,0.40738143786120945,0.08862793090830441
2012-06-21T16:00:00Z,0.2319250760100945,0.11620106496866578
2012-06-21T17:00:00Z,0.07260263249011652,0.15559125648346775
2012-06-21T18:00:00Z,0.028234357079489764,0.21861556290715087
2012-06-21T19:00:00Z,0.0,0.2895179076337944
2012-06-21T20:00:00Z,0.0,0.3141367773305457
2012-06-21T21:00:00Z,0.0,0.3033044746639751
2012-06-21T22:00:00Z,0.0,0.28262462411870404
2012-06-21T23:00:00Z,0.0,0.2648990379370432
2012-06-22T00:00:00Z,0.0,0.2540667352704727
2012-06-22T01:00:00Z,0.0,0.24618869696751225
2012-06-22T02:00:00Z,0.0,0.241264923028162
2012-06-22T03:00:00Z,0.020167397913921258,0.22550884642224123
2012-06-22T04:00:00Z,0.04134316572353858,0.1644540495742982
2012-06-22T05:00:00Z,0.1845316909123795,0.1388504250896769
2012-06-22T06:00:00Z,0.3660382721376708,0.12014008412014597
2012-06-22T07:00:00Z,0.528385825344737,0.10438400751422519
2012-06-22T08:00:00Z,0.655440432202441,0.09158219527191457
2012-06-22T09:00:00Z,0.7401435034409102,0.08665842133256431
2012-06-22T10:00:00Z,0.785520148747233,0.09355170484765465
2012-06-22T11:00:00Z,0.7905619982257133,0.1024144979384851
2012-06-22T12:00:00Z,0.7552690518763511,0.10635351708996531
2012-06-22T13:00:00Z,0.6806496795948426,0.10635351708996531
2012-06-22T14:00:00Z,0.5646871415897953,0.1083230266657054
2012-06-22T15:00:00Z,0.4124232873396897,0.1142315553929257
2012-06-22T16:00:00Z,0.23595855559287873,0.12703336763523634
2012-06-22T17:00:00Z,0.07058589269872441,0.16149978521068806
2012-06-22T18:00:00Z,0.0272259871837937,0.22944786557372146
2012-06-22T19:00:00Z,0.0,0.3052739842397152
2012-06-22T20:00:00Z,0.0,0.32693858957285626
2012-06-22T21:00:00Z,0.0,0.3161062869062857
2012-06-22T22:00:00Z,0.0,0.2993654555124949
2012-06-22T23:00:00Z,0.0,0.28065511454296393
2012-06-23T00:00:00Z,0.0,0.25800575442195284
2012-06-23T01:00:00Z,0.0,0.23831065866455187
2012-06-23T02:00:00Z,0.0,0.23240212993733156
2012-06-23T03:00:00Z,0.021175767809617323,0.2353563943009417
2012-06-23T04:00:00Z,0.04436827541062677,0.18611865490743926
2012-06-23T05:00:00Z,0.18554006080807559,0.1388504250896769
2012-06-23T06:00:00Z,0.35393783338931806,0.1299876319988465
2012-06-23T07:00:00Z,0.482000810142718,0.11226204581718559
2012-06-23T08:00:00Z,0.5697289910682756,0.10142974315061504
2012-06-23T09:00:00Z,0.6332562944971275,0.09650596921126481
2012-06-23T10:00:00Z,0.6866998989690188,0.09749072399913486
2012-06-23T11:00:00Z,0.7129175162571164,0.1024144979384851
2012-06-23T12:00:00Z,0.7088840366743322,0.11620106496866578
2012-06-23T13:00:00Z,0.6635073913680094,0.15165223733198754
2012-06-23T14:00:00Z,0.5485532232586583,0.2048289958769702
2012-06-23T15:00:00Z,0.3993144786956409,0.2589905092098229
2012-06-23T16:00:00Z,0.22990833621870232,0.32398432520924614
2012-06-23T17:00:00Z,0.07562774217720471,0.36435927151191816
2012-06-23T18:00:00Z,0.03025109687088189,0.38996289599653944
2012-06-23T19:00:00Z,0.0,0.41458176569329064
2012-06-23T20:00:00Z,0.0,0.41458176569329064
2012-06-23T21:00:00Z,0.0,0.39882568908736993
2012-06-23T22:00:00Z,0.0,0.38799338642079934
2012-06-23T23:00:00Z,0.0,0.38799338642079934
2012-06-24T00:00:00Z,0.0,0.39094765078440946
2012-06-24T01:00:00Z,0.0,0.3939019151480196
2012-06-24T02:00:00Z,0.0,0.41064274654181043
2012-06-24T03:00:00Z,0.021175767809617323,0.380115348117839
2012-06-24T04:00:00Z,0.06352730342885196,0.2648990379370432
2012-06-24T05:00:00Z,0.16436429299845826,0.17528635224086872
2012-06-24T06:00:00Z,0.30856118808299526,0.1900576740589195
2012-06-24T07:00:00Z,0.4537664530632283,0.2520972256947326
2012-06-24T08:00:00Z,0.543511373780178,0.2914874172095345
2012-06-24T09:00:00Z,0.5273774554490409,0.2875483980580543
2012-06-24T10:00:00Z,0.4436827541062677,0.26588379272491325
2012-06-24T11:00:00Z,0.5122519070136,0.2540667352704727
2012-06-24T12:00:00Z,0.6080470471047259,0.24323443260390212
2012-06-24T13:00:00Z,0.6211558557487747,0.23240212993733156
2012-06-24T14:00:00Z,0.5092267973265118,0.20581375066484026
2012-06-24T15:00:00Z,0.36704664203336684,0.17430159745299867
2012-06-24T16:00:00Z,0.21377441788756532,0.1565760112713378
2012-06-24T17:00:00Z,0.0816779615513811,0.1851339001195692
2012-06-24T18:00:00Z,0.031259466766577954,0.24224967781603207
2012-06-24T19:00:00Z,0.0,0.32398432520924614
2012-06-24T20:00:00Z,0.0,0.3939019151480196
2012-06-24T21:00:00Z,0.0,0.41655127526903074
2012-06-24T22:00:00Z,0.0,0.3968561795116298
2012-06-24T23:00:00Z,0.0,0.34663368533025724
2012-06-25T00:00:00Z,0.0,0.29542643636101473
2012-06-25T01:00:00Z,0.0,0.26686854751278327
2012-06-25T02:00:00Z,0.0,0.26391428314917315
2012-06-25T03:00:00Z,0.015125548435440945,0.2540667352704727
2012-06-25T04:00:00Z,0.06050219374176378,0.220585072482891
2012-06-25T05:00:00Z,0.15125548435440941,0.13589616072606678
2012-06-25T06:00:00Z,0.2984774891260346,0.07188709951451358
2012-06-25T07:00:00Z,0.4799840703513259,0.06893283515090344
2012-06-25T08:00:00Z,0.593929868564981,0.14377419902902716
2012-06-25T09:00:00Z,0.6635073913680094,0.19892046714974992
2012-06-25T10:00:00Z,0.6977919678216755,0.29838070072462486
2012-06-25T11:00:00Z,0.6967835979259794,0.45791097635957284
2012-06-25T12:00:00Z,0.6695576107421858,0.6154717424187807
2012-06-25T13:00:00Z,0.6060303073133337,0.6972063898119947
2012-06-25T14:00:00Z,0.5082184274308157,0.7188709951451357
2012-06-25T15:00:00Z,0.37511360119893544,0.7129624664179155
2012-06-25T16:00:00Z,0.21982463726174173,0.6932673706605145
2012-06-25T17:00:00Z,0.07966122175998898,0.6666789913880232
2012-06-25T18:00:00Z,0.031259466766577954,0.6016851753885999
2012-06-25T19:00:00Z,0.0,0.5563864551465776
2012-06-25T20:00:00Z,0.0,0.5741120413282386
2012-06-25T21:00:00Z,0.0,0.6272887998732213
2012-06-25T22:00:00Z,0.0,0.622365025933871
2012-06-25T23:00:00Z,0.0,0.6263040450853512
2012-06-26T00:00:00Z,0.0,0.6302430642368314
2012-06-26T01:00:00Z,0.0,0.6105479684794304
2012-06-26T02:00:00Z,0.0,0.5691882673888883
2012-06-26T03:00:00Z,0.020167397913921258,0.5435846429042671
2012-06-26T04:00:00Z,0.042351535619234645,0.5475236620557473
2012-06-26T05:00:00Z,0.18554006080807559,0.5307828306619564
2012-06-26T06:00:00Z,0.369063381824759,0.5120724896924255
2012-06-26T07:00:00Z,0.5334276748232173,0.5160115088439057
2012-06-26T08:00:00Z,0.6594739117852252,0.5376761141770469
2012-06-26T09:00:00Z,0.7421602432323023,0.5544169455708375
2012-06-26T10:00:00Z,0.7875368885386251,0.5741120413282386
2012-06-26T11:00:00Z,0.7925787380171055,0.5800205700554588
2012-06-26T12:00:00Z,0.7572857916677432,0.5790358152675888
2012-06-26T13:00:00Z,0.6816580494905387,0.5603254742980579
2012-06-26T14:00:00Z,0.5636787716940992,0.5347218498134367
2012-06-26T15:00:00Z,0.4104065475482976,0.5101029801166854
2012-06-26T16:00:00Z,0.23495018569718268,0.47760607211697376
2012-06-26T17:00:00Z,0.07361100238581259,0.4460939189051322
2012-06-26T18:00:00Z,0.028234357079489764,0.3712525550270085
2012-06-26T19:00:00Z,0.0,0.3348166278758167
2012-06-26T20:00:00Z,0.0,0.3456489305423872
2012-06-26T21:00:00Z,0.0,0.3515574592696075
2012-06-26T22:00:00Z,0.0,0.33974040181516685
2012-06-26T23:00:00Z,0.0,0.3161062869062857
2012-06-27T00:00:00Z,0.0,0.2895179076337944
2012-06-27T01:00:00Z,0.0,0.28557888848231416
2012-06-27T02:00:00Z,0.0,0.29444168157314465
2012-06-27T03:00:00Z,0.019159028018225197,0.2727770762400036
2012-06-27T04:00:00Z,0.05646871415897953,0.24028016824029194
2012-06-27T05:00:00Z,0.17747310164250707,0.2343716395130717
2012-06-27T06:00:00Z,0.35192109359792595,0.22156982727076105
2012-06-27T07:00:00Z,0.5142686468049921,0.19990522193761998
2012-06-27T08:00:00Z,0.6393065138713039,0.1851339001195692
2012-06-27T09:00:00Z,0.7159426259442047,0.1693778235136484
2012-06-27T10:00:00Z,0.737118393753822,0.15559125648346775
2012-06-27T11:00:00Z,0.7320765442753416,0.15165223733198754
2012-06-27T12:00:00Z,0.7008170775087637,0.14869797296837742
2012-06-27T13:00:00Z,0.6503985827239606,0.13392665115032668
2012-06-27T14:00:00Z,0.5475448533629622,0.1083230266657054
2012-06-27T15:00:00Z,0.40435632817412126,0.09355170484765465
2012-06-27T16:00:00Z,0.2339418158014866,0.08271940218108413
2012-06-27T17:00:00Z,0.07361100238581259,0.07976513781747398
2012-06-27T18:00:00Z,0.028234357079489764,0.09059744048404451
2012-06-27T19:00:00Z,0.0,0.1102925362414455
2012-06-27T20:00:00Z,0.0,0.10635351708996531
2012-06-27T21:00:00Z,0.0,0.09453645963552472
2012-06-27T22:00:00Z,0.0,0.08764317612043436
2012-06-27T23:00:00Z,0.0,0.08961268569617445
2012-06-28T00:00:00Z,0.0,0.10044498836274499
2012-06-28T01:00:00Z,0.0,0.13097238678671652
2012-06-28T02:00:00Z,0.0,0.1792253713923489
2012-06-28T03:00:00Z,0.019159028018225197,0.21861556290715087
2012-06-28T04:00:00Z,0.038318056036450394,0.16740831393790834
2012-06-28T05:00:00Z,0.18251495112098737,0.160515030422818
2012-06-28T06:00:00Z,0.3620047925548866,0.21073752460419048
2012-06-28T07:00:00Z,0.5213272360748645,0.23338688472520158
2012-06-28T08:00:00Z,0.6443483633497842,0.2353563943009417
2012-06-28T09:00:00Z,0.7260263249011653,0.22156982727076105
2012-06-28T10:00:00Z,0.7673694906247039,0.20285948630123007
2012-06-28T11:00:00Z,0.7673694906247039,0.19498144799826972
2012-06-28T12:00:00Z,0.7290514345882535,0.19399669321039967
2012-06-28T13:00:00Z,0.6534236924110488,0.18808816448317936
2012-06-28T14:00:00Z,0.5384695243016976,0.17134733308938851
2012-06-28T15:00:00Z,0.3912475195300724,0.13589616072606678
2012-06-28T16:00:00Z,0.22385811684452595,0.09749072399913486
2012-06-28T17:00:00Z,0.07361100238581259,0.06794808036303339
2012-06-28T18:00:00Z,0.028234357079489764,0.04923773939350245
2012-06-28T19:00:00Z,0.0,0.030527398423971522
2012-06-28T20:00:00Z,0.0,0.014771321818050735
2012-06-28T21:00:00Z,0.0,0.012801812242310638
2012-06-28T22:00:00Z,0.0,0.03840543672693191
2012-06-28T23:00:00Z,0.0,0.10536876230209524
2012-06-29T00:00:00Z,0.0,0.20581375066484026
2012-06-29T01:00:00Z,0.0,0.3052739842397152
2012-06-29T02:00:00Z,0.0,0.3742068193906186
2012-06-29T03:00:00Z,0.019159028018225197,0.3968561795116298
2012-06-29T04:00:00Z,0.040334795827842516,0.3229995704213761
2012-06-29T05:00:00Z,0.17948984143389918,0.18021012618021895
2012-06-29T06:00:00Z,0.35797131297210233,0.12801812242310637
2012-06-29T07:00:00Z,0.5132602769092961,0.21369178896780064
2012-06-29T08:00:00Z,0.6292228149143433,0.34466417575451713
2012-06-29T09:00:00Z,0.70686729688294,0.42147504920838097
2012-06-29T10:00:00Z,0.7451853529193905,0.5169962636317758
2012-06-29T11:00:00Z,0.7461937228150866,0.5987309110249898
2012-06-29T12:00:00Z,0.70686729688294,0.6410753669034019
2012-06-29T13:00:00Z,0.6292228149143433,0.6450143860548821
2012-06-29T14:00:00Z,0.5132602769092961,0.6450143860548821
2012-06-29T15:00:00Z,0.35494620328501414,0.6725875201152435
2012-06-29T16:00:00Z,0.19259865007794802,0.762200205811418
2012-06-29T17:00:00Z,0.0816779615513811,0.7789410372052089
2012-06-29T18:00:00Z,0.029242726975185825,0.7060691829028252
2012-06-29T19:00:00Z,0.0,0.5760815509039787
2012-06-29T20:00:00Z,0.0,0.5032096966015951
2012-06-29T21:00:00Z,0.0,0.462834750298923
2012-06-29T22:00:00Z,0.0,0.43723112581430174
2012-06-29T23:00:00Z,0.0,0.3712525550270085
2012-06-30T00:00:00Z,0.0,0.32989285393646645
2012-06-30T01:00:00Z,0.0,0.30625873902758527
2012-06-30T02:00:00Z,0.0,0.3033044746639751
2012-06-30T03:00:00Z,0.021175767809617323,0.2648990379370432
2012-06-30T04:00:00Z,0.05142686468049921,0.2570209996340828
2012-06-30T05:00:00Z,0.18049821132959526,0.3348166278758167
2012-06-30T06:00:00Z,0.35494620328501414,0.35057270448173744
2012-06-30T07:00:00Z,0.5092267973265118,0.381100102905709
2012-06-30T08:00:00Z,0.6302311848100394,0.4539719572080926
2012-06-30T09:00:00Z,0.7038421871958519,0.5268438115104762
2012-06-30T10:00:00Z,0.6877082688647149,0.5898681179341593
2012-06-30T11:00:00Z,0.49107613920398263,0.6203955163581308
2012-06-30T12:00:00Z,0.45779993264601254,0.6351668381761816
2012-06-30T13:00:00Z,0.45578319285462043,0.6578161982971928
2012-06-30T14:00:00Z,0.352929463493622,0.6784960488424637
2012-06-30T15:00:00Z,0.3468792441194456,0.7228100142966161
2012-06-30T16:00:00Z,0.19259865007794802,0.7582611866599378
2012-06-30T17:00:00Z,0.0867198110298614,0.7582611866599378
2012-06-30T18:00:00Z,0.031259466766577954,0.7277337882359662
2012-06-30T19:00:00Z,0.0,0.6450143860548821
2012-06-30T20:00:00Z,0.0,0.5878986083584192
2012-06-30T21:00:00Z,0.0,0.5810053248433289
2012-06-30T22:00:00Z,0.0,0.562294983873798
2012-06-30T23:00:00Z,0.0,0.5435846429042671
2012-07-01T00:00:00Z,0.0,0.5435846429042671
2012-07-01T01:00:00Z,0.0,0.5790358152675888
2012-07-01T02:00:00Z,0.0,0.5997156658128598
2012-07-01T03:00:00Z,0.01815065812252913,0.6351668381761816
2012-07-01T04:00:00Z,0.06151056363745983,0.7021301637513448
2012-07-01T05:00:00Z,0.18251495112098737,0.7523526579327174
2012-07-01T06:00:00Z,0.34183739464096535,0.7710629989022484
2012-07-01T07:00:00Z,0.5001514682652473,0.7779562824173387
2012-07-01T08:00:00Z,0.6393065138713039,0.7799257919930789
2012-07-01T09:00:00Z,0.7240095851097732,0.7818953015688189
2012-07-01T10:00:00Z,0.7683778605203999,0.7789410372052089
2012-07-01T11:00:00Z,0.7542606819806551,0.7690934893265082
2012-07-01T12:00:00Z,0.7179593657355967,0.7562916770841978
2012-07-01T13:00:00Z,0.67359109032497,0.7464441292054972
2012-07-01T14:00:00Z,0.5152770167006882,0.7365965813267967
2012-07-01T15:00:00Z,0.352929463493622,0.7297032978117063
2012-07-01T16:00:00Z,0.21074930820047713,0.7257642786602261
2012-07-01T17:00:00Z,0.08772818092555747,0.7129624664179155
2012-07-01T18:00:00Z,0.029242726975185825,0.681450313206074
2012-07-01T19:00:00Z,0.0,0.6361515929640517
2012-07-01T20:00:00Z,0.0,0.6007004206007299
2012-07-01T21:00:00Z,0.0,0.5514626812072275
2012-07-01T22:00:00Z,0.0,0.4982859226622448
2012-07-01T23:00:00Z,0.0,0.462834750298923
2012-07-02T00:00:00Z,0.0,0.4460939189051322
2012-07-02T01:00:00Z,0.0,0.43723112581430174
2012-07-02T02:00:00Z,0.0,0.41655127526903074
2012-07-02T03:00:00Z,0.020167397913921258,0.38799338642079934
2012-07-02T04:00:00Z,0.05243523457619527,0.41458176569329064
2012-07-02T05:00:00Z,0.18251495112098737,0.47957558169271386
2012-07-02T06:00:00Z,0.35494620328501414,0.4894231295714144
2012-07-02T07:00:00Z,0.5041849478480315,0.520935282783256
2012-07-02T08:00:00Z,0.6201474858530787,0.5514626812072275
2012-07-02T09:00:00Z,0.688716638760411,0.540630378540657
2012-07-02T10:00:00Z,0.7330849141710377,0.5366913593891768
2012-07-02T11:00:00Z,0.6695576107421858,0.5357066046013067
2012-07-02T12:00:00Z,0.6453567332454803,0.540630378540657
2012-07-02T13:00:00Z,0.6473734730368724,0.5455541524800072
2012-07-02T14:00:00Z,0.5334276748232173,0.5485084168436173
2012-07-02T15:00:00Z,0.38822240984298423,0.5435846429042671
2012-07-02T16:00:00Z,0.22990833621870232,0.5317675854498265
2012-07-02T17:00:00Z,0.08268633144707715,0.5051792061773351
2012-07-02T18:00:00Z,0.03025109687088189,0.45791097635957284
2012-07-02T19:00:00Z,0.0,0.44904818326874235
2012-07-02T20:00:00Z,0.0,0.4539719572080926
2012-07-02T21:00:00Z,0.0,0.4539719572080926
2012-07-02T22:00:00Z,0.0,0.422459803996251
2012-07-02T23:00:00Z,0.0,0.41655127526903074
2012-07-03T00:00:00Z,0.0,0.4204902944205109
2012-07-03T01:00:00Z,0.0,0.41458176569329064
2012-07-03T02:00:00Z,0.0,0.4293530875113414
2012-07-03T03:00:00Z,0.021175767809617323,0.3653440262997882
2012-07-03T04:00:00Z,0.05041849478480315,0.34761844011812726
2012-07-03T05:00:00Z,0.18755680059946772,0.4431396545415221
2012-07-03T06:00:00Z,0.35797131297210233,0.482529846056324
2012-07-03T07:00:00Z,0.5062016876394235,0.5386608689649168
2012-07-03T08:00:00Z,0.6342646643928236,0.5898681179341593
2012-07-03T09:00:00Z,0.6826664193862346,0.622365025933871
2012-07-03T10:00:00Z,0.6030051976262456,0.6469838956306223
2012-07-03T11:00:00Z,0.6009884578348534,0.6647094818122832
2012-07-03T12:00:00Z,0.5223356059705606,0.6932673706605145
2012-07-03T13:00:00Z,0.33881228495387716,0.7267490334480963
2012-07-03T14:00:00Z,0.15831407362428188,0.7257642786602261
2012-07-03T15:00:00Z,0.10184535946530236,0.6912978610847744
2012-07-03T16:00:00Z,0.09579514009112598,0.6794808036303337
2012-07-03T17:00:00Z,0.05949382384606771,0.681450313206074
2012-07-03T18:00:00Z,0.01815065812252913,0.7011454089634749
2012-07-03T19:00:00Z,0.0,0.7247795238723561
2012-07-03T20:00:00Z,0.0,0.7533374127205875
2012-07-03T21:00:00Z,0.0,0.7562916770841978
2012-07-03T22:00:00Z,0.0,0.7365965813267967
2012-07-03T23:00:00Z,0.0,0.7306880525995764
2012-07-04T00:00:00Z,0.0,0.7316728073874463
2012-07-04T01:00:00Z,0.0,0.7090234472664353
2012-07-04T02:00:00Z,0.0,0.6716027653273735
2012-07-04T03:00:00Z,0.010083698956960629,0.6243345355096112
2012-07-04T04:00:00Z,0.046385015202018896,0.5504779264193574
2012-07-04T05:00:00Z,0.12705460685770392,0.5760815509039787
2012-07-04T06:00:00Z,0.21679952757465354,0.6115327232673005
2012-07-04T07:00:00Z,0.34284576453666143,0.5908528727220295
2012-07-04T08:00:00Z,0.49410124889107077,0.5662340030252782
2012-07-04T09:00:00Z,0.6645157612637055,0.5435846429042671
2012-07-04T10:00:00Z,0.7441769830236944,0.5248743019347362
2012-07-04T11:00:00Z,0.7512355722935669,0.521920037571126
2012-07-04T12:00:00Z,0.7149342560485086,0.520935282783256
2012-07-04T13:00:00Z,0.6423316235583921,0.5091182253288153
2012-07-04T14:00:00Z,0.5273774554490409,0.4913926391471545
2012-07-04T15:00:00Z,0.37914708078171966,0.4805603364805839
2012-07-04T16:00:00Z,0.22486648674022205,0.46677376945040316
2012-07-04T17:00:00Z,0.0867198110298614,0.44904818326874235
2012-07-04T18:00:00Z,0.028234357079489764,0.3939019151480196
2012-07-04T19:00:00Z,0.0,0.36337451672404814
2012-07-04T20:00:00Z,0.0,0.34761844011812726
2012-07-04T21:00:00Z,0.0,0.33777089223942686
2012-07-04T22:00:00Z,0.0,0.3387556470272968
2012-07-04T23:00:00Z,0.0,0.3190605512698959
2012-07-05T00:00:00Z,0.0,0.2796703597550939
2012-07-05T01:00:00Z,0.0,0.2648990379370432
2012-07-05T02:00:00Z,0.0,0.23831065866455187
2012-07-05T03:00:00Z,0.008066959165568504,0.20384424108910015
2012-07-05T04:00:00Z,0.04941012488910708,0.20187473151336002
2012-07-05T05:00:00Z,0.08873655082125353,0.24618869696751225
2012-07-05T06:00:00Z,0.12100438748352756,0.29542643636101473
2012-07-05T07:00:00Z,0.2591510631938882,0.36140500714830803
2012-07-05T08:00:00Z,0.35192109359792595,0.39981044387523995
2012-07-05T09:00:00Z,0.4981347284738551,0.4342768614506916
2012-07-05T10:00:00Z,0.46990037139436536,0.4923773939350245
2012-07-05T11:00:00Z,0.37108012161615117,0.5849443439948091
2012-07-05T12:00:00Z,0.17848147153820312,0.6509229147821024
2012-07-05T13:00:00Z,0.14016341550175276,0.6528924243578426
2012-07-05T14:00:00Z,0.14823037466732122,0.6341820833883116
2012-07-05T15:00:00Z,0.12907134664909606,0.6272887998732213
2012-07-05T16:00:00Z,0.10587883904808659,0.6203955163581308
2012-07-05T17:00:00Z,0.09377840029973386,0.6331973286004415
2012-07-05T18:00:00Z,0.035292946349362204,0.6331973286004415
2012-07-05T19:00:00Z,0.0,0.6203955163581308
2012-07-05T20:00:00Z,0.0,0.6331973286004415
2012-07-05T21:00:00Z,0.0,0.6213802711460009
2012-07-05T22:00:00Z,0.0,0.6302430642368314
2012-07-05T23:00:00Z,0.0,0.6637247270244131
2012-07-06T00:00:00Z,0.0,0.6528924243578426
2012-07-06T01:00:00Z,0.0,0.6371363477519217
2012-07-06T02:00:00Z,0.0,0.6440296312670121
2012-07-06T03:00:00Z,0.0050418494784803146,0.6144869876309106
2012-07-06T04:00:00Z,0.046385015202018896,0.5908528727220295
2012-07-06T05:00:00Z,0.15428059404149763,0.6676637461758933
2012-07-06T06:00:00Z,0.30251096870881883,0.6784960488424637
2012-07-06T07:00:00Z,0.44166601431487557,0.6548619339335826
2012-07-06T08:00:00Z,0.5546034426328347,0.6479686504184923
2012-07-06T09:00:00Z,0.6110721567918141,0.6430448764791421
2012-07-06T10:00:00Z,0.5989717180434614,0.6440296312670121
2012-07-06T11:00:00Z,0.5586369222156189,0.6430448764791421
2012-07-06T12:00:00Z,0.5203188661791684,0.6440296312670121
2012-07-06T13:00:00Z,0.5092267973265118,0.6410753669034019
2012-07-06T14:00:00Z,0.46284178212449295,0.6371363477519217
2012-07-06T15:00:00Z,0.31360303756147556,0.6341820833883116
2012-07-06T16:00:00Z,0.1663810327898504,0.6203955163581308
2012-07-06T17:00:00Z,0.06856915290733229,0.5760815509039787
2012-07-06T18:00:00Z,0.0272259871837937,0.5101029801166854
2012-07-06T19:00:00Z,0.0,0.462834750298923
2012-07-06T20:00:00Z,0.0,0.44904818326874235
2012-07-06T21:00:00Z,0.0,0.4431396545415221
2012-07-06T22:00:00Z,0.0,0.440185390177912
2012-07-06T23:00:00Z,0.0,0.4323073518749515
2012-07-07T00:00:00Z,0.0,0.4047342178145901
2012-07-07T01:00:00Z,0.0,0.39094765078440946
2012-07-07T02:00:00Z,0.0,0.36829829066339836
2012-07-07T03:00:00Z,0.007058589269872441,0.3289080991485964
2012-07-07T04:00:00Z,0.04134316572353858,0.3456489305423872
2012-07-07T05:00:00Z,0.1089039487351748,0.4431396545415221
2012-07-07T06:00:00Z,0.22789159642731022,0.4854841104199342
2012-07-07T07:00:00Z,0.3993144786956409,0.4923773939350245
2012-07-07T08:00:00Z,0.5898963889821968,0.4953316582986347
2012-07-07T09:00:00Z,0.6907333785518031,0.5002554322379849
2012-07-07T10:00:00Z,0.7340932840667337,0.4982859226622448
2012-07-07T11:00:00Z,0.7149342560485086,0.4913926391471545
2012-07-07T12:00:00Z,0.6645157612637055,0.482529846056324
2012-07-07T13:00:00Z,0.5888880190865007,0.4677585242382733
2012-07-07T14:00:00Z,0.47897570045562987,0.4421548997536521
2012-07-07T15:00:00Z,0.352929463493622,0.41753603005690076
2012-07-07T16:00:00Z,0.21478278778326138,0.40276470823885
2012-07-07T17:00:00Z,0.08470307123846929,0.37716108375422874
2012-07-07T18:00:00Z,0.026217617288097635,0.33777089223942686
2012-07-07T19:00:00Z,0.0,0.3820848576935791
2012-07-07T20:00:00Z,0.0,0.4382158806021718
2012-07-07T21:00:00Z,0.0,0.47760607211697376
2012-07-07T22:00:00Z,0.0,0.47760607211697376
2012-07-07T23:00:00Z,0.0,0.46381950508679304
2012-07-08T00:00:00Z,0.0,0.4362463710264317
2012-07-08T01:00:00Z,0.0,0.4076884821782003
2012-07-08T02:00:00Z,0.0,0.3791305933299689
2012-07-08T03:00:00Z,0.017142288226833072,0.3249690799971162
2012-07-08T04:00:00Z,0.04941012488910708,0.29542643636101473
2012-07-08T05:00:00Z,0.17545636185111493,0.340725156603037
2012-07-08T06:00:00Z,0.352929463493622,0.32989285393646645
2012-07-08T07:00:00Z,0.5193104962834724,0.3289080991485964
2012-07-08T08:00:00Z,0.6483818429325684,0.340725156603037
2012-07-08T09:00:00Z,0.736110023858126,0.3495879496938674
2012-07-08T10:00:00Z,0.7824950390601448,0.3594354975725679
2012-07-08T11:00:00Z,0.7814866691644488,0.3742068193906186
2012-07-08T12:00:00Z,0.7351016539624298,0.3850391220571892
2012-07-08T13:00:00Z,0.6524153225153527,0.38897814120866936
2012-07-08T14:00:00Z,0.5172937564920803,0.3830696124814491
2012-07-08T15:00:00Z,0.34889598391083776,0.3712525550270085
2012-07-08T16:00:00Z,0.19764049955642832,0.36829829066339836
2012-07-08T17:00:00Z,0.08066959165568503,0.35451172363321765
2012-07-08T18:00:00Z,0.025209247392401574,0.3052739842397152
2012-07-08T19:00:00Z,0.0,0.3456489305423872
2012-07-08T20:00:00Z,0.0,0.40571897260246015
2012-07-08T21:00:00Z,0.0,0.40867323696607033
2012-07-08T22:00:00Z,0.0,0.4067037273903303
2012-07-08T23:00:00Z,0.0,0.40276470823885
2012-07-09T00:00:00Z,0.0,0.3939019151480196
2012-07-09T01:00:00Z,0.0,0.38996289599653944
2012-07-09T02:00:00Z,0.0,0.3968561795116298
2012-07-09T03:00:00Z,0.017142288226833072,0.36435927151191816
2012-07-09T04:00:00Z,0.046385015202018896,0.29542643636101473
2012-07-09T05:00:00Z,0.176464731746811,0.3249690799971162
2012-07-09T06:00:00Z,0.352929463493622,0.33284711830007657
2012-07-09T07:00:00Z,0.5102351672222077,0.3456489305423872
2012-07-09T08:00:00Z,0.6292228149143433,0.3495879496938674
2012-07-09T09:00:00Z,0.7098924065700283,0.34761844011812726
2012-07-09T10:00:00Z,0.7421602432323023,0.34860319490599734
2012-07-09T11:00:00Z,0.7139258861528125,0.36337451672404814
2012-07-09T12:00:00Z,0.6524153225153527,0.38405436726931913
2012-07-09T13:00:00Z,0.5515783329457464,0.3968561795116298
2012-07-09T14:00:00Z,0.3922558894257685,0.39784093429949985
2012-07-09T15:00:00Z,0.23293344590579054,0.39882568908736993
2012-07-09T16:00:00Z,0.15428059404149763,0.3968561795116298
2012-07-09T17:00:00Z,0.08470307123846929,0.33777089223942686
2012-07-09T18:00:00Z,0.0272259871837937,0.28853315284592435
2012-07-09T19:00:00Z,0.0,0.35254221405747754
2012-07-09T20:00:00Z,0.0,0.4047342178145901
2012-07-09T21:00:00Z,0.0,0.41359701090542056
2012-07-09T22:00:00Z,0.0,0.3968561795116298
2012-07-09T23:00:00Z,0.0,0.37519157417848864
2012-07-10T00:00:00Z,0.0,0.35648123320895775
2012-07-10T01:00:00Z,0.0,0.3308776087243365
2012-07-10T02:00:00Z,0.0,0.29542643636101473
2012-07-10T03:00:00Z,0.016133918331137007,0.24028016824029194
2012-07-10T04:00:00Z,0.0544519743675874,0.13688091551393683
2012-07-10T05:00:00Z,0.1683977725812425,0.08567366654469426
2012-07-10T06:00:00Z,0.3317536956840047,0.056131022908592794
2012-07-10T07:00:00Z,0.49006776930828655,0.03939019151480196
2012-07-10T08:00:00Z,0.6181307460616865,0.02954264363610147
2012-07-10T09:00:00Z,0.7028338173001558,0.020679850545271033
2012-07-10T10:00:00Z,0.7431686131279983,0.014771321818050735
2012-07-10T11:00:00Z,0.7512355722935669,0.010832302666570539
2012-07-10T12:00:00Z,0.7098924065700283,0.007878038302960393
2012-07-10T13:00:00Z,0.6302311848100394,0.0029542643636101475
2012-07-10T14:00:00Z,0.5162853865963842,0.0029542643636101475
2012-07-10T15:00:00Z,0.37612197109463147,0.003939019151480197
2012-07-10T16:00:00Z,0.19764049955642832,0.003939019151480197
2012-07-10T17:00:00Z,0.07966122175998898,0.014771321818050735
2012-07-10T18:00:00Z,0.021175767809617323,0.04529872024202226
2012-07-10T19:00:00Z,0.0,0.09552121442339477
2012-07-10T20:00:00Z,0.0,0.13491140593819673
2012-07-10T21:00:00Z,0.0,0.16149978521068806
2012-07-10T22:00:00Z,0.0,0.17627110702873877
2012-07-10T23:00:00Z,0.0,0.17430159745299867
2012-07-11T00:00:00Z,0.0,0.1546065016955977
2012-07-11T01:00:00Z,0.0,0.12900287721097642
2012-07-11T02:00:00Z,0.0,0.1024144979384851
2012-07-11T03:00:00Z,0.0050418494784803146,0.07484136387812372
2012-07-11T04:00:00Z,0.032267836662274015,0.0423444558784121
2012-07-11T05:00:00Z,0.08369470134277322,0.02264936012101113
2012-07-11T06:00:00Z,0.15528896393719369,0.01969509575740098
2012-07-11T07:00:00Z,0.2389836652799669,0.020679850545271033
2012-07-11T08:00:00Z,0.33881228495387716,0.02363411490888118
2012-07-11T09:00:00Z,0.37713034099032755,0.026588379272491327
2012-07-11T10:00:00Z,0.34587087422374957,0.026588379272491327
2012-07-11T11:00:00Z,0.31360303756147556,0.02363411490888118
2012-07-11T12:00:00Z,0.24705062444553538,0.024618869696751224
2012-07-11T13:00:00Z,0.2339418158014866,0.025603624484621276
2012-07-11T14:00:00Z,0.18755680059946772,0.027573134060361375
2012-07-11T15:00:00Z,0.14823037466732122,0.027573134060361375
2012-07-11T16:00:00Z,0.10487046915239054,0.024618869696751224
2012-07-11T17:00:00Z,0.06251893353315591,0.028557888848231426
2012-07-11T18:00:00Z,0.021175767809617323,0.03939019151480196
2012-07-11T19:00:00Z,0.0,0.06893283515090344
2012-07-11T20:00:00Z,0.0,0.11324680060505564
2012-07-11T21:00:00Z,0.0,0.1506674825441175
2012-07-11T22:00:00Z,0.0,0.16740831393790834
2012-07-11T23:00:00Z,0.0,0.16642355915003829
2012-07-12T00:00:00Z,0.0,0.160515030422818
2012-07-12T01:00:00Z,0.0,0.1585455208470779
2012-07-12T02:00:00Z,0.0,0.1565760112713378
2012-07-12T03:00:00Z,0.014117178539744882,0.1565760112713378
2012-07-12T04:00:00Z,0.0544519743675874,0.12407910327162618
2012-07-12T05:00:00Z,0.16133918331137007,0.10733827187783535
2012-07-12T06:00:00Z,0.3317536956840047,0.11324680060505564
2012-07-12T07:00:00Z,0.5001514682652473,0.12112483890801604
2012-07-12T08:00:00Z,0.6292228149143433,0.12703336763523634
2012-07-12T09:00:00Z,0.7159426259442047,0.13294189636245662
2012-07-12T10:00:00Z,0.7502272023978709,0.140819934665417
2012-07-12T11:00:00Z,0.7472020927107825,0.1467284633926373
2012-07-12T12:00:00Z,0.6998087076130676,0.14574370860476726
2012-07-12T13:00:00Z,0.6211558557487747,0.13786567030180688
2012-07-12T14:00:00Z,0.5072100575351196,0.1299876319988465
2012-07-12T15:00:00Z,0.36704664203336684,0.13097238678671652
2012-07-12T16:00:00Z,0.21377441788756532,0.1388504250896769
2012-07-12T17:00:00Z,0.07663611207290079,0.13097238678671652
2012-07-12T18:00:00Z,0.025209247392401574,0.12112483890801604
2012-07-12T19:00:00Z,0.0,0.1546065016955977
2012-07-12T20:00:00Z,0.0,0.23043262036159148
2012-07-12T21:00:00Z,0.0,0.3121672677548056
2012-07-12T22:00:00Z,0.0,0.35352696884534757
2012-07-12T23:00:00Z,0.0,0.3594354975725679
2012-07-13T00:00:00Z,0.0,0.3653440262997882
2012-07-13T01:00:00Z,0.0,0.36337451672404814
2012-07-13T02:00:00Z,0.0,0.3515574592696075
2012-07-13T03:00:00Z,0.014117178539744882,0.30035021030036496
2012-07-13T04:00:00Z,0.06050219374176378,0.23240212993733156
2012-07-13T05:00:00Z,0.15629733383288977,0.2146765437556707
2012-07-13T06:00:00Z,0.2561259535068,0.17233208787725857
2012-07-13T07:00:00Z,0.3912475195300724,0.13195714157458657
2012-07-13T08:00:00Z,0.5152770167006882,0.10438400751422519
2012-07-13T09:00:00Z,0.6080470471047259,0.08567366654469426
2012-07-13T10:00:00Z,0.6433399934540881,0.07681087345386382
2012-07-13T11:00:00Z,0.6443483633497842,0.08074989260534403
2012-07-13T12:00:00Z,0.5556118125285308,0.08961268569617445
2012-07-13T13:00:00Z,0.46183341222879676,0.09946023357487496
2012-07-13T14:00:00Z,0.38822240984298423,0.10536876230209524
2012-07-13T15:00:00Z,0.3004942289174267,0.1142315553929257
2012-07-13T16:00:00Z,0.1683977725812425,0.11915532933227593
2012-07-13T17:00:00Z,0.08268633144707715,0.11620106496866578
2012-07-13T18:00:00Z,0.022184137705313384,0.10930778145357543
2012-07-13T19:00:00Z,0.0,0.10536876230209524
2012-07-13T20:00:00Z,0.0,0.10044498836274499
2012-07-13T21:00:00Z,0.0,0.09946023357487496
2012-07-13T22:00:00Z,0.0,0.11127729102931555
2012-07-13T23:00:00Z,0.0,0.13392665115032668
2012-07-14T00:00:00Z,0.0,0.1585455208470779
2012-07-14T01:00:00Z,0.0,0.17824061660447887
2012-07-14T02:00:00Z,0.0,0.1851339001195692
2012-07-14T03:00:00Z,0.008066959165568504,0.17430159745299867
2012-07-14T04:00:00Z,0.05243523457619527,0.17430159745299867
2012-07-14T05:00:00Z,0.11192905842226297,0.17430159745299867
2012-07-14T06:00:00Z,0.14520526498023303,0.17627110702873877
2012-07-14T07:00:00Z,0.24805899434123146,0.18414914533169918
2012-07-14T08:00:00Z,0.3620047925548866,0.19399669321039967
2012-07-14T09:00:00Z,0.5132602769092961,0.19793571236187987
2012-07-14T10:00:00Z,0.7542606819806551,0.21172227939206056
2012-07-14T11:00:00Z,0.7794699293730567,0.24028016824029194
2012-07-14T12:00:00Z,0.7431686131279983,0.28459413369444414
2012-07-14T13:00:00Z,0.6655241311594016,0.3249690799971162
2012-07-14T14:00:00Z,0.5354444146146095,0.36435927151191816
2012-07-14T15:00:00Z,0.352929463493622,0.40177995345097994
2012-07-14T16:00:00Z,0.18251495112098737,0.4293530875113414
2012-07-14T17:00:00Z,0.07461937228150865,0.42836833272347136
2012-07-14T18:00:00Z,0.014117178539744882,0.3939019151480196
2012-07-14T19:00:00Z,0.0,0.33777089223942686
2012-07-14T20:00:00Z,0.0,0.32398432520924614
2012-07-14T21:00:00Z,0.0,0.36140500714830803
2012-07-14T22:00:00Z,0.0,0.3939019151480196
2012-07-14T23:00:00Z,0.0,0.3948866699358897
2012-07-15T00:00:00Z,0.0,0.38897814120866936
2012-07-15T01:00:00Z,0.0,0.37716108375422874
2012-07-15T02:00:00Z,0.0,0.3604202523604379
2012-07-15T03:00:00Z,0.008066959165568504,0.33284711830007657
2012-07-15T04:00:00Z,0.05848545395037165,0.29838070072462486
2012-07-15T05:00:00Z,0.1522638542501055,0.33777089223942686
2012-07-15T06:00:00Z,0.30654444829160316,0.35451172363321765
2012-07-15T07:00:00Z,0.4356157949406992,0.3653440262997882
2012-07-15T08:00:00Z,0.5213272360748645,0.3742068193906186
2012-07-15T09:00:00Z,0.5919131287735889,0.39882568908736993
2012-07-15T10:00:00Z,0.6231725955401668,0.4342768614506916
2012-07-15T11:00:00Z,0.6977919678216755,0.46381950508679304
2012-07-15T12:00:00Z,0.6604822816809213,0.4913926391471545
2012-07-15T13:00:00Z,0.6201474858530787,0.4953316582986347
2012-07-15T14:00:00Z,0.5374611544060015,0.48843837478354435
2012-07-15T15:00:00Z,0.3942726292171606,0.47465180775336363
2012-07-15T16:00:00Z,0.22688322653161416,0.45101769284448245
2012-07-15T17:00:00Z,0.07361100238581259,0.39094765078440946
2012-07-15T18:00:00Z,0.023192507601009448,0.29542643636101473
2012-07-15T19:00:00Z,0.0,0.32004530605776593
2012-07-15T20:00:00Z,0.0,0.3515574592696075
2012-07-15T21:00:00Z,0.0,0.3673135358755283
2012-07-15T22:00:00Z,0.0,0.3604202523604379
2012-07-15T23:00:00Z,0.0,0.3515574592696075
2012-07-16T00:00:00Z,0.0,0.34860319490599734
2012-07-16T01:00:00Z,0.0,0.34860319490599734
2012-07-16T02:00:00Z,0.0,0.3436794209666471
2012-07-16T03:00:00Z,0.012100438748352755,0.2993654555124949
2012-07-16T04:00:00Z,0.05747708405467558,0.19104242884678954
2012-07-16T05:00:00Z,0.16234755320706612,0.14278944424115708
2012-07-16T06:00:00Z,0.31965325693565194,0.11226204581718559
2012-07-16T07:00:00Z,0.46485852191588506,0.10142974315061504
2012-07-16T08:00:00Z,0.5727541007553637,0.0984754787870049
2012-07-16T09:00:00Z,0.6302311848100394,0.09650596921126481
2012-07-16T10:00:00Z,0.6302311848100394,0.10142974315061504
2012-07-16T11:00:00Z,0.5757792104424518,0.1083230266657054
2012-07-16T12:00:00Z,0.5253607156576489,0.1142315553929257
2012-07-16T13:00:00Z,0.47191711118575747,0.1142315553929257
2012-07-16T14:00:00Z,0.38721403994728815,0.11226204581718559
2012-07-16T15:00:00Z,0.28436031058628974,0.10339925272635514
2012-07-16T16:00:00Z,0.1683977725812425,0.08961268569617445
2012-07-16T17:00:00Z,0.07260263249011652,0.07385660909025368
2012-07-16T18:00:00Z,0.01815065812252913,0.06499381599942325
2012-07-16T19:00:00Z,0.0,0.05022249418137249
2012-07-16T20:00:00Z,0.0,0.03151215321184157
2012-07-16T21:00:00Z,0.0,0.020679850545271033
2012-07-16T22:00:00Z,0.0,0.013786567030180687
2012-07-16T23:00:00Z,0.0,0.008862793090830441
2012-07-17T00:00:00Z,0.0,0.005908528727220295
2012-07-17T01:00:00Z,0.0,0.006893283515090344
2012-07-17T02:00:00Z,0.0,0.015756076605920787
2012-07-17T03:00:00Z,0.012100438748352755,0.02954264363610147
2012-07-17T04:00:00Z,0.04436827541062677,0.03348166278758167
2012-07-17T05:00:00Z,0.16436429299845826,0.02363411490888118
2012-07-17T06:00:00Z,0.34587087422374957,0.020679850545271033
2012-07-17T07:00:00Z,0.5132602769092961,0.016740831393790834
2012-07-17T08:00:00Z,0.6372897740799118,0.012801812242310638
2012-07-17T09:00:00Z,0.721992845318381,0.012801812242310638
2012-07-17T10:00:00Z,0.7653527508333118,0.017725586181660882
2012-07-17T11:00:00Z,0.7683778605203999,0.025603624484621276
2012-07-17T12:00:00Z,0.7119091463614204,0.036435927151191816
2012-07-17T13:00:00Z,0.6443483633497842,0.05022249418137249
2012-07-17T14:00:00Z,0.5334276748232173,0.06597857078729329
2012-07-17T15:00:00Z,0.35797131297210233,0.0925669500597846
2012-07-17T16:00:00Z,0.19360701997364407,0.13491140593819673
2012-07-17T17:00:00Z,0.07461937228150865,0.2166460533314108
2012-07-17T18:00:00Z,0.020167397913921258,0.32595383478498624
2012-07-17T19:00:00Z,0.0,0.39882568908736993
2012-07-17T20:00:00Z,0.0,0.3939019151480196
2012-07-17T21:00:00Z,0.0,0.36829829066339836
2012-07-17T22:00:00Z,0.0,0.321030060845636
2012-07-17T23:00:00Z,0.0,0.2796703597550939
2012-07-18T00:00:00Z,0.0,0.2501277161189924
2012-07-18T01:00:00Z,0.0,0.2166460533314108
2012-07-18T02:00:00Z,0.0,0.18316439054382913
2012-07-18T03:00:00Z,0.002016739791392126,0.15953027563494795
2012-07-18T04:00:00Z,0.04134316572353858,0.10733827187783535
2012-07-18T05:00:00Z,0.14117178539744882,0.05120724896924255
2012-07-18T06:00:00Z,0.29646074933464245,0.02954264363610147
2012-07-18T07:00:00Z,0.45779993264601254,0.026588379272491327
2012-07-18T08:00:00Z,0.5707373609639715,0.027573134060361375
2012-07-18T09:00:00Z,0.624180965435863,0.035451172363321765
2012-07-18T10:00:00Z,0.6120805266875102,0.048252984605632404
2012-07-18T11:00:00Z,0.5394778941973938,0.05810053248433289
2012-07-18T12:00:00Z,0.40435632817412126,0.06499381599942325
2012-07-18T13:00:00Z,0.3408290247452693,0.07188709951451358
2012-07-18T14:00:00Z,0.29444400954325034,0.08074989260534403
2012-07-18T15:00:00Z,0.25713432340249603,0.0846889117568242
2012-07-18T16:00:00Z,0.15327222414580158,0.08567366654469426
2012-07-18T17:00:00Z,0.07461937228150865,0.08567366654469426
2012-07-18T18:00:00Z,0.019159028018225197,0.09946023357487496
2012-07-18T19:00:00Z,0.0,0.10438400751422519
2012-07-18T20:00:00Z,0.0,0.09453645963552472
2012-07-18T21:00:00Z,0.0,0.0846889117568242
2012-07-18T22:00:00Z,0.0,0.07878038302960393
2012-07-18T23:00:00Z,0.0,0.06302430642368315
2012-07-19T00:00:00Z,0.0,0.04529872024202226
2012-07-19T01:00:00Z,0.0,0.024618869696751224
2012-07-19T02:00:00Z,0.0,0.01181705745444059
2012-07-19T03:00:00Z,0.010083698956960629,0.00984754787870049
2012-07-19T04:00:00Z,0.05041849478480315,0.01871034096953093
2012-07-19T05:00:00Z,0.1653726628941543,0.026588379272491327
2012-07-19T06:00:00Z,0.3317536956840047,0.05022249418137249
2012-07-19T07:00:00Z,0.48603428972550233,0.06991758993877348
2012-07-19T08:00:00Z,0.6030051976262456,0.08665842133256431
2012-07-19T09:00:00Z,0.5878796491908046,0.10339925272635514
2012-07-19T10:00:00Z,0.4799840703513259,0.11817057454440588
2012-07-19T11:00:00Z,0.4759505907685417,0.13195714157458657
2012-07-19T12:00:00Z,0.5001514682652473,0.14377419902902716
2012-07-19T13:00:00Z,0.39628936900855277,0.1693778235136484
2012-07-19T14:00:00Z,0.30856118808299526,0.2314173751494615
2012-07-19T15:00:00Z,0.1815065812252913,0.2895179076337944
2012-07-19T16:00:00Z,0.08873655082125353,0.2471734517553823
2012-07-19T17:00:00Z,0.02420087749670551,0.16740831393790834
2012-07-19T18:00:00Z,0.0030251096870881886,0.13983517987754696
2012-07-19T19:00:00Z,0.0,0.15362174690772765
2012-07-19T20:00:00Z,0.0,0.16543880436216826
2012-07-19T21:00:00Z,0.0,0.160515030422818
2012-07-19T22:00:00Z,0.0,0.140819934665417
2012-07-19T23:00:00Z,0.0,0.13491140593819673
2012-07-20T00:00:00Z,0.0,0.16346929478642813
2012-07-20T01:00:00Z,0.0,0.12112483890801604
2012-07-20T02:00:00Z,0.0,0.140819934665417
2012-07-20T03:00:00Z,0.0050418494784803146,0.19399669321039967
2012-07-20T04:00:00Z,0.04537664530632283,0.18414914533169918
2012-07-20T05:00:00Z,0.12402949717061573,0.20285948630123007
2012-07-20T06:00:00Z,0.32267836662274013,0.26982281187639345
2012-07-20T07:00:00Z,0.4830091800384141,0.3308776087243365
2012-07-20T08:00:00Z,0.6171223761659905,0.3742068193906186
2012-07-20T09:00:00Z,0.7008170775087637,0.39882568908736993
2012-07-20T10:00:00Z,0.7290514345882535,0.42541406835986123
2012-07-20T11:00:00Z,0.7129175162571164,0.44904818326874235
2012-07-20T12:00:00Z,0.655440432202441,0.4687432790261434
2012-07-20T13:00:00Z,0.5949382384606771,0.482529846056324
2012-07-20T14:00:00Z,0.49410124889107077,0.501240187025855
2012-07-20T15:00:00Z,0.35998805276349444,0.520935282783256
2012-07-20T16:00:00Z,0.20369071893060473,0.5229047923589961
2012-07-20T17:00:00Z,0.06957752280302835,0.4933621487228946
2012-07-20T18:00:00Z,0.017142288226833072,0.42344455878412113
2012-07-20T19:00:00Z,0.0,0.35057270448173744
2012-07-20T20:00:00Z,0.0,0.3161062869062857
2012-07-20T21:00:00Z,0.0,0.29247217199740455
2012-07-20T22:00:00Z,0.0,0.29641119114888476
2012-07-20T23:00:00Z,0.0,0.26785330230065335
2012-07-21T00:00:00Z,0.0,0.24323443260390212
2012-07-21T01:00:00Z,0.0,0.22649360121011128
2012-07-21T02:00:00Z,0.0,0.18414914533169918
2012-07-21T03:00:00Z,0.0050418494784803146,0.13491140593819673
2012-07-21T04:00:00Z,0.038318056036450394,0.10339925272635514
2012-07-21T05:00:00Z,0.07865285186429291,0.08370415696895417
2012-07-21T06:00:00Z,0.11999601758783147,0.09650596921126481
2012-07-21T07:00:00Z,0.160330813415674,0.13392665115032668
2012-07-21T08:00:00Z,0.19259865007794802,0.17627110702873877
2012-07-21T09:00:00Z,0.29444400954325034,0.1969509575740098
2012-07-21T10:00:00Z,0.4890593994125905,0.21073752460419048
2012-07-21T11:00:00Z,0.4104065475482976,0.19596620278613974
2012-07-21T12:00:00Z,0.21478278778326138,0.14968272775624744
2012-07-21T13:00:00Z,0.16940614247693858,0.11817057454440588
2012-07-21T14:00:00Z,0.19965723934782045,0.12900287721097642
2012-07-21T15:00:00Z,0.1683977725812425,0.14574370860476726
2012-07-21T16:00:00Z,0.08873655082125353,0.13294189636245662
2012-07-21T17:00:00Z,0.017142288226833072,0.10339925272635514
2012-07-21T18:00:00Z,0.002016739791392126,0.09946023357487496
2012-07-21T19:00:00Z,0.0,0.1102925362414455
2012-07-21T20:00:00Z,0.0,0.13589616072606678
2012-07-21T21:00:00Z,0.0,0.18119488096808903
2012-07-21T22:00:00Z,0.0,0.23831065866455187
2012-07-21T23:00:00Z,0.0,0.28262462411870404
2012-07-22T00:00:00Z,0.0,0.3033044746639751
2012-07-22T01:00:00Z,0.0,0.3033044746639751
2012-07-22T02:00:00Z,0.0,0.3033044746639751
2012-07-22T03:00:00Z,0.007058589269872441,0.29247217199740455
2012-07-22T04:00:00Z,0.038318056036450394,0.21861556290715087
2012-07-22T05:00:00Z,0.15629733383288977,0.19498144799826972
2012-07-22T06:00:00Z,0.33377043547539686,0.2314173751494615
2012-07-22T07:00:00Z,0.49611798868246293,0.24028016824029194
2012-07-22T08:00:00Z,0.6231725955401668,0.2511124709068625
2012-07-22T09:00:00Z,0.7088840366743322,0.2530819804826026
2012-07-22T10:00:00Z,0.753252312084959,0.24815820654325235
2012-07-22T11:00:00Z,0.7572857916677432,0.24028016824029194
2012-07-22T12:00:00Z,0.7230012152140771,0.2343716395130717
2012-07-22T13:00:00Z,0.6483818429325684,0.22452409163437118
2012-07-22T14:00:00Z,0.5344360447189134,0.21172227939206056
2012-07-22T15:00:00Z,0.38519730015589604,0.19498144799826972
2012-07-22T16:00:00Z,0.21478278778326138,0.17627110702873877
2012-07-22T17:00:00Z,0.06151056363745983,0.1388504250896769
2012-07-22T18:00:00Z,0.016133918331137007,0.1102925362414455
2012-07-22T19:00:00Z,0.0,0.08567366654469426
2012-07-22T20:00:00Z,0.0,0.06302430642368315
2012-07-22T21:00:00Z,0.0,0.05022249418137249
2012-07-22T22:00:00Z,0.0,0.040374946302672014
2012-07-22T23:00:00Z,0.0,0.026588379272491327
2012-07-23T00:00:00Z,0.0,0.016740831393790834
2012-07-23T01:00:00Z,0.0,0.008862793090830441
2012-07-23T02:00:00Z,0.0,0.004923773939350245
2012-07-23T03:00:00Z,0.007058589269872441,0.005908528727220295
2012-07-23T04:00:00Z,0.03630131624505826,0.006893283515090344
2012-07-23T05:00:00Z,0.15629733383288977,0.004923773939350245
2012-07-23T06:00:00Z,0.3347788053710929,0.004923773939350245
2012-07-23T07:00:00Z,0.49410124889107077,0.007878038302960393
2012-07-23T08:00:00Z,0.6191391159573826,0.01181705745444059
2012-07-23T09:00:00Z,0.7008170775087637,0.01969509575740098
2012-07-23T10:00:00Z,0.7421602432323023,0.027573134060361375
2012-07-23T11:00:00Z,0.7461937228150866,0.03840543672693191
2012-07-23T12:00:00Z,0.7098924065700283,0.04923773939350245
2012-07-23T13:00:00Z,0.6342646643928236,0.061054796847943044
2012-07-23T14:00:00Z,0.5223356059705606,0.07385660909025368
2012-07-23T15:00:00Z,0.37713034099032755,0.09059744048404451
2012-07-23T16:00:00Z,0.20974093830478108,0.1142315553929257
2012-07-23T17:00:00Z,0.06151056363745983,0.17233208787725857
2012-07-23T18:00:00Z,0.016133918331137007,0.26588379272491325
2012-07-23T19:00:00Z,0.0,0.33383187308794665
2012-07-23T20:00:00Z,0.0,0.3249690799971162
2012-07-23T21:00:00Z,0.0,0.3111825129669355
2012-07-23T22:00:00Z,0.0,0.3052739842397152
2012-07-23T23:00:00Z,0.0,0.2993654555124949
2012-07-24T00:00:00Z,0.0,0.2914874172095345
2012-07-24T01:00:00Z,0.0,0.27671609539148384
2012-07-24T02:00:00Z,0.0,0.2589905092098229
2012-07-24T03:00:00Z,0.006050219374176377,0.2343716395130717
2012-07-24T04:00:00Z,0.042351535619234645,0.14968272775624744
2012-07-24T05:00:00Z,0.15125548435440941,0.07878038302960393
2012-07-24T06:00:00Z,0.3186448870399559,0.07090234472664353
2012-07-24T07:00:00Z,0.47191711118575747,0.07090234472664353
2012-07-24T08:00:00Z,0.5828377997123244,0.07681087345386382
2012-07-24T09:00:00Z,0.6372897740799118,0.09158219527191457
2012-07-24T10:00:00Z,0.6786329398034504,0.1083230266657054
2012-07-24T11:00:00Z,0.7129175162571164,0.12900287721097642
2012-07-24T12:00:00Z,0.6977919678216755,0.15362174690772765
2012-07-24T13:00:00Z,0.6272060751229511,0.18316439054382913
2012-07-24T14:00:00Z,0.5142686468049921,0.21861556290715087
2012-07-24T15:00:00Z,0.35897968286779836,0.2491429613311224
2012-07-24T16:00:00Z,0.19259865007794802,0.26686854751278327
2012-07-24T17:00:00Z,0.06554404322024408,0.26883805708852343
2012-07-24T18:00:00Z,0.015125548435440945,0.2589905092098229
2012-07-24T19:00:00Z,0.0,0.27573134060361376
2012-07-24T20:00:00Z,0.0,0.2777008501793538
2012-07-24T21:00:00Z,0.0,0.2875483980580543
2012-07-24T22:00:00Z,0.0,0.29050266242166445
2012-07-24T23:00:00Z,0.0,0.2895179076337944
2012-07-25T00:00:00Z,0.0,0.2934569267852746
2012-07-25T01:00:00Z,0.0,0.29838070072462486
2012-07-25T02:00:00Z,0.0,0.30625873902758527
2012-07-25T03:00:00Z,0.0050418494784803146,0.2934569267852746
2012-07-25T04:00:00Z,0.039326425932146455,0.20187473151336002
2012-07-25T05:00:00Z,0.15024711445871336,0.17134733308938851
2012-07-25T06:00:00Z,0.3236867365184362,0.22747835599798133
2012-07-25T07:00:00Z,0.4840175499341102,0.29444168157314465
2012-07-25T08:00:00Z,0.6100637868961181,0.34663368533025724
2012-07-25T09:00:00Z,0.6977919678216755,0.38897814120866936
2012-07-25T10:00:00Z,0.7441769830236944,0.4067037273903303
2012-07-25T11:00:00Z,0.7512355722935669,0.40867323696607033
2012-07-25T12:00:00Z,0.7179593657355967,0.4204902944205109
2012-07-25T13:00:00Z,0.6433399934540881,0.4460939189051322
2012-07-25T14:00:00Z,0.528385825344737,0.4963164130865047
2012-07-25T15:00:00Z,0.37713034099032755,0.5573712099344478
2012-07-25T16:00:00Z,0.20772419851338894,0.5928223822977695
2012-07-25T17:00:00Z,0.06151056363745983,0.5810053248433289
2012-07-25T18:00:00Z,0.014117178539744882,0.5238895471468661
2012-07-25T19:00:00Z,0.0,0.5327523402376966
2012-07-25T20:00:00Z,0.0,0.5485084168436173
2012-07-25T21:00:00Z,0.0,0.5534321907829677
2012-07-25T22:00:00Z,0.0,0.5297980758740864
2012-07-25T23:00:00Z,0.0,0.47760607211697376
2012-07-26T00:00:00Z,0.0,0.422459803996251
2012-07-26T01:00:00Z,0.0,0.3712525550270085
2012-07-26T02:00:00Z,0.0,0.3515574592696075
2012-07-26T03:00:00Z,0.0050418494784803146,0.3436794209666471
2012-07-26T04:00:00Z,0.04537664530632283,0.26686854751278327
2012-07-26T05:00:00Z,0.1522638542501055,0.2648990379370432
2012-07-26T06:00:00Z,0.28234357079489764,0.3121672677548056
2012-07-26T07:00:00Z,0.37511360119893544,0.39882568908736993
2012-07-26T08:00:00Z,0.3983061087999449,0.48154509126845396
2012-07-26T09:00:00Z,0.4436827541062677,0.5297980758740864
2012-07-26T10:00:00Z,0.4769589606642377,0.563279738661668
2012-07-26T11:00:00Z,0.5324193049275212,0.5928223822977695
2012-07-26T12:00:00Z,0.4870426596211984,0.6135022328430405
2012-07-26T13:00:00Z,0.47191711118575747,0.6302430642368314
2012-07-26T14:00:00Z,0.42956557556652275,0.6410753669034019
2012-07-26T15:00:00Z,0.3297369558926126,0.6499381599942324
2012-07-26T16:00:00Z,0.19058191028655588,0.6331973286004415
2012-07-26T17:00:00Z,0.06756078301163622,0.5652492482374081
2012-07-26T18:00:00Z,0.013108808644048817,0.482529846056324
2012-07-26T19:00:00Z,0.0,0.4687432790261434
2012-07-26T20:00:00Z,0.0,0.46086524072318297
2012-07-26T21:00:00Z,0.0,0.4588957311474429
2012-07-26T22:00:00Z,0.0,0.4470786736930023
2012-07-26T23:00:00Z,0.0,0.41655127526903074
2012-07-27T00:00:00Z,0.0,0.4441244093293921
2012-07-27T01:00:00Z,0.0,0.3939019151480196
2012-07-27T02:00:00Z,0.0,0.3653440262997882
2012-07-27T03:00:00Z,0.002016739791392126,0.32398432520924614
2012-07-27T04:00:00Z,0.0433599055149307,0.24520394217964223
2012-07-27T05:00:00Z,0.09579514009112598,0.2146765437556707
2012-07-27T06:00:00Z,0.14218015529314487,0.22156982727076105
2012-07-27T07:00:00Z,0.1633559231027622,0.22550884642224123
2012-07-27T08:00:00Z,0.2833519406905937,0.2520972256947326
2012-07-27T09:00:00Z,0.5808210599209321,0.2934569267852746
2012-07-27T10:00:00Z,0.6947668581345874,0.30035021030036496
2012-07-27T11:00:00Z,0.6897250086561071,0.29739594593675484
2012-07-27T12:00:00Z,0.6171223761659905,0.29247217199740455
2012-07-27T13:00:00Z,0.49712635857815896,0.27573134060361376
2012-07-27T14:00:00Z,0.3257034763098284,0.2520972256947326
2012-07-27T15:00:00Z,0.2006656092435165,0.22944786557372146
2012-07-27T16:00:00Z,0.11192905842226297,0.21369178896780064
2012-07-27T17:00:00Z,0.05646871415897953,0.20975276981632043
2012-07-27T18:00:00Z,0.010083698956960629,0.23043262036159148
2012-07-27T19:00:00Z,0.0,0.2520972256947326
2012-07-27T20:00:00Z,0.0,0.260960018785563
2012-07-27T21:00:00Z,0.0,0.2589905092098229
2012-07-27T22:00:00Z,0.0,0.24421918739177217
2012-07-27T23:00:00Z,0.0,0.2353563943009417
2012-07-28T00:00:00Z,0.0,0.23240212993733156
2012-07-28T01:00:00Z,0.0,0.23338688472520158
2012-07-28T02:00:00Z,0.0,0.22649360121011128
2012-07-28T03:00:00Z,0.001008369895696063,0.21073752460419048
2012-07-28T04:00:00Z,0.02420087749670551,0.15362174690772765
2012-07-28T05:00:00Z,0.04840175499341102,0.1083230266657054
2012-07-28T06:00:00Z,0.08369470134277322,0.08271940218108413
2012-07-28T07:00:00Z,0.16133918331137007,0.07090234472664353
2012-07-28T08:00:00Z,0.18049821132959526,0.07385660909025368
2012-07-28T09:00:00Z,0.15629733383288977,0.1260486128473663
2012-07-28T10:00:00Z,0.1522638542501055,0.15756076605920785
2012-07-28T11:00:00Z,0.15125548435440941,0.19104242884678954
2012-07-28T12:00:00Z,0.1391550456060567,0.21763080811928082
2012-07-28T13:00:00Z,0.12201275737922361,0.19892046714974992
2012-07-28T14:00:00Z,0.10487046915239054,0.14968272775624744
2012-07-28T15:00:00Z,0.09377840029973386,0.11718581975653584
2012-07-28T16:00:00Z,0.07966122175998898,0.10635351708996531
2012-07-28T17:00:00Z,0.042351535619234645,0.10438400751422519
2012-07-28T18:00:00Z,0.006050219374176377,0.12112483890801604
2012-07-28T19:00:00Z,0.0,0.1506674825441175
2012-07-28T20:00:00Z,0.0,0.16346929478642813
2012-07-28T21:00:00Z,0.0,0.1644540495742982
2012-07-28T22:00:00Z,0.0,0.18611865490743926
2012-07-28T23:00:00Z,0.0,0.21960031769502095
2012-07-29T00:00:00Z,0.0,0.23831065866455187
2012-07-29T01:00:00Z,0.0,0.23240212993733156
2012-07-29T02:00:00Z,0.0,0.2048289958769702
2012-07-29T03:00:00Z,0.0030251096870881886,0.1624845399985581
2012-07-29T04:00:00Z,0.0433599055149307,0.09453645963552472
2012-07-29T05:00:00Z,0.14419689508453698,0.040374946302672014
2012-07-29T06:00:00Z,0.3015025988131228,0.024618869696751224
2012-07-29T07:00:00Z,0.43964927452348346,0.02264936012101113
2012-07-29T08:00:00Z,0.543511373780178,0.02264936012101113
2012-07-29T09:00:00Z,0.6120805266875102,0.021664605333141077
2012-07-29T10:00:00Z,0.6483818429325684,0.02264936012101113
2012-07-29T11:00:00Z,0.6776245699077543,0.027573134060361375
2012-07-29T12:00:00Z,0.6705659806378819,0.03840543672693191
2012-07-29T13:00:00Z,0.5868712792951086,0.052192003757112596
2012-07-29T14:00:00Z,0.4527580831675323,0.07287185430238363
2012-07-29T15:00:00Z,0.27931846110780945,0.11226204581718559
2012-07-29T16:00:00Z,0.15024711445871336,0.17430159745299867
2012-07-29T17:00:00Z,0.05848545395037165,0.2491429613311224
2012-07-29T18:00:00Z,0.007058589269872441,0.30625873902758527
2012-07-29T19:00:00Z,0.0,0.3101977581790654
2012-07-29T20:00:00Z,0.0,0.28065511454296393
2012-07-29T21:00:00Z,0.0,0.2550514900583427
2012-07-29T22:00:00Z,0.0,0.23732590387668182
2012-07-29T23:00:00Z,0.0,0.23240212993733156
2012-07-30T00:00:00Z,0.0,0.26982281187639345
2012-07-30T01:00:00Z,0.0,0.2934569267852746
2012-07-30T02:00:00Z,0.0,0.30625873902758527
2012-07-30T03:00:00Z,0.002016739791392126,0.30428922945184517
2012-07-30T04:00:00Z,0.04537664530632283,0.2520972256947326
2012-07-30T05:00:00Z,0.12705460685770392,0.19793571236187987
2012-07-30T06:00:00Z,0.23495018569718268,0.1526369921198576
2012-07-30T07:00:00Z,0.34284576453666143,0.11127729102931555
2012-07-30T08:00:00Z,0.4346074250450031,0.08764317612043436
2012-07-30T09:00:00Z,0.5092267973265118,0.07484136387812372
2012-07-30T10:00:00Z,0.5556118125285308,0.06893283515090344
2012-07-30T11:00:00Z,0.544519743675874,0.061054796847943044
2012-07-30T12:00:00Z,0.4658668918115811,0.05711577769646285
2012-07-30T13:00:00Z,0.2591510631938882,0.06499381599942325
2012-07-30T14:00:00Z,0.12503786706631181,0.09059744048404451
2012-07-30T15:00:00Z,0.07461937228150865,0.11620106496866578
2012-07-30T16:00:00Z,0.04436827541062677,0.13097238678671652
2012-07-30T17:00:00Z,0.017142288226833072,0.13983517987754696
2012-07-30T18:00:00Z,0.001008369895696063,0.15165223733198754
2012-07-30T19:00:00Z,0.0,0.16543880436216826
2012-07-30T20:00:00Z,0.0,0.1871034096953093
2012-07-30T21:00:00Z,0.0,0.19399669321039967
2012-07-30T22:00:00Z,0.0,0.1851339001195692
2012-07-30T23:00:00Z,0.0,0.1644540495742982
2012-07-31T00:00:00Z,0.0,0.13392665115032668
2012-07-31T01:00:00Z,0.0,0.10044498836274499
2012-07-31T02:00:00Z,0.0,0.07090234472664353
2012-07-31T03:00:00Z,0.001008369895696063,0.05120724896924255
2012-07-31T04:00:00Z,0.033276206557970076,0.03446641757545172
2012-07-31T05:00:00Z,0.10789557883947873,0.017725586181660882
2012-07-31T06:00:00Z,0.20974093830478108,0.012801812242310638
2012-07-31T07:00:00Z,0.2984774891260346,0.01969509575740098
2012-07-31T08:00:00Z,0.40536469806981734,0.040374946302672014
2012-07-31T09:00:00Z,0.5021682080566393,0.06302430642368315
2012-07-31T10:00:00Z,0.5354444146146095,0.07878038302960393
2012-07-31T11:00:00Z,0.4890593994125905,0.0846889117568242
2012-07-31T12:00:00Z,0.3983061087999449,0.07779562824173387
2012-07-31T13:00:00Z,0.35091272370222987,0.06991758993877348
2012-07-31T14:00:00Z,0.28940216006477004,0.061054796847943044
2012-07-31T15:00:00Z,0.20570745872199683,0.05120724896924255
2012-07-31T16:00:00Z,0.11092068852656692,0.048252984605632404
2012-07-31T17:00:00Z,0.040334795827842516,0.06597857078729329
2012-07-31T18:00:00Z,0.0050418494784803146,0.10733827187783535
2012-07-31T19:00:00Z,0.0,0.15362174690772765
2012-07-31T20:00:00Z,0.0,0.18021012618021895
2012-07-31T21:00:00Z,0.0,0.1851339001195692
2012-07-31T22:00:00Z,0.0,0.17331684266512862
2012-07-31T23:00:00Z,0.0,0.14869797296837742
2012-08-01T00:00:00Z,0.0,0.11915532933227593
2012-08-01T01:00:00Z,0.0,0.0925669500597846
2012-08-01T02:00:00Z,0.0,0.07090234472664353
2012-08-01T03:00:00Z,0.001008369895696063,0.0541615133328527
2012-08-01T04:00:00Z,0.037309686140754326,0.036435927151191816
2012-08-01T05:00:00Z,0.12402949717061573,0.02264936012101113
2012-08-01T06:00:00Z,0.27931846110780945,0.01871034096953093
2012-08-01T07:00:00Z,0.4406576444191795,0.017725586181660882
2012-08-01T08:00:00Z,0.561662031902707,0.016740831393790834
2012-08-01T09:00:00Z,0.6312395547057353,0.015756076605920787
2012-08-01T10:00:00Z,0.6493902128282645,0.017725586181660882
2012-08-01T11:00:00Z,0.5999800879391575,0.025603624484621276
2012-08-01T12:00:00Z,0.5112435371179039,0.03446641757545172
2012-08-01T13:00:00Z,0.4335990551493071,0.0423444558784121
2012-08-01T14:00:00Z,0.33982065484957324,0.04529872024202226
2012-08-01T15:00:00Z,0.22688322653161416,0.052192003757112596
2012-08-01T16:00:00Z,0.1280629767534,0.060070042060072985
2012-08-01T17:00:00Z,0.04840175499341102,0.06991758993877348
2012-08-01T18:00:00Z,0.0050418494784803146,0.08567366654469426
2012-08-01T19:00:00Z,0.0,0.09453645963552472
2012-08-01T20:00:00Z,0.0,0.08862793090830441
2012-08-01T21:00:00Z,0.0,0.06400906121155318
2012-08-01T22:00:00Z,0.0,0.036435927151191816
2012-08-01T23:00:00Z,0.0,0.01871034096953093
2012-08-02T00:00:00Z,0.0,0.012801812242310638
2012-08-02T01:00:00Z,0.0,0.02264936012101113
2012-08-02T02:00:00Z,0.0,0.0423444558784121
2012-08-02T03:00:00Z,0.001008369895696063,0.060070042060072985
2012-08-02T04:00:00Z,0.03630131624505826,0.06597857078729329
2012-08-02T05:00:00Z,0.14318852518884093,0.053176758544982654
2012-08-02T06:00:00Z,0.3095695579786913,0.060070042060072985
2012-08-02T07:00:00Z,0.4517497132718362,0.060070042060072985
2012-08-02T08:00:00Z,0.5425030038844819,0.061054796847943044
2012-08-02T09:00:00Z,0.5898963889821968,0.061054796847943044
2012-08-02T10:00:00Z,0.6110721567918141,0.05810053248433289
2012-08-02T11:00:00Z,0.6070386772090298,0.05810053248433289
2012-08-02T12:00:00Z,0.5757792104424518,0.05908528727220294
2012-08-02T13:00:00Z,0.5102351672222077,0.060070042060072985
2012-08-02T14:00:00Z,0.4245237260880425,0.06203955163581309
2012-08-02T15:00:00Z,0.31360303756147556,0.06794808036303339
2012-08-02T16:00:00Z,0.1815065812252913,0.07385660909025368
2012-08-02T17:00:00Z,0.05546034426328346,0.07582611866599377
2012-08-02T18:00:00Z,0.007058589269872441,0.07681087345386382
2012-08-02T19:00:00Z,0.0,0.06696332557516334
2012-08-02T20:00:00Z,0.0,0.05711577769646285
2012-08-02T21:00:00Z,0.0,0.05514626812072275
2012-08-02T22:00:00Z,0.0,0.06696332557516334
2012-08-02T23:00:00Z,0.0,0.09453645963552472
2012-08-03T00:00:00Z,0.0,0.13688091551393683
2012-08-03T01:00:00Z,0.0,0.18808816448317936
2012-08-03T02:00:00Z,0.0,0.23831065866455187
2012-08-03T03:00:00Z,0.001008369895696063,0.2648990379370432
2012-08-03T04:00:00Z,0.03630131624505826,0.23831065866455187
2012-08-03T05:00:00Z,0.1391550456060567,0.16543880436216826
2012-08-03T06:00:00Z,0.3055360783959071,0.17725586181660882
2012-08-03T07:00:00Z,0.46284178212449295,0.16346929478642813
2012-08-03T08:00:00Z,0.5808210599209321,0.14377419902902716
2012-08-03T09:00:00Z,0.6473734730368724,0.13491140593819673
2012-08-03T10:00:00Z,0.6382981439756079,0.13294189636245662
2012-08-03T11:00:00Z,0.6181307460616865,0.13392665115032668
2012-08-03T12:00:00Z,0.6372897740799118,0.13589616072606678
2012-08-03T13:00:00Z,0.5929214986692849,0.14180468945328706
2012-08-03T14:00:00Z,0.4799840703513259,0.14968272775624744
2012-08-03T15:00:00Z,0.29444400954325034,0.15165223733198754
2012-08-03T16:00:00Z,0.15428059404149763,0.14771321818050737
2012-08-03T17:00:00Z,0.0544519743675874,0.13491140593819673
2012-08-03T18:00:00Z,0.0050418494784803146,0.12900287721097642
2012-08-03T19:00:00Z,0.0,0.11718581975653584
2012-08-03T20:00:00Z,0.0,0.10142974315061504
2012-08-03T21:00:00Z,0.0,0.0925669500597846
2012-08-03T22:00:00Z,0.0,0.0925669500597846
2012-08-03T23:00:00Z,0.0,0.09158219527191457
2012-08-04T00:00:00Z,0.0,0.09355170484765465
2012-08-04T01:00:00Z,0.0,0.10339925272635514
2012-08-04T02:00:00Z,0.0,0.12309434848375612
2012-08-04T03:00:00Z,0.001008369895696063,0.1526369921198576
2012-08-04T04:00:00Z,0.039326425932146455,0.16642355915003829
2012-08-04T05:00:00Z,0.14117178539744882,0.10339925272635514
2012-08-04T06:00:00Z,0.2641929126723685,0.07582611866599377
2012-08-04T07:00:00Z,0.31662814724856375,0.05810053248433289
2012-08-04T08:00:00Z,0.3862056700515921,0.053176758544982654
2012-08-04T09:00:00Z,0.4093981776526016,0.053176758544982654
2012-08-04T10:00:00Z,0.4315823153579149,0.053176758544982654
2012-08-04T11:00:00Z,0.3932642593214645,0.05514626812072275
2012-08-04T12:00:00Z,0.4477162336890519,0.052192003757112596
2012-08-04T13:00:00Z,0.4850259198298063,0.0462834750298923
2012-08-04T14:00:00Z,0.38418893026019996,0.03742068193906186
2012-08-04T15:00:00Z,0.20974093830478108,0.02954264363610147
2012-08-04T16:00:00Z,0.10587883904808659,0.020679850545271033
2012-08-04T17:00:00Z,0.03025109687088189,0.014771321818050735
2012-08-04T18:00:00Z,0.002016739791392126,0.02363411490888118
2012-08-04T19:00:00Z,0.0,0.048252984605632404
2012-08-04T20:00:00Z,0.0,0.07385660909025368
2012-08-04T21:00:00Z,0.0,0.08961268569617445
2012-08-04T22:00:00Z,0.0,0.10339925272635514
2012-08-04T23:00:00Z,0.0,0.13195714157458657
2012-08-05T00:00:00Z,0.0,0.18217963575595908
2012-08-05T01:00:00Z,0.0,0.2648990379370432
2012-08-05T02:00:00Z,0.0,0.3387556470272968
2012-08-05T03:00:00Z,0.0,0.3495879496938674
2012-08-05T04:00:00Z,0.037309686140754326,0.26194477357343304
2012-08-05T05:00:00Z,0.12604623696200787,0.17134733308938851
2012-08-05T06:00:00Z,0.2581426932981921,0.2166460533314108
2012-08-05T07:00:00Z,0.3942726292171606,0.2520972256947326
2012-08-05T08:00:00Z,0.5051933177437276,0.30035021030036496
2012-08-05T09:00:00Z,0.5566201824242268,0.3594354975725679
2012-08-05T10:00:00Z,0.561662031902707,0.40571897260246015
2012-08-05T11:00:00Z,0.4658668918115811,0.42541406835986123
2012-08-05T12:00:00Z,0.335787175266789,0.3939019151480196
2012-08-05T13:00:00Z,0.2682263922551527,0.32989285393646645
2012-08-05T14:00:00Z,0.2369669254885748,0.26785330230065335
2012-08-05T15:00:00Z,0.20268234903490867,0.20187473151336002
2012-08-05T16:00:00Z,0.07966122175998898,0.11718581975653584
2012-08-05T17:00:00Z,0.021175767809617323,0.06696332557516334
2012-08-05T18:00:00Z,0.001008369895696063,0.035451172363321765
2012-08-05T19:00:00Z,0.0,0.013786567030180687
2012-08-05T20:00:00Z,0.0,0.006893283515090344
2012-08-05T21:00:00Z,0.0,0.01871034096953093
2012-08-05T22:00:00Z,0.0,0.03348166278758167
2012-08-05T23:00:00Z,0.0,0.05120724896924255
2012-08-06T00:00:00Z,0.0,0.06696332557516334
2012-08-06T01:00:00Z,0.0,0.08074989260534403
2012-08-06T02:00:00Z,0.0,0.08173464739321407
2012-08-06T03:00:00Z,0.0,0.06991758993877348
2012-08-06T04:00:00Z,0.038318056036450394,0.048252984605632404
2012-08-06T05:00:00Z,0.13411319612757636,0.02264936012101113
2012-08-06T06:00:00Z,0.2692347621508488,0.01969509575740098
2012-08-06T07:00:00Z,0.4083898077569055,0.036435927151191816
2012-08-06T08:00:00Z,0.5203188661791684,0.04923773939350245
2012-08-06T09:00:00Z,0.4870426596211984,0.05908528727220294
2012-08-06T10:00:00Z,0.4315823153579149,0.06203955163581309
2012-08-06T11:00:00Z,0.3267118462055244,0.056131022908592794
2012-08-06T12:00:00Z,0.24906736423692755,0.041359701090542066
2012-08-06T13:00:00Z,0.22083300715743778,0.03742068193906186
2012-08-06T14:00:00Z,0.1734396220597228,0.03939019151480196
2012-08-06T15:00:00Z,0.1361299359189685,0.05514626812072275
2012-08-06T16:00:00Z,0.07663611207290079,0.0846889117568242
2012-08-06T17:00:00Z,0.03025109687088189,0.12407910327162618
2012-08-06T18:00:00Z,0.001008369895696063,0.14278944424115708
2012-08-06T19:00:00Z,0.0,0.13097238678671652
2012-08-06T20:00:00Z,0.0,0.12703336763523634
2012-08-06T21:00:00Z,0.0,0.17134733308938851
2012-08-06T22:00:00Z,0.0,0.24618869696751225
2012-08-06T23:00:00Z,0.0,0.29838070072462486
2012-08-07T00:00:00Z,0.0,0.30822824860332537
2012-08-07T01:00:00Z,0.0,0.301334965088235
2012-08-07T02:00:00Z,0.0,0.3033044746639751
2012-08-07T03:00:00Z,0.0,0.3033044746639751
2012-08-07T04:00:00Z,0.034284576453666143,0.2471734517553823
2012-08-07T05:00:00Z,0.13814667571036063,0.16543880436216826
2012-08-07T06:00:00Z,0.3055360783959071,0.2648990379370432
2012-08-07T07:00:00Z,0.4517497132718362,0.3712525550270085
2012-08-07T08:00:00Z,0.5556118125285308,0.42147504920838097
2012-08-07T09:00:00Z,0.6120805266875102,0.4539719572080926
2012-08-07T10:00:00Z,0.6251893353315591,0.4943469035107646
2012-08-07T11:00:00Z,0.46284178212449295,0.5347218498134367
2012-08-07T12:00:00Z,0.3378039150581811,0.5347218498134367
2012-08-07T13:00:00Z,0.3499043538065338,0.5150267540560356
2012-08-07T14:00:00Z,0.25713432340249603,0.4933621487228946
2012-08-07T15:00:00Z,0.22889996632300627,0.4716975433897535
2012-08-07T16:00:00Z,0.15528896393719369,0.422459803996251
2012-08-07T17:00:00Z,0.05142686468049921,0.3348166278758167
2012-08-07T18:00:00Z,0.0030251096870881886,0.3111825129669355
2012-08-07T19:00:00Z,0.0,0.32004530605776593
2012-08-07T20:00:00Z,0.0,0.341709911390907
2012-08-07T21:00:00Z,0.0,0.3742068193906186
2012-08-07T22:00:00Z,0.0,0.3781458385420989
2012-08-07T23:00:00Z,0.0,0.36829829066339836
2012-08-08T00:00:00Z,0.0,0.3584507427846978
2012-08-08T01:00:00Z,0.0,0.35648123320895775
2012-08-08T02:00:00Z,0.0,0.35648123320895775
2012-08-08T03:00:00Z,0.0,0.3604202523604379
2012-08-08T04:00:00Z,0.033276206557970076,0.3131520225426756
2012-08-08T05:00:00Z,0.1300797165447921,0.24323443260390212
2012-08-08T06:00:00Z,0.31461140745717164,0.2520972256947326
2012-08-08T07:00:00Z,0.4840175499341102,0.19990522193761998
2012-08-08T08:00:00Z,0.6030051976262456,0.1683930687257784
2012-08-08T09:00:00Z,0.6897250086561071,0.14574370860476726
2012-08-08T10:00:00Z,0.7159426259442047,0.11718581975653584
2012-08-08T11:00:00Z,0.6282144450186472,0.08567366654469426
2012-08-08T12:00:00Z,0.4386409046277874,0.0541615133328527
2012-08-08T13:00:00Z,0.463850152020189,0.02363411490888118
2012-08-08T14:00:00Z,0.35998805276349444,0.006893283515090344
2012-08-08T15:00:00Z,0.21679952757465354,0.01969509575740098
2012-08-08T16:00:00Z,0.06756078301163622,0.06794808036303339
2012-08-08T17:00:00Z,0.020167397913921258,0.1585455208470779
2012-08-08T18:00:00Z,0.0,0.3052739842397152
2012-08-08T19:00:00Z,0.0,0.42147504920838097
2012-08-08T20:00:00Z,0.0,0.4067037273903303
2012-08-08T21:00:00Z,0.0,0.37519157417848864
2012-08-08T22:00:00Z,0.0,0.3702678002391384
2012-08-08T23:00:00Z,0.0,0.36140500714830803
2012-08-09T00:00:00Z,0.0,0.3732220646027486
2012-08-09T01:00:00Z,0.0,0.4431396545415221
2012-08-09T02:00:00Z,0.0,0.5229047923589961
2012-08-09T03:00:00Z,0.0,0.5169962636317758
2012-08-09T04:00:00Z,0.016133918331137007,0.44904818326874235
2012-08-09T05:00:00Z,0.06151056363745983,0.35549647842108767
2012-08-09T06:00:00Z,0.14318852518884093,0.2747465858157437
2012-08-09T07:00:00Z,0.25713432340249603,0.26391428314917315
2012-08-09T08:00:00Z,0.46082504233310073,0.31807579648202583
2012-08-09T09:00:00Z,0.5868712792951086,0.4116275013296805
2012-08-09T10:00:00Z,0.6140972664789023,0.4943469035107646
2012-08-09T11:00:00Z,0.721992845318381,0.5238895471468661
2012-08-09T12:00:00Z,0.6786329398034504,0.5238895471468661
2012-08-09T13:00:00Z,0.4527580831675323,0.5347218498134367
2012-08-09T14:00:00Z,0.3892307797386803,0.5514626812072275
2012-08-09T15:00:00Z,0.29041052996046607,0.5475236620557473
2012-08-09T16:00:00Z,0.14520526498023303,0.47465180775336363
2012-08-09T17:00:00Z,0.04537664530632283,0.3604202523604379
2012-08-09T18:00:00Z,0.002016739791392126,0.3289080991485964
2012-08-09T19:00:00Z,0.0,0.3249690799971162
2012-08-09T20:00:00Z,0.0,0.3584507427846978
2012-08-09T21:00:00Z,0.0,0.40571897260246015
2012-08-09T22:00:00Z,0.0,0.46381950508679304
2012-08-09T23:00:00Z,0.0,0.482529846056324
2012-08-10T00:00:00Z,0.0,0.462834750298923
2012-08-10T01:00:00Z,0.0,0.4894231295714144
2012-08-10T02:00:00Z,0.0,0.5091182253288153
2012-08-10T03:00:00Z,0.0,0.5041944513894652
2012-08-10T04:00:00Z,0.028234357079489764,0.46184999551105294
2012-08-10T05:00:00Z,0.13814667571036063,0.381100102905709
2012-08-10T06:00:00Z,0.31965325693565194,0.5524474359950976
2012-08-10T07:00:00Z,0.4436827541062677,0.6331973286004415
2012-08-10T08:00:00Z,0.5021682080566393,0.6597857078729329
2012-08-10T09:00:00Z,0.544519743675874,0.6735722749031136
2012-08-10T10:00:00Z,0.5041849478480315,0.6548619339335826
2012-08-10T11:00:00Z,0.5314109350318251,0.6194107615702609
2012-08-10T12:00:00Z,0.3609964226591905,0.5563864551465776
2012-08-10T13:00:00Z,0.3115862977700834,0.4736670529654936
2012-08-10T14:00:00Z,0.272259871837937,0.35254221405747754
2012-08-10T15:00:00Z,0.320661626831348,0.26982281187639345
2012-08-10T16:00:00Z,0.16436429299845826,0.18316439054382913
2012-08-10T17:00:00Z,0.017142288226833072,0.12900287721097642
2012-08-10T18:00:00Z,0.0,0.10536876230209524
2012-08-10T19:00:00Z,0.0,0.052192003757112596
2012-08-10T20:00:00Z,0.0,0.016740831393790834
2012-08-10T21:00:00Z,0.0,0.006893283515090344
2012-08-10T22:00:00Z,0.0,0.007878038302960393
2012-08-10T23:00:00Z,0.0,0.020679850545271033
2012-08-11T00:00:00Z,0.0,0.05810053248433289
2012-08-11T01:00:00Z,0.0,0.09552121442339477
2012-08-11T02:00:00Z,0.0,0.11718581975653584
2012-08-11T03:00:00Z,0.0,0.160515030422818
2012-08-11T04:00:00Z,0.025209247392401574,0.19990522193761998
2012-08-11T05:00:00Z,0.11596253800504724,0.1546065016955977
2012-08-11T06:00:00Z,0.2803268310035055,0.16642355915003829
2012-08-11T07:00:00Z,0.4749422208728456,0.25800575442195284
2012-08-11T08:00:00Z,0.6019968277305495,0.3072434938154553
2012-08-11T09:00:00Z,0.5868712792951086,0.3249690799971162
2012-08-11T10:00:00Z,0.7431686131279983,0.3121672677548056
2012-08-11T11:00:00Z,0.7623276411462235,0.29444168157314465
2012-08-11T12:00:00Z,0.6856915290733229,0.27671609539148384
2012-08-11T13:00:00Z,0.543511373780178,0.24815820654325235
2012-08-11T14:00:00Z,0.4456994938976598,0.21763080811928082
2012-08-11T15:00:00Z,0.2914188998561622,0.19596620278613974
2012-08-11T16:00:00Z,0.12402949717061573,0.15756076605920785
2012-08-11T17:00:00Z,0.042351535619234645,0.11718581975653584
2012-08-11T18:00:00Z,0.0,0.10536876230209524
2012-08-11T19:00:00Z,0.0,0.1024144979384851
2012-08-11T20:00:00Z,0.0,0.08173464739321407
2012-08-11T21:00:00Z,0.0,0.05810053248433289
2012-08-11T22:00:00Z,0.0,0.04726822981776236
2012-08-11T23:00:00Z,0.0,0.040374946302672014
2012-08-12T00:00:00Z,0.0,0.0423444558784121
2012-08-12T01:00:00Z,0.0,0.05711577769646285
2012-08-12T02:00:00Z,0.0,0.09453645963552472
2012-08-12T03:00:00Z,0.0,0.140819934665417
2012-08-12T04:00:00Z,0.014117178539744882,0.14180468945328706
2012-08-12T05:00:00Z,0.08470307123846929,0.13392665115032668
2012-08-12T06:00:00Z,0.21074930820047713,0.18611865490743926
2012-08-12T07:00:00Z,0.4154483970267779,0.2511124709068625
2012-08-12T08:00:00Z,0.5384695243016976,0.32201481563350604
2012-08-12T09:00:00Z,0.6161140062702944,0.3919324055722795
2012-08-12T10:00:00Z,0.6393065138713039,0.440185390177912
2012-08-12T11:00:00Z,0.5626704017984031,0.4707127886018834
2012-08-12T12:00:00Z,0.3297369558926126,0.4854841104199342
2012-08-12T13:00:00Z,0.21478278778326138,0.48449935563206414
2012-08-12T14:00:00Z,0.2178078974703496,0.47760607211697376
2012-08-12T15:00:00Z,0.15428059404149763,0.4470786736930023
2012-08-12T16:00:00Z,0.12402949717061573,0.3939019151480196
2012-08-12T17:00:00Z,0.0433599055149307,0.29838070072462486
2012-08-12T18:00:00Z,0.001008369895696063,0.2520972256947326
2012-08-12T19:00:00Z,0.0,0.24520394217964223
2012-08-12T20:00:00Z,0.0,0.23732590387668182
2012-08-12T21:00:00Z,0.0,0.23240212993733156
2012-08-12T22:00:00Z,0.0,0.24028016824029194
2012-08-12T23:00:00Z,0.0,0.260960018785563
2012-08-13T00:00:00Z,0.0,0.2895179076337944
2012-08-13T01:00:00Z,0.0,0.3092130033911954
2012-08-13T02:00:00Z,0.0,0.32201481563350604
2012-08-13T03:00:00Z,0.0,0.32595383478498624
2012-08-13T04:00:00Z,0.026217617288097635,0.2777008501793538
2012-08-13T05:00:00Z,0.12201275737922361,0.21172227939206056
2012-08-13T06:00:00Z,0.2803268310035055,0.26883805708852343
2012-08-13T07:00:00Z,0.4285572056708267,0.29739594593675484
2012-08-13T08:00:00Z,0.5233439758662566,0.30428922945184517
2012-08-13T09:00:00Z,0.5525867028414425,0.29641119114888476
2012-08-13T10:00:00Z,0.5727541007553637,0.2914874172095345
2012-08-13T11:00:00Z,0.6171223761659905,0.2875483980580543
2012-08-13T12:00:00Z,0.6201474858530787,0.28557888848231416
2012-08-13T13:00:00Z,0.5556118125285308,0.28065511454296393
2012-08-13T14:00:00Z,0.4386409046277874,0.2589905092098229
2012-08-13T15:00:00Z,0.30654444829160316,0.22550884642224123
2012-08-13T16:00:00Z,0.1633559231027622,0.18021012618021895
2012-08-13T17:00:00Z,0.040334795827842516,0.1250638580594962
2012-08-13T18:00:00Z,0.0,0.07287185430238363
2012-08-13T19:00:00Z,0.0,0.03151215321184157
2012-08-13T20:00:00Z,0.0,0.014771321818050735
2012-08-13T21:00:00Z,0.0,0.02363411490888118
2012-08-13T22:00:00Z,0.0,0.07582611866599377
2012-08-13T23:00:00Z,0.0,0.17134733308938851
2012-08-14T00:00:00Z,0.0,0.27376183102787366
2012-08-14T01:00:00Z,0.0,0.33284711830007657
2012-08-14T02:00:00Z,0.0,0.33974040181516685
2012-08-14T03:00:00Z,0.0,0.3387556470272968
2012-08-14T04:00:00Z,0.008066959165568504,0.31807579648202583
2012-08-14T05:00:00Z,0.06554404322024408,0.2589905092098229
2012-08-14T06:00:00Z,0.24402551475844722,0.2343716395130717
2012-08-14T07:00:00Z,0.35998805276349444,0.4539719572080926
2012-08-14T08:00:00Z,0.3993144786956409,0.5485084168436173
2012-08-14T09:00:00Z,0.42250698629665034,0.5652492482374081
2012-08-14T10:00:00Z,0.46082504233310073,0.5711577769646283
2012-08-14T11:00:00Z,0.41847350671386613,0.5731272865403685
2012-08-14T12:00:00Z,0.3499043538065338,0.5790358152675888
2012-08-14T13:00:00Z,0.23595855559287873,0.5790358152675888
2012-08-14T14:00:00Z,0.18554006080807559,0.5494931716314874
2012-08-14T15:00:00Z,0.1300797165447921,0.4963164130865047
2012-08-14T16:00:00Z,0.07865285186429291,0.4096579917539404
2012-08-14T17:00:00Z,0.026217617288097635,0.3387556470272968
2012-08-14T18:00:00Z,0.0,0.33186236351220655
2012-08-14T19:00:00Z,0.0,0.35648123320895775
2012-08-14T20:00:00Z,0.0,0.33580138266368675
2012-08-14T21:00:00Z,0.0,0.32201481563350604
2012-08-14T22:00:00Z,0.0,0.3141367773305457
2012-08-14T23:00:00Z,0.0,0.3141367773305457
2012-08-15T00:00:00Z,0.0,0.32398432520924614
2012-08-15T01:00:00Z,0.0,0.32398432520924614
2012-08-15T02:00:00Z,0.0,0.32792334436072634
2012-08-15T03:00:00Z,0.0,0.33383187308794665
2012-08-15T04:00:00Z,0.02420087749670551,0.3141367773305457
2012-08-15T05:00:00Z,0.12604623696200787,0.26588379272491325
2012-08-15T06:00:00Z,0.304527708500211,0.33284711830007657
2012-08-15T07:00:00Z,0.47191711118575747,0.34663368533025724
2012-08-15T08:00:00Z,0.5919131287735889,0.33777089223942686
2012-08-15T09:00:00Z,0.6584655418895291,0.3131520225426756
2012-08-15T10:00:00Z,0.6897250086561071,0.2796703597550939
2012-08-15T11:00:00Z,0.6947668581345874,0.2511124709068625
2012-08-15T12:00:00Z,0.6614906515766172,0.22649360121011128
2012-08-15T13:00:00Z,0.46990037139436536,0.20384424108910015
2012-08-15T14:00:00Z,0.3035193386045149,0.17430159745299867
2012-08-15T15:00:00Z,0.23293344590579054,0.13786567030180688
2012-08-15T16:00:00Z,0.12604623696200787,0.09946023357487496
2012-08-15T17:00:00Z,0.029242726975185825,0.053176758544982654
2012-08-15T18:00:00Z,0.0,0.01969509575740098
2012-08-15T19:00:00Z,0.0,0.015756076605920787
2012-08-15T20:00:00Z,0.0,0.04529872024202226
2012-08-15T21:00:00Z,0.0,0.1083230266657054
2012-08-15T22:00:00Z,0.0,0.19202718363465957
2012-08-15T23:00:00Z,0.0,0.2796703597550939
2012-08-16T00:00:00Z,0.0,0.3348166278758167
2012-08-16T01:00:00Z,0.0,0.35451172363321765
2012-08-16T02:00:00Z,0.0,0.34761844011812726
2012-08-16T03:00:00Z,0.0,0.35451172363321765
2012-08-16T04:00:00Z,0.015125548435440945,0.3761763289663587
2012-08-16T05:00:00Z,0.07562774217720471,0.29838070072462486
2012-08-16T06:00:00Z,0.09579514009112598,0.24028016824029194
2012-08-16T07:00:00Z,0.08873655082125353,0.2570209996340828
2012-08-16T08:00:00Z,0.11898764769213542,0.22156982727076105
2012-08-16T09:00:00Z,0.2641929126723685,0.30822824860332537
2012-08-16T10:00:00Z,0.41746513681817005,0.45988048593531294
2012-08-16T11:00:00Z,0.34284576453666143,0.5258590567226062
2012-08-16T12:00:00Z,0.3186448870399559,0.520935282783256
2012-08-16T13:00:00Z,0.3468792441194456,0.4943469035107646
2012-08-16T14:00:00Z,0.28637705037768185,0.4392006353900419
2012-08-16T15:00:00Z,0.16133918331137007,0.35451172363321765
2012-08-16T16:00:00Z,0.07260263249011652,0.23634114908881176
2012-08-16T17:00:00Z,0.020167397913921258,0.1526369921198576
2012-08-16T18:00:00Z,0.0,0.12309434848375612
2012-08-16T19:00:00Z,0.0,0.1250638580594962
2012-08-16T20:00:00Z,0.0,0.160515030422818
2012-08-16T21:00:00Z,0.0,0.19301193842252962
2012-08-16T22:00:00Z,0.0,0.2284631107858514
2012-08-16T23:00:00Z,0.0,0.2314173751494615
2012-08-17T00:00:00Z,0.0,0.22156982727076105
2012-08-17T01:00:00Z,0.0,0.2392954134524219
2012-08-17T02:00:00Z,0.0,0.2343716395130717
2012-08-17T03:00:00Z,0.0,0.22156982727076105
2012-08-17T04:00:00Z,0.006050219374176377,0.21861556290715087
2012-08-17T05:00:00Z,0.031259466766577954,0.17627110702873877
2012-08-17T06:00:00Z,0.08066959165568503,0.1299876319988465
2012-08-17T07:00:00Z,0.15932244351997796,0.11226204581718559
2012-08-17T08:00:00Z,0.2561259535068,0.11915532933227593
2012-08-17T09:00:00Z,0.21175767809617319,0.13294189636245662
2012-08-17T10:00:00Z,0.15125548435440941,0.14968272775624744
2012-08-17T11:00:00Z,0.13411319612757636,0.1871034096953093
2012-08-17T12:00:00Z,0.11092068852656692,0.2166460533314108
2012-08-17T13:00:00Z,0.12201275737922361,0.2520972256947326
2012-08-17T14:00:00Z,0.13209645633618425,0.27080756666426353
2012-08-17T15:00:00Z,0.11999601758783147,0.26785330230065335
2012-08-17T16:00:00Z,0.05949382384606771,0.19990522193761998
2012-08-17T17:00:00Z,0.014117178539744882,0.1792253713923489
2012-08-17T18:00:00Z,0.0,0.23831065866455187
2012-08-17T19:00:00Z,0.0,0.26686854751278327
2012-08-17T20:00:00Z,0.0,0.29444168157314465
2012-08-17T21:00:00Z,0.0,0.3033044746639751
2012-08-17T22:00:00Z,0.0,0.28262462411870404
2012-08-17T23:00:00Z,0.0,0.2491429613311224
2012-08-18T00:00:00Z,0.0,0.21270703417993062
2012-08-18T01:00:00Z,0.0,0.22550884642224123
2012-08-18T02:00:00Z,0.0,0.28459413369444414
2012-08-18T03:00:00Z,0.0,0.23831065866455187
2012-08-18T04:00:00Z,0.006050219374176377,0.22156982727076105
2012-08-18T05:00:00Z,0.04739338509771496,0.21960031769502095
2012-08-18T06:00:00Z,0.18755680059946772,0.19990522193761998
2012-08-18T07:00:00Z,0.2833519406905937,0.2648990379370432
2012-08-18T08:00:00Z,0.32267836662274013,0.3052739842397152
2012-08-18T09:00:00Z,0.5233439758662566,0.3436794209666471
2012-08-18T10:00:00Z,0.7310681743796456,0.3653440262997882
2012-08-18T11:00:00Z,0.7472020927107825,0.3594354975725679
2012-08-18T12:00:00Z,0.7199761055269889,0.35746598799682777
2012-08-18T13:00:00Z,0.6272060751229511,0.3515574592696075
2012-08-18T14:00:00Z,0.49006776930828655,0.3289080991485964
2012-08-18T15:00:00Z,0.304527708500211,0.30428922945184517
2012-08-18T16:00:00Z,0.11293742831795905,0.24520394217964223
2012-08-18T17:00:00Z,0.02420087749670551,0.19399669321039967
2012-08-18T18:00:00Z,0.0,0.18611865490743926
2012-08-18T19:00:00Z,0.0,0.19793571236187987
2012-08-18T20:00:00Z,0.0,0.21566129854354074
2012-08-18T21:00:00Z,0.0,0.22550884642224123
2012-08-18T22:00:00Z,0.0,0.22649360121011128
2012-08-18T23:00:00Z,0.0,0.21960031769502095
2012-08-19T00:00:00Z,0.0,0.21172227939206056
2012-08-19T01:00:00Z,0.0,0.21270703417993062
2012-08-19T02:00:00Z,0.0,0.22452409163437118
2012-08-19T03:00:00Z,0.0,0.24028016824029194
2012-08-19T04:00:00Z,0.015125548435440945,0.23240212993733156
2012-08-19T05:00:00Z,0.08571144113416536,0.15953027563494795
2012-08-19T06:00:00Z,0.28234357079489764,0.11817057454440588
2012-08-19T07:00:00Z,0.4567915627503165,0.2048289958769702
2012-08-19T08:00:00Z,0.5959466083563733,0.24421918739177217
2012-08-19T09:00:00Z,0.6856915290733229,0.26194477357343304
2012-08-19T10:00:00Z,0.7280430646925574,0.2895179076337944
2012-08-19T11:00:00Z,0.6947668581345874,0.3121672677548056
2012-08-19T12:00:00Z,0.5717457308596676,0.28459413369444414
2012-08-19T13:00:00Z,0.35393783338931806,0.2471734517553823
2012-08-19T14:00:00Z,0.19360701997364407,0.21172227939206056
2012-08-19T15:00:00Z,0.10688720894378266,0.16543880436216826
2012-08-19T16:00:00Z,0.046385015202018896,0.15362174690772765
2012-08-19T17:00:00Z,0.011092068852656692,0.15756076605920785
2012-08-19T18:00:00Z,0.0,0.1546065016955977
2012-08-19T19:00:00Z,0.0,0.14869797296837742
2012-08-19T20:00:00Z,0.0,0.13688091551393683
2012-08-19T21:00:00Z,0.0,0.11324680060505564
2012-08-19T22:00:00Z,0.0,0.09158219527191457
2012-08-19T23:00:00Z,0.0,0.08665842133256431
2012-08-20T00:00:00Z,0.0,0.10635351708996531
2012-08-20T01:00:00Z,0.0,0.14180468945328706
2012-08-20T02:00:00Z,0.0,0.16642355915003829
2012-08-20T03:00:00Z,0.0,0.17627110702873877
2012-08-20T04:00:00Z,0.016133918331137007,0.1871034096953093
2012-08-20T05:00:00Z,0.10789557883947873,0.15559125648346775
2012-08-20T06:00:00Z,0.27730172131641734,0.1703625783015185
2012-08-20T07:00:00Z,0.4467078637933558,0.21172227939206056
2012-08-20T08:00:00Z,0.5838461696080204,0.24323443260390212
2012-08-20T09:00:00Z,0.6796413096991465,0.2501277161189924
2012-08-20T10:00:00Z,0.736110023858126,0.24028016824029194
2012-08-20T11:00:00Z,0.7441769830236944,0.22550884642224123
2012-08-20T12:00:00Z,0.7048505570915479,0.20975276981632043
2012-08-20T13:00:00Z,0.6221642256444707,0.18808816448317936
2012-08-20T14:00:00Z,0.49208450909967866,0.16543880436216826
2012-08-20T15:00:00Z,0.32469510641413224,0.13983517987754696
2012-08-20T16:00:00Z,0.14722200477162517,0.11718581975653584
2012-08-20T17:00:00Z,0.0272259871837937,0.1142315553929257
2012-08-20T18:00:00Z,0.0,0.1024144979384851
2012-08-20T19:00:00Z,0.0,0.06597857078729329
2012-08-20T20:00:00Z,0.0,0.036435927151191816
2012-08-20T21:00:00Z,0.0,0.02363411490888118
2012-08-20T22:00:00Z,0.0,0.02363411490888118
2012-08-20T23:00:00Z,0.0,0.03446641757545172
2012-08-21T00:00:00Z,0.0,0.05908528727220294
2012-08-21T01:00:00Z,0.0,0.09453645963552472
2012-08-21T02:00:00Z,0.0,0.12407910327162618
2012-08-21T03:00:00Z,0.0,0.1447589538168972
2012-08-21T04:00:00Z,0.015125548435440945,0.15165223733198754
2012-08-21T05:00:00Z,0.10991231863087086,0.11127729102931555
2012-08-21T06:00:00Z,0.28940216006477004,0.07582611866599377
2012-08-21T07:00:00Z,0.46183341222879676,0.09552121442339477
2012-08-21T08:00:00Z,0.5989717180434614,0.11127729102931555
2012-08-21T09:00:00Z,0.6927501183431953,0.13195714157458657
2012-08-21T10:00:00Z,0.7411518733366063,0.14968272775624744
2012-08-21T11:00:00Z,0.7431686131279983,0.1585455208470779
2012-08-21T12:00:00Z,0.7028338173001558,0.16149978521068806
2012-08-21T13:00:00Z,0.6181307460616865,0.1585455208470779
2012-08-21T14:00:00Z,0.482000810142718,0.14968272775624744
2012-08-21T15:00:00Z,0.28940216006477004,0.12900287721097642
2012-08-21T16:00:00Z,0.1331048262318803,0.09453645963552472
2012-08-21T17:00:00Z,0.025209247392401574,0.07287185430238363
2012-08-21T18:00:00Z,0.0,0.07484136387812372
2012-08-21T19:00:00Z,0.0,0.10536876230209524
2012-08-21T20:00:00Z,0.0,0.16543880436216826
2012-08-21T21:00:00Z,0.0,0.2392954134524219
2012-08-21T22:00:00Z,0.0,0.3101977581790654
2012-08-21T23:00:00Z,0.0,0.3515574592696075
2012-08-22T00:00:00Z,0.0,0.3742068193906186
2012-08-22T01:00:00Z,0.0,0.3830696124814491
2012-08-22T02:00:00Z,0.0,0.37519157417848864
2012-08-22T03:00:00Z,0.0,0.35254221405747754
2012-08-22T04:00:00Z,0.014117178539744882,0.3101977581790654
2012-08-22T05:00:00Z,0.10587883904808659,0.1900576740589195
2012-08-22T06:00:00Z,0.28133520089920155,0.10438400751422519
2012-08-22T07:00:00Z,0.4386409046277874,0.12210959369588609
2012-08-22T08:00:00Z,0.5314109350318251,0.16149978521068806
2012-08-22T09:00:00Z,0.5656955114854914,0.15362174690772765
2012-08-22T10:00:00Z,0.6756078301163622,0.13392665115032668
2012-08-22T11:00:00Z,0.6826664193862346,0.1102925362414455
2012-08-22T12:00:00Z,0.6211558557487747,0.08567366654469426
2012-08-22T13:00:00Z,0.5102351672222077,0.06597857078729329
2012-08-22T14:00:00Z,0.38519730015589604,0.053176758544982654
2012-08-22T15:00:00Z,0.2783100912121134,0.04726822981776236
2012-08-22T16:00:00Z,0.14318852518884093,0.06203955163581309
2012-08-22T17:00:00Z,0.02420087749670551,0.1260486128473663
2012-08-22T18:00:00Z,0.0,0.20285948630123007
2012-08-22T19:00:00Z,0.0,0.2225545820586311
2012-08-22T20:00:00Z,0.0,0.19892046714974992
2012-08-22T21:00:00Z,0.0,0.16543880436216826
2012-08-22T22:00:00Z,0.0,0.13294189636245662
2012-08-22T23:00:00Z,0.0,0.10339925272635514
2012-08-23T00:00:00Z,0.0,0.07878038302960393
2012-08-23T01:00:00Z,0.0,0.06203955163581309
2012-08-23T02:00:00Z,0.0,0.0541615133328527
2012-08-23T03:00:00Z,0.0,0.052192003757112596
2012-08-23T04:00:00Z,0.011092068852656692,0.05810053248433289
2012-08-23T05:00:00Z,0.09680350998682204,0.05711577769646285
2012-08-23T06:00:00Z,0.2692347621508488,0.041359701090542066
2012-08-23T07:00:00Z,0.4446911240019637,0.041359701090542066
2012-08-23T08:00:00Z,0.5818294298166282,0.04529872024202226
2012-08-23T09:00:00Z,0.6756078301163622,0.053176758544982654
2012-08-23T10:00:00Z,0.720984475422685,0.06696332557516334
2012-08-23T11:00:00Z,0.7250179550054693,0.08567366654469426
2012-08-23T12:00:00Z,0.6877082688647149,0.10930778145357543
2012-08-23T13:00:00Z,0.6080470471047259,0.13688091551393683
2012-08-23T14:00:00Z,0.48603428972550233,0.1703625783015185
2012-08-23T15:00:00Z,0.3257034763098284,0.2146765437556707
2012-08-23T16:00:00Z,0.14722200477162517,0.26588379272491325
2012-08-23T17:00:00Z,0.022184137705313384,0.34269466617877703
2012-08-23T18:00:00Z,0.0,0.3948866699358897
2012-08-23T19:00:00Z,0.0,0.3781458385420989
2012-08-23T20:00:00Z,0.0,0.36337451672404814
2012-08-23T21:00:00Z,0.0,0.35451172363321765
2012-08-23T22:00:00Z,0.0,0.3515574592696075
2012-08-23T23:00:00Z,0.0,0.34269466617877703
2012-08-24T00:00:00Z,0.0,0.33777089223942686
2012-08-24T01:00:00Z,0.0,0.3348166278758167
2012-08-24T02:00:00Z,0.0,0.3387556470272968
2012-08-24T03:00:00Z,0.0,0.33777089223942686
2012-08-24T04:00:00Z,0.010083698956960629,0.32693858957285626
2012-08-24T05:00:00Z,0.10487046915239054,0.2520972256947326
2012-08-24T06:00:00Z,0.2803268310035055,0.18119488096808903
2012-08-24T07:00:00Z,0.4477162336890519,0.19202718363465957
2012-08-24T08:00:00Z,0.5767875803381479,0.29739594593675484
2012-08-24T09:00:00Z,0.6564488020981369,0.3052739842397152
2012-08-24T10:00:00Z,0.6947668581345874,0.241264923028162
2012-08-24T11:00:00Z,0.6927501183431953,0.1871034096953093
2012-08-24T12:00:00Z,0.6352730342885196,0.15953027563494795
2012-08-24T13:00:00Z,0.5485532232586583,0.15362174690772765
2012-08-24T14:00:00Z,0.401331218487033,0.16642355915003829
2012-08-24T15:00:00Z,0.24503388465414327,0.21073752460419048
2012-08-24T16:00:00Z,0.10688720894378266,0.2895179076337944
2012-08-24T17:00:00Z,0.019159028018225197,0.381100102905709
2012-08-24T18:00:00Z,0.0,0.4382158806021718
2012-08-24T19:00:00Z,0.0,0.42344455878412113
2012-08-24T20:00:00Z,0.0,0.39882568908736993
2012-08-24T21:00:00Z,0.0,0.38405436726931913
2012-08-24T22:00:00Z,0.0,0.3761763289663587
2012-08-24T23:00:00Z,0.0,0.32792334436072634
2012-08-25T00:00:00Z,0.0,0.2875483980580543
2012-08-25T01:00:00Z,0.0,0.24421918739177217
2012-08-25T02:00:00Z,0.0,0.20679850545271028
2012-08-25T03:00:00Z,0.0,0.18021012618021895
2012-08-25T04:00:00Z,0.009075329061264565,0.16543880436216826
2012-08-25T05:00:00Z,0.09680350998682204,0.11817057454440588
2012-08-25T06:00:00Z,0.2652012825680646,0.07090234472664353
2012-08-25T07:00:00Z,0.4366241648363952,0.07090234472664353
2012-08-25T08:00:00Z,0.5697289910682756,0.13983517987754696
2012-08-25T09:00:00Z,0.6614906515766172,0.13786567030180688
2012-08-25T10:00:00Z,0.705858926987244,0.11226204581718559
2012-08-25T11:00:00Z,0.7048505570915479,0.08764317612043436
2012-08-25T12:00:00Z,0.6564488020981369,0.07878038302960393
2012-08-25T13:00:00Z,0.5414946339887858,0.08665842133256431
2012-08-25T14:00:00Z,0.3115862977700834,0.1102925362414455
2012-08-25T15:00:00Z,0.14621363487592912,0.1546065016955977
2012-08-25T16:00:00Z,0.05646871415897953,0.20285948630123007
2012-08-25T17:00:00Z,0.009075329061264565,0.22550884642224123
2012-08-25T18:00:00Z,0.0,0.22156982727076105
2012-08-25T19:00:00Z,0.0,0.20285948630123007
2012-08-25T20:00:00Z,0.0,0.19498144799826972
2012-08-25T21:00:00Z,0.0,0.19990522193761998
2012-08-25T22:00:00Z,0.0,0.19596620278613974
2012-08-25T23:00:00Z,0.0,0.1792253713923489
2012-08-26T00:00:00Z,0.0,0.1585455208470779
2012-08-26T01:00:00Z,0.0,0.140819934665417
2012-08-26T02:00:00Z,0.0,0.13097238678671652
2012-08-26T03:00:00Z,0.0,0.12210959369588609
2012-08-26T04:00:00Z,0.007058589269872441,0.12112483890801604
2012-08-26T05:00:00Z,0.08470307123846929,0.09552121442339477
2012-08-26T06:00:00Z,0.2319250760100945,0.06400906121155318
2012-08-26T07:00:00Z,0.3902391496343764,0.08370415696895417
2012-08-26T08:00:00Z,0.5062016876394235,0.13688091551393683
2012-08-26T09:00:00Z,0.5818294298166282,0.21073752460419048
2012-08-26T10:00:00Z,0.6161140062702944,0.2520972256947326
2012-08-26T11:00:00Z,0.6100637868961181,0.2589905092098229
2012-08-26T12:00:00Z,0.5525867028414425,0.2530819804826026
2012-08-26T13:00:00Z,0.463850152020189,0.24421918739177217
2012-08-26T14:00:00Z,0.3257034763098284,0.24028016824029194
2012-08-26T15:00:00Z,0.1734396220597228,0.22156982727076105
2012-08-26T16:00:00Z,0.06856915290733229,0.22353933684650115
2012-08-26T17:00:00Z,0.010083698956960629,0.26391428314917315
2012-08-26T18:00:00Z,0.0,0.29838070072462486
2012-08-26T19:00:00Z,0.0,0.3170910416941558
2012-08-26T20:00:00Z,0.0,0.32792334436072634
2012-08-26T21:00:00Z,0.0,0.33284711830007657
2012-08-26T22:00:00Z,0.0,0.33284711830007657
2012-08-26T23:00:00Z,0.0,0.32398432520924614
2012-08-27T00:00:00Z,0.0,0.3033044746639751
2012-08-27T01:00:00Z,0.0,0.2796703597550939
2012-08-27T02:00:00Z,0.0,0.26194477357343304
2012-08-27T03:00:00Z,0.0,0.24421918739177217
2012-08-27T04:00:00Z,0.004033479582784252,0.22747835599798133
2012-08-27T05:00:00Z,0.046385015202018896,0.15559125648346775
2012-08-27T06:00:00Z,0.1089039487351748,0.08173464739321407
2012-08-27T07:00:00Z,0.19965723934782045,0.05120724896924255
2012-08-27T08:00:00Z,0.31461140745717164,0.053176758544982654
2012-08-27T09:00:00Z,0.38217219046880785,0.08567366654469426
2012-08-27T10:00:00Z,0.4366241648363952,0.11620106496866578
2012-08-27T11:00:00Z,0.5344360447189134,0.12210959369588609
2012-08-27T12:00:00Z,0.5041849478480315,0.11127729102931555
2012-08-27T13:00:00Z,0.3942726292171606,0.09946023357487496
2012-08-27T14:00:00Z,0.14823037466732122,0.08961268569617445
2012-08-27T15:00:00Z,0.05646871415897953,0.07484136387812372
2012-08-27T16:00:00Z,0.023192507601009448,0.07090234472664353
2012-08-27T17:00:00Z,0.0050418494784803146,0.08370415696895417
2012-08-27T18:00:00Z,0.0,0.1024144979384851
2012-08-27T19:00:00Z,0.0,0.10635351708996531
2012-08-27T20:00:00Z,0.0,0.1024144979384851
2012-08-27T21:00:00Z,0.0,0.10635351708996531
2012-08-27T22:00:00Z,0.0,0.12900287721097642
2012-08-27T23:00:00Z,0.0,0.1506674825441175
2012-08-28T00:00:00Z,0.0,0.17134733308938851
2012-08-28T01:00:00Z,0.0,0.19399669321039967
2012-08-28T02:00:00Z,0.0,0.20285948630123007
2012-08-28T03:00:00Z,0.0,0.2146765437556707
2012-08-28T04:00:00Z,0.0050418494784803146,0.22353933684650115
2012-08-28T05:00:00Z,0.0544519743675874,0.16740831393790834
2012-08-28T06:00:00Z,0.09982861967391023,0.11324680060505564
2012-08-28T07:00:00Z,0.12302112727491966,0.10733827187783535
2012-08-28T08:00:00Z,0.23495018569718268,0.09453645963552472
2012-08-28T09:00:00Z,0.5031765779523354,0.09059744048404451
2012-08-28T10:00:00Z,0.5898963889821968,0.10339925272635514
2012-08-28T11:00:00Z,0.5989717180434614,0.13294189636245662
2012-08-28T12:00:00Z,0.5646871415897953,0.17233208787725857
2012-08-28T13:00:00Z,0.39528099911285663,0.19202718363465957
2012-08-28T14:00:00Z,0.27931846110780945,0.1851339001195692
2012-08-28T15:00:00Z,0.22083300715743778,0.1792253713923489
2012-08-28T16:00:00Z,0.0867198110298614,0.17627110702873877
2012-08-28T17:00:00Z,0.012100438748352755,0.1693778235136484
2012-08-28T18:00:00Z,0.0,0.18119488096808903
2012-08-28T19:00:00Z,0.0,0.17824061660447887
2012-08-28T20:00:00Z,0.0,0.16740831393790834
2012-08-28T21:00:00Z,0.0,0.16346929478642813
2012-08-28T22:00:00Z,0.0,0.16642355915003829
2012-08-28T23:00:00Z,0.0,0.16346929478642813
2012-08-29T00:00:00Z,0.0,0.13097238678671652
2012-08-29T01:00:00Z,0.0,0.08271940218108413
2012-08-29T02:00:00Z,0.0,0.044313965454152206
2012-08-29T03:00:00Z,0.0,0.025603624484621276
2012-08-29T04:00:00Z,0.0050418494784803146,0.016740831393790834
2012-08-29T05:00:00Z,0.0867198110298614,0.00984754787870049
2012-08-29T06:00:00Z,0.24604225454983933,0.007878038302960393
2012-08-29T07:00:00Z,0.4124232873396897,0.016740831393790834
2012-08-29T08:00:00Z,0.5495615931543543,0.036435927151191816
2012-08-29T09:00:00Z,0.6120805266875102,0.05120724896924255
2012-08-29T10:00:00Z,0.6292228149143433,0.05810053248433289
2012-08-29T11:00:00Z,0.5747708405467559,0.060070042060072985
2012-08-29T12:00:00Z,0.46284178212449295,0.053176758544982654
2012-08-29T13:00:00Z,0.4517497132718362,0.0423444558784121
2012-08-29T14:00:00Z,0.3015025988131228,0.026588379272491327
2012-08-29T15:00:00Z,0.14016341550175276,0.00984754787870049
2012-08-29T16:00:00Z,0.06655241311594015,0.007878038302960393
2012-08-29T17:00:00Z,0.010083698956960629,0.036435927151191816
2012-08-29T18:00:00Z,0.0,0.07976513781747398
2012-08-29T19:00:00Z,0.0,0.10733827187783535
2012-08-29T20:00:00Z,0.0,0.12112483890801604
2012-08-29T21:00:00Z,0.0,0.12112483890801604
2012-08-29T22:00:00Z,0.0,0.11226204581718559
2012-08-29T23:00:00Z,0.0,0.10635351708996531
2012-08-30T00:00:00Z,0.0,0.10142974315061504
2012-08-30T01:00:00Z,0.0,0.09552121442339477
2012-08-30T02:00:00Z,0.0,0.09059744048404451
2012-08-30T03:00:00Z,0.0,0.08271940218108413
2012-08-30T04:00:00Z,0.004033479582784252,0.07878038302960393
2012-08-30T05:00:00Z,0.07764448196859684,0.06696332557516334
2012-08-30T06:00:00Z,0.2319250760100945,0.04529872024202226
2012-08-30T07:00:00Z,0.39628936900855277,0.061054796847943044
2012-08-30T08:00:00Z,0.5293941952404331,0.09059744048404451
2012-08-30T09:00:00Z,0.6221642256444707,0.12703336763523634
2012-08-30T10:00:00Z,0.6705659806378819,0.17430159745299867
2012-08-30T11:00:00Z,0.67359109032497,0.2146765437556707
2012-08-30T12:00:00Z,0.6352730342885196,0.23240212993733156
2012-08-30T13:00:00Z,0.5495615931543543,0.2314173751494615
2012-08-30T14:00:00Z,0.37511360119893544,0.2166460533314108
2012-08-30T15:00:00Z,0.24705062444553538,0.18021012618021895
2012-08-30T16:00:00Z,0.09882024977821416,0.15559125648346775
2012-08-30T17:00:00Z,0.012100438748352755,0.25800575442195284
2012-08-30T18:00:00Z,0.0,0.44806342848087233
2012-08-30T19:00:00Z,0.0,0.5485084168436173
2012-08-30T20:00:00Z,0.0,0.5672187578131482
2012-08-30T21:00:00Z,0.0,0.5366913593891768
2012-08-30T22:00:00Z,0.0,0.4943469035107646
2012-08-30T23:00:00Z,0.0,0.47465180775336363
2012-08-31T00:00:00Z,0.0,0.4539719572080926
2012-08-31T01:00:00Z,0.0,0.4313225970870815
2012-08-31T02:00:00Z,0.0,0.41458176569329064
2012-08-31T03:00:00Z,0.0,0.38405436726931913
2012-08-31T04:00:00Z,0.0030251096870881886,0.3702678002391384
2012-08-31T05:00:00Z,0.07361100238581259,0.24520394217964223
2012-08-31T06:00:00Z,0.19159028018225197,0.17430159745299867
2012-08-31T07:00:00Z,0.3257034763098284,0.18907291927104944
2012-08-31T08:00:00Z,0.5213272360748645,0.23338688472520158
2012-08-31T09:00:00Z,0.6009884578348534,0.2914874172095345
2012-08-31T10:00:00Z,0.5818294298166282,0.3348166278758167
2012-08-31T11:00:00Z,0.5112435371179039,0.3702678002391384
2012-08-31T12:00:00Z,0.4386409046277874,0.3850391220571892
2012-08-31T13:00:00Z,0.34486250432805354,0.3830696124814491
2012-08-31T14:00:00Z,0.2046990888263008,0.3791305933299689
2012-08-31T15:00:00Z,0.0816779615513811,0.3939019151480196
2012-08-31T16:00:00Z,0.031259466766577954,0.39094765078440946
2012-08-31T17:00:00Z,0.002016739791392126,0.36632878108765826
2012-08-31T18:00:00Z,0.0,0.3289080991485964
2012-08-31T19:00:00Z,0.0,0.3033044746639751
2012-08-31T20:00:00Z,0.0,0.2914874172095345
2012-08-31T21:00:00Z,0.0,0.2875483980580543
2012-08-31T22:00:00Z,0.0,0.28459413369444414
2012-08-31T23:00:00Z,0.0,0.3033044746639751
2012-09-01T00:00:00Z,0.0,0.31807579648202583
2012-09-01T01:00:00Z,0.0,0.32989285393646645
2012-09-01T02:00:00Z,0.0,0.3456489305423872
2012-09-01T03:00:00Z,0.0,0.34860319490599734
2012-09-01T04:00:00Z,0.0030251096870881886,0.33777089223942686
2012-09-01T05:00:00Z,0.0867198110298614,0.26982281187639345
2012-09-01T06:00:00Z,0.2672180223594567,0.37716108375422874
2012-09-01T07:00:00Z,0.4456994938976598,0.4313225970870815
2012-09-01T08:00:00Z,0.5838461696080204,0.440185390177912
2012-09-01T09:00:00Z,0.6776245699077543,0.43033784229921146
2012-09-01T10:00:00Z,0.720984475422685,0.4185207848447708
2012-09-01T11:00:00Z,0.7078756667786361,0.4007951986631099
2012-09-01T12:00:00Z,0.6433399934540881,0.37716108375422874
2012-09-01T13:00:00Z,0.5535950727371386,0.35254221405747754
2012-09-01T14:00:00Z,0.4335990551493071,0.32792334436072634
2012-09-01T15:00:00Z,0.272259871837937,0.29542643636101473
2012-09-01T16:00:00Z,0.10991231863087086,0.2520972256947326
2012-09-01T17:00:00Z,0.009075329061264565,0.22156982727076105
2012-09-01T18:00:00Z,0.0,0.23240212993733156
2012-09-01T19:00:00Z,0.0,0.2353563943009417
2012-09-01T20:00:00Z,0.0,0.2314173751494615
2012-09-01T21:00:00Z,0.0,0.22550884642224123
2012-09-01T22:00:00Z,0.0,0.22452409163437118
2012-09-01T23:00:00Z,0.0,0.24323443260390212
2012-09-02T00:00:00Z,0.0,0.26982281187639345
2012-09-02T01:00:00Z,0.0,0.301334965088235
2012-09-02T02:00:00Z,0.0,0.32595383478498624
2012-09-02T03:00:00Z,0.0,0.32201481563350604
2012-09-02T04:00:00Z,0.002016739791392126,0.32004530605776593
2012-09-02T05:00:00Z,0.0544519743675874,0.30822824860332537
2012-09-02T06:00:00Z,0.12705460685770392,0.2993654555124949
2012-09-02T07:00:00Z,0.18554006080807559,0.40276470823885
2012-09-02T08:00:00Z,0.2692347621508488,0.5278285662983463
2012-09-02T09:00:00Z,0.28637705037768185,0.6125174780551705
2012-09-02T10:00:00Z,0.2561259535068,0.6499381599942324
2012-09-02T11:00:00Z,0.2258748566359181,0.6450143860548821
2012-09-02T12:00:00Z,0.2611678029852803,0.6056241945400801
2012-09-02T13:00:00Z,0.25410921371540784,0.5603254742980579
2012-09-02T14:00:00Z,0.18352332101668342,0.5101029801166854
2012-09-02T15:00:00Z,0.15730570372858582,0.4726822981776235
2012-09-02T16:00:00Z,0.1008369895696063,0.3850391220571892
2012-09-02T17:00:00Z,0.009075329061264565,0.36829829066339836
2012-09-02T18:00:00Z,0.0,0.41556652048116066
2012-09-02T19:00:00Z,0.0,0.40571897260246015
2012-09-02T20:00:00Z,0.0,0.3968561795116298
2012-09-02T21:00:00Z,0.0,0.37519157417848864
2012-09-02T22:00:00Z,0.0,0.34761844011812726
2012-09-02T23:00:00Z,0.0,0.3141367773305457
2012-09-03T00:00:00Z,0.0,0.2934569267852746
2012-09-03T01:00:00Z,0.0,0.29247217199740455
2012-09-03T02:00:00Z,0.0,0.2934569267852746
2012-09-03T03:00:00Z,0.0,0.2747465858157437
2012-09-03T04:00:00Z,0.001008369895696063,0.26194477357343304
2012-09-03T05:00:00Z,0.06655241311594015,0.20088997672548997
2012-09-03T06:00:00Z,0.17848147153820312,0.1624845399985581
2012-09-03T07:00:00Z,0.34385413443235746,0.241264923028162
2012-09-03T08:00:00Z,0.4436827541062677,0.2993654555124949
2012-09-03T09:00:00Z,0.4376325347320913,0.32201481563350604
2012-09-03T10:00:00Z,0.37511360119893544,0.32989285393646645
2012-09-03T11:00:00Z,0.41141491744399367,0.33777089223942686
2012-09-03T12:00:00Z,0.5142686468049921,0.3515574592696075
2012-09-03T13:00:00Z,0.5021682080566393,0.3692830454512684
2012-09-03T14:00:00Z,0.42351535619234637,0.3781458385420989
2012-09-03T15:00:00Z,0.19663212966073226,0.37716108375422874
2012-09-03T16:00:00Z,0.07058589269872441,0.29542643636101473
2012-09-03T17:00:00Z,0.008066959165568504,0.24421918739177217
2012-09-03T18:00:00Z,0.0,0.21172227939206056
2012-09-03T19:00:00Z,0.0,0.2048289958769702
2012-09-03T20:00:00Z,0.0,0.22944786557372146
2012-09-03T21:00:00Z,0.0,0.29838070072462486
2012-09-03T22:00:00Z,0.0,0.29739594593675484
2012-09-03T23:00:00Z,0.0,0.3308776087243365
2012-09-04T00:00:00Z,0.0,0.34663368533025724
2012-09-04T01:00:00Z,0.0,0.35648123320895775
2012-09-04T02:00:00Z,0.0,0.3781458385420989
2012-09-04T03:00:00Z,0.0,0.36337451672404814
2012-09-04T04:00:00Z,0.001008369895696063,0.3594354975725679
2012-09-04T05:00:00Z,0.08369470134277322,0.2796703597550939
2012-09-04T06:00:00Z,0.27931846110780945,0.3101977581790654
2012-09-04T07:00:00Z,0.46687526170727717,0.41655127526903074
2012-09-04T08:00:00Z,0.6050219374176377,0.5248743019347362
2012-09-04T09:00:00Z,0.6866998989690188,0.623349780721741
2012-09-04T10:00:00Z,0.7149342560485086,0.6932673706605145
2012-09-04T11:00:00Z,0.6988003377173716,0.7306880525995764
2012-09-04T12:00:00Z,0.6040135675219417,0.7365965813267967
2012-09-04T13:00:00Z,0.49510961878676685,0.7228100142966161
2012-09-04T14:00:00Z,0.41948187660956215,0.7050844281149551
2012-09-04T15:00:00Z,0.2803268310035055,0.6981911445998646
2012-09-04T16:00:00Z,0.1089039487351748,0.6686485009637634
2012-09-04T17:00:00Z,0.006050219374176377,0.6105479684794304
2012-09-04T18:00:00Z,0.0,0.5672187578131482
2012-09-04T19:00:00Z,0.0,0.5652492482374081
2012-09-04T20:00:00Z,0.0,0.5544169455708375
2012-09-04T21:00:00Z,0.0,0.520935282783256
2012-09-04T22:00:00Z,0.0,0.5110877349045555
2012-09-04T23:00:00Z,0.0,0.4923773939350245
2012-09-05T00:00:00Z,0.0,0.440185390177912
2012-09-05T01:00:00Z,0.0,0.3850391220571892
2012-09-05T02:00:00Z,0.0,0.36337451672404814
2012-09-05T03:00:00Z,0.0,0.33777089223942686
2012-09-05T04:00:00Z,0.0,0.3101977581790654
2012-09-05T05:00:00Z,0.06957752280302835,0.241264923028162
2012-09-05T06:00:00Z,0.25713432340249603,0.23831065866455187
2012-09-05T07:00:00Z,0.4356157949406992,0.34269466617877703
2012-09-05T08:00:00Z,0.5737624706510598,0.40571897260246015
2012-09-05T09:00:00Z,0.6665325010550976,0.43526161623856163
2012-09-05T10:00:00Z,0.7179593657355967,0.4382158806021718
2012-09-05T11:00:00Z,0.6998087076130676,0.42147504920838097
2012-09-05T12:00:00Z,0.6030051976262456,0.40276470823885
2012-09-05T13:00:00Z,0.4769589606642377,0.3791305933299689
2012-09-05T14:00:00Z,0.35897968286779836,0.35451172363321765
2012-09-05T15:00:00Z,0.18755680059946772,0.3170910416941558
2012-09-05T16:00:00Z,0.06957752280302835,0.2501277161189924
2012-09-05T17:00:00Z,0.0030251096870881886,0.2146765437556707
2012-09-05T18:00:00Z,0.0,0.1969509575740098
2012-09-05T19:00:00Z,0.0,0.20088997672548997
2012-09-05T20:00:00Z,0.0,0.2520972256947326
2012-09-05T21:00:00Z,0.0,0.3308776087243365
2012-09-05T22:00:00Z,0.0,0.38799338642079934
2012-09-05T23:00:00Z,0.0,0.38996289599653944
2012-09-06T00:00:00Z,0.0,0.341709911390907
2012-09-06T01:00:00Z,0.0,0.2786856049672239
2012-09-06T02:00:00Z,0.0,0.21172227939206056
2012-09-06T03:00:00Z,0.0,0.17725586181660882
2012-09-06T04:00:00Z,0.0,0.18316439054382913
2012-09-06T05:00:00Z,0.04134316572353858,0.17134733308938851
2012-09-06T06:00:00Z,0.14117178539744882,0.11324680060505564
2012-09-06T07:00:00Z,0.24705062444553538,0.11718581975653584
2012-09-06T08:00:00Z,0.2954523794389464,0.12900287721097642
2012-09-06T09:00:00Z,0.2833519406905937,0.13195714157458657
2012-09-06T10:00:00Z,0.3075528181872992,0.1250638580594962
2012-09-06T11:00:00Z,0.34385413443235746,0.11324680060505564
2012-09-06T12:00:00Z,0.2803268310035055,0.09946023357487496
2012-09-06T13:00:00Z,0.17948984143389918,0.0846889117568242
2012-09-06T14:00:00Z,0.11797927779643937,0.07090234472664353
2012-09-06T15:00:00Z,0.05041849478480315,0.061054796847943044
2012-09-06T16:00:00Z,0.01815065812252913,0.053176758544982654
2012-09-06T17:00:00Z,0.0,0.05022249418137249
2012-09-06T18:00:00Z,0.0,0.04726822981776236
2012-09-06T19:00:00Z,0.0,0.0423444558784121
2012-09-06T20:00:00Z,0.0,0.03742068193906186
2012-09-06T21:00:00Z,0.0,0.035451172363321765
2012-09-06T22:00:00Z,0.0,0.03348166278758167
2012-09-06T23:00:00Z,0.0,0.03446641757545172
2012-09-07T00:00:00Z,0.0,0.036435927151191816
2012-09-07T01:00:00Z,0.0,0.036435927151191816
2012-09-07T02:00:00Z,0.0,0.030527398423971522
2012-09-07T03:00:00Z,0.0,0.02363411490888118
2012-09-07T04:00:00Z,0.0,0.020679850545271033
2012-09-07T05:00:00Z,0.04840175499341102,0.020679850545271033
2012-09-07T06:00:00Z,0.18554006080807559,0.012801812242310638
2012-09-07T07:00:00Z,0.33881228495387716,0.00984754787870049
2012-09-07T08:00:00Z,0.4154483970267779,0.012801812242310638
2012-09-07T09:00:00Z,0.4467078637933558,0.016740831393790834
2012-09-07T10:00:00Z,0.46485852191588506,0.02264936012101113
2012-09-07T11:00:00Z,0.368055011929063,0.030527398423971522
2012-09-07T12:00:00Z,0.31561977735286767,0.032496907999711624
2012-09-07T13:00:00Z,0.35494620328501414,0.03151215321184157
2012-09-07T14:00:00Z,0.2561259535068,0.040374946302672014
2012-09-07T15:00:00Z,0.11797927779643937,0.061054796847943044
2012-09-07T16:00:00Z,0.05949382384606771,0.0846889117568242
2012-09-07T17:00:00Z,0.0030251096870881886,0.11817057454440588
2012-09-07T18:00:00Z,0.0,0.1388504250896769
2012-09-07T19:00:00Z,0.0,0.13589616072606678
2012-09-07T20:00:00Z,0.0,0.12801812242310637
2012-09-07T21:00:00Z,0.0,0.1142315553929257
2012-09-07T22:00:00Z,0.0,0.09650596921126481
2012-09-07T23:00:00Z,0.0,0.07287185430238363
2012-09-08T00:00:00Z,0.0,0.060070042060072985
2012-09-08T01:00:00Z,0.0,0.06302430642368315
2012-09-08T02:00:00Z,0.0,0.08567366654469426
2012-09-08T03:00:00Z,0.0,0.13491140593819673
2012-09-08T04:00:00Z,0.0,0.1624845399985581
2012-09-08T05:00:00Z,0.015125548435440945,0.16543880436216826
2012-09-08T06:00:00Z,0.06453567332454803,0.16346929478642813
2012-09-08T07:00:00Z,0.11797927779643937,0.1703625783015185
2012-09-08T08:00:00Z,0.20974093830478108,0.18119488096808903
2012-09-08T09:00:00Z,0.27427661162932915,0.1693778235136484
2012-09-08T10:00:00Z,0.18352332101668342,0.16346929478642813
2012-09-08T11:00:00Z,0.10285372936099842,0.17430159745299867
2012-09-08T12:00:00Z,0.14117178539744882,0.18611865490743926
2012-09-08T13:00:00Z,0.13512156602327244,0.17528635224086872
2012-09-08T14:00:00Z,0.07663611207290079,0.13195714157458657
2012-09-08T15:00:00Z,0.034284576453666143,0.06597857078729329
2012-09-08T16:00:00Z,0.013108808644048817,0.02363411490888118
2012-09-08T17:00:00Z,0.0,0.026588379272491327
2012-09-08T18:00:00Z,0.0,0.08173464739321407
2012-09-08T19:00:00Z,0.0,0.1526369921198576
2012-09-08T20:00:00Z,0.0,0.21270703417993062
2012-09-08T21:00:00Z,0.0,0.2629295283613031
2012-09-08T22:00:00Z,0.0,0.2993654555124949
2012-09-08T23:00:00Z,0.0,0.3249690799971162
2012-09-09T00:00:00Z,0.0,0.3653440262997882
2012-09-09T01:00:00Z,0.0,0.4185207848447708
2012-09-09T02:00:00Z,0.0,0.4687432790261434
2012-09-09T03:00:00Z,0.0,0.4963164130865047
2012-09-09T04:00:00Z,0.0,0.5652492482374081
2012-09-09T05:00:00Z,0.0030251096870881886,0.6085784589036903
2012-09-09T06:00:00Z,0.016133918331137007,0.6578161982971928
2012-09-09T07:00:00Z,0.03025109687088189,0.7356118265389265
2012-09-09T08:00:00Z,0.05142686468049921,0.8498433819318523
2012-09-09T09:00:00Z,0.07966122175998898,0.8715079872649935
2012-09-09T10:00:00Z,0.11192905842226297,0.8715079872649935
2012-09-09T11:00:00Z,0.12402949717061573,0.8459043627803721
2012-09-09T12:00:00Z,0.11596253800504724,0.7966666233868697
2012-09-09T13:00:00Z,0.09882024977821416,0.7375813361146667
2012-09-09T14:00:00Z,0.08268633144707715,0.6903131062969043
2012-09-09T15:00:00Z,0.05546034426328346,0.6775112940545936
2012-09-09T16:00:00Z,0.021175767809617323,0.6853893323575541
2012-09-09T17:00:00Z,0.0,0.6676637461758933
2012-09-09T18:00:00Z,0.0,0.6292583094489613
2012-09-09T19:00:00Z,0.0,0.562294983873798
2012-09-09T20:00:00Z,0.0,0.5327523402376966
2012-09-09T21:00:00Z,0.0,0.4854841104199342
2012-09-09T22:00:00Z,0.0,0.44904818326874235
2012-09-09T23:00:00Z,0.0,0.4067037273903303
2012-09-10T00:00:00Z,0.0,0.38799338642079934
2012-09-10T01:00:00Z,0.0,0.381100102905709
2012-09-10T02:00:00Z,0.0,0.36829829066339836
2012-09-10T03:00:00Z,0.0,0.3495879496938674
2012-09-10T04:00:00Z,0.0,0.33284711830007657
2012-09-10T05:00:00Z,0.06352730342885196,0.27376183102787366
2012-09-10T06:00:00Z,0.25310084381971176,0.19399669321039967
2012-09-10T07:00:00Z,0.43964927452348346,0.26982281187639345
2012-09-10T08:00:00Z,0.5828377997123244,0.3712525550270085
2012-09-10T09:00:00Z,0.6796413096991465,0.40867323696607033
2012-09-10T10:00:00Z,0.7179593657355967,0.4539719572080926
2012-09-10T11:00:00Z,0.7129175162571164,0.5120724896924255
2012-09-10T12:00:00Z,0.6594739117852252,0.5485084168436173
2012-09-10T13:00:00Z,0.5122519070136,0.5524474359950976
2012-09-10T14:00:00Z,0.2601594330895842,0.520935282783256
2012-09-10T15:00:00Z,0.08772818092555747,0.4697280338140134
2012-09-10T16:00:00Z,0.021175767809617323,0.4204902944205109
2012-09-10T17:00:00Z,0.0,0.42541406835986123
2012-09-10T18:00:00Z,0.0,0.45200244763235253
2012-09-10T19:00:00Z,0.0,0.48154509126845396
2012-09-10T20:00:00Z,0.0,0.4933621487228946
2012-09-10T21:00:00Z,0.0,0.5150267540560356
2012-09-10T22:00:00Z,0.0,0.5061639609652052
2012-09-10T23:00:00Z,0.0,0.5160115088439057
2012-09-11T00:00:00Z,0.0,0.4854841104199342
2012-09-11T01:00:00Z,0.0,0.4342768614506916
2012-09-11T02:00:00Z,0.0,0.3141367773305457
2012-09-11T03:00:00Z,0.0,0.30035021030036496
2012-09-11T04:00:00Z,0.0,0.3161062869062857
2012-09-11T05:00:00Z,0.017142288226833072,0.29542643636101473
2012-09-11T06:00:00Z,0.10386209925669447,0.24323443260390212
2012-09-11T07:00:00Z,0.3015025988131228,0.28459413369444414
2012-09-11T08:00:00Z,0.5041849478480315,0.32201481563350604
2012-09-11T09:00:00Z,0.6272060751229511,0.3190605512698959
2012-09-11T10:00:00Z,0.6806496795948426,0.3190605512698959
2012-09-11T11:00:00Z,0.6806496795948426,0.3367861374515568
2012-09-11T12:00:00Z,0.6342646643928236,0.3604202523604379
2012-09-11T13:00:00Z,0.54552811357157,0.38799338642079934
2012-09-11T14:00:00Z,0.4245237260880425,0.3939019151480196
2012-09-11T15:00:00Z,0.21478278778326138,0.3495879496938674
2012-09-11T16:00:00Z,0.06957752280302835,0.28656364327018424
2012-09-11T17:00:00Z,0.001008369895696063,0.2786856049672239
2012-09-11T18:00:00Z,0.0,0.26686854751278327
2012-09-11T19:00:00Z,0.0,0.2589905092098229
2012-09-11T20:00:00Z,0.0,0.2471734517553823
2012-09-11T21:00:00Z,0.0,0.2353563943009417
2012-09-11T22:00:00Z,0.0,0.23240212993733156
2012-09-11T23:00:00Z,0.0,0.2570209996340828
2012-09-12T00:00:00Z,0.0,0.31807579648202583
2012-09-12T01:00:00Z,0.0,0.3761763289663587
2012-09-12T02:00:00Z,0.0,0.4076884821782003
2012-09-12T03:00:00Z,0.0,0.4392006353900419
2012-09-12T04:00:00Z,0.0,0.4854841104199342
2012-09-12T05:00:00Z,0.014117178539744882,0.540630378540657
2012-09-12T06:00:00Z,0.05949382384606771,0.6410753669034019
2012-09-12T07:00:00Z,0.1845316909123795,0.6056241945400801
2012-09-12T08:00:00Z,0.43964927452348346,0.6932673706605145
2012-09-12T09:00:00Z,0.5919131287735889,0.7365965813267967
2012-09-12T10:00:00Z,0.6806496795948426,0.7109929568421753
2012-09-12T11:00:00Z,0.7482104626064786,0.6716027653273735
2012-09-12T12:00:00Z,0.7028338173001558,0.6509229147821024
2012-09-12T13:00:00Z,0.5576285523199228,0.6144869876309106
2012-09-12T14:00:00Z,0.3277202161012205,0.563279738661668
2012-09-12T15:00:00Z,0.1845316909123795,0.5169962636317758
2012-09-12T16:00:00Z,0.07159426259442046,0.4707127886018834
2012-09-12T17:00:00Z,0.001008369895696063,0.46184999551105294
2012-09-12T18:00:00Z,0.0,0.45988048593531294
2012-09-12T19:00:00Z,0.0,0.45495671199596266
2012-09-12T20:00:00Z,0.0,0.4726822981776235
2012-09-12T21:00:00Z,0.0,0.4736670529654936
2012-09-12T22:00:00Z,0.0,0.45791097635957284
2012-09-12T23:00:00Z,0.0,0.44904818326874235
2012-09-13T00:00:00Z,0.0,0.42541406835986123
2012-09-13T01:00:00Z,0.0,0.3830696124814491
2012-09-13T02:00:00Z,0.0,0.35746598799682777
2012-09-13T03:00:00Z,0.0,0.34860319490599734
2012-09-13T04:00:00Z,0.0,0.3594354975725679
2012-09-13T05:00:00Z,0.05747708405467558,0.32792334436072634
2012-09-13T06:00:00Z,0.24503388465414327,0.21960031769502095
2012-09-13T07:00:00Z,0.4265404658794346,0.21960031769502095
2012-09-13T08:00:00Z,0.5959466083563733,0.18808816448317936
2012-09-13T09:00:00Z,0.6998087076130676,0.18611865490743926
2012-09-13T10:00:00Z,0.7542606819806551,0.18119488096808903
2012-09-13T11:00:00Z,0.7461937228150866,0.17528635224086872
2012-09-13T12:00:00Z,0.6957752280302834,0.1703625783015185
2012-09-13T13:00:00Z,0.6030051976262456,0.15756076605920785
2012-09-13T14:00:00Z,0.3892307797386803,0.14968272775624744
2012-09-13T15:00:00Z,0.18554006080807559,0.14180468945328706
2012-09-13T16:00:00Z,0.06756078301163622,0.11718581975653584
2012-09-13T17:00:00Z,0.0,0.07582611866599377
2012-09-13T18:00:00Z,0.0,0.05711577769646285
2012-09-13T19:00:00Z,0.0,0.10536876230209524
2012-09-13T20:00:00Z,0.0,0.2048289958769702
2012-09-13T21:00:00Z,0.0,0.33580138266368675
2012-09-13T22:00:00Z,0.0,0.4342768614506916
2012-09-13T23:00:00Z,0.0,0.45003293805661243
2012-09-14T00:00:00Z,0.0,0.45101769284448245
2012-09-14T01:00:00Z,0.0,0.45791097635957284
2012-09-14T02:00:00Z,0.0,0.45101769284448245
2012-09-14T03:00:00Z,0.0,0.45101769284448245
2012-09-14T04:00:00Z,0.0,0.4677585242382733
2012-09-14T05:00:00Z,0.033276206557970076,0.462834750298923
2012-09-14T06:00:00Z,0.15024711445871336,0.4204902944205109
2012-09-14T07:00:00Z,0.23797529538427084,0.4441244093293921
2012-09-14T08:00:00Z,0.38721403994728815,0.6794808036303337
2012-09-14T09:00:00Z,0.480992440247022,0.7405356004782768
2012-09-14T10:00:00Z,0.5898963889821968,0.7671239797507682
2012-09-14T11:00:00Z,0.42553209598373853,0.7927276042353895
2012-09-14T12:00:00Z,0.21175767809617319,0.7799257919930789
2012-09-14T13:00:00Z,0.14016341550175276,0.7395508456904069
2012-09-14T14:00:00Z,0.2178078974703496,0.7395508456904069
2012-09-14T15:00:00Z,0.16234755320706612,0.7484136387812372
2012-09-14T16:00:00Z,0.0272259871837937,0.7139472212057856
2012-09-14T17:00:00Z,0.0,0.6184260067823908
2012-09-14T18:00:00Z,0.0,0.563279738661668
2012-09-14T19:00:00Z,0.0,0.582974834419069
2012-09-14T20:00:00Z,0.0,0.5888833631462893
2012-09-14T21:00:00Z,0.0,0.6174412519945207
2012-09-14T22:00:00Z,0.0,0.6351668381761816
2012-09-14T23:00:00Z,0.0,0.6331973286004415
2012-09-15T00:00:00Z,0.0,0.6450143860548821
2012-09-15T01:00:00Z,0.0,0.6410753669034019
2012-09-15T02:00:00Z,0.0,0.6203955163581308
2012-09-15T03:00:00Z,0.0,0.5967614014492497
2012-09-15T04:00:00Z,0.0,0.5672187578131482
2012-09-15T05:00:00Z,0.032267836662274015,0.5229047923589961
2012-09-15T06:00:00Z,0.15125548435440941,0.5140419992681656
2012-09-15T07:00:00Z,0.3186448870399559,0.6115327232673005
2012-09-15T08:00:00Z,0.36502990224197474,0.6263040450853512
2012-09-15T09:00:00Z,0.4497329734804441,0.6371363477519217
2012-09-15T10:00:00Z,0.3862056700515921,0.6489534052063624
2012-09-15T11:00:00Z,0.37511360119893544,0.6548619339335826
2012-09-15T12:00:00Z,0.3267118462055244,0.642060121691272
2012-09-15T13:00:00Z,0.20873256840908502,0.6194107615702609
2012-09-15T14:00:00Z,0.12302112727491966,0.5682035126010182
2012-09-15T15:00:00Z,0.08571144113416536,0.4894231295714144
2012-09-15T16:00:00Z,0.04436827541062677,0.39981044387523995
2012-09-15T17:00:00Z,0.0,0.4392006353900419
2012-09-15T18:00:00Z,0.0,0.4460939189051322
2012-09-15T19:00:00Z,0.0,0.4470786736930023
2012-09-15T20:00:00Z,0.0,0.44904818326874235
2012-09-15T21:00:00Z,0.0,0.4697280338140134
2012-09-15T22:00:00Z,0.0,0.4894231295714144
2012-09-15T23:00:00Z,0.0,0.4805603364805839
2012-09-16T00:00:00Z,0.0,0.462834750298923
2012-09-16T01:00:00Z,0.0,0.43723112581430174
2012-09-16T02:00:00Z,0.0,0.40571897260246015
2012-09-16T03:00:00Z,0.0,0.3919324055722795
2012-09-16T04:00:00Z,0.0,0.4677585242382733
2012-09-16T05:00:00Z,0.0272259871837937,0.47760607211697376
2012-09-16T06:00:00Z,0.1089039487351748,0.5494931716314874
2012-09-16T07:00:00Z,0.09680350998682204,0.6144869876309106
2012-09-16T08:00:00Z,0.13411319612757636,0.7149319759936555
2012-09-16T09:00:00Z,0.3932642593214645,0.7946971138111296
2012-09-16T10:00:00Z,0.4245237260880425,0.8311330409623213
2012-09-16T11:00:00Z,0.37511360119893544,0.8547671558712026
2012-09-16T12:00:00Z,0.31057792787438737,0.8685537229013832
2012-09-16T13:00:00Z,0.241000405071359,0.883325044719434
2012-09-16T14:00:00Z,0.1663810327898504,0.8912030830223944
2012-09-16T15:00:00Z,0.11596253800504724,0.8843097995073042
2012-09-16T16:00:00Z,0.025209247392401574,0.863629948962033
2012-09-16T17:00:00Z,0.0,0.8390110792652817
2012-09-16T18:00:00Z,0.0,0.826209267022971
2012-09-16T19:00:00Z,0.0,0.8153769643564006
2012-09-16T20:00:00Z,0.0,0.7907580946596494
2012-09-16T21:00:00Z,0.0,0.7730325084779885
2012-09-16T22:00:00Z,0.0,0.7503831483569773
2012-09-16T23:00:00Z,0.0,0.7129624664179155
2012-09-17T00:00:00Z,0.0,0.6351668381761816
2012-09-17T01:00:00Z,0.0,0.5524474359950976
2012-09-17T02:00:00Z,0.0,0.519950527995386
2012-09-17T03:00:00Z,0.0,0.4923773939350245
2012-09-17T04:00:00Z,0.0,0.4933621487228946
2012-09-17T05:00:00Z,0.042351535619234645,0.45200244763235253
2012-09-17T06:00:00Z,0.22083300715743778,0.43033784229921146
2012-09-17T07:00:00Z,0.42956557556652275,0.5800205700554588
2012-09-17T08:00:00Z,0.5868712792951086,0.6312278190247015
2012-09-17T09:00:00Z,0.6907333785518031,0.6519076695699725
2012-09-17T10:00:00Z,0.7391351335452141,0.6676637461758933
2012-09-17T11:00:00Z,0.736110023858126,0.6794808036303337
2012-09-17T12:00:00Z,0.6836747892819307,0.681450313206074
2012-09-17T13:00:00Z,0.5929214986692849,0.6706180105395034
2012-09-17T14:00:00Z,0.4497329734804441,0.6548619339335826
2012-09-17T15:00:00Z,0.2601594330895842,0.6331973286004415
2012-09-17T16:00:00Z,0.06756078301163622,0.563279738661668
2012-09-17T17:00:00Z,0.0,0.48843837478354435
2012-09-17T18:00:00Z,0.0,0.4539719572080926
2012-09-17T19:00:00Z,0.0,0.46184999551105294
2012-09-17T20:00:00Z,0.0,0.4716975433897535
2012-09-17T21:00:00Z,0.0,0.4923773939350245
2012-09-17T22:00:00Z,0.0,0.4707127886018834
2012-09-17T23:00:00Z,0.0,0.441170144965782
2012-09-18T00:00:00Z,0.0,0.41655127526903074
2012-09-18T01:00:00Z,0.0,0.39784093429949985
2012-09-18T02:00:00Z,0.0,0.3712525550270085
2012-09-18T03:00:00Z,0.0,0.35648123320895775
2012-09-18T04:00:00Z,0.0,0.35746598799682777
2012-09-18T05:00:00Z,0.035292946349362204,0.3289080991485964
2012-09-18T06:00:00Z,0.20974093830478108,0.2589905092098229
2012-09-18T07:00:00Z,0.3922558894257685,0.2501277161189924
2012-09-18T08:00:00Z,0.5546034426328347,0.260960018785563
2012-09-18T09:00:00Z,0.6604822816809213,0.2629295283613031
2012-09-18T10:00:00Z,0.7240095851097732,0.2511124709068625
2012-09-18T11:00:00Z,0.7401435034409102,0.2648990379370432
2012-09-18T12:00:00Z,0.6796413096991465,0.28262462411870404
2012-09-18T13:00:00Z,0.5485532232586583,0.2934569267852746
2012-09-18T14:00:00Z,0.4093981776526016,0.32201481563350604
2012-09-18T15:00:00Z,0.17444799195541888,0.33186236351220655
2012-09-18T16:00:00Z,0.031259466766577954,0.29444168157314465
2012-09-18T17:00:00Z,0.0,0.29641119114888476
2012-09-18T18:00:00Z,0.0,0.30035021030036496
2012-09-18T19:00:00Z,0.0,0.29247217199740455
2012-09-18T20:00:00Z,0.0,0.26686854751278327
2012-09-18T21:00:00Z,0.0,0.23831065866455187
2012-09-18T22:00:00Z,0.0,0.22156982727076105
2012-09-18T23:00:00Z,0.0,0.22747835599798133
2012-09-19T00:00:00Z,0.0,0.2550514900583427
2012-09-19T01:00:00Z,0.0,0.2895179076337944
2012-09-19T02:00:00Z,0.0,0.3190605512698959
2012-09-19T03:00:00Z,0.0,0.34269466617877703
2012-09-19T04:00:00Z,0.0,0.35352696884534757
2012-09-19T05:00:00Z,0.03025109687088189,0.340725156603037
2012-09-19T06:00:00Z,0.17142288226833072,0.24323443260390212
2012-09-19T07:00:00Z,0.30856118808299526,0.2550514900583427
2012-09-19T08:00:00Z,0.38217219046880785,0.27376183102787366
2012-09-19T09:00:00Z,0.2601594330895842,0.2875483980580543
2012-09-19T10:00:00Z,0.14621363487592912,0.3052739842397152
2012-09-19T11:00:00Z,0.12907134664909606,0.32201481563350604
2012-09-19T12:00:00Z,0.17444799195541888,0.3456489305423872
2012-09-19T13:00:00Z,0.21377441788756532,0.36829829066339836
2012-09-19T14:00:00Z,0.18755680059946772,0.380115348117839
2012-09-19T15:00:00Z,0.09176166050834171,0.32201481563350604
2012-09-19T16:00:00Z,0.02420087749670551,0.2993654555124949
2012-09-19T17:00:00Z,0.0,0.36829829066339836
2012-09-19T18:00:00Z,0.0,0.3515574592696075
2012-09-19T19:00:00Z,0.0,0.3594354975725679
2012-09-19T20:00:00Z,0.0,0.3515574592696075
2012-09-19T21:00:00Z,0.0,0.3249690799971162
2012-09-19T22:00:00Z,0.0,0.3190605512698959
2012-09-19T23:00:00Z,0.0,0.3348166278758167
2012-09-20T00:00:00Z,0.0,0.3456489305423872
2012-09-20T01:00:00Z,0.0,0.3289080991485964
2012-09-20T02:00:00Z,0.0,0.33284711830007657
2012-09-20T03:00:00Z,0.0,0.321030060845636
2012-09-20T04:00:00Z,0.0,0.32595383478498624
2012-09-20T05:00:00Z,0.010083698956960629,0.30231971987610506
2012-09-20T06:00:00Z,0.10487046915239054,0.2540667352704727
2012-09-20T07:00:00Z,0.25209247392401574,0.2570209996340828
2012-09-20T08:00:00Z,0.3972977389042488,0.2727770762400036
2012-09-20T09:00:00Z,0.5425030038844819,0.23831065866455187
2012-09-20T10:00:00Z,0.6604822816809213,0.19399669321039967
2012-09-20T11:00:00Z,0.7159426259442047,0.15559125648346775
2012-09-20T12:00:00Z,0.671574350533578,0.12801812242310637
2012-09-20T13:00:00Z,0.5757792104424518,0.1024144979384851
2012-09-20T14:00:00Z,0.43057394546221883,0.07878038302960393
2012-09-20T15:00:00Z,0.24301714486275117,0.05711577769646285
2012-09-20T16:00:00Z,0.06050219374176378,0.03939019151480196
2012-09-20T17:00:00Z,0.0,0.01871034096953093
2012-09-20T18:00:00Z,0.0,0.005908528727220295
2012-09-20T19:00:00Z,0.0,0.008862793090830441
2012-09-20T20:00:00Z,0.0,0.027573134060361375
2012-09-20T21:00:00Z,0.0,0.060070042060072985
2012-09-20T22:00:00Z,0.0,0.0984754787870049
2012-09-20T23:00:00Z,0.0,0.13294189636245662
2012-09-21T00:00:00Z,0.0,0.1526369921198576
2012-09-21T01:00:00Z,0.0,0.15756076605920785
2012-09-21T02:00:00Z,0.0,0.15362174690772765
2012-09-21T03:00:00Z,0.0,0.14968272775624744
2012-09-21T04:00:00Z,0.0,0.14869797296837742
2012-09-21T05:00:00Z,0.033276206557970076,0.1526369921198576
2012-09-21T06:00:00Z,0.21175767809617319,0.11817057454440588
2012-09-21T07:00:00Z,0.41645676692247396,0.06696332557516334
2012-09-21T08:00:00Z,0.5767875803381479,0.07779562824173387
2012-09-21T09:00:00Z,0.6796413096991465,0.1388504250896769
2012-09-21T10:00:00Z,0.7290514345882535,0.1447589538168972
2012-09-21T11:00:00Z,0.7290514345882535,0.14377419902902716
2012-09-21T12:00:00Z,0.6836747892819307,0.140819934665417
2012-09-21T13:00:00Z,0.5868712792951086,0.140819934665417
2012-09-21T14:00:00Z,0.44166601431487557,0.14180468945328706
2012-09-21T15:00:00Z,0.25410921371540784,0.17430159745299867
2012-09-21T16:00:00Z,0.06251893353315591,0.3033044746639751
2012-09-21T17:00:00Z,0.0,0.46086524072318297
2012-09-21T18:00:00Z,0.0,0.5376761141770469
2012-09-21T19:00:00Z,0.0,0.5179810184196458
2012-09-21T20:00:00Z,0.0,0.4933621487228946
2012-09-21T21:00:00Z,0.0,0.4716975433897535
2012-09-21T22:00:00Z,0.0,0.4460939189051322
2012-09-21T23:00:00Z,0.0,0.42541406835986123
2012-09-22T00:00:00Z,0.0,0.4067037273903303
2012-09-22T01:00:00Z,0.0,0.38996289599653944
2012-09-22T02:00:00Z,0.0,0.3742068193906186
2012-09-22T03:00:00Z,0.0,0.3594354975725679
2012-09-22T04:00:00Z,0.0,0.3515574592696075
2012-09-22T05:00:00Z,0.0272259871837937,0.3289080991485964
2012-09-22T06:00:00Z,0.1956237597650362,0.2343716395130717
2012-09-22T07:00:00Z,0.4093981776526016,0.19498144799826972
2012-09-22T08:00:00Z,0.5626704017984031,0.22156982727076105
2012-09-22T09:00:00Z,0.6544320623067449,0.24520394217964223
2012-09-22T10:00:00Z,0.7078756667786361,0.23732590387668182
2012-09-22T11:00:00Z,0.7149342560485086,0.20679850545271028
2012-09-22T12:00:00Z,0.6685492408464898,0.18907291927104944
2012-09-22T13:00:00Z,0.5697289910682756,0.18611865490743926
2012-09-22T14:00:00Z,0.41645676692247396,0.18611865490743926
2012-09-22T15:00:00Z,0.21579115767895746,0.19793571236187987
2012-09-22T16:00:00Z,0.04537664530632283,0.29542643636101473
2012-09-22T17:00:00Z,0.0,0.38799338642079934
2012-09-22T18:00:00Z,0.0,0.41261225611755054
2012-09-22T19:00:00Z,0.0,0.4076884821782003
2012-09-22T20:00:00Z,0.0,0.39094765078440946
2012-09-22T21:00:00Z,0.0,0.3702678002391384
2012-09-22T22:00:00Z,0.0,0.34663368533025724
2012-09-22T23:00:00Z,0.0,0.321030060845636
2012-09-23T00:00:00Z,0.0,0.27671609539148384
2012-09-23T01:00:00Z,0.0,0.2284631107858514
2012-09-23T02:00:00Z,0.0,0.18611865490743926
2012-09-23T03:00:00Z,0.0,0.14278944424115708
2012-09-23T04:00:00Z,0.0,0.10536876230209524
2012-09-23T05:00:00Z,0.002016739791392126,0.07681087345386382
2012-09-23T06:00:00Z,0.035292946349362204,0.04923773939350245
2012-09-23T07:00:00Z,0.11092068852656692,0.03939019151480196
2012-09-23T08:00:00Z,0.17747310164250707,0.040374946302672014
2012-09-23T09:00:00Z,0.2046990888263008,0.041359701090542066
2012-09-23T10:00:00Z,0.27629335142072126,0.040374946302672014
2012-09-23T11:00:00Z,0.3347788053710929,0.03840543672693191
2012-09-23T12:00:00Z,0.352929463493622,0.035451172363321765
2012-09-23T13:00:00Z,0.28234357079489764,0.032496907999711624
2012-09-23T14:00:00Z,0.18957354039085983,0.030527398423971522
2012-09-23T15:00:00Z,0.0816779615513811,0.032496907999711624
2012-09-23T16:00:00Z,0.017142288226833072,0.05514626812072275
2012-09-23T17:00:00Z,0.0,0.09650596921126481
2012-09-23T18:00:00Z,0.0,0.13097238678671652
2012-09-23T19:00:00Z,0.0,0.1506674825441175
2012-09-23T20:00:00Z,0.0,0.15559125648346775
2012-09-23T21:00:00Z,0.0,0.1683930687257784
2012-09-23T22:00:00Z,0.0,0.17824061660447887
2012-09-23T23:00:00Z,0.0,0.18021012618021895
2012-09-24T00:00:00Z,0.0,0.17824061660447887
2012-09-24T01:00:00Z,0.0,0.17233208787725857
2012-09-24T02:00:00Z,0.0,0.15756076605920785
2012-09-24T03:00:00Z,0.0,0.15362174690772765
2012-09-24T04:00:00Z,0.0,0.160515030422818
2012-09-24T05:00:00Z,0.004033479582784252,0.16642355915003829
2012-09-24T06:00:00Z,0.042351535619234645,0.13195714157458657
2012-09-24T07:00:00Z,0.09680350998682204,0.09453645963552472
2012-09-24T08:00:00Z,0.15528896393719369,0.10536876230209524
2012-09-24T09:00:00Z,0.21679952757465354,0.10930778145357543
2012-09-24T10:00:00Z,0.22385811684452595,0.09552121442339477
2012-09-24T11:00:00Z,0.22990833621870232,0.07681087345386382
2012-09-24T12:00:00Z,0.1683977725812425,0.05810053248433289
2012-09-24T13:00:00Z,0.08974492071694959,0.0423444558784121
2012-09-24T14:00:00Z,0.04840175499341102,0.035451172363321765
2012-09-24T15:00:00Z,0.019159028018225197,0.041359701090542066
2012-09-24T16:00:00Z,0.001008369895696063,0.056131022908592794
2012-09-24T17:00:00Z,0.0,0.06696332557516334
2012-09-24T18:00:00Z,0.0,0.07090234472664353
2012-09-24T19:00:00Z,0.0,0.06203955163581309
2012-09-24T20:00:00Z,0.0,0.04529872024202226
2012-09-24T21:00:00Z,0.0,0.02954264363610147
2012-09-24T22:00:00Z,0.0,0.016740831393790834
2012-09-24T23:00:00Z,0.0,0.008862793090830441
2012-09-25T00:00:00Z,0.0,0.00984754787870049
2012-09-25T01:00:00Z,0.0,0.014771321818050735
2012-09-25T02:00:00Z,0.0,0.017725586181660882
2012-09-25T03:00:00Z,0.0,0.01969509575740098
2012-09-25T04:00:00Z,0.0,0.02363411490888118
2012-09-25T05:00:00Z,0.0030251096870881886,0.032496907999711624
2012-09-25T06:00:00Z,0.06352730342885196,0.035451172363321765
2012-09-25T07:00:00Z,0.2046990888263008,0.028557888848231426
2012-09-25T08:00:00Z,0.4265404658794346,0.03742068193906186
2012-09-25T09:00:00Z,0.6040135675219417,0.053176758544982654
2012-09-25T10:00:00Z,0.655440432202441,0.06400906121155318
2012-09-25T11:00:00Z,0.6766162000120582,0.05908528727220294
2012-09-25T12:00:00Z,0.6312395547057353,0.04923773939350245
2012-09-25T13:00:00Z,0.5384695243016976,0.04726822981776236
2012-09-25T14:00:00Z,0.38721403994728815,0.06203955163581309
2012-09-25T15:00:00Z,0.15730570372858582,0.08173464739321407
2012-09-25T16:00:00Z,0.017142288226833072,0.1299876319988465
2012-09-25T17:00:00Z,0.0,0.21172227939206056
2012-09-25T18:00:00Z,0.0,0.2895179076337944
2012-09-25T19:00:00Z,0.0,0.3436794209666471
2012-09-25T20:00:00Z,0.0,0.3712525550270085
2012-09-25T21:00:00Z,0.0,0.3781458385420989
2012-09-25T22:00:00Z,0.0,0.3742068193906186
2012-09-25T23:00:00Z,0.0,0.34860319490599734
2012-09-26T00:00:00Z,0.0,0.32398432520924614
2012-09-26T01:00:00Z,0.0,0.3033044746639751
2012-09-26T02:00:00Z,0.0,0.29247217199740455
2012-09-26T03:00:00Z,0.0,0.29050266242166445
2012-09-26T04:00:00Z,0.0,0.3141367773305457
2012-09-26T05:00:00Z,0.001008369895696063,0.34761844011812726
2012-09-26T06:00:00Z,0.031259466766577954,0.3456489305423872
2012-09-26T07:00:00Z,0.05344360447189133,0.30822824860332537
2012-09-26T08:00:00Z,0.05142686468049921,0.2796703597550939
2012-09-26T09:00:00Z,0.06655241311594015,0.22747835599798133
2012-09-26T10:00:00Z,0.07361100238581259,0.2048289958769702
2012-09-26T11:00:00Z,0.08268633144707715,0.19399669321039967
2012-09-26T12:00:00Z,0.11092068852656692,0.18119488096808903
2012-09-26T13:00:00Z,0.20974093830478108,0.19498144799826972
2012-09-26T14:00:00Z,0.2067158286176929,0.19892046714974992
2012-09-26T15:00:00Z,0.12503786706631181,0.1585455208470779
2012-09-26T16:00:00Z,0.01815065812252913,0.14574370860476726
2012-09-26T17:00:00Z,0.0,0.16149978521068806
2012-09-26T18:00:00Z,0.0,0.20384424108910015
2012-09-26T19:00:00Z,0.0,0.2589905092098229
2012-09-26T20:00:00Z,0.0,0.2895179076337944
2012-09-26T21:00:00Z,0.0,0.29542643636101473
2012-09-26T22:00:00Z,0.0,0.30822824860332537
2012-09-26T23:00:00Z,0.0,0.33580138266368675
2012-09-27T00:00:00Z,0.0,0.36337451672404814
2012-09-27T01:00:00Z,0.0,0.3761763289663587
2012-09-27T02:00:00Z,0.0,0.3742068193906186
2012-09-27T03:00:00Z,0.0,0.3850391220571892
2012-09-27T04:00:00Z,0.0,0.36435927151191816
2012-09-27T05:00:00Z,0.010083698956960629,0.3673135358755283
2012-09-27T06:00:00Z,0.1089039487351748,0.3141367773305457
2012-09-27T07:00:00Z,0.18654843070377164,0.2777008501793538
2012-09-27T08:00:00Z,0.3297369558926126,0.41950553963264087
2012-09-27T09:00:00Z,0.5233439758662566,0.4894231295714144
2012-09-27T10:00:00Z,0.6130888965832063,0.482529846056324
2012-09-27T11:00:00Z,0.6211558557487747,0.4588957311474429
2012-09-27T12:00:00Z,0.5656955114854914,0.43526161623856163
2012-09-27T13:00:00Z,0.4436827541062677,0.4273835779356013
2012-09-27T14:00:00Z,0.2067158286176929,0.41359701090542056
2012-09-27T15:00:00Z,0.046385015202018896,0.341709911390907
2012-09-27T16:00:00Z,0.010083698956960629,0.33186236351220655
2012-09-27T17:00:00Z,0.0,0.39291716036014956
2012-09-27T18:00:00Z,0.0,0.41261225611755054
2012-09-27T19:00:00Z,0.0,0.4392006353900419
2012-09-27T20:00:00Z,0.0,0.5524474359950976
2012-09-27T21:00:00Z,0.0,0.5869138535705491
2012-09-27T22:00:00Z,0.0,0.6755417844788537
2012-09-27T23:00:00Z,0.0,0.6863740871454241
2012-09-28T00:00:00Z,0.0,0.6745570296909836
2012-09-28T01:00:00Z,0.0,0.6528924243578426
2012-09-28T02:00:00Z,0.0,0.6400906121155319
2012-09-28T03:00:00Z,0.0,0.5987309110249898
2012-09-28T04:00:00Z,0.0,0.563279738661668
2012-09-28T05:00:00Z,0.0030251096870881886,0.5485084168436173
2012-09-28T06:00:00Z,0.046385015202018896,0.5485084168436173
2012-09-28T07:00:00Z,0.10386209925669447,0.5435846429042671
2012-09-28T08:00:00Z,0.15024711445871336,0.5957766466613796
2012-09-28T09:00:00Z,0.11596253800504724,0.5800205700554588
2012-09-28T10:00:00Z,0.13411319612757636,0.5573712099344478
2012-09-28T11:00:00Z,0.26318454277667247,0.5524474359950976
2012-09-28T12:00:00Z,0.1633559231027622,0.5041944513894652
2012-09-28T13:00:00Z,0.09075329061264566,0.4313225970870815
2012-09-28T14:00:00Z,0.05344360447189133,0.43033784229921146
2012-09-28T15:00:00Z,0.010083698956960629,0.46677376945040316
2012-09-28T16:00:00Z,0.0,0.440185390177912
2012-09-28T17:00:00Z,0.0,0.34761844011812726
2012-09-28T18:00:00Z,0.0,0.4648042598746631
2012-09-28T19:00:00Z,0.0,0.440185390177912
2012-09-28T20:00:00Z,0.0,0.45594146678383274
2012-09-28T21:00:00Z,0.0,0.46578901466253314
2012-09-28T22:00:00Z,0.0,0.623349780721741
2012-09-28T23:00:00Z,0.0,0.6066089493279502
2012-09-29T00:00:00Z,0.0,0.5957766466613796
2012-09-29T01:00:00Z,0.0,0.4894231295714144
2012-09-29T02:00:00Z,0.0,0.45791097635957284
2012-09-29T03:00:00Z,0.0,0.4451091641172622
2012-09-29T04:00:00Z,0.0,0.4726822981776235
2012-09-29T05:00:00Z,0.0,0.4953316582986347
2012-09-29T06:00:00Z,0.012100438748352755,0.4923773939350245
2012-09-29T07:00:00Z,0.032267836662274015,0.5494931716314874
2012-09-29T08:00:00Z,0.06453567332454803,0.8311330409623213
2012-09-29T09:00:00Z,0.0978118798825181,0.9207457266584959
2012-09-29T10:00:00Z,0.10991231863087086,0.9010506309010949
2012-09-29T11:00:00Z,0.15327222414580158,0.8793860255679538
2012-09-29T12:00:00Z,0.21377441788756532,0.8912030830223944
2012-09-29T13:00:00Z,0.33982065484957324,0.9128676883555354
2012-09-29T14:00:00Z,0.35696294307640625,0.9207457266584959
2012-09-29T15:00:00Z,0.16738940268554645,0.9040048952647051
2012-09-29T16:00:00Z,0.020167397913921258,0.8655994585377732
2012-09-29T17:00:00Z,0.0,0.8114379452049203
2012-09-29T18:00:00Z,0.0,0.7651544701750281
2012-09-29T19:00:00Z,0.0,0.6794808036303337
2012-09-29T20:00:00Z,0.0,0.60365468496434
2012-09-29T21:00:00Z,0.0,0.5032096966015951
2012-09-29T22:00:00Z,0.0,0.41064274654181043
2012-09-29T23:00:00Z,0.0,0.3702678002391384
2012-09-30T00:00:00Z,0.0,0.33777089223942686
2012-09-30T01:00:00Z,0.0,0.3092130033911954
2012-09-30T02:00:00Z,0.0,0.29838070072462486
2012-09-30T03:00:00Z,0.0,0.26785330230065335
2012-09-30T04:00:00Z,0.0,0.22747835599798133
2012-09-30T05:00:00Z,0.0,0.20581375066484026
2012-09-30T06:00:00Z,0.008066959165568504,0.2048289958769702
2012-09-30T07:00:00Z,0.029242726975185825,0.21172227939206056
2012-09-30T08:00:00Z,0.04739338509771496,0.18119488096808903
2012-09-30T09:00:00Z,0.08268633144707715,0.18611865490743926
2012-09-30T10:00:00Z,0.10587883904808659,0.19301193842252962
2012-09-30T11:00:00Z,0.08571144113416536,0.17134733308938851
2012-09-30T12:00:00Z,0.07966122175998898,0.1467284633926373
2012-09-30T13:00:00Z,0.06151056363745983,0.11915532933227593
2012-09-30T14:00:00Z,0.046385015202018896,0.10142974315061504
2012-09-30T15:00:00Z,0.011092068852656692,0.1083230266657054
2012-09-30T16:00:00Z,0.0,0.11718581975653584
2012-09-30T17:00:00Z,0.0,0.20285948630123007
2012-09-30T18:00:00Z,0.0,0.29739594593675484
2012-09-30T19:00:00Z,0.0,0.340725156603037
2012-09-30T20:00:00Z,0.0,0.2914874172095345
2012-09-30T21:00:00Z,0.0,0.2353563943009417
2012-09-30T22:00:00Z,0.0,0.20187473151336002
2012-09-30T23:00:00Z,0.0,0.1851339001195692
2012-10-01T00:00:00Z,0.0,0.17725586181660882
2012-10-01T01:00:00Z,0.0,0.20876801502845038
2012-10-01T02:00:00Z,0.0,0.2520972256947326
2012-10-01T03:00:00Z,0.0,0.2520972256947326
2012-10-01T04:00:00Z,0.0,0.24421918739177217
2012-10-01T05:00:00Z,0.0,0.24323443260390212
2012-10-01T06:00:00Z,0.029242726975185825,0.2471734517553823
2012-10-01T07:00:00Z,0.12705460685770392,0.25603624484621273
2012-10-01T08:00:00Z,0.37511360119893544,0.32693858957285626
2012-10-01T09:00:00Z,0.6009884578348534,0.3722373098148785
2012-10-01T10:00:00Z,0.6745994602206661,0.3850391220571892
2012-10-01T11:00:00Z,0.6473734730368724,0.40571897260246015
2012-10-01T12:00:00Z,0.5717457308596676,0.41655127526903074
2012-10-01T13:00:00Z,0.46183341222879676,0.4204902944205109
2012-10-01T14:00:00Z,0.3257034763098284,0.42147504920838097
2012-10-01T15:00:00Z,0.13209645633618425,0.3850391220571892
2012-10-01T16:00:00Z,0.009075329061264565,0.34860319490599734
2012-10-01T17:00:00Z,0.0,0.39981044387523995
2012-10-01T18:00:00Z,0.0,0.4382158806021718
2012-10-01T19:00:00Z,0.0,0.41655127526903074
2012-10-01T20:00:00Z,0.0,0.35352696884534757
2012-10-01T21:00:00Z,0.0,0.3141367773305457
2012-10-01T22:00:00Z,0.0,0.24028016824029194
2012-10-01T23:00:00Z,0.0,0.19202718363465957
2012-10-02T00:00:00Z,0.0,0.14869797296837742
2012-10-02T01:00:00Z,0.0,0.12309434848375612
2012-10-02T02:00:00Z,0.0,0.140819934665417
2012-10-02T03:00:00Z,0.0,0.1969509575740098
2012-10-02T04:00:00Z,0.0,0.2501277161189924
2012-10-02T05:00:00Z,0.0,0.27376183102787366
2012-10-02T06:00:00Z,0.04134316572353858,0.2570209996340828
2012-10-02T07:00:00Z,0.12503786706631181,0.22747835599798133
2012-10-02T08:00:00Z,0.25108410402831965,0.2796703597550939
2012-10-02T09:00:00Z,0.28133520089920155,0.2648990379370432
2012-10-02T10:00:00Z,0.3499043538065338,0.23043262036159148
2012-10-02T11:00:00Z,0.5132602769092961,0.20285948630123007
2012-10-02T12:00:00Z,0.5304025651361292,0.19498144799826972
2012-10-02T13:00:00Z,0.4709087412900614,0.1851339001195692
2012-10-02T14:00:00Z,0.29041052996046607,0.16346929478642813
2012-10-02T15:00:00Z,0.1008369895696063,0.13491140593819673
2012-10-02T16:00:00Z,0.009075329061264565,0.11915532933227593
2012-10-02T17:00:00Z,0.0,0.1024144979384851
2012-10-02T18:00:00Z,0.0,0.07090234472664353
2012-10-02T19:00:00Z,0.0,0.040374946302672014
2012-10-02T20:00:00Z,0.0,0.01969509575740098
2012-10-02T21:00:00Z,0.0,0.01181705745444059
2012-10-02T22:00:00Z,0.0,0.012801812242310638
2012-10-02T23:00:00Z,0.0,0.01969509575740098
2012-10-03T00:00:00Z,0.0,0.027573134060361375
2012-10-03T01:00:00Z,0.0,0.027573134060361375
2012-10-03T02:00:00Z,0.0,0.02264936012101113
2012-10-03T03:00:00Z,0.0,0.01969509575740098
2012-10-03T04:00:00Z,0.0,0.02363411490888118
2012-10-03T05:00:00Z,0.001008369895696063,0.040374946302672014
2012-10-03T06:00:00Z,0.05949382384606771,0.06696332557516334
2012-10-03T07:00:00Z,0.17041451237263466,0.07484136387812372
2012-10-03T08:00:00Z,0.27326824173363307,0.10635351708996531
2012-10-03T09:00:00Z,0.29242726975185823,0.12801812242310637
2012-10-03T10:00:00Z,0.31965325693565194,0.13786567030180688
2012-10-03T11:00:00Z,0.3297369558926126,0.13392665115032668
2012-10-03T12:00:00Z,0.23495018569718268,0.13195714157458657
2012-10-03T13:00:00Z,0.12907134664909606,0.1388504250896769
2012-10-03T14:00:00Z,0.06251893353315591,0.16740831393790834
2012-10-03T15:00:00Z,0.023192507601009448,0.22550884642224123
2012-10-03T16:00:00Z,0.001008369895696063,0.29838070072462486
2012-10-03T17:00:00Z,0.0,0.3436794209666471
2012-10-03T18:00:00Z,0.0,0.34860319490599734
2012-10-03T19:00:00Z,0.0,0.341709911390907
2012-10-03T20:00:00Z,0.0,0.3367861374515568
2012-10-03T21:00:00Z,0.0,0.3456489305423872
2012-10-03T22:00:00Z,0.0,0.3604202523604379
2012-10-03T23:00:00Z,0.0,0.3850391220571892
2012-10-04T00:00:00Z,0.0,0.40867323696607033
2012-10-04T01:00:00Z,0.0,0.4323073518749515
2012-10-04T02:00:00Z,0.0,0.45791097635957284
2012-10-04T03:00:00Z,0.0,0.46381950508679304
2012-10-04T04:00:00Z,0.0,0.4707127886018834
2012-10-04T05:00:00Z,0.001008369895696063,0.46677376945040316
2012-10-04T06:00:00Z,0.07058589269872441,0.42344455878412113
2012-10-04T07:00:00Z,0.1845316909123795,0.37716108375422874
2012-10-04T08:00:00Z,0.29746911923033853,0.4116275013296805
2012-10-04T09:00:00Z,0.32166999672704405,0.4067037273903303
2012-10-04T10:00:00Z,0.3004942289174267,0.3948866699358897
2012-10-04T11:00:00Z,0.27326824173363307,0.41064274654181043
2012-10-04T12:00:00Z,0.24301714486275117,0.4342768614506916
2012-10-04T13:00:00Z,0.21276604799186927,0.4470786736930023
2012-10-04T14:00:00Z,0.12201275737922361,0.422459803996251
2012-10-04T15:00:00Z,0.06050219374176378,0.36238976193617806
2012-10-04T16:00:00Z,0.0050418494784803146,0.35352696884534757
2012-10-04T17:00:00Z,0.0,0.3820848576935791
2012-10-04T18:00:00Z,0.0,0.3781458385420989
2012-10-04T19:00:00Z,0.0,0.3584507427846978
2012-10-04T20:00:00Z,0.0,0.341709911390907
2012-10-04T21:00:00Z,0.0,0.3052739842397152
2012-10-04T22:00:00Z,0.0,0.259975263997693
2012-10-04T23:00:00Z,0.0,0.21566129854354074
2012-10-05T00:00:00Z,0.0,0.17725586181660882
2012-10-05T01:00:00Z,0.0,0.14180468945328706
2012-10-05T02:00:00Z,0.0,0.11226204581718559
2012-10-05T03:00:00Z,0.0,0.08862793090830441
2012-10-05T04:00:00Z,0.0,0.07779562824173387
2012-10-05T05:00:00Z,0.001008369895696063,0.07090234472664353
2012-10-05T06:00:00Z,0.11898764769213542,0.06499381599942325
2012-10-05T07:00:00Z,0.3075528181872992,0.04726822981776236
2012-10-05T08:00:00Z,0.49510961878676685,0.05022249418137249
2012-10-05T09:00:00Z,0.5717457308596676,0.056131022908592794
2012-10-05T10:00:00Z,0.5999800879391575,0.05810053248433289
2012-10-05T11:00:00Z,0.5082184274308157,0.05810053248433289
2012-10-05T12:00:00Z,0.5515783329457464,0.05908528727220294
2012-10-05T13:00:00Z,0.4527580831675323,0.06499381599942325
2012-10-05T14:00:00Z,0.320661626831348,0.07681087345386382
2012-10-05T15:00:00Z,0.13713830581466457,0.10635351708996531
2012-10-05T16:00:00Z,0.008066959165568504,0.17725586181660882
2012-10-05T17:00:00Z,0.0,0.21369178896780064
2012-10-05T18:00:00Z,0.0,0.2146765437556707
2012-10-05T19:00:00Z,0.0,0.19399669321039967
2012-10-05T20:00:00Z,0.0,0.15953027563494795
2012-10-05T21:00:00Z,0.0,0.13294189636245662
2012-10-05T22:00:00Z,0.0,0.10635351708996531
2012-10-05T23:00:00Z,0.0,0.07976513781747398
2012-10-06T00:00:00Z,0.0,0.05514626812072275
2012-10-06T01:00:00Z,0.0,0.035451172363321765
2012-10-06T02:00:00Z,0.0,0.03348166278758167
2012-10-06T03:00:00Z,0.0,0.043329210666282154
2012-10-06T04:00:00Z,0.0,0.05022249418137249
2012-10-06T05:00:00Z,0.0,0.04923773939350245
2012-10-06T06:00:00Z,0.04436827541062677,0.0462834750298923
2012-10-06T07:00:00Z,0.13209645633618425,0.04923773939350245
2012-10-06T08:00:00Z,0.2067158286176929,0.06696332557516334
2012-10-06T09:00:00Z,0.23293344590579054,0.07976513781747398
2012-10-06T10:00:00Z,0.2833519406905937,0.07779562824173387
2012-10-06T11:00:00Z,0.5183021263877764,0.07582611866599377
2012-10-06T12:00:00Z,0.5767875803381479,0.08271940218108413
2012-10-06T13:00:00Z,0.5465364834672661,0.09552121442339477
2012-10-06T14:00:00Z,0.3993144786956409,0.11718581975653584
2012-10-06T15:00:00Z,0.1361299359189685,0.11226204581718559
2012-10-06T16:00:00Z,0.007058589269872441,0.09453645963552472
2012-10-06T17:00:00Z,0.0,0.05908528727220294
2012-10-06T18:00:00Z,0.0,0.030527398423971522
2012-10-06T19:00:00Z,0.0,0.02264936012101113
2012-10-06T20:00:00Z,0.0,0.04923773939350245
2012-10-06T21:00:00Z,0.0,0.12801812242310637
2012-10-06T22:00:00Z,0.0,0.23634114908881176
2012-10-06T23:00:00Z,0.0,0.3101977581790654
2012-10-07T00:00:00Z,0.0,0.31807579648202583
2012-10-07T01:00:00Z,0.0,0.3151215321184157
2012-10-07T02:00:00Z,0.0,0.3101977581790654
2012-10-07T03:00:00Z,0.0,0.3052739842397152
2012-10-07T04:00:00Z,0.0,0.33580138266368675
2012-10-07T05:00:00Z,0.0,0.4076884821782003
2012-10-07T06:00:00Z,0.012100438748352755,0.40177995345097994
2012-10-07T07:00:00Z,0.04537664530632283,0.40276470823885
2012-10-07T08:00:00Z,0.07260263249011652,0.4382158806021718
2012-10-07T09:00:00Z,0.06756078301163622,0.40374946302672005
2012-10-07T10:00:00Z,0.05243523457619527,0.4313225970870815
2012-10-07T11:00:00Z,0.06554404322024408,0.5485084168436173
2012-10-07T12:00:00Z,0.08470307123846929,0.5534321907829677
2012-10-07T13:00:00Z,0.12201275737922361,0.4569262215717028
2012-10-07T14:00:00Z,0.11092068852656692,0.38897814120866936
2012-10-07T15:00:00Z,0.05646871415897953,0.3692830454512684
2012-10-07T16:00:00Z,0.002016739791392126,0.3830696124814491
2012-10-07T17:00:00Z,0.0,0.422459803996251
2012-10-07T18:00:00Z,0.0,0.4313225970870815
2012-10-07T19:00:00Z,0.0,0.4273835779356013
2012-10-07T20:00:00Z,0.0,0.42541406835986123
2012-10-07T21:00:00Z,0.0,0.42442931357199115
2012-10-07T22:00:00Z,0.0,0.41950553963264087
2012-10-07T23:00:00Z,0.0,0.441170144965782
2012-10-08T00:00:00Z,0.0,0.43723112581430174
2012-10-08T01:00:00Z,0.0,0.42836833272347136
2012-10-08T02:00:00Z,0.0,0.42344455878412113
2012-10-08T03:00:00Z,0.0,0.440185390177912
2012-10-08T04:00:00Z,0.0,0.4569262215717028
2012-10-08T05:00:00Z,0.0,0.48745361999567427
2012-10-08T06:00:00Z,0.031259466766577954,0.4982859226622448
2012-10-08T07:00:00Z,0.05646871415897953,0.47662131732910373
2012-10-08T08:00:00Z,0.14419689508453698,0.45003293805661243
2012-10-08T09:00:00Z,0.2319250760100945,0.45298720242022256
2012-10-08T10:00:00Z,0.31965325693565194,0.4588957311474429
2012-10-08T11:00:00Z,0.39528099911285663,0.4460939189051322
2012-10-08T12:00:00Z,0.24402551475844722,0.38799338642079934
2012-10-08T13:00:00Z,0.1653726628941543,0.34860319490599734
2012-10-08T14:00:00Z,0.1300797165447921,0.3308776087243365
2012-10-08T15:00:00Z,0.08369470134277322,0.3141367773305457
2012-10-08T16:00:00Z,0.001008369895696063,0.32989285393646645
2012-10-08T17:00:00Z,0.0,0.37716108375422874
2012-10-08T18:00:00Z,0.0,0.3820848576935791
2012-10-08T19:00:00Z,0.0,0.340725156603037
2012-10-08T20:00:00Z,0.0,0.30822824860332537
2012-10-08T21:00:00Z,0.0,0.30035021030036496
2012-10-08T22:00:00Z,0.0,0.29739594593675484
2012-10-08T23:00:00Z,0.0,0.3161062869062857
2012-10-09T00:00:00Z,0.0,0.341709911390907
2012-10-09T01:00:00Z,0.0,0.41655127526903074
2012-10-09T02:00:00Z,0.0,0.43723112581430174
2012-10-09T03:00:00Z,0.0,0.4421548997536521
2012-10-09T04:00:00Z,0.0,0.4362463710264317
2012-10-09T05:00:00Z,0.0,0.43033784229921146
2012-10-09T06:00:00Z,0.034284576453666143,0.42442931357199115
2012-10-09T07:00:00Z,0.1522638542501055,0.41261225611755054
2012-10-09T08:00:00Z,0.28839379016907396,0.5317675854498265
2012-10-09T09:00:00Z,0.37713034099032755,0.5682035126010182
2012-10-09T10:00:00Z,0.335787175266789,0.563279738661668
2012-10-09T11:00:00Z,0.3115862977700834,0.5524474359950976
2012-10-09T12:00:00Z,0.3307453257883086,0.5524474359950976
2012-10-09T13:00:00Z,0.3004942289174267,0.5524474359950976
2012-10-09T14:00:00Z,0.17948984143389918,0.5297980758740864
2012-10-09T15:00:00Z,0.05747708405467558,0.5032096966015951
2012-10-09T16:00:00Z,0.0,0.5229047923589961
2012-10-09T17:00:00Z,0.0,0.563279738661668
2012-10-09T18:00:00Z,0.0,0.5790358152675888
2012-10-09T19:00:00Z,0.0,0.4982859226622448
2012-10-09T20:00:00Z,0.0,0.5238895471468661
2012-10-09T21:00:00Z,0.0,0.5288133210862164
2012-10-09T22:00:00Z,0.0,0.5160115088439057
2012-10-09T23:00:00Z,0.0,0.5347218498134367
2012-10-10T00:00:00Z,0.0,0.4805603364805839
2012-10-10T01:00:00Z,0.0,0.43723112581430174
2012-10-10T02:00:00Z,0.0,0.45200244763235253
2012-10-10T03:00:00Z,0.0,0.4736670529654936
2012-10-10T04:00:00Z,0.0,0.5750967961161086
2012-10-10T05:00:00Z,0.0,0.6942521254483845
2012-10-10T06:00:00Z,0.008066959165568504,0.7080386924785653
2012-10-10T07:00:00Z,0.04134316572353858,0.7661392249628982
2012-10-10T08:00:00Z,0.12201275737922361,0.7818953015688189
2012-10-10T09:00:00Z,0.2178078974703496,0.7612154510235479
2012-10-10T10:00:00Z,0.21074930820047713,0.760230696235678
2012-10-10T11:00:00Z,0.13713830581466457,0.7277337882359662
2012-10-10T12:00:00Z,0.13209645633618425,0.6972063898119947
2012-10-10T13:00:00Z,0.13411319612757636,0.6942521254483845
2012-10-10T14:00:00Z,0.08066959165568503,0.7109929568421753
2012-10-10T15:00:00Z,0.014117178539744882,0.7651544701750281
2012-10-10T16:00:00Z,0.0,0.8163617191442706
2012-10-10T17:00:00Z,0.0,0.8459043627803721
2012-10-10T18:00:00Z,0.0,0.8508281367197225
2012-10-10T19:00:00Z,0.0,0.8567366654469427
2012-10-10T20:00:00Z,0.0,0.8616604393862929
2012-10-10T21:00:00Z,0.0,0.8596909298105527
2012-10-10T22:00:00Z,0.0,0.863629948962033
2012-10-10T23:00:00Z,0.0,0.8596909298105527
2012-10-11T00:00:00Z,0.0,0.8498433819318523
2012-10-11T01:00:00Z,0.0,0.8252245122351011
2012-10-11T02:00:00Z,0.0,0.7582611866599378
2012-10-11T03:00:00Z,0.0,0.6174412519945207
2012-10-11T04:00:00Z,0.0,0.5248743019347362
2012-10-11T05:00:00Z,0.0,0.47662131732910373
2012-10-11T06:00:00Z,0.0050418494784803146,0.41655127526903074
2012-10-11T07:00:00Z,0.028234357079489764,0.3190605512698959
2012-10-11T08:00:00Z,0.05142686468049921,0.2796703597550939
2012-10-11T09:00:00Z,0.07966122175998898,0.2993654555124949
2012-10-11T10:00:00Z,0.09377840029973386,0.3033044746639751
2012-10-11T11:00:00Z,0.09075329061264566,0.29050266242166445
2012-10-11T12:00:00Z,0.07663611207290079,0.26982281187639345
2012-10-11T13:00:00Z,0.06151056363745983,0.25800575442195284
2012-10-11T14:00:00Z,0.046385015202018896,0.259975263997693
2012-10-11T15:00:00Z,0.015125548435440945,0.281639869330834
2012-10-11T16:00:00Z,0.0,0.27080756666426353
2012-10-11T17:00:00Z,0.0,0.26982281187639345
2012-10-11T18:00:00Z,0.0,0.27671609539148384
2012-10-11T19:00:00Z,0.0,0.3141367773305457
2012-10-11T20:00:00Z,0.0,0.26982281187639345
2012-10-11T21:00:00Z,0.0,0.21073752460419048
2012-10-11T22:00:00Z,0.0,0.1546065016955977
2012-10-11T23:00:00Z,0.0,0.10438400751422519
2012-10-12T00:00:00Z,0.0,0.07287185430238363
2012-10-12T01:00:00Z,0.0,0.0541615133328527
2012-10-12T02:00:00Z,0.0,0.040374946302672014
2012-10-12T03:00:00Z,0.0,0.02264936012101113
2012-10-12T04:00:00Z,0.0,0.016740831393790834
2012-10-12T05:00:00Z,0.0,0.027573134060361375
2012-10-12T06:00:00Z,0.019159028018225197,0.0541615133328527
2012-10-12T07:00:00Z,0.09579514009112598,0.07090234472664353
2012-10-12T08:00:00Z,0.1653726628941543,0.07287185430238363
2012-10-12T09:00:00Z,0.2561259535068,0.08665842133256431
2012-10-12T10:00:00Z,0.41141491744399367,0.12210959369588609
2012-10-12T11:00:00Z,0.4446911240019637,0.17134733308938851
2012-10-12T12:00:00Z,0.35998805276349444,0.19399669321039967
2012-10-12T13:00:00Z,0.09277003040403779,0.16543880436216826
2012-10-12T14:00:00Z,0.0544519743675874,0.19892046714974992
2012-10-12T15:00:00Z,0.022184137705313384,0.3436794209666471
2012-10-12T16:00:00Z,0.0,0.5061639609652052
2012-10-12T17:00:00Z,0.0,0.5750967961161086
2012-10-12T18:00:00Z,0.0,0.5947918918735097
2012-10-12T19:00:00Z,0.0,0.6371363477519217
2012-10-12T20:00:00Z,0.0,0.6302430642368314
2012-10-12T21:00:00Z,0.0,0.6430448764791421
2012-10-12T22:00:00Z,0.0,0.60365468496434
2012-10-12T23:00:00Z,0.0,0.5741120413282386
2012-10-13T00:00:00Z,0.0,0.5563864551465776
2012-10-13T01:00:00Z,0.0,0.5554017003587076
2012-10-13T02:00:00Z,0.0,0.5554017003587076
2012-10-13T03:00:00Z,0.0,0.5386608689649168
2012-10-13T04:00:00Z,0.0,0.5258590567226062
2012-10-13T05:00:00Z,0.0,0.5376761141770469
2012-10-13T06:00:00Z,0.020167397913921258,0.4854841104199342
2012-10-13T07:00:00Z,0.05142686468049921,0.3968561795116298
2012-10-13T08:00:00Z,0.08268633144707715,0.35352696884534757
2012-10-13T09:00:00Z,0.1845316909123795,0.40571897260246015
2012-10-13T10:00:00Z,0.38721403994728815,0.3939019151480196
2012-10-13T11:00:00Z,0.6030051976262456,0.28853315284592435
2012-10-13T12:00:00Z,0.5667038813811874,0.15953027563494795
2012-10-13T13:00:00Z,0.40637306796551337,0.08370415696895417
2012-10-13T14:00:00Z,0.23595855559287873,0.05120724896924255
2012-10-13T15:00:00Z,0.07562774217720471,0.0423444558784121
2012-10-13T16:00:00Z,0.0,0.1083230266657054
2012-10-13T17:00:00Z,0.0,0.20778326024058033
2012-10-13T18:00:00Z,0.0,0.2895179076337944
2012-10-13T19:00:00Z,0.0,0.3456489305423872
2012-10-13T20:00:00Z,0.0,0.35451172363321765
2012-10-13T21:00:00Z,0.0,0.3692830454512684
2012-10-13T22:00:00Z,0.0,0.38799338642079934
2012-10-13T23:00:00Z,0.0,0.41950553963264087
2012-10-14T00:00:00Z,0.0,0.4460939189051322
2012-10-14T01:00:00Z,0.0,0.46086524072318297
2012-10-14T02:00:00Z,0.0,0.4539719572080926
2012-10-14T03:00:00Z,0.0,0.4362463710264317
2012-10-14T04:00:00Z,0.0,0.40374946302672005
2012-10-14T05:00:00Z,0.0,0.3742068193906186
2012-10-14T06:00:00Z,0.046385015202018896,0.32989285393646645
2012-10-14T07:00:00Z,0.20974093830478108,0.2540667352704727
2012-10-14T08:00:00Z,0.3297369558926126,0.17725586181660882
2012-10-14T09:00:00Z,0.3730968614075433,0.17134733308938851
2012-10-14T10:00:00Z,0.4134316572353858,0.1900576740589195
2012-10-14T11:00:00Z,0.4265404658794346,0.17134733308938851
2012-10-14T12:00:00Z,0.35998805276349444,0.13491140593819673
2012-10-14T13:00:00Z,0.23797529538427084,0.09650596921126481
2012-10-14T14:00:00Z,0.14419689508453698,0.07090234472664353
2012-10-14T15:00:00Z,0.06352730342885196,0.06400906121155318
2012-10-14T16:00:00Z,0.0,0.061054796847943044
2012-10-14T17:00:00Z,0.0,0.05908528727220294
2012-10-14T18:00:00Z,0.0,0.0541615133328527
2012-10-14T19:00:00Z,0.0,0.044313965454152206
2012-10-14T20:00:00Z,0.0,0.032496907999711624
2012-10-14T21:00:00Z,0.0,0.024618869696751224
2012-10-14T22:00:00Z,0.0,0.025603624484621276
2012-10-14T23:00:00Z,0.0,0.035451172363321765
2012-10-15T00:00:00Z,0.0,0.052192003757112596
2012-10-15T01:00:00Z,0.0,0.05810053248433289
2012-10-15T02:00:00Z,0.0,0.043329210666282154
2012-10-15T03:00:00Z,0.0,0.027573134060361375
2012-10-15T04:00:00Z,0.0,0.036435927151191816
2012-10-15T05:00:00Z,0.0,0.06302430642368315
2012-10-15T06:00:00Z,0.014117178539744882,0.07385660909025368
2012-10-15T07:00:00Z,0.04537664530632283,0.060070042060072985
2012-10-15T08:00:00Z,0.06554404322024408,0.03939019151480196
2012-10-15T09:00:00Z,0.07058589269872441,0.04923773939350245
2012-10-15T10:00:00Z,0.07461937228150865,0.08567366654469426
2012-10-15T11:00:00Z,0.07159426259442046,0.16642355915003829
2012-10-15T12:00:00Z,0.05546034426328346,0.2747465858157437
2012-10-15T13:00:00Z,0.032267836662274015,0.38602387684505923
2012-10-15T14:00:00Z,0.019159028018225197,0.45200244763235253
2012-10-15T15:00:00Z,0.004033479582784252,0.5120724896924255
2012-10-15T16:00:00Z,0.0,0.48449935563206414
2012-10-15T17:00:00Z,0.0,0.41458176569329064
2012-10-15T18:00:00Z,0.0,0.3939019151480196
2012-10-15T19:00:00Z,0.0,0.39094765078440946
2012-10-15T20:00:00Z,0.0,0.36238976193617806
2012-10-15T21:00:00Z,0.0,0.33186236351220655
2012-10-15T22:00:00Z,0.0,0.3101977581790654
2012-10-15T23:00:00Z,0.0,0.3052739842397152
2012-10-16T00:00:00Z,0.0,0.3141367773305457
2012-10-16T01:00:00Z,0.0,0.3101977581790654
2012-10-16T02:00:00Z,0.0,0.2895179076337944
2012-10-16T03:00:00Z,0.0,0.2875483980580543
2012-10-16T04:00:00Z,0.0,0.3101977581790654
2012-10-16T05:00:00Z,0.0,0.33777089223942686
2012-10-16T06:00:00Z,0.010083698956960629,0.3850391220571892
2012-10-16T07:00:00Z,0.05243523457619527,0.36337451672404814
2012-10-16T08:00:00Z,0.11898764769213542,0.2648990379370432
2012-10-16T09:00:00Z,0.17948984143389918,0.2629295283613031
2012-10-16T10:00:00Z,0.2611678029852803,0.35549647842108767
2012-10-16T11:00:00Z,0.35393783338931806,0.36829829066339836
2012-10-16T12:00:00Z,0.3035193386045149,0.340725156603037
2012-10-16T13:00:00Z,0.17848147153820312,0.30428922945184517
2012-10-16T14:00:00Z,0.07461937228150865,0.2471734517553823
2012-10-16T15:00:00Z,0.019159028018225197,0.2471734517553823
2012-10-16T16:00:00Z,0.0,0.26982281187639345
2012-10-16T17:00:00Z,0.0,0.26194477357343304
2012-10-16T18:00:00Z,0.0,0.24323443260390212
2012-10-16T19:00:00Z,0.0,0.2284631107858514
2012-10-16T20:00:00Z,0.0,0.22156982727076105
2012-10-16T21:00:00Z,0.0,0.22550884642224123
2012-10-16T22:00:00Z,0.0,0.23043262036159148
2012-10-16T23:00:00Z,0.0,0.2570209996340828
2012-10-17T00:00:00Z,0.0,0.281639869330834
2012-10-17T01:00:00Z,0.0,0.28656364327018424
2012-10-17T02:00:00Z,0.0,0.281639869330834
2012-10-17T03:00:00Z,0.0,0.3033044746639751
2012-10-17T04:00:00Z,0.0,0.29739594593675484
2012-10-17T05:00:00Z,0.0,0.3101977581790654
2012-10-17T06:00:00Z,0.023192507601009448,0.3111825129669355
2012-10-17T07:00:00Z,0.1734396220597228,0.2471734517553823
2012-10-17T08:00:00Z,0.3983061087999449,0.1851339001195692
2012-10-17T09:00:00Z,0.3972977389042488,0.22550884642224123
2012-10-17T10:00:00Z,0.320661626831348,0.2895179076337944
2012-10-17T11:00:00Z,0.2682263922551527,0.3495879496938674
2012-10-17T12:00:00Z,0.17948984143389918,0.3919324055722795
2012-10-17T13:00:00Z,0.11192905842226297,0.3919324055722795
2012-10-17T14:00:00Z,0.06554404322024408,0.41753603005690076
2012-10-17T15:00:00Z,0.013108808644048817,0.4736670529654936
2012-10-17T16:00:00Z,0.0,0.5160115088439057
2012-10-17T17:00:00Z,0.0,0.6105479684794304
2012-10-17T18:00:00Z,0.0,0.6203955163581308
2012-10-17T19:00:00Z,0.0,0.6282735546610914
2012-10-17T20:00:00Z,0.0,0.5396456237527869
2012-10-17T21:00:00Z,0.0,0.43723112581430174
2012-10-17T22:00:00Z,0.0,0.4342768614506916
2012-10-17T23:00:00Z,0.0,0.4460939189051322
2012-10-18T00:00:00Z,0.0,0.4323073518749515
2012-10-18T01:00:00Z,0.0,0.41458176569329064
2012-10-18T02:00:00Z,0.0,0.4096579917539404
2012-10-18T03:00:00Z,0.0,0.41655127526903074
2012-10-18T04:00:00Z,0.0,0.4067037273903303
2012-10-18T05:00:00Z,0.0,0.3653440262997882
2012-10-18T06:00:00Z,0.0030251096870881886,0.3161062869062857
2012-10-18T07:00:00Z,0.028234357079489764,0.2747465858157437
2012-10-18T08:00:00Z,0.05848545395037165,0.24421918739177217
2012-10-18T09:00:00Z,0.08470307123846929,0.2353563943009417
2012-10-18T10:00:00Z,0.1169709079007433,0.23634114908881176
2012-10-18T11:00:00Z,0.31461140745717164,0.3348166278758167
2012-10-18T12:00:00Z,0.4285572056708267,0.41655127526903074
2012-10-18T13:00:00Z,0.34183739464096535,0.4539719572080926
2012-10-18T14:00:00Z,0.15125548435440941,0.45791097635957284
2012-10-18T15:00:00Z,0.031259466766577954,0.47760607211697376
2012-10-18T16:00:00Z,0.0,0.4687432790261434
2012-10-18T17:00:00Z,0.0,0.47662131732910373
2012-10-18T18:00:00Z,0.0,0.48843837478354435
2012-10-18T19:00:00Z,0.0,0.4982859226622448
2012-10-18T20:00:00Z,0.0,0.38996289599653944
2012-10-18T21:00:00Z,0.0,0.3456489305423872
2012-10-18T22:00:00Z,0.0,0.3092130033911954
2012-10-18T23:00:00Z,0.0,0.2875483980580543
2012-10-19T00:00:00Z,0.0,0.3033044746639751
2012-10-19T01:00:00Z,0.0,0.2648990379370432
2012-10-19T02:00:00Z,0.0,0.2353563943009417
2012-10-19T03:00:00Z,0.0,0.2146765437556707
2012-10-19T04:00:00Z,0.0,0.1969509575740098
2012-10-19T05:00:00Z,0.0,0.17824061660447887
2012-10-19T06:00:00Z,0.001008369895696063,0.1506674825441175
2012-10-19T07:00:00Z,0.035292946349362204,0.10536876230209524
2012-10-19T08:00:00Z,0.08268633144707715,0.0541615133328527
2012-10-19T09:00:00Z,0.1300797165447921,0.032496907999711624
2012-10-19T10:00:00Z,0.14621363487592912,0.02954264363610147
2012-10-19T11:00:00Z,0.1633559231027622,0.024618869696751224
2012-10-19T12:00:00Z,0.19360701997364407,0.017725586181660882
2012-10-19T13:00:00Z,0.15932244351997796,0.012801812242310638
2012-10-19T14:00:00Z,0.08470307123846929,0.003939019151480197
2012-10-19T15:00:00Z,0.016133918331137007,0.016740831393790834
2012-10-19T16:00:00Z,0.0,0.056131022908592794
2012-10-19T17:00:00Z,0.0,0.11226204581718559
2012-10-19T18:00:00Z,0.0,0.15165223733198754
2012-10-19T19:00:00Z,0.0,0.1388504250896769
2012-10-19T20:00:00Z,0.0,0.12014008412014597
2012-10-19T21:00:00Z,0.0,0.15165223733198754
2012-10-19T22:00:00Z,0.0,0.24520394217964223
2012-10-19T23:00:00Z,0.0,0.33777089223942686
2012-10-20T00:00:00Z,0.0,0.3761763289663587
2012-10-20T01:00:00Z,0.0,0.3653440262997882
2012-10-20T02:00:00Z,0.0,0.3515574592696075
2012-10-20T03:00:00Z,0.0,0.3456489305423872
2012-10-20T04:00:00Z,0.0,0.3712525550270085
2012-10-20T05:00:00Z,0.0,0.35746598799682777
2012-10-20T06:00:00Z,0.008066959165568504,0.31807579648202583
2012-10-20T07:00:00Z,0.05747708405467558,0.2501277161189924
2012-10-20T08:00:00Z,0.10184535946530236,0.18611865490743926
2012-10-20T09:00:00Z,0.29646074933464245,0.15953027563494795
2012-10-20T10:00:00Z,0.38721403994728815,0.1250638580594962
2012-10-20T11:00:00Z,0.3236867365184362,0.08567366654469426
2012-10-20T12:00:00Z,0.31259466766577954,0.061054796847943044
2012-10-20T13:00:00Z,0.19159028018225197,0.06696332557516334
2012-10-20T14:00:00Z,0.04134316572353858,0.1024144979384851
2012-10-20T15:00:00Z,0.0050418494784803146,0.08961268569617445
2012-10-20T16:00:00Z,0.0,0.14278944424115708
2012-10-20T17:00:00Z,0.0,0.24421918739177217
2012-10-20T18:00:00Z,0.0,0.28459413369444414
2012-10-20T19:00:00Z,0.0,0.2993654555124949
2012-10-20T20:00:00Z,0.0,0.2895179076337944
2012-10-20T21:00:00Z,0.0,0.26194477357343304
2012-10-20T22:00:00Z,0.0,0.24520394217964223
2012-10-20T23:00:00Z,0.0,0.21172227939206056
2012-10-21T00:00:00Z,0.0,0.18021012618021895
2012-10-21T01:00:00Z,0.0,0.1703625783015185
2012-10-21T02:00:00Z,0.0,0.17627110702873877
2012-10-21T03:00:00Z,0.0,0.17627110702873877
2012-10-21T04:00:00Z,0.0,0.1585455208470779
2012-10-21T05:00:00Z,0.0,0.23240212993733156
2012-10-21T06:00:00Z,0.026217617288097635,0.29838070072462486
2012-10-21T07:00:00Z,0.11192905842226297,0.21172227939206056
2012-10-21T08:00:00Z,0.1492387445630173,0.16346929478642813
2012-10-21T09:00:00Z,0.2006656092435165,0.15362174690772765
2012-10-21T10:00:00Z,0.42956557556652275,0.3289080991485964
2012-10-21T11:00:00Z,0.41746513681817005,0.41950553963264087
2012-10-21T12:00:00Z,0.25713432340249603,0.4096579917539404
2012-10-21T13:00:00Z,0.1331048262318803,0.3594354975725679
2012-10-21T14:00:00Z,0.06050219374176378,0.321030060845636
2012-10-21T15:00:00Z,0.023192507601009448,0.301334965088235
2012-10-21T16:00:00Z,0.0,0.29838070072462486
2012-10-21T17:00:00Z,0.0,0.3033044746639751
2012-10-21T18:00:00Z,0.0,0.3111825129669355
2012-10-21T19:00:00Z,0.0,0.30428922945184517
2012-10-21T20:00:00Z,0.0,0.3033044746639751
2012-10-21T21:00:00Z,0.0,0.30428922945184517
2012-10-21T22:00:00Z,0.0,0.2875483980580543
2012-10-21T23:00:00Z,0.0,0.26686854751278327
2012-10-22T00:00:00Z,0.0,0.24815820654325235
2012-10-22T01:00:00Z,0.0,0.2166460533314108
2012-10-22T02:00:00Z,0.0,0.18217963575595908
2012-10-22T03:00:00Z,0.0,0.1388504250896769
2012-10-22T04:00:00Z,0.0,0.10733827187783535
2012-10-22T05:00:00Z,0.0,0.09158219527191457
2012-10-22T06:00:00Z,0.004033479582784252,0.07976513781747398
2012-10-22T07:00:00Z,0.05243523457619527,0.0541615133328527
2012-10-22T08:00:00Z,0.12201275737922361,0.04529872024202226
2012-10-22T09:00:00Z,0.23797529538427084,0.06400906121155318
2012-10-22T10:00:00Z,0.4033479582784252,0.061054796847943044
2012-10-22T11:00:00Z,0.448724603584748,0.04923773939350245
2012-10-22T12:00:00Z,0.4527580831675323,0.04529872024202226
2012-10-22T13:00:00Z,0.37713034099032755,0.05120724896924255
2012-10-22T14:00:00Z,0.2178078974703496,0.07090234472664353
2012-10-22T15:00:00Z,0.05142686468049921,0.1260486128473663
2012-10-22T16:00:00Z,0.0,0.21861556290715087
2012-10-22T17:00:00Z,0.0,0.30822824860332537
2012-10-22T18:00:00Z,0.0,0.36337451672404814
2012-10-22T19:00:00Z,0.0,0.3781458385420989
2012-10-22T20:00:00Z,0.0,0.3653440262997882
2012-10-22T21:00:00Z,0.0,0.34860319490599734
2012-10-22T22:00:00Z,0.0,0.33777089223942686
2012-10-22T23:00:00Z,0.0,0.3229995704213761
2012-10-23T00:00:00Z,0.0,0.3111825129669355
2012-10-23T01:00:00Z,0.0,0.3131520225426756
2012-10-23T02:00:00Z,0.0,0.3289080991485964
2012-10-23T03:00:00Z,0.0,0.35352696884534757
2012-10-23T04:00:00Z,0.0,0.35451172363321765
2012-10-23T05:00:00Z,0.0,0.3387556470272968
2012-10-23T06:00:00Z,0.013108808644048817,0.3161062869062857
2012-10-23T07:00:00Z,0.11192905842226297,0.24224967781603207
2012-10-23T08:00:00Z,0.2581426932981921,0.18808816448317936
2012-10-23T09:00:00Z,0.368055011929063,0.22550884642224123
2012-10-23T10:00:00Z,0.4567915627503165,0.2836093789065741
2012-10-23T11:00:00Z,0.5072100575351196,0.2914874172095345
2012-10-23T12:00:00Z,0.4315823153579149,0.29444168157314465
2012-10-23T13:00:00Z,0.2994858590217307,0.2934569267852746
2012-10-23T14:00:00Z,0.16738940268554645,0.24618869696751225
2012-10-23T15:00:00Z,0.0433599055149307,0.241264923028162
2012-10-23T16:00:00Z,0.0,0.26391428314917315
2012-10-23T17:00:00Z,0.0,0.28262462411870404
2012-10-23T18:00:00Z,0.0,0.3229995704213761
2012-10-23T19:00:00Z,0.0,0.3515574592696075
2012-10-23T20:00:00Z,0.0,0.36337451672404814
2012-10-23T21:00:00Z,0.0,0.3830696124814491
2012-10-23T22:00:00Z,0.0,0.40276470823885
2012-10-23T23:00:00Z,0.0,0.4273835779356013
2012-10-24T00:00:00Z,0.0,0.45791097635957284
2012-10-24T01:00:00Z,0.0,0.44904818326874235
2012-10-24T02:00:00Z,0.0,0.41950553963264087
2012-10-24T03:00:00Z,0.0,0.4460939189051322
2012-10-24T04:00:00Z,0.0,0.48646886520780425
2012-10-24T05:00:00Z,0.0,0.4913926391471545
2012-10-24T06:00:00Z,0.01815065812252913,0.47662131732910373
2012-10-24T07:00:00Z,0.14722200477162517,0.3968561795116298
2012-10-24T08:00:00Z,0.15831407362428188,0.3229995704213761
2012-10-24T09:00:00Z,0.1522638542501055,0.29542643636101473
2012-10-24T10:00:00Z,0.23595855559287873,0.5032096966015951
2012-10-24T11:00:00Z,0.4890593994125905,0.540630378540657
2012-10-24T12:00:00Z,0.4356157949406992,0.5317675854498265
2012-10-24T13:00:00Z,0.2067158286176929,0.48843837478354435
2012-10-24T14:00:00Z,0.14520526498023303,0.441170144965782
2012-10-24T15:00:00Z,0.0433599055149307,0.42541406835986123
2012-10-24T16:00:00Z,0.0,0.4342768614506916
2012-10-24T17:00:00Z,0.0,0.4323073518749515
2012-10-24T18:00:00Z,0.0,0.44904818326874235
2012-10-24T19:00:00Z,0.0,0.4313225970870815
2012-10-24T20:00:00Z,0.0,0.42147504920838097
2012-10-24T21:00:00Z,0.0,0.42541406835986123
2012-10-24T22:00:00Z,0.0,0.4687432790261434
2012-10-24T23:00:00Z,0.0,0.5297980758740864
2012-10-25T00:00:00Z,0.0,0.5593407195101878
2012-10-25T01:00:00Z,0.0,0.5691882673888883
2012-10-25T02:00:00Z,0.0,0.5957766466613796
2012-10-25T03:00:00Z,0.0,0.6075937041158203
2012-10-25T04:00:00Z,0.0,0.6243345355096112
2012-10-25T05:00:00Z,0.0,0.6410753669034019
2012-10-25T06:00:00Z,0.019159028018225197,0.6528924243578426
2012-10-25T07:00:00Z,0.14117178539744882,0.6725875201152435
2012-10-25T08:00:00Z,0.32469510641413224,0.6440296312670121
2012-10-25T09:00:00Z,0.41141491744399367,0.7710629989022484
2012-10-25T10:00:00Z,0.5102351672222077,0.7996208877504799
2012-10-25T11:00:00Z,0.49712635857815896,0.7858343207202991
2012-10-25T12:00:00Z,0.42956557556652275,0.7582611866599378
2012-10-25T13:00:00Z,0.4083898077569055,0.7395508456904069
2012-10-25T14:00:00Z,0.2641929126723685,0.721825259508746
2012-10-25T15:00:00Z,0.06756078301163622,0.721825259508746
2012-10-25T16:00:00Z,0.0,0.7159167307815256
2012-10-25T17:00:00Z,0.0,0.681450313206074
2012-10-25T18:00:00Z,0.0,0.5603254742980579
2012-10-25T19:00:00Z,0.0,0.5317675854498265
2012-10-25T20:00:00Z,0.0,0.5297980758740864
2012-10-25T21:00:00Z,0.0,0.5691882673888883
2012-10-25T22:00:00Z,0.0,0.6105479684794304
2012-10-25T23:00:00Z,0.0,0.6272887998732213
2012-10-26T00:00:00Z,0.0,0.6341820833883116
2012-10-26T01:00:00Z,0.0,0.6381211025397918
2012-10-26T02:00:00Z,0.0,0.6322125738125715
2012-10-26T03:00:00Z,0.0,0.6125174780551705
2012-10-26T04:00:00Z,0.0,0.5810053248433289
2012-10-26T05:00:00Z,0.0,0.7188709951451357
2012-10-26T06:00:00Z,0.002016739791392126,0.7484136387812372
2012-10-26T07:00:00Z,0.0867198110298614,0.6755417844788537
2012-10-26T08:00:00Z,0.304527708500211,0.7021301637513448
2012-10-26T09:00:00Z,0.482000810142718,0.7454593744176272
2012-10-26T10:00:00Z,0.4729254810814535,0.7159167307815256
2012-10-26T11:00:00Z,0.38116382057311177,0.6844045775696841
2012-10-26T12:00:00Z,0.31461140745717164,0.6666789913880232
2012-10-26T13:00:00Z,0.12503786706631181,0.6253192902974812
2012-10-26T14:00:00Z,0.040334795827842516,0.5750967961161086
2012-10-26T15:00:00Z,0.008066959165568504,0.5455541524800072
2012-10-26T16:00:00Z,0.0,0.5455541524800072
2012-10-26T17:00:00Z,0.0,0.5229047923589961
2012-10-26T18:00:00Z,0.0,0.4854841104199342
2012-10-26T19:00:00Z,0.0,0.4726822981776235
2012-10-26T20:00:00Z,0.0,0.48745361999567427
2012-10-26T21:00:00Z,0.0,0.5041944513894652
2012-10-26T22:00:00Z,0.0,0.5238895471468661
2012-10-26T23:00:00Z,0.0,0.5524474359950976
2012-10-27T00:00:00Z,0.0,0.5849443439948091
2012-10-27T01:00:00Z,0.0,0.5810053248433289
2012-10-27T02:00:00Z,0.0,0.6253192902974812
2012-10-27T03:00:00Z,0.0,0.6755417844788537
2012-10-27T04:00:00Z,0.0,0.6115327232673005
2012-10-27T05:00:00Z,0.0,0.5347218498134367
2012-10-27T06:00:00Z,0.0030251096870881886,0.4913926391471545
2012-10-27T07:00:00Z,0.04436827541062677,0.46677376945040316
2012-10-27T08:00:00Z,0.08974492071694959,0.4943469035107646
2012-10-27T09:00:00Z,0.14823037466732122,0.462834750298923
2012-10-27T10:00:00Z,0.3176365171442598,0.45791097635957284
2012-10-27T11:00:00Z,0.5354444146146095,0.41064274654181043
2012-10-27T12:00:00Z,0.5011598381609433,0.3653440262997882
2012-10-27T13:00:00Z,0.37713034099032755,0.32398432520924614
2012-10-27T14:00:00Z,0.1633559231027622,0.2727770762400036
2012-10-27T15:00:00Z,0.016133918331137007,0.259975263997693
2012-10-27T16:00:00Z,0.0,0.26194477357343304
2012-10-27T17:00:00Z,0.0,0.2540667352704727
2012-10-27T18:00:00Z,0.0,0.25603624484621273
2012-10-27T19:00:00Z,0.0,0.24815820654325235
2012-10-27T20:00:00Z,0.0,0.2550514900583427
2012-10-27T21:00:00Z,0.0,0.27080756666426353
2012-10-27T22:00:00Z,0.0,0.28656364327018424
2012-10-27T23:00:00Z,0.0,0.30035021030036496
2012-10-28T00:00:00Z,0.0,0.3131520225426756
2012-10-28T01:00:00Z,0.0,0.3131520225426756
2012-10-28T02:00:00Z,0.0,0.2934569267852746
2012-10-28T03:00:00Z,0.0,0.26686854751278327
2012-10-28T04:00:00Z,0.0,0.2501277161189924
2012-10-28T05:00:00Z,0.0,0.24224967781603207
2012-10-28T06:00:00Z,0.009075329061264565,0.259975263997693
2012-10-28T07:00:00Z,0.14117178539744882,0.26194477357343304
2012-10-28T08:00:00Z,0.35696294307640625,0.21763080811928082
2012-10-28T09:00:00Z,0.5001514682652473,0.23240212993733156
2012-10-28T10:00:00Z,0.6332562944971275,0.22550884642224123
2012-10-28T11:00:00Z,0.6524153225153527,0.20876801502845038
2012-10-28T12:00:00Z,0.6080470471047259,0.2048289958769702
2012-10-28T13:00:00Z,0.5021682080566393,0.20384424108910015
2012-10-28T14:00:00Z,0.3267118462055244,0.20088997672548997
2012-10-28T15:00:00Z,0.07260263249011652,0.2146765437556707
2012-10-28T16:00:00Z,0.0,0.21861556290715087
2012-10-28T17:00:00Z,0.0,0.2048289958769702
2012-10-28T18:00:00Z,0.0,0.18119488096808903
2012-10-28T19:00:00Z,0.0,0.1565760112713378
2012-10-28T20:00:00Z,0.0,0.14180468945328706
2012-10-28T21:00:00Z,0.0,0.13097238678671652
2012-10-28T22:00:00Z,0.0,0.12210959369588609
2012-10-28T23:00:00Z,0.0,0.1102925362414455
2012-10-29T00:00:00Z,0.0,0.09355170484765465
2012-10-29T01:00:00Z,0.0,0.07681087345386382
2012-10-29T02:00:00Z,0.0,0.06499381599942325
2012-10-29T03:00:00Z,0.0,0.05120724896924255
2012-10-29T04:00:00Z,0.0,0.03939019151480196
2012-10-29T05:00:00Z,0.0,0.03348166278758167
2012-10-29T06:00:00Z,0.022184137705313384,0.026588379272491327
2012-10-29T07:00:00Z,0.2319250760100945,0.01871034096953093
2012-10-29T08:00:00Z,0.4477162336890519,0.00984754787870049
2012-10-29T09:00:00Z,0.5858629093994125,0.006893283515090344
2012-10-29T10:00:00Z,0.657457171993833,0.003939019151480197
2012-10-29T11:00:00Z,0.6665325010550976,0.004923773939350245
2012-10-29T12:00:00Z,0.6120805266875102,0.004923773939350245
2012-10-29T13:00:00Z,0.49712635857815896,0.005908528727220295
2012-10-29T14:00:00Z,0.3176365171442598,0.006893283515090344
2012-10-29T15:00:00Z,0.06151056363745983,0.008862793090830441
2012-10-29T16:00:00Z,0.0,0.008862793090830441
2012-10-29T17:00:00Z,0.0,0.007878038302960393
2012-10-29T18:00:00Z,0.0,0.012801812242310638
2012-10-29T19:00:00Z,0.0,0.02363411490888118
2012-10-29T20:00:00Z,0.0,0.036435927151191816
2012-10-29T21:00:00Z,0.0,0.0541615133328527
2012-10-29T22:00:00Z,0.0,0.07582611866599377
2012-10-29T23:00:00Z,0.0,0.09552121442339477
2012-10-30T00:00:00Z,0.0,0.1142315553929257
2012-10-30T01:00:00Z,0.0,0.13491140593819673
2012-10-30T02:00:00Z,0.0,0.15165223733198754
2012-10-30T03:00:00Z,0.0,0.1585455208470779
2012-10-30T04:00:00Z,0.0,0.14278944424115708
2012-10-30T05:00:00Z,0.0,0.13195714157458657
2012-10-30T06:00:00Z,0.001008369895696063,0.12407910327162618
2012-10-30T07:00:00Z,0.037309686140754326,0.09650596921126481
2012-10-30T08:00:00Z,0.14621363487592912,0.07878038302960393
2012-10-30T09:00:00Z,0.5223356059705606,0.07681087345386382
2012-10-30T10:00:00Z,0.5979633481477653,0.07878038302960393
2012-10-30T11:00:00Z,0.6100637868961181,0.07385660909025368
2012-10-30T12:00:00Z,0.5646871415897953,0.06302430642368315
2012-10-30T13:00:00Z,0.4093981776526016,0.05022249418137249
2012-10-30T14:00:00Z,0.2672180223594567,0.0423444558784121
2012-10-30T15:00:00Z,0.046385015202018896,0.03446641757545172
2012-10-30T16:00:00Z,0.0,0.02954264363610147
2012-10-30T17:00:00Z,0.0,0.030527398423971522
2012-10-30T18:00:00Z,0.0,0.040374946302672014
2012-10-30T19:00:00Z,0.0,0.05810053248433289
2012-10-30T20:00:00Z,0.0,0.08173464739321407
2012-10-30T21:00:00Z,0.0,0.11226204581718559
2012-10-30T22:00:00Z,0.0,0.14377419902902716
2012-10-30T23:00:00Z,0.0,0.17430159745299867
2012-10-31T00:00:00Z,0.0,0.19596620278613974
2012-10-31T01:00:00Z,0.0,0.20876801502845038
2012-10-31T02:00:00Z,0.0,0.21861556290715087
2012-10-31T03:00:00Z,0.0,0.23240212993733156
2012-10-31T04:00:00Z,0.0,0.2589905092098229
2012-10-31T05:00:00Z,0.0,0.29542643636101473
2012-10-31T06:00:00Z,0.002016739791392126,0.29838070072462486
2012-10-31T07:00:00Z,0.06756078301163622,0.2747465858157437
2012-10-31T08:00:00Z,0.3317536956840047,0.23732590387668182
2012-10-31T09:00:00Z,0.4386409046277874,0.32201481563350604
2012-10-31T10:00:00Z,0.38418893026019996,0.41458176569329064
2012-10-31T11:00:00Z,0.2672180223594567,0.5041944513894652
2012-10-31T12:00:00Z,0.16738940268554645,0.5347218498134367
2012-10-31T13:00:00Z,0.09579514009112598,0.5179810184196458
2012-10-31T14:00:00Z,0.04134316572353858,0.502224941813725
2012-10-31T15:00:00Z,0.0030251096870881886,0.462834750298923
2012-10-31T16:00:00Z,0.0,0.41655127526903074
2012-10-31T17:00:00Z,0.0,0.38799338642079934
2012-10-31T18:00:00Z,0.0,0.3515574592696075
2012-10-31T19:00:00Z,0.0,0.3190605512698959
2012-10-31T20:00:00Z,0.0,0.30822824860332537
2012-10-31T21:00:00Z,0.0,0.29247217199740455
2012-10-31T22:00:00Z,0.0,0.2796703597550939
2012-10-31T23:00:00Z,0.0,0.29542643636101473
2012-11-01T00:00:00Z,0.0,0.2934569267852746
2012-11-01T01:00:00Z,0.0,0.29247217199740455
2012-11-01T02:00:00Z,0.0,0.2934569267852746
2012-11-01T03:00:00Z,0.0,0.33383187308794665
2012-11-01T04:00:00Z,0.0,0.33777089223942686
2012-11-01T05:00:00Z,0.0,0.3170910416941558
2012-11-01T06:00:00Z,0.0,0.32792334436072634
2012-11-01T07:00:00Z,0.006050219374176377,0.35451172363321765
2012-11-01T08:00:00Z,0.031259466766577954,0.3161062869062857
2012-11-01T09:00:00Z,0.07361100238581259,0.24618869696751225
2012-11-01T10:00:00Z,0.11092068852656692,0.2836093789065741
2012-11-01T11:00:00Z,0.09075329061264566,0.3151215321184157
2012-11-01T12:00:00Z,0.033276206557970076,0.3151215321184157
2012-11-01T13:00:00Z,0.03630131624505826,0.35746598799682777
2012-11-01T14:00:00Z,0.06655241311594015,0.3830696124814491
2012-11-01T15:00:00Z,0.006050219374176377,0.46578901466253314
2012-11-01T16:00:00Z,0.0,0.4943469035107646
2012-11-01T17:00:00Z,0.0,0.45791097635957284
2012-11-01T18:00:00Z,0.0,0.4313225970870815
2012-11-01T19:00:00Z,0.0,0.4451091641172622
2012-11-01T20:00:00Z,0.0,0.4588957311474429
2012-11-01T21:00:00Z,0.0,0.4116275013296805
2012-11-01T22:00:00Z,0.0,0.4047342178145901
2012-11-01T23:00:00Z,0.0,0.40276470823885
2012-11-02T00:00:00Z,0.0,0.36337451672404814
2012-11-02T01:00:00Z,0.0,0.36632878108765826
2012-11-02T02:00:00Z,0.0,0.3594354975725679
2012-11-02T03:00:00Z,0.0,0.3141367773305457
2012-11-02T04:00:00Z,0.0,0.26686854751278327
2012-11-02T05:00:00Z,0.0,0.2648990379370432
2012-11-02T06:00:00Z,0.0,0.29838070072462486
2012-11-02T07:00:00Z,0.0272259871837937,0.32398432520924614
2012-11-02T08:00:00Z,0.1492387445630173,0.27376183102787366
2012-11-02T09:00:00Z,0.22990833621870232,0.26686854751278327
2012-11-02T10:00:00Z,0.2339418158014866,0.26686854751278327
2012-11-02T11:00:00Z,0.27730172131641734,0.20876801502845038
2012-11-02T12:00:00Z,0.432590685253611,0.1546065016955977
2012-11-02T13:00:00Z,0.28940216006477004,0.11127729102931555
2012-11-02T14:00:00Z,0.09377840029973386,0.1024144979384851
2012-11-02T15:00:00Z,0.006050219374176377,0.1447589538168972
2012-11-02T16:00:00Z,0.0,0.1792253713923489
2012-11-02T17:00:00Z,0.0,0.19301193842252962
2012-11-02T18:00:00Z,0.0,0.18611865490743926
2012-11-02T19:00:00Z,0.0,0.17134733308938851
2012-11-02T20:00:00Z,0.0,0.1526369921198576
2012-11-02T21:00:00Z,0.0,0.13983517987754696
2012-11-02T22:00:00Z,0.0,0.13589616072606678
2012-11-02T23:00:00Z,0.0,0.15165223733198754
2012-11-03T00:00:00Z,0.0,0.17824061660447887
2012-11-03T01:00:00Z,0.0,0.18611865490743926
2012-11-03T02:00:00Z,0.0,0.18119488096808903
2012-11-03T03:00:00Z,0.0,0.19892046714974992
2012-11-03T04:00:00Z,0.0,0.20285948630123007
2012-11-03T05:00:00Z,0.0,0.1851339001195692
2012-11-03T06:00:00Z,0.0,0.16346929478642813
2012-11-03T07:00:00Z,0.002016739791392126,0.14377419902902716
2012-11-03T08:00:00Z,0.011092068852656692,0.11226204581718559
2012-11-03T09:00:00Z,0.025209247392401574,0.09453645963552472
2012-11-03T10:00:00Z,0.039326425932146455,0.09749072399913486
2012-11-03T11:00:00Z,0.038318056036450394,0.11226204581718559
2012-11-03T12:00:00Z,0.026217617288097635,0.12407910327162618
2012-11-03T13:00:00Z,0.015125548435440945,0.1260486128473663
2012-11-03T14:00:00Z,0.0050418494784803146,0.12014008412014597
2012-11-03T15:00:00Z,0.0,0.10438400751422519
2012-11-03T16:00:00Z,0.0,0.08173464739321407
2012-11-03T17:00:00Z,0.0,0.05810053248433289
2012-11-03T18:00:00Z,0.0,0.035451172363321765
2012-11-03T19:00:00Z,0.0,0.020679850545271033
2012-11-03T20:00:00Z,0.0,0.01871034096953093
2012-11-03T21:00:00Z,0.0,0.024618869696751224
2012-11-03T22:00:00Z,0.0,0.03348166278758167
2012-11-03T23:00:00Z,0.0,0.04529872024202226
2012-11-04T00:00:00Z,0.0,0.06203955163581309
2012-11-04T01:00:00Z,0.0,0.07878038302960393
2012-11-04T02:00:00Z,0.0,0.08862793090830441
2012-11-04T03:00:00Z,0.0,0.10142974315061504
2012-11-04T04:00:00Z,0.0,0.12801812242310637
2012-11-04T05:00:00Z,0.0,0.16346929478642813
2012-11-04T06:00:00Z,0.0,0.18217963575595908
2012-11-04T07:00:00Z,0.008066959165568504,0.18611865490743926
2012-11-04T08:00:00Z,0.04134316572353858,0.1624845399985581
2012-11-04T09:00:00Z,0.05848545395037165,0.11718581975653584
2012-11-04T10:00:00Z,0.04739338509771496,0.10438400751422519
2012-11-04T11:00:00Z,0.04941012488910708,0.10339925272635514
2012-11-04T12:00:00Z,0.039326425932146455,0.11915532933227593
2012-11-04T13:00:00Z,0.019159028018225197,0.1388504250896769
2012-11-04T14:00:00Z,0.0050418494784803146,0.15756076605920785
2012-11-04T15:00:00Z,0.0,0.17725586181660882
2012-11-04T16:00:00Z,0.0,0.1900576740589195
2012-11-04T17:00:00Z,0.0,0.19596620278613974
2012-11-04T18:00:00Z,0.0,0.20088997672548997
2012-11-04T19:00:00Z,0.0,0.20581375066484026
2012-11-04T20:00:00Z,0.0,0.20581375066484026
2012-11-04T21:00:00Z,0.0,0.20876801502845038
2012-11-04T22:00:00Z,0.0,0.21172227939206056
2012-11-04T23:00:00Z,0.0,0.21073752460419048
2012-11-05T00:00:00Z,0.0,0.20581375066484026
2012-11-05T01:00:00Z,0.0,0.19990522193761998
2012-11-05T02:00:00Z,0.0,0.20088997672548997
2012-11-05T03:00:00Z,0.0,0.20384424108910015
2012-11-05T04:00:00Z,0.0,0.20187473151336002
2012-11-05T05:00:00Z,0.0,0.19399669321039967
2012-11-05T06:00:00Z,0.0,0.18021012618021895
2012-11-05T07:00:00Z,0.009075329061264565,0.1526369921198576
2012-11-05T08:00:00Z,0.031259466766577954,0.1142315553929257
2012-11-05T09:00:00Z,0.06050219374176378,0.08074989260534403
2012-11-05T10:00:00Z,0.1300797165447921,0.0541615133328527
2012-11-05T11:00:00Z,0.176464731746811,0.03840543672693191
2012-11-05T12:00:00Z,0.09176166050834171,0.036435927151191816
2012-11-05T13:00:00Z,0.05646871415897953,0.035451172363321765
2012-11-05T14:00:00Z,0.025209247392401574,0.03348166278758167
2012-11-05T15:00:00Z,0.0,0.03348166278758167
2012-11-05T16:00:00Z,0.0,0.028557888848231426
2012-11-05T17:00:00Z,0.0,0.01969509575740098
2012-11-05T18:00:00Z,0.0,0.01181705745444059
2012-11-05T19:00:00Z,0.0,0.006893283515090344
2012-11-05T20:00:00Z,0.0,0.006893283515090344
2012-11-05T21:00:00Z,0.0,0.014771321818050735
2012-11-05T22:00:00Z,0.0,0.024618869696751224
2012-11-05T23:00:00Z,0.0,0.03446641757545172
2012-11-06T00:00:00Z,0.0,0.041359701090542066
2012-11-06T01:00:00Z,0.0,0.0462834750298923
2012-11-06T02:00:00Z,0.0,0.04923773939350245
2012-11-06T03:00:00Z,0.0,0.04923773939350245
2012-11-06T04:00:00Z,0.0,0.05022249418137249
2012-11-06T05:00:00Z,0.0,0.05120724896924255
2012-11-06T06:00:00Z,0.0,0.05022249418137249
2012-11-06T07:00:00Z,0.011092068852656692,0.04923773939350245
2012-11-06T08:00:00Z,0.04436827541062677,0.04923773939350245
2012-11-06T09:00:00Z,0.08772818092555747,0.048252984605632404
2012-11-06T10:00:00Z,0.14419689508453698,0.04529872024202226
2012-11-06T11:00:00Z,0.17948984143389918,0.0462834750298923
2012-11-06T12:00:00Z,0.15125548435440941,0.052192003757112596
2012-11-06T13:00:00Z,0.09377840029973386,0.06991758993877348
2012-11-06T14:00:00Z,0.037309686140754326,0.09749072399913486
2012-11-06T15:00:00Z,0.0,0.15362174690772765
2012-11-06T16:00:00Z,0.0,0.22452409163437118
2012-11-06T17:00:00Z,0.0,0.2747465858157437
2012-11-06T18:00:00Z,0.0,0.3033044746639751
2012-11-06T19:00:00Z,0.0,0.32398432520924614
2012-11-06T20:00:00Z,0.0,0.340725156603037
2012-11-06T21:00:00Z,0.0,0.33777089223942686
2012-11-06T22:00:00Z,0.0,0.34761844011812726
2012-11-06T23:00:00Z,0.0,0.3653440262997882
2012-11-07T00:00:00Z,0.0,0.3436794209666471
2012-11-07T01:00:00Z,0.0,0.28065511454296393
2012-11-07T02:00:00Z,0.0,0.22550884642224123
2012-11-07T03:00:00Z,0.0,0.18611865490743926
2012-11-07T04:00:00Z,0.0,0.14869797296837742
2012-11-07T05:00:00Z,0.0,0.11226204581718559
2012-11-07T06:00:00Z,0.0,0.08271940218108413
2012-11-07T07:00:00Z,0.017142288226833072,0.05810053248433289
2012-11-07T08:00:00Z,0.07764448196859684,0.040374946302672014
2012-11-07T09:00:00Z,0.176464731746811,0.02954264363610147
2012-11-07T10:00:00Z,0.18755680059946772,0.021664605333141077
2012-11-07T11:00:00Z,0.1522638542501055,0.013786567030180687
2012-11-07T12:00:00Z,0.11999601758783147,0.00984754787870049
2012-11-07T13:00:00Z,0.06151056363745983,0.013786567030180687
2012-11-07T14:00:00Z,0.020167397913921258,0.026588379272491327
2012-11-07T15:00:00Z,0.0,0.04923773939350245
2012-11-07T16:00:00Z,0.0,0.08271940218108413
2012-11-07T17:00:00Z,0.0,0.11127729102931555
2012-11-07T18:00:00Z,0.0,0.12014008412014597
2012-11-07T19:00:00Z,0.0,0.12309434848375612
2012-11-07T20:00:00Z,0.0,0.17233208787725857
2012-11-07T21:00:00Z,0.0,0.24028016824029194
2012-11-07T22:00:00Z,0.0,0.28557888848231416
2012-11-07T23:00:00Z,0.0,0.2875483980580543
2012-11-08T00:00:00Z,0.0,0.26194477357343304
2012-11-08T01:00:00Z,0.0,0.22550884642224123
2012-11-08T02:00:00Z,0.0,0.20384424108910015
2012-11-08T03:00:00Z,0.0,0.15756076605920785
2012-11-08T04:00:00Z,0.0,0.10536876230209524
2012-11-08T05:00:00Z,0.0,0.07090234472664353
2012-11-08T06:00:00Z,0.0,0.06499381599942325
2012-11-08T07:00:00Z,0.001008369895696063,0.08271940218108413
2012-11-08T08:00:00Z,0.010083698956960629,0.11620106496866578
2012-11-08T09:00:00Z,0.03025109687088189,0.15165223733198754
2012-11-08T10:00:00Z,0.06655241311594015,0.1871034096953093
2012-11-08T11:00:00Z,0.1391550456060567,0.2343716395130717
2012-11-08T12:00:00Z,0.08772818092555747,0.27179232145213356
2012-11-08T13:00:00Z,0.04537664530632283,0.29838070072462486
2012-11-08T14:00:00Z,0.016133918331137007,0.3367861374515568
2012-11-08T15:00:00Z,0.0,0.3761763289663587
2012-11-08T16:00:00Z,0.0,0.3968561795116298
2012-11-08T17:00:00Z,0.0,0.37716108375422874
2012-11-08T18:00:00Z,0.0,0.3830696124814491
2012-11-08T19:00:00Z,0.0,0.3742068193906186
2012-11-08T20:00:00Z,0.0,0.3495879496938674
2012-11-08T21:00:00Z,0.0,0.2993654555124949
2012-11-08T22:00:00Z,0.0,0.25603624484621273
2012-11-08T23:00:00Z,0.0,0.2353563943009417
2012-11-09T00:00:00Z,0.0,0.21172227939206056
2012-11-09T01:00:00Z,0.0,0.1851339001195692
2012-11-09T02:00:00Z,0.0,0.15165223733198754
2012-11-09T03:00:00Z,0.0,0.12112483890801604
2012-11-09T04:00:00Z,0.0,0.09453645963552472
2012-11-09T05:00:00Z,0.0,0.07385660909025368
2012-11-09T06:00:00Z,0.0,0.06302430642368315
2012-11-09T07:00:00Z,0.004033479582784252,0.060070042060072985
2012-11-09T08:00:00Z,0.029242726975185825,0.061054796847943044
2012-11-09T09:00:00Z,0.04134316572353858,0.06203955163581309
2012-11-09T10:00:00Z,0.04941012488910708,0.061054796847943044
2012-11-09T11:00:00Z,0.0544519743675874,0.05514626812072275
2012-11-09T12:00:00Z,0.05344360447189133,0.04923773939350245
2012-11-09T13:00:00Z,0.039326425932146455,0.0423444558784121
2012-11-09T14:00:00Z,0.013108808644048817,0.03840543672693191
2012-11-09T15:00:00Z,0.0,0.041359701090542066
2012-11-09T16:00:00Z,0.0,0.053176758544982654
2012-11-09T17:00:00Z,0.0,0.06991758993877348
2012-11-09T18:00:00Z,0.0,0.08862793090830441
2012-11-09T19:00:00Z,0.0,0.10536876230209524
2012-11-09T20:00:00Z,0.0,0.13294189636245662
2012-11-09T21:00:00Z,0.0,0.15953027563494795
2012-11-09T22:00:00Z,0.0,0.17824061660447887
2012-11-09T23:00:00Z,0.0,0.19990522193761998
2012-11-10T00:00:00Z,0.0,0.1900576740589195
2012-11-10T01:00:00Z,0.0,0.16346929478642813
2012-11-10T02:00:00Z,0.0,0.13983517987754696
2012-11-10T03:00:00Z,0.0,0.13392665115032668
2012-11-10T04:00:00Z,0.0,0.14180468945328706
2012-11-10T05:00:00Z,0.0,0.1526369921198576
2012-11-10T06:00:00Z,0.0,0.1703625783015185
2012-11-10T07:00:00Z,0.016133918331137007,0.2048289958769702
2012-11-10T08:00:00Z,0.06856915290733229,0.23831065866455187
2012-11-10T09:00:00Z,0.14117178539744882,0.2796703597550939
2012-11-10T10:00:00Z,0.21276604799186927,0.32201481563350604
2012-11-10T11:00:00Z,0.33982065484957324,0.32201481563350604
2012-11-10T12:00:00Z,0.2984774891260346,0.3101977581790654
2012-11-10T13:00:00Z,0.20974093830478108,0.29444168157314465
2012-11-10T14:00:00Z,0.09277003040403779,0.30625873902758527
2012-11-10T15:00:00Z,0.002016739791392126,0.4185207848447708
2012-11-10T16:00:00Z,0.0,0.4716975433897535
2012-11-10T17:00:00Z,0.0,0.4677585242382733
2012-11-10T18:00:00Z,0.0,0.483514600844194
2012-11-10T19:00:00Z,0.0,0.5032096966015951
2012-11-10T20:00:00Z,0.0,0.49040788435928445
2012-11-10T21:00:00Z,0.0,0.462834750298923
2012-11-10T22:00:00Z,0.0,0.41655127526903074
2012-11-10T23:00:00Z,0.0,0.3594354975725679
2012-11-11T00:00:00Z,0.0,0.31807579648202583
2012-11-11T01:00:00Z,0.0,0.30822824860332537
2012-11-11T02:00:00Z,0.0,0.29247217199740455
2012-11-11T03:00:00Z,0.0,0.28459413369444414
2012-11-11T04:00:00Z,0.0,0.2796703597550939
2012-11-11T05:00:00Z,0.0,0.2747465858157437
2012-11-11T06:00:00Z,0.0,0.30035021030036496
2012-11-11T07:00:00Z,0.012100438748352755,0.32398432520924614
2012-11-11T08:00:00Z,0.08873655082125353,0.30822824860332537
2012-11-11T09:00:00Z,0.24906736423692755,0.3161062869062857
2012-11-11T10:00:00Z,0.5263690855533449,0.3308776087243365
2012-11-11T11:00:00Z,0.5525867028414425,0.3348166278758167
2012-11-11T12:00:00Z,0.49410124889107077,0.3121672677548056
2012-11-11T13:00:00Z,0.35797131297210233,0.29542643636101473
2012-11-11T14:00:00Z,0.14722200477162517,0.32201481563350604
2012-11-11T15:00:00Z,0.002016739791392126,0.4460939189051322
2012-11-11T16:00:00Z,0.0,0.45791097635957284
2012-11-11T17:00:00Z,0.0,0.45791097635957284
2012-11-11T18:00:00Z,0.0,0.42541406835986123
2012-11-11T19:00:00Z,0.0,0.39981044387523995
2012-11-11T20:00:00Z,0.0,0.34269466617877703
2012-11-11T21:00:00Z,0.0,0.3101977581790654
2012-11-11T22:00:00Z,0.0,0.281639869330834
2012-11-11T23:00:00Z,0.0,0.24224967781603207
2012-11-12T00:00:00Z,0.0,0.21073752460419048
2012-11-12T01:00:00Z,0.0,0.1693778235136484
2012-11-12T02:00:00Z,0.0,0.1526369921198576
2012-11-12T03:00:00Z,0.0,0.1388504250896769
2012-11-12T04:00:00Z,0.0,0.1447589538168972
2012-11-12T05:00:00Z,0.0,0.14574370860476726
2012-11-12T06:00:00Z,0.0,0.14574370860476726
2012-11-12T07:00:00Z,0.013108808644048817,0.1506674825441175
2012-11-12T08:00:00Z,0.05041849478480315,0.13589616072606678
2012-11-12T09:00:00Z,0.09277003040403779,0.14968272775624744
2012-11-12T10:00:00Z,0.25410921371540784,0.19399669321039967
2012-11-12T11:00:00Z,0.15932244351997796,0.21861556290715087
2012-11-12T12:00:00Z,0.06756078301163622,0.19399669321039967
2012-11-12T13:00:00Z,0.046385015202018896,0.18414914533169918
2012-11-12T14:00:00Z,0.017142288226833072,0.22747835599798133
2012-11-12T15:00:00Z,0.0,0.29542643636101473
2012-11-12T16:00:00Z,0.0,0.31807579648202583
2012-11-12T17:00:00Z,0.0,0.28656364327018424
2012-11-12T18:00:00Z,0.0,0.22649360121011128
2012-11-12T19:00:00Z,0.0,0.17331684266512862
2012-11-12T20:00:00Z,0.0,0.1526369921198576
2012-11-12T21:00:00Z,0.0,0.13786567030180688
2012-11-12T22:00:00Z,0.0,0.13786567030180688
2012-11-12T23:00:00Z,0.0,0.14180468945328706
2012-11-13T00:00:00Z,0.0,0.14869797296837742
2012-11-13T01:00:00Z,0.0,0.1585455208470779
2012-11-13T02:00:00Z,0.0,0.17233208787725857
2012-11-13T03:00:00Z,0.0,0.18021012618021895
2012-11-13T04:00:00Z,0.0,0.18808816448317936
2012-11-13T05:00:00Z,0.0,0.18611865490743926
2012-11-13T06:00:00Z,0.0,0.16346929478642813
2012-11-13T07:00:00Z,0.014117178539744882,0.13097238678671652
2012-11-13T08:00:00Z,0.06655241311594015,0.09453645963552472
2012-11-13T09:00:00Z,0.1653726628941543,0.08370415696895417
2012-11-13T10:00:00Z,0.31360303756147556,0.08862793090830441
2012-11-13T11:00:00Z,0.42149861640095426,0.07878038302960393
2012-11-13T12:00:00Z,0.4245237260880425,0.07582611866599377
2012-11-13T13:00:00Z,0.335787175266789,0.09749072399913486
2012-11-13T14:00:00Z,0.15528896393719369,0.17430159745299867
2012-11-13T15:00:00Z,0.001008369895696063,0.3033044746639751
2012-11-13T16:00:00Z,0.0,0.4096579917539404
2012-11-13T17:00:00Z,0.0,0.46578901466253314
2012-11-13T18:00:00Z,0.0,0.482529846056324
2012-11-13T19:00:00Z,0.0,0.4785908269048438
2012-11-13T20:00:00Z,0.0,0.45791097635957284
2012-11-13T21:00:00Z,0.0,0.4313225970870815
2012-11-13T22:00:00Z,0.0,0.42541406835986123
2012-11-13T23:00:00Z,0.0,0.3968561795116298
2012-11-14T00:00:00Z,0.0,0.45298720242022256
2012-11-14T01:00:00Z,0.0,0.47957558169271386
2012-11-14T02:00:00Z,0.0,0.520935282783256
2012-11-14T03:00:00Z,0.0,0.5760815509039787
2012-11-14T04:00:00Z,0.0,0.6263040450853512
2012-11-14T05:00:00Z,0.0,0.6578161982971928
2012-11-14T06:00:00Z,0.0,0.6735722749031136
2012-11-14T07:00:00Z,0.011092068852656692,0.6676637461758933
2012-11-14T08:00:00Z,0.07663611207290079,0.6706180105395034
2012-11-14T09:00:00Z,0.16738940268554645,0.6775112940545936
2012-11-14T10:00:00Z,0.1986488694521244,0.6844045775696841
2012-11-14T11:00:00Z,0.160330813415674,0.6489534052063624
2012-11-14T12:00:00Z,0.09377840029973386,0.6095632136915604
2012-11-14T13:00:00Z,0.04436827541062677,0.5859290987826792
2012-11-14T14:00:00Z,0.014117178539744882,0.5741120413282386
2012-11-14T15:00:00Z,0.0,0.5524474359950976
2012-11-14T16:00:00Z,0.0,0.5150267540560356
2012-11-14T17:00:00Z,0.0,0.5091182253288153
2012-11-14T18:00:00Z,0.0,0.4973011678743747
2012-11-14T19:00:00Z,0.0,0.4805603364805839
2012-11-14T20:00:00Z,0.0,0.45594146678383274
2012-11-14T21:00:00Z,0.0,0.4116275013296805
2012-11-14T22:00:00Z,0.0,0.4067037273903303
2012-11-14T23:00:00Z,0.0,0.34466417575451713
2012-11-15T00:00:00Z,0.0,0.2934569267852746
2012-11-15T01:00:00Z,0.0,0.33777089223942686
2012-11-15T02:00:00Z,0.0,0.29838070072462486
2012-11-15T03:00:00Z,0.0,0.23240212993733156
2012-11-15T04:00:00Z,0.0,0.29542643636101473
2012-11-15T05:00:00Z,0.0,0.28459413369444414
2012-11-15T06:00:00Z,0.0,0.2836093789065741
2012-11-15T07:00:00Z,0.0,0.3249690799971162
2012-11-15T08:00:00Z,0.021175767809617323,0.2491429613311224
2012-11-15T09:00:00Z,0.07159426259442046,0.2146765437556707
2012-11-15T10:00:00Z,0.14823037466732122,0.29838070072462486
2012-11-15T11:00:00Z,0.1663810327898504,0.42442931357199115
2012-11-15T12:00:00Z,0.06756078301163622,0.5268438115104762
2012-11-15T13:00:00Z,0.0050418494784803146,0.5741120413282386
2012-11-15T14:00:00Z,0.0,0.6410753669034019
2012-11-15T15:00:00Z,0.0,0.6745570296909836
2012-11-15T16:00:00Z,0.0,0.6863740871454241
2012-11-15T17:00:00Z,0.0,0.6794808036303337
2012-11-15T18:00:00Z,0.0,0.6341820833883116
2012-11-15T19:00:00Z,0.0,0.5563864551465776
2012-11-15T20:00:00Z,0.0,0.4963164130865047
2012-11-15T21:00:00Z,0.0,0.43526161623856163
2012-11-15T22:00:00Z,0.0,0.38996289599653944
2012-11-15T23:00:00Z,0.0,0.3111825129669355
2012-11-16T00:00:00Z,0.0,0.32201481563350604
2012-11-16T01:00:00Z,0.0,0.29838070072462486
2012-11-16T02:00:00Z,0.0,0.2511124709068625
2012-11-16T03:00:00Z,0.0,0.19596620278613974
2012-11-16T04:00:00Z,0.0,0.1388504250896769
2012-11-16T05:00:00Z,0.0,0.09749072399913486
2012-11-16T06:00:00Z,0.0,0.06991758993877348
2012-11-16T07:00:00Z,0.007058589269872441,0.048252984605632404
2012-11-16T08:00:00Z,0.04134316572353858,0.03348166278758167
2012-11-16T09:00:00Z,0.08873655082125353,0.03151215321184157
2012-11-16T10:00:00Z,0.25209247392401574,0.04923773939350245
2012-11-16T11:00:00Z,0.19259865007794802,0.08370415696895417
2012-11-16T12:00:00Z,0.12907134664909606,0.14968272775624744
2012-11-16T13:00:00Z,0.042351535619234645,0.23634114908881176
2012-11-16T14:00:00Z,0.0030251096870881886,0.3308776087243365
2012-11-16T15:00:00Z,0.0,0.4362463710264317
2012-11-16T16:00:00Z,0.0,0.482529846056324
2012-11-16T17:00:00Z,0.0,0.5120724896924255
2012-11-16T18:00:00Z,0.0,0.5514626812072275
2012-11-16T19:00:00Z,0.0,0.501240187025855
2012-11-16T20:00:00Z,0.0,0.41655127526903074
2012-11-16T21:00:00Z,0.0,0.38897814120866936
2012-11-16T22:00:00Z,0.0,0.37519157417848864
2012-11-16T23:00:00Z,0.0,0.35648123320895775
2012-11-17T00:00:00Z,0.0,0.33284711830007657
2012-11-17T01:00:00Z,0.0,0.3121672677548056
2012-11-17T02:00:00Z,0.0,0.30231971987610506
2012-11-17T03:00:00Z,0.0,0.2993654555124949
2012-11-17T04:00:00Z,0.0,0.29542643636101473
2012-11-17T05:00:00Z,0.0,0.2875483980580543
2012-11-17T06:00:00Z,0.0,0.26883805708852343
2012-11-17T07:00:00Z,0.0050418494784803146,0.27179232145213356
2012-11-17T08:00:00Z,0.039326425932146455,0.2530819804826026
2012-11-17T09:00:00Z,0.07865285186429291,0.17824061660447887
2012-11-17T10:00:00Z,0.12604623696200787,0.19498144799826972
2012-11-17T11:00:00Z,0.18554006080807559,0.22353933684650115
2012-11-17T12:00:00Z,0.1300797165447921,0.1969509575740098
2012-11-17T13:00:00Z,0.0433599055149307,0.21861556290715087
2012-11-17T14:00:00Z,0.012100438748352755,0.27671609539148384
2012-11-17T15:00:00Z,0.0,0.3722373098148785
2012-11-17T16:00:00Z,0.0,0.47957558169271386
2012-11-17T17:00:00Z,0.0,0.45298720242022256
2012-11-17T18:00:00Z,0.0,0.42541406835986123
2012-11-17T19:00:00Z,0.0,0.41655127526903074
2012-11-17T20:00:00Z,0.0,0.40276470823885
2012-11-17T21:00:00Z,0.0,0.3948866699358897
2012-11-17T22:00:00Z,0.0,0.44904818326874235
2012-11-17T23:00:00Z,0.0,0.5288133210862164
2012-11-18T00:00:00Z,0.0,0.6154717424187807
2012-11-18T01:00:00Z,0.0,0.5672187578131482
2012-11-18T02:00:00Z,0.0,0.6174412519945207
2012-11-18T03:00:00Z,0.0,0.6371363477519217
2012-11-18T04:00:00Z,0.0,0.6410753669034019
2012-11-18T05:00:00Z,0.0,0.6410753669034019
2012-11-18T06:00:00Z,0.0,0.6716027653273735
2012-11-18T07:00:00Z,0.0,0.7090234472664353
2012-11-18T08:00:00Z,0.006050219374176377,0.8074989260534401
2012-11-18T09:00:00Z,0.023192507601009448,0.8035599069019599
2012-11-18T10:00:00Z,0.05747708405467558,0.7769715276294688
2012-11-18T11:00:00Z,0.09176166050834171,0.742505110054017
2012-11-18T12:00:00Z,0.10789557883947873,0.6735722749031136
2012-11-18T13:00:00Z,0.06856915290733229,0.5760815509039787
2012-11-18T14:00:00Z,0.022184137705313384,0.501240187025855
2012-11-18T15:00:00Z,0.0,0.45200244763235253
2012-11-18T16:00:00Z,0.0,0.38799338642079934
2012-11-18T17:00:00Z,0.0,0.33580138266368675
2012-11-18T18:00:00Z,0.0,0.29838070072462486
2012-11-18T19:00:00Z,0.0,0.2520972256947326
2012-11-18T20:00:00Z,0.0,0.19793571236187987
2012-11-18T21:00:00Z,0.0,0.14377419902902716
2012-11-18T22:00:00Z,0.0,0.08567366654469426
2012-11-18T23:00:00Z,0.0,0.04726822981776236
2012-11-19T00:00:00Z,0.0,0.026588379272491327
2012-11-19T01:00:00Z,0.0,0.01871034096953093
2012-11-19T02:00:00Z,0.0,0.01871034096953093
2012-11-19T03:00:00Z,0.0,0.026588379272491327
2012-11-19T04:00:00Z,0.0,0.0423444558784121
2012-11-19T05:00:00Z,0.0,0.06499381599942325
2012-11-19T06:00:00Z,0.0,0.09552121442339477
2012-11-19T07:00:00Z,0.0030251096870881886,0.12112483890801604
2012-11-19T08:00:00Z,0.023192507601009448,0.11718581975653584
2012-11-19T09:00:00Z,0.037309686140754326,0.08567366654469426
2012-11-19T10:00:00Z,0.04436827541062677,0.05120724896924255
2012-11-19T11:00:00Z,0.05041849478480315,0.026588379272491327
2012-11-19T12:00:00Z,0.040334795827842516,0.007878038302960393
2012-11-19T13:00:00Z,0.021175767809617323,0.006893283515090344
2012-11-19T14:00:00Z,0.0050418494784803146,0.017725586181660882
2012-11-19T15:00:00Z,0.0,0.02954264363610147
2012-11-19T16:00:00Z,0.0,0.03446641757545172
2012-11-19T17:00:00Z,0.0,0.036435927151191816
2012-11-19T18:00:00Z,0.0,0.040374946302672014
2012-11-19T19:00:00Z,0.0,0.0462834750298923
2012-11-19T20:00:00Z,0.0,0.0423444558784121
2012-11-19T21:00:00Z,0.0,0.03742068193906186
2012-11-19T22:00:00Z,0.0,0.040374946302672014
2012-11-19T23:00:00Z,0.0,0.05120724896924255
2012-11-20T00:00:00Z,0.0,0.06696332557516334
2012-11-20T01:00:00Z,0.0,0.09059744048404451
2012-11-20T02:00:00Z,0.0,0.11620106496866578
2012-11-20T03:00:00Z,0.0,0.13983517987754696
2012-11-20T04:00:00Z,0.0,0.15953027563494795
2012-11-20T05:00:00Z,0.0,0.18021012618021895
2012-11-20T06:00:00Z,0.0,0.1900576740589195
2012-11-20T07:00:00Z,0.0,0.20088997672548997
2012-11-20T08:00:00Z,0.013108808644048817,0.19596620278613974
2012-11-20T09:00:00Z,0.034284576453666143,0.17331684266512862
2012-11-20T10:00:00Z,0.05848545395037165,0.17430159745299867
2012-11-20T11:00:00Z,0.07260263249011652,0.18021012618021895
2012-11-20T12:00:00Z,0.05646871415897953,0.20876801502845038
2012-11-20T13:00:00Z,0.0272259871837937,0.2501277161189924
2012-11-20T14:00:00Z,0.0050418494784803146,0.3033044746639751
2012-11-20T15:00:00Z,0.0,0.33284711830007657
2012-11-20T16:00:00Z,0.0,0.3495879496938674
2012-11-20T17:00:00Z,0.0,0.3436794209666471
2012-11-20T18:00:00Z,0.0,0.340725156603037
2012-11-20T19:00:00Z,0.0,0.3190605512698959
2012-11-20T20:00:00Z,0.0,0.29050266242166445
2012-11-20T21:00:00Z,0.0,0.2777008501793538
2012-11-20T22:00:00Z,0.0,0.27573134060361376
2012-11-20T23:00:00Z,0.0,0.27671609539148384
2012-11-21T00:00:00Z,0.0,0.26588379272491325
2012-11-21T01:00:00Z,0.0,0.2589905092098229
2012-11-21T02:00:00Z,0.0,0.2550514900583427
2012-11-21T03:00:00Z,0.0,0.28065511454296393
2012-11-21T04:00:00Z,0.0,0.2511124709068625
2012-11-21T05:00:00Z,0.0,0.2314173751494615
2012-11-21T06:00:00Z,0.0,0.2166460533314108
2012-11-21T07:00:00Z,0.0030251096870881886,0.2048289958769702
2012-11-21T08:00:00Z,0.033276206557970076,0.1792253713923489
2012-11-21T09:00:00Z,0.08974492071694959,0.15165223733198754
2012-11-21T10:00:00Z,0.14823037466732122,0.1467284633926373
2012-11-21T11:00:00Z,0.21881626736604565,0.15362174690772765
2012-11-21T12:00:00Z,0.21881626736604565,0.16346929478642813
2012-11-21T13:00:00Z,0.11898764769213542,0.17627110702873877
2012-11-21T14:00:00Z,0.03025109687088189,0.2392954134524219
2012-11-21T15:00:00Z,0.0,0.29247217199740455
2012-11-21T16:00:00Z,0.0,0.2895179076337944
2012-11-21T17:00:00Z,0.0,0.30625873902758527
2012-11-21T18:00:00Z,0.0,0.30822824860332537
2012-11-21T19:00:00Z,0.0,0.3308776087243365
2012-11-21T20:00:00Z,0.0,0.3515574592696075
2012-11-21T21:00:00Z,0.0,0.3968561795116298
2012-11-21T22:00:00Z,0.0,0.41458176569329064
2012-11-21T23:00:00Z,0.0,0.41261225611755054
2012-11-22T00:00:00Z,0.0,0.4323073518749515
2012-11-22T01:00:00Z,0.0,0.45101769284448245
2012-11-22T02:00:00Z,0.0,0.45791097635957284
2012-11-22T03:00:00Z,0.0,0.4392006353900419
2012-11-22T04:00:00Z,0.0,0.43723112581430174
2012-11-22T05:00:00Z,0.0,0.42836833272347136
2012-11-22T06:00:00Z,0.0,0.4539719572080926
2012-11-22T07:00:00Z,0.001008369895696063,0.47563656254123365
2012-11-22T08:00:00Z,0.025209247392401574,0.4697280338140134
2012-11-22T09:00:00Z,0.06957752280302835,0.46184999551105294
2012-11-22T10:00:00Z,0.10386209925669447,0.4687432790261434
2012-11-22T11:00:00Z,0.08268633144707715,0.48154509126845396
2012-11-22T12:00:00Z,0.07058589269872441,0.4697280338140134
2012-11-22T13:00:00Z,0.07764448196859684,0.45988048593531294
2012-11-22T14:00:00Z,0.04537664530632283,0.46086524072318297
2012-11-22T15:00:00Z,0.0,0.521920037571126
2012-11-22T16:00:00Z,0.0,0.5317675854498265
2012-11-22T17:00:00Z,0.0,0.520935282783256
2012-11-22T18:00:00Z,0.0,0.4805603364805839
2012-11-22T19:00:00Z,0.0,0.43723112581430174
2012-11-22T20:00:00Z,0.0,0.3781458385420989
2012-11-22T21:00:00Z,0.0,0.3594354975725679
2012-11-22T22:00:00Z,0.0,0.36829829066339836
2012-11-22T23:00:00Z,0.0,0.3584507427846978
2012-11-23T00:00:00Z,0.0,0.35057270448173744
2012-11-23T01:00:00Z,0.0,0.35057270448173744
2012-11-23T02:00:00Z,0.0,0.3515574592696075
2012-11-23T03:00:00Z,0.0,0.3515574592696075
2012-11-23T04:00:00Z,0.0,0.34269466617877703
2012-11-23T05:00:00Z,0.0,0.3170910416941558
2012-11-23T06:00:00Z,0.0,0.3052739842397152
2012-11-23T07:00:00Z,0.0,0.29542643636101473
2012-11-23T08:00:00Z,0.016133918331137007,0.3033044746639751
2012-11-23T09:00:00Z,0.04134316572353858,0.30822824860332537
2012-11-23T10:00:00Z,0.08873655082125353,0.281639869330834
2012-11-23T11:00:00Z,0.13108808644048817,0.28656364327018424
2012-11-23T12:00:00Z,0.15327222414580158,0.2895179076337944
2012-11-23T13:00:00Z,0.12907134664909606,0.28065511454296393
2012-11-23T14:00:00Z,0.039326425932146455,0.26588379272491325
2012-11-23T15:00:00Z,0.0,0.3092130033911954
2012-11-23T16:00:00Z,0.0,0.301334965088235
2012-11-23T17:00:00Z,0.0,0.2747465858157437
2012-11-23T18:00:00Z,0.0,0.2471734517553823
2012-11-23T19:00:00Z,0.0,0.22452409163437118
2012-11-23T20:00:00Z,0.0,0.1900576740589195
2012-11-23T21:00:00Z,0.0,0.16149978521068806
2012-11-23T22:00:00Z,0.0,0.1585455208470779
2012-11-23T23:00:00Z,0.0,0.16543880436216826
2012-11-24T00:00:00Z,0.0,0.17134733308938851
2012-11-24T01:00:00Z,0.0,0.1624845399985581
2012-11-24T02:00:00Z,0.0,0.13983517987754696
2012-11-24T03:00:00Z,0.0,0.12112483890801604
2012-11-24T04:00:00Z,0.0,0.12014008412014597
2012-11-24T05:00:00Z,0.0,0.13097238678671652
2012-11-24T06:00:00Z,0.0,0.13688091551393683
2012-11-24T07:00:00Z,0.0,0.13786567030180688
2012-11-24T08:00:00Z,0.014117178539744882,0.13097238678671652
2012-11-24T09:00:00Z,0.031259466766577954,0.11324680060505564
2012-11-24T10:00:00Z,0.04436827541062677,0.1024144979384851
2012-11-24T11:00:00Z,0.05344360447189133,0.0984754787870049
2012-11-24T12:00:00Z,0.035292946349362204,0.09946023357487496
2012-11-24T13:00:00Z,0.020167397913921258,0.10044498836274499
2012-11-24T14:00:00Z,0.002016739791392126,0.10733827187783535
2012-11-24T15:00:00Z,0.0,0.1299876319988465
2012-11-24T16:00:00Z,0.0,0.1526369921198576
2012-11-24T17:00:00Z,0.0,0.17233208787725857
2012-11-24T18:00:00Z,0.0,0.17233208787725857
2012-11-24T19:00:00Z,0.0,0.1644540495742982
2012-11-24T20:00:00Z,0.0,0.1585455208470779
2012-11-24T21:00:00Z,0.0,0.1506674825441175
2012-11-24T22:00:00Z,0.0,0.1447589538168972
2012-11-24T23:00:00Z,0.0,0.1388504250896769
2012-11-25T00:00:00Z,0.0,0.13688091551393683
2012-11-25T01:00:00Z,0.0,0.14377419902902716
2012-11-25T02:00:00Z,0.0,0.1546065016955977
2012-11-25T03:00:00Z,0.0,0.16642355915003829
2012-11-25T04:00:00Z,0.0,0.1683930687257784
2012-11-25T05:00:00Z,0.0,0.16346929478642813
2012-11-25T06:00:00Z,0.0,0.14574370860476726
2012-11-25T07:00:00Z,0.0,0.1467284633926373
2012-11-25T08:00:00Z,0.007058589269872441,0.15559125648346775
2012-11-25T09:00:00Z,0.017142288226833072,0.1447589538168972
2012-11-25T10:00:00Z,0.025209247392401574,0.14574370860476726
2012-11-25T11:00:00Z,0.039326425932146455,0.16642355915003829
2012-11-25T12:00:00Z,0.04134316572353858,0.1644540495742982
2012-11-25T13:00:00Z,0.009075329061264565,0.1388504250896769
2012-11-25T14:00:00Z,0.0,0.14278944424115708
2012-11-25T15:00:00Z,0.0,0.17331684266512862
2012-11-25T16:00:00Z,0.0,0.19793571236187987
2012-11-25T17:00:00Z,0.0,0.20876801502845038
2012-11-25T18:00:00Z,0.0,0.2146765437556707
2012-11-25T19:00:00Z,0.0,0.22353933684650115
2012-11-25T20:00:00Z,0.0,0.21861556290715087
2012-11-25T21:00:00Z,0.0,0.21270703417993062
2012-11-25T22:00:00Z,0.0,0.20975276981632043
2012-11-25T23:00:00Z,0.0,0.2166460533314108
2012-11-26T00:00:00Z,0.0,0.23240212993733156
2012-11-26T01:00:00Z,0.0,0.2520972256947326
2012-11-26T02:00:00Z,0.0,0.2570209996340828
2012-11-26T03:00:00Z,0.0,0.24028016824029194
2012-11-26T04:00:00Z,0.0,0.23043262036159148
2012-11-26T05:00:00Z,0.0,0.23831065866455187
2012-11-26T06:00:00Z,0.0,0.25800575442195284
2012-11-26T07:00:00Z,0.001008369895696063,0.2934569267852746
2012-11-26T08:00:00Z,0.0272259871837937,0.3436794209666471
2012-11-26T09:00:00Z,0.03630131624505826,0.3604202523604379
2012-11-26T10:00:00Z,0.040334795827842516,0.3495879496938674
2012-11-26T11:00:00Z,0.034284576453666143,0.3456489305423872
2012-11-26T12:00:00Z,0.023192507601009448,0.38799338642079934
2012-11-26T13:00:00Z,0.011092068852656692,0.38799338642079934
2012-11-26T14:00:00Z,0.001008369895696063,0.3968561795116298
2012-11-26T15:00:00Z,0.0,0.40276470823885
2012-11-26T16:00:00Z,0.0,0.3820848576935791
2012-11-26T17:00:00Z,0.0,0.36829829066339836
2012-11-26T18:00:00Z,0.0,0.34663368533025724
2012-11-26T19:00:00Z,0.0,0.32792334436072634
2012-11-26T20:00:00Z,0.0,0.3161062869062857
2012-11-26T21:00:00Z,0.0,0.29739594593675484
2012-11-26T22:00:00Z,0.0,0.29247217199740455
2012-11-26T23:00:00Z,0.0,0.3033044746639751
2012-11-27T00:00:00Z,0.0,0.340725156603037
2012-11-27T01:00:00Z,0.0,0.3830696124814491
2012-11-27T02:00:00Z,0.0,0.40571897260246015
2012-11-27T03:00:00Z,0.0,0.43033784229921146
2012-11-27T04:00:00Z,0.0,0.45495671199596266
2012-11-27T05:00:00Z,0.0,0.482529846056324
2012-11-27T06:00:00Z,0.0,0.5238895471468661
2012-11-27T07:00:00Z,0.0,0.5317675854498265
2012-11-27T08:00:00Z,0.020167397913921258,0.5297980758740864
2012-11-27T09:00:00Z,0.05949382384606771,0.5524474359950976
2012-11-27T10:00:00Z,0.11898764769213542,0.5928223822977695
2012-11-27T11:00:00Z,0.17142288226833072,0.5977461562371198
2012-11-27T12:00:00Z,0.1663810327898504,0.6322125738125715
2012-11-27T13:00:00Z,0.06554404322024408,0.6509229147821024
2012-11-27T14:00:00Z,0.010083698956960629,0.6755417844788537
2012-11-27T15:00:00Z,0.0,0.7365965813267967
2012-11-27T16:00:00Z,0.0,0.723794769084486
2012-11-27T17:00:00Z,0.0,0.7001606541756048
2012-11-27T18:00:00Z,0.0,0.6548619339335826
2012-11-27T19:00:00Z,0.0,0.582974834419069
2012-11-27T20:00:00Z,0.0,0.5061639609652052
2012-11-27T21:00:00Z,0.0,0.5189657732075159
2012-11-27T22:00:00Z,0.0,0.6125174780551705
2012-11-27T23:00:00Z,0.0,0.6075937041158203
2012-11-28T00:00:00Z,0.0,0.5701730221767584
2012-11-28T01:00:00Z,0.0,0.5465389072678772
2012-11-28T02:00:00Z,0.0,0.563279738661668
2012-11-28T03:00:00Z,0.0,0.6528924243578426
2012-11-28T04:00:00Z,0.0,0.6666789913880232
2012-11-28T05:00:00Z,0.0,0.6725875201152435
2012-11-28T06:00:00Z,0.0,0.6942521254483845
2012-11-28T07:00:00Z,0.004033479582784252,0.7493983935691073
2012-11-28T08:00:00Z,0.038318056036450394,0.8055294164777
2012-11-28T09:00:00Z,0.07159426259442046,0.8183312287200106
2012-11-28T10:00:00Z,0.12302112727491966,0.8518128915075924
2012-11-28T11:00:00Z,0.10991231863087086,0.8675689681135133
2012-11-28T12:00:00Z,0.09075329061264566,0.862645194174163
2012-11-28T13:00:00Z,0.04537664530632283,0.8518128915075924
2012-11-28T14:00:00Z,0.015125548435440945,0.8104531904170503
2012-11-28T15:00:00Z,0.0,0.7661392249628982
2012-11-28T16:00:00Z,0.0,0.6981911445998646
2012-11-28T17:00:00Z,0.0,0.6331973286004415
2012-11-28T18:00:00Z,0.0,0.5524474359950976
2012-11-28T19:00:00Z,0.0,0.520935282783256
2012-11-28T20:00:00Z,0.0,0.5130572444802955
2012-11-28T21:00:00Z,0.0,0.5002554322379849
2012-11-28T22:00:00Z,0.0,0.4923773939350245
2012-11-28T23:00:00Z,0.0,0.4854841104199342
2012-11-29T00:00:00Z,0.0,0.462834750298923
2012-11-29T01:00:00Z,0.0,0.45200244763235253
2012-11-29T02:00:00Z,0.0,0.462834750298923
2012-11-29T03:00:00Z,0.0,0.45495671199596266
2012-11-29T04:00:00Z,0.0,0.43723112581430174
2012-11-29T05:00:00Z,0.0,0.39981044387523995
2012-11-29T06:00:00Z,0.0,0.35451172363321765
2012-11-29T07:00:00Z,0.006050219374176377,0.32398432520924614
2012-11-29T08:00:00Z,0.07865285186429291,0.32201481563350604
2012-11-29T09:00:00Z,0.28738542027337793,0.29739594593675484
2012-11-29T10:00:00Z,0.32267836662274013,0.30231971987610506
2012-11-29T11:00:00Z,0.2046990888263008,0.30035021030036496
2012-11-29T12:00:00Z,0.10587883904808659,0.29838070072462486
2012-11-29T13:00:00Z,0.04436827541062677,0.2934569267852746
2012-11-29T14:00:00Z,0.007058589269872441,0.2934569267852746
2012-11-29T15:00:00Z,0.0,0.3033044746639751
2012-11-29T16:00:00Z,0.0,0.29247217199740455
2012-11-29T17:00:00Z,0.0,0.2796703597550939
2012-11-29T18:00:00Z,0.0,0.27671609539148384
2012-11-29T19:00:00Z,0.0,0.26391428314917315
2012-11-29T20:00:00Z,0.0,0.24323443260390212
2012-11-29T21:00:00Z,0.0,0.2225545820586311
2012-11-29T22:00:00Z,0.0,0.19892046714974992
2012-11-29T23:00:00Z,0.0,0.1792253713923489
2012-11-30T00:00:00Z,0.0,0.16740831393790834
2012-11-30T01:00:00Z,0.0,0.16642355915003829
2012-11-30T02:00:00Z,0.0,0.16642355915003829
2012-11-30T03:00:00Z,0.0,0.1644540495742982
2012-11-30T04:00:00Z,0.0,0.16346929478642813
2012-11-30T05:00:00Z,0.0,0.15756076605920785
2012-11-30T06:00:00Z,0.0,0.15559125648346775
2012-11-30T07:00:00Z,0.0,0.1565760112713378
2012-11-30T08:00:00Z,0.017142288226833072,0.1506674825441175
2012-11-30T09:00:00Z,0.04840175499341102,0.14180468945328706
2012-11-30T10:00:00Z,0.06655241311594015,0.1388504250896769
2012-11-30T11:00:00Z,0.06251893353315591,0.15165223733198754
2012-11-30T12:00:00Z,0.05041849478480315,0.160515030422818
2012-11-30T13:00:00Z,0.025209247392401574,0.1683930687257784
2012-11-30T14:00:00Z,0.001008369895696063,0.18021012618021895
2012-11-30T15:00:00Z,0.0,0.19793571236187987
2012-11-30T16:00:00Z,0.0,0.19399669321039967
2012-11-30T17:00:00Z,0.0,0.18414914533169918
2012-11-30T18:00:00Z,0.0,0.18611865490743926
2012-11-30T19:00:00Z,0.0,0.19399669321039967
2012-11-30T20:00:00Z,0.0,0.19892046714974992
2012-11-30T21:00:00Z,0.0,0.21369178896780064
2012-11-30T22:00:00Z,0.0,0.23732590387668182
2012-11-30T23:00:00Z,0.0,0.26194477357343304
2012-12-01T00:00:00Z,0.0,0.27671609539148384
2012-12-01T01:00:00Z,0.0,0.29050266242166445
2012-12-01T02:00:00Z,0.0,0.3190605512698959
2012-12-01T03:00:00Z,0.0,0.38700863163292926
2012-12-01T04:00:00Z,0.0,0.38996289599653944
2012-12-01T05:00:00Z,0.0,0.441170144965782
2012-12-01T06:00:00Z,0.0,0.4805603364805839
2012-12-01T07:00:00Z,0.0,0.4726822981776235
2012-12-01T08:00:00Z,0.04739338509771496,0.43526161623856163
2012-12-01T09:00:00Z,0.12907134664909606,0.41950553963264087
2012-12-01T10:00:00Z,0.19764049955642832,0.42442931357199115
2012-12-01T11:00:00Z,0.18352332101668342,0.47760607211697376
2012-12-01T12:00:00Z,0.15125548435440941,0.47957558169271386
2012-12-01T13:00:00Z,0.07361100238581259,0.49927067745011483
2012-12-01T14:00:00Z,0.012100438748352755,0.4953316582986347
2012-12-01T15:00:00Z,0.0,0.4923773939350245
2012-12-01T16:00:00Z,0.0,0.4973011678743747
2012-12-01T17:00:00Z,0.0,0.4854841104199342
2012-12-01T18:00:00Z,0.0,0.45003293805661243
2012-12-01T19:00:00Z,0.0,0.40276470823885
2012-12-01T20:00:00Z,0.0,0.35352696884534757
2012-12-01T21:00:00Z,0.0,0.3161062869062857
2012-12-01T22:00:00Z,0.0,0.2875483980580543
2012-12-01T23:00:00Z,0.0,0.24224967781603207
2012-12-02T00:00:00Z,0.0,0.18611865490743926
2012-12-02T01:00:00Z,0.0,0.1565760112713378
2012-12-02T02:00:00Z,0.0,0.17627110702873877
2012-12-02T03:00:00Z,0.0,0.19596620278613974
2012-12-02T04:00:00Z,0.0,0.20679850545271028
2012-12-02T05:00:00Z,0.0,0.21073752460419048
2012-12-02T06:00:00Z,0.0,0.23240212993733156
2012-12-02T07:00:00Z,0.004033479582784252,0.2501277161189924
2012-12-02T08:00:00Z,0.02420087749670551,0.24224967781603207
2012-12-02T09:00:00Z,0.04739338509771496,0.20384424108910015
2012-12-02T10:00:00Z,0.05646871415897953,0.17233208787725857
2012-12-02T11:00:00Z,0.05747708405467558,0.17627110702873877
2012-12-02T12:00:00Z,0.022184137705313384,0.23240212993733156
2012-12-02T13:00:00Z,0.009075329061264565,0.28065511454296393
2012-12-02T14:00:00Z,0.0,0.37519157417848864
2012-12-02T15:00:00Z,0.0,0.4332921066628216
2012-12-02T16:00:00Z,0.0,0.47760607211697376
2012-12-02T17:00:00Z,0.0,0.45791097635957284
2012-12-02T18:00:00Z,0.0,0.4716975433897535
2012-12-02T19:00:00Z,0.0,0.5682035126010182
2012-12-02T20:00:00Z,0.0,0.6784960488424637
2012-12-02T21:00:00Z,0.0,0.6676637461758933
2012-12-02T22:00:00Z,0.0,0.6440296312670121
2012-12-02T23:00:00Z,0.0,0.5977461562371198
2012-12-03T00:00:00Z,0.0,0.5268438115104762
2012-12-03T01:00:00Z,0.0,0.5258590567226062
2012-12-03T02:00:00Z,0.0,0.45791097635957284
2012-12-03T03:00:00Z,0.0,0.4894231295714144
2012-12-03T04:00:00Z,0.0,0.4441244093293921
2012-12-03T05:00:00Z,0.0,0.41556652048116066
2012-12-03T06:00:00Z,0.0,0.38996289599653944
2012-12-03T07:00:00Z,0.0,0.3850391220571892
2012-12-03T08:00:00Z,0.013108808644048817,0.3456489305423872
2012-12-03T09:00:00Z,0.037309686140754326,0.32792334436072634
2012-12-03T10:00:00Z,0.05646871415897953,0.3111825129669355
2012-12-03T11:00:00Z,0.07159426259442046,0.32398432520924614
2012-12-03T12:00:00Z,0.07461937228150865,0.3161062869062857
2012-12-03T13:00:00Z,0.038318056036450394,0.29739594593675484
2012-12-03T14:00:00Z,0.006050219374176377,0.32398432520924614
2012-12-03T15:00:00Z,0.0,0.32792334436072634
2012-12-03T16:00:00Z,0.0,0.32201481563350604
2012-12-03T17:00:00Z,0.0,0.3092130033911954
2012-12-03T18:00:00Z,0.0,0.29641119114888476
2012-12-03T19:00:00Z,0.0,0.28459413369444414
2012-12-03T20:00:00Z,0.0,0.259975263997693
2012-12-03T21:00:00Z,0.0,0.24028016824029194
2012-12-03T22:00:00Z,0.0,0.24028016824029194
2012-12-03T23:00:00Z,0.0,0.2166460533314108
2012-12-04T00:00:00Z,0.0,0.21861556290715087
2012-12-04T01:00:00Z,0.0,0.2166460533314108
2012-12-04T02:00:00Z,0.0,0.20975276981632043
2012-12-04T03:00:00Z,0.0,0.19793571236187987
2012-12-04T04:00:00Z,0.0,0.1900576740589195
2012-12-04T05:00:00Z,0.0,0.19104242884678954
2012-12-04T06:00:00Z,0.0,0.19793571236187987
2012-12-04T07:00:00Z,0.0,0.20778326024058033
2012-12-04T08:00:00Z,0.021175767809617323,0.23338688472520158
2012-12-04T09:00:00Z,0.06050219374176378,0.26194477357343304
2012-12-04T10:00:00Z,0.14621363487592912,0.28459413369444414
2012-12-04T11:00:00Z,0.43057394546221883,0.29247217199740455
2012-12-04T12:00:00Z,0.40435632817412126,0.301334965088235
2012-12-04T13:00:00Z,0.2682263922551527,0.3092130033911954
2012-12-04T14:00:00Z,0.06050219374176378,0.42147504920838097
2012-12-04T15:00:00Z,0.0,0.5169962636317758
2012-12-04T16:00:00Z,0.0,0.5297980758740864
2012-12-04T17:00:00Z,0.0,0.5268438115104762
2012-12-04T18:00:00Z,0.0,0.4923773939350245
2012-12-04T19:00:00Z,0.0,0.4697280338140134
2012-12-04T20:00:00Z,0.0,0.45988048593531294
2012-12-04T21:00:00Z,0.0,0.47465180775336363
2012-12-04T22:00:00Z,0.0,0.540630378540657
2012-12-04T23:00:00Z,0.0,0.6706180105395034
2012-12-05T00:00:00Z,0.0,0.7159167307815256
2012-12-05T01:00:00Z,0.0,0.7454593744176272
2012-12-05T02:00:00Z,0.0,0.7927276042353895
2012-12-05T03:00:00Z,0.0,0.8114379452049203
2012-12-05T04:00:00Z,0.0,0.8153769643564006
2012-12-05T05:00:00Z,0.0,0.8311330409623213
2012-12-05T06:00:00Z,0.0,0.8104531904170503
2012-12-05T07:00:00Z,0.0,0.7612154510235479
2012-12-05T08:00:00Z,0.002016739791392126,0.7356118265389265
2012-12-05T09:00:00Z,0.009075329061264565,0.7080386924785653
2012-12-05T10:00:00Z,0.01815065812252913,0.6932673706605145
2012-12-05T11:00:00Z,0.020167397913921258,0.6824350679939439
2012-12-05T12:00:00Z,0.013108808644048817,0.6775112940545936
2012-12-05T13:00:00Z,0.0050418494784803146,0.6794808036303337
2012-12-05T14:00:00Z,0.0,0.681450313206074
2012-12-05T15:00:00Z,0.0,0.6735722749031136
2012-12-05T16:00:00Z,0.0,0.6666789913880232
2012-12-05T17:00:00Z,0.0,0.6735722749031136
2012-12-05T18:00:00Z,0.0,0.6794808036303337
2012-12-05T19:00:00Z,0.0,0.6794808036303337
2012-12-05T20:00:00Z,0.0,0.6775112940545936
2012-12-05T21:00:00Z,0.0,0.6696332557516333
2012-12-05T22:00:00Z,0.0,0.660770462660803
2012-12-05T23:00:00Z,0.0,0.6548619339335826
2012-12-06T00:00:00Z,0.0,0.6647094818122832
2012-12-06T01:00:00Z,0.0,0.6794808036303337
2012-12-06T02:00:00Z,0.0,0.6706180105395034
2012-12-06T03:00:00Z,0.0,0.6558466887214527
2012-12-06T04:00:00Z,0.0,0.6440296312670121
2012-12-06T05:00:00Z,0.0,0.6341820833883116
2012-12-06T06:00:00Z,0.0,0.6135022328430405
2012-12-06T07:00:00Z,0.0,0.6676637461758933
2012-12-06T08:00:00Z,0.011092068852656692,0.7641697153871582
2012-12-06T09:00:00Z,0.05142686468049921,0.8203007382957508
2012-12-06T10:00:00Z,0.08369470134277322,0.8084836808413103
2012-12-06T11:00:00Z,0.09176166050834171,0.760230696235678
2012-12-06T12:00:00Z,0.09075329061264566,0.7070539376906951
2012-12-06T13:00:00Z,0.06756078301163622,0.6538771791457125
2012-12-06T14:00:00Z,0.011092068852656692,0.6174412519945207
2012-12-06T15:00:00Z,0.0,0.6056241945400801
2012-12-06T16:00:00Z,0.0,0.60365468496434
2012-12-06T17:00:00Z,0.0,0.5416151333285271
2012-12-06T18:00:00Z,0.0,0.4707127886018834
2012-12-06T19:00:00Z,0.0,0.4421548997536521
2012-12-06T20:00:00Z,0.0,0.41950553963264087
2012-12-06T21:00:00Z,0.0,0.42442931357199115
2012-12-06T22:00:00Z,0.0,0.46381950508679304
2012-12-06T23:00:00Z,0.0,0.4953316582986347
2012-12-07T00:00:00Z,0.0,0.5366913593891768
2012-12-07T01:00:00Z,0.0,0.5297980758740864
2012-12-07T02:00:00Z,0.0,0.5248743019347362
2012-12-07T03:00:00Z,0.0,0.622365025933871
2012-12-07T04:00:00Z,0.0,0.6755417844788537
2012-12-07T05:00:00Z,0.0,0.783864811144559
2012-12-07T06:00:00Z,0.0,0.8084836808413103
2012-12-07T07:00:00Z,0.0,0.8340873053259316
2012-12-07T08:00:00Z,0.007058589269872441,0.864614703749903
2012-12-07T09:00:00Z,0.01815065812252913,0.8852945542951741
2012-12-07T10:00:00Z,0.023192507601009448,0.8941573473860046
2012-12-07T11:00:00Z,0.016133918331137007,0.9000658761132249
2012-12-07T12:00:00Z,0.007058589269872441,0.8961268569617447
2012-12-07T13:00:00Z,0.004033479582784252,0.8695384776892533
2012-12-07T14:00:00Z,0.0,0.8153769643564006
2012-12-07T15:00:00Z,0.0,0.7690934893265082
2012-12-07T16:00:00Z,0.0,0.7651544701750281
2012-12-07T17:00:00Z,0.0,0.7513679031448475
2012-12-07T18:00:00Z,0.0,0.703114918539215
2012-12-07T19:00:00Z,0.0,0.6696332557516333
2012-12-07T20:00:00Z,0.0,0.5987309110249898
2012-12-07T21:00:00Z,0.0,0.5721425317524984
2012-12-07T22:00:00Z,0.0,0.5613102290859279
2012-12-07T23:00:00Z,0.0,0.562294983873798
2012-12-08T00:00:00Z,0.0,0.5869138535705491
2012-12-08T01:00:00Z,0.0,0.5721425317524984
2012-12-08T02:00:00Z,0.0,0.581990079631199
2012-12-08T03:00:00Z,0.0,0.5563864551465776
2012-12-08T04:00:00Z,0.0,0.5347218498134367
2012-12-08T05:00:00Z,0.0,0.5918376275098994
2012-12-08T06:00:00Z,0.0,0.6331973286004415
2012-12-08T07:00:00Z,0.002016739791392126,0.6174412519945207
2012-12-08T08:00:00Z,0.06453567332454803,0.5878986083584192
2012-12-08T09:00:00Z,0.1169709079007433,0.5770663056918487
2012-12-08T10:00:00Z,0.1300797165447921,0.5603254742980579
2012-12-08T11:00:00Z,0.12201275737922361,0.5534321907829677
2012-12-08T12:00:00Z,0.06554404322024408,0.5485084168436173
2012-12-08T13:00:00Z,0.03025109687088189,0.540630378540657
2012-12-08T14:00:00Z,0.0030251096870881886,0.5327523402376966
2012-12-08T15:00:00Z,0.0,0.5110877349045555
2012-12-08T16:00:00Z,0.0,0.4805603364805839
2012-12-08T17:00:00Z,0.0,0.45791097635957284
2012-12-08T18:00:00Z,0.0,0.4539719572080926
2012-12-08T19:00:00Z,0.0,0.47465180775336363
2012-12-08T20:00:00Z,0.0,0.5435846429042671
2012-12-08T21:00:00Z,0.0,0.6361515929640517
2012-12-08T22:00:00Z,0.0,0.7169014855693956
2012-12-08T23:00:00Z,0.0,0.7129624664179155
2012-12-09T00:00:00Z,0.0,0.7336423169631865
2012-12-09T01:00:00Z,0.0,0.7690934893265082
2012-12-09T02:00:00Z,0.0,0.763184960599288
2012-12-09T03:00:00Z,0.0,0.7434898648418871
2012-12-09T04:00:00Z,0.0,0.6804655584182039
2012-12-09T05:00:00Z,0.0,0.5898681179341593
2012-12-09T06:00:00Z,0.0,0.5160115088439057
2012-12-09T07:00:00Z,0.012100438748352755,0.40867323696607033
2012-12-09T08:00:00Z,0.2006656092435165,0.2747465858157437
2012-12-09T09:00:00Z,0.40233958838272915,0.19399669321039967
2012-12-09T10:00:00Z,0.49410124889107077,0.11718581975653584
2012-12-09T11:00:00Z,0.4890593994125905,0.08567366654469426
2012-12-09T12:00:00Z,0.3942726292171606,0.10536876230209524
2012-12-09T13:00:00Z,0.1633559231027622,0.17134733308938851
2012-12-09T14:00:00Z,0.023192507601009448,0.26982281187639345
2012-12-09T15:00:00Z,0.0,0.36632878108765826
2012-12-09T16:00:00Z,0.0,0.38799338642079934
2012-12-09T17:00:00Z,0.0,0.33284711830007657
2012-12-09T18:00:00Z,0.0,0.35352696884534757
2012-12-09T19:00:00Z,0.0,0.41950553963264087
2012-12-09T20:00:00Z,0.0,0.4313225970870815
2012-12-09T21:00:00Z,0.0,0.46677376945040316
2012-12-09T22:00:00Z,0.0,0.4982859226622448
2012-12-09T23:00:00Z,0.0,0.521920037571126
2012-12-10T00:00:00Z,0.0,0.5524474359950976
2012-12-10T01:00:00Z,0.0,0.60365468496434
2012-12-10T02:00:00Z,0.0,0.622365025933871
2012-12-10T03:00:00Z,0.0,0.5869138535705491
2012-12-10T04:00:00Z,0.0,0.5297980758740864
2012-12-10T05:00:00Z,0.0,0.5741120413282386
2012-12-10T06:00:00Z,0.0,0.521920037571126
2012-12-10T07:00:00Z,0.0,0.4982859226622448
2012-12-10T08:00:00Z,0.001008369895696063,0.501240187025855
2012-12-10T09:00:00Z,0.007058589269872441,0.4392006353900419
2012-12-10T10:00:00Z,0.009075329061264565,0.40276470823885
2012-12-10T11:00:00Z,0.011092068852656692,0.34663368533025724
2012-12-10T12:00:00Z,0.009075329061264565,0.3141367773305457
2012-12-10T13:00:00Z,0.0030251096870881886,0.3033044746639751
2012-12-10T14:00:00Z,0.0,0.28459413369444414
2012-12-10T15:00:00Z,0.0,0.27671609539148384
2012-12-10T16:00:00Z,0.0,0.27080756666426353
2012-12-10T17:00:00Z,0.0,0.2796703597550939
2012-12-10T18:00:00Z,0.0,0.27376183102787366
2012-12-10T19:00:00Z,0.0,0.26194477357343304
2012-12-10T20:00:00Z,0.0,0.23634114908881176
2012-12-10T21:00:00Z,0.0,0.20679850545271028
2012-12-10T22:00:00Z,0.0,0.18217963575595908
2012-12-10T23:00:00Z,0.0,0.16543880436216826
2012-12-11T00:00:00Z,0.0,0.160515030422818
2012-12-11T01:00:00Z,0.0,0.16543880436216826
2012-12-11T02:00:00Z,0.0,0.1644540495742982
2012-12-11T03:00:00Z,0.0,0.16543880436216826
2012-12-11T04:00:00Z,0.0,0.17430159745299867
2012-12-11T05:00:00Z,0.0,0.18217963575595908
2012-12-11T06:00:00Z,0.0,0.18414914533169918
2012-12-11T07:00:00Z,0.0,0.1900576740589195
2012-12-11T08:00:00Z,0.007058589269872441,0.19990522193761998
2012-12-11T09:00:00Z,0.022184137705313384,0.19892046714974992
2012-12-11T10:00:00Z,0.037309686140754326,0.1969509575740098
2012-12-11T11:00:00Z,0.037309686140754326,0.2225545820586311
2012-12-11T12:00:00Z,0.029242726975185825,0.2511124709068625
2012-12-11T13:00:00Z,0.012100438748352755,0.2934569267852746
2012-12-11T14:00:00Z,0.0,0.3052739842397152
2012-12-11T15:00:00Z,0.0,0.3161062869062857
2012-12-11T16:00:00Z,0.0,0.3121672677548056
2012-12-11T17:00:00Z,0.0,0.32201481563350604
2012-12-11T18:00:00Z,0.0,0.32201481563350604
2012-12-11T19:00:00Z,0.0,0.3101977581790654
2012-12-11T20:00:00Z,0.0,0.29739594593675484
2012-12-11T21:00:00Z,0.0,0.32989285393646645
2012-12-11T22:00:00Z,0.0,0.36337451672404814
2012-12-11T23:00:00Z,0.0,0.3761763289663587
2012-12-12T00:00:00Z,0.0,0.3722373098148785
2012-12-12T01:00:00Z,0.0,0.3850391220571892
2012-12-12T02:00:00Z,0.0,0.3653440262997882
2012-12-12T03:00:00Z,0.0,0.37519157417848864
2012-12-12T04:00:00Z,0.0,0.39882568908736993
2012-12-12T05:00:00Z,0.0,0.41359701090542056
2012-12-12T06:00:00Z,0.0,0.422459803996251
2012-12-12T07:00:00Z,0.0,0.42147504920838097
2012-12-12T08:00:00Z,0.05142686468049921,0.4273835779356013
2012-12-12T09:00:00Z,0.14419689508453698,0.4687432790261434
2012-12-12T10:00:00Z,0.28940216006477004,0.38996289599653944
2012-12-12T11:00:00Z,0.35393783338931806,0.3584507427846978
2012-12-12T12:00:00Z,0.3408290247452693,0.3436794209666471
2012-12-12T13:00:00Z,0.19663212966073226,0.35057270448173744
2012-12-12T14:00:00Z,0.026217617288097635,0.41458176569329064
2012-12-12T15:00:00Z,0.0,0.4460939189051322
2012-12-12T16:00:00Z,0.0,0.4076884821782003
2012-12-12T17:00:00Z,0.0,0.34860319490599734
2012-12-12T18:00:00Z,0.0,0.3052739842397152
2012-12-12T19:00:00Z,0.0,0.259975263997693
2012-12-12T20:00:00Z,0.0,0.2166460533314108
2012-12-12T21:00:00Z,0.0,0.17725586181660882
2012-12-12T22:00:00Z,0.0,0.14574370860476726
2012-12-12T23:00:00Z,0.0,0.13392665115032668
2012-12-13T00:00:00Z,0.0,0.1388504250896769
2012-12-13T01:00:00Z,0.0,0.14377419902902716
2012-12-13T02:00:00Z,0.0,0.14771321818050737
2012-12-13T03:00:00Z,0.0,0.15756076605920785
2012-12-13T04:00:00Z,0.0,0.17233208787725857
2012-12-13T05:00:00Z,0.0,0.20187473151336002
2012-12-13T06:00:00Z,0.0,0.2648990379370432
2012-12-13T07:00:00Z,0.0,0.3515574592696075
2012-12-13T08:00:00Z,0.009075329061264565,0.340725156603037
2012-12-13T09:00:00Z,0.0544519743675874,0.29739594593675484
2012-12-13T10:00:00Z,0.08268633144707715,0.29739594593675484
2012-12-13T11:00:00Z,0.05142686468049921,0.2993654555124949
2012-12-13T12:00:00Z,0.03025109687088189,0.33383187308794665
2012-12-13T13:00:00Z,0.014117178539744882,0.35648123320895775
2012-12-13T14:00:00Z,0.0,0.35648123320895775
2012-12-13T15:00:00Z,0.0,0.4204902944205109
2012-12-13T16:00:00Z,0.0,0.5032096966015951
2012-12-13T17:00:00Z,0.0,0.5957766466613796
2012-12-13T18:00:00Z,0.0,0.660770462660803
2012-12-13T19:00:00Z,0.0,0.6716027653273735
2012-12-13T20:00:00Z,0.0,0.7080386924785653
2012-12-13T21:00:00Z,0.0,0.7050844281149551
2012-12-13T22:00:00Z,0.0,0.6391058573276618
2012-12-13T23:00:00Z,0.0,0.6135022328430405
2012-12-14T00:00:00Z,0.0,0.6115327232673005
2012-12-14T01:00:00Z,0.0,0.5701730221767584
2012-12-14T02:00:00Z,0.0,0.5258590567226062
2012-12-14T03:00:00Z,0.0,0.4342768614506916
2012-12-14T04:00:00Z,0.0,0.3919324055722795
2012-12-14T05:00:00Z,0.0,0.43033784229921146
2012-12-14T06:00:00Z,0.0,0.41064274654181043
2012-12-14T07:00:00Z,0.0,0.4687432790261434
2012-12-14T08:00:00Z,0.0030251096870881886,0.5524474359950976
2012-12-14T09:00:00Z,0.031259466766577954,0.6085784589036903
2012-12-14T10:00:00Z,0.03630131624505826,0.7119777116300455
2012-12-14T11:00:00Z,0.3408290247452693,0.7651544701750281
2012-12-14T12:00:00Z,0.35192109359792595,0.8409805888410218
2012-12-14T13:00:00Z,0.19159028018225197,0.864614703749903
2012-12-14T14:00:00Z,0.022184137705313384,0.8587061750226828
2012-12-14T15:00:00Z,0.0,0.8488586271439823
2012-12-14T16:00:00Z,0.0,0.8587061750226828
2012-12-14T17:00:00Z,0.0,0.9000658761132249
2012-12-14T18:00:00Z,0.0,0.8951421021738747
2012-12-14T19:00:00Z,0.0,0.8793860255679538
2012-12-14T20:00:00Z,0.0,0.8508281367197225
2012-12-14T21:00:00Z,0.0,0.7897733398717794
2012-12-14T22:00:00Z,0.0,0.7287185430238363
2012-12-14T23:00:00Z,0.0,0.6716027653273735
2012-12-15T00:00:00Z,0.0,0.581990079631199
2012-12-15T01:00:00Z,0.0,0.5032096966015951
2012-12-15T02:00:00Z,0.0,0.482529846056324
2012-12-15T03:00:00Z,0.0,0.4204902944205109
2012-12-15T04:00:00Z,0.0,0.3732220646027486
2012-12-15T05:00:00Z,0.0,0.33777089223942686
2012-12-15T06:00:00Z,0.0,0.3456489305423872
2012-12-15T07:00:00Z,0.0,0.3348166278758167
2012-12-15T08:00:00Z,0.006050219374176377,0.340725156603037
2012-12-15T09:00:00Z,0.033276206557970076,0.32398432520924614
2012-12-15T10:00:00Z,0.06756078301163622,0.33777089223942686
2012-12-15T11:00:00Z,0.08974492071694959,0.3033044746639751
2012-12-15T12:00:00Z,0.06251893353315591,0.2875483980580543
2012-12-15T13:00:00Z,0.02420087749670551,0.31807579648202583
2012-12-15T14:00:00Z,0.001008369895696063,0.34663368533025724
2012-12-15T15:00:00Z,0.0,0.36238976193617806
2012-12-15T16:00:00Z,0.0,0.33777089223942686
2012-12-15T17:00:00Z,0.0,0.29542643636101473
2012-12-15T18:00:00Z,0.0,0.2520972256947326
2012-12-15T19:00:00Z,0.0,0.21566129854354074
2012-12-15T20:00:00Z,0.0,0.18907291927104944
2012-12-15T21:00:00Z,0.0,0.16149978521068806
2012-12-15T22:00:00Z,0.0,0.14968272775624744
2012-12-15T23:00:00Z,0.0,0.13786567030180688
2012-12-16T00:00:00Z,0.0,0.13195714157458657
2012-12-16T01:00:00Z,0.0,0.1546065016955977
2012-12-16T02:00:00Z,0.0,0.19399669321039967
2012-12-16T03:00:00Z,0.0,0.22649360121011128
2012-12-16T04:00:00Z,0.0,0.2520972256947326
2012-12-16T05:00:00Z,0.0,0.26982281187639345
2012-12-16T06:00:00Z,0.0,0.26883805708852343
2012-12-16T07:00:00Z,0.0,0.32398432520924614
2012-12-16T08:00:00Z,0.0050418494784803146,0.3791305933299689
2012-12-16T09:00:00Z,0.029242726975185825,0.3092130033911954
2012-12-16T10:00:00Z,0.05344360447189133,0.29542643636101473
2012-12-16T11:00:00Z,0.07159426259442046,0.2914874172095345
2012-12-16T12:00:00Z,0.05949382384606771,0.3052739842397152
2012-12-16T13:00:00Z,0.029242726975185825,0.3594354975725679
2012-12-16T14:00:00Z,0.002016739791392126,0.4539719572080926
2012-12-16T15:00:00Z,0.0,0.501240187025855
2012-12-16T16:00:00Z,0.0,0.5169962636317758
2012-12-16T17:00:00Z,0.0,0.540630378540657
2012-12-16T18:00:00Z,0.0,0.5613102290859279
2012-12-16T19:00:00Z,0.0,0.5701730221767584
2012-12-16T20:00:00Z,0.0,0.5760815509039787
2012-12-16T21:00:00Z,0.0,0.5898681179341593
2012-12-16T22:00:00Z,0.0,0.622365025933871
2012-12-16T23:00:00Z,0.0,0.6981911445998646
2012-12-17T00:00:00Z,0.0,0.6903131062969043
2012-12-17T01:00:00Z,0.0,0.843934853204632
2012-12-17T02:00:00Z,0.0,0.8577214202348127
2012-12-17T03:00:00Z,0.0,0.7946971138111296
2012-12-17T04:00:00Z,0.0,0.7671239797507682
2012-12-17T05:00:00Z,0.0,0.7109929568421753
2012-12-17T06:00:00Z,0.0,0.6253192902974812
2012-12-17T07:00:00Z,0.0,0.5435846429042671
2012-12-17T08:00:00Z,0.0272259871837937,0.47957558169271386
2012-12-17T09:00:00Z,0.06756078301163622,0.44904818326874235
2012-12-17T10:00:00Z,0.12201275737922361,0.4736670529654936
2012-12-17T11:00:00Z,0.27427661162932915,0.5169962636317758
2012-12-17T12:00:00Z,0.29746911923033853,0.4973011678743747
2012-12-17T13:00:00Z,0.17142288226833072,0.4854841104199342
2012-12-17T14:00:00Z,0.013108808644048817,0.47957558169271386
2012-12-17T15:00:00Z,0.0,0.46677376945040316
2012-12-17T16:00:00Z,0.0,0.4096579917539404
2012-12-17T17:00:00Z,0.0,0.3367861374515568
2012-12-17T18:00:00Z,0.0,0.26194477357343304
2012-12-17T19:00:00Z,0.0,0.1969509575740098
2012-12-17T20:00:00Z,0.0,0.1546065016955977
2012-12-17T21:00:00Z,0.0,0.1565760112713378
2012-12-17T22:00:00Z,0.0,0.15362174690772765
2012-12-17T23:00:00Z,0.0,0.1388504250896769
2012-12-18T00:00:00Z,0.0,0.11718581975653584
2012-12-18T01:00:00Z,0.0,0.11817057454440588
2012-12-18T02:00:00Z,0.0,0.1299876319988465
2012-12-18T03:00:00Z,0.0,0.15756076605920785
2012-12-18T04:00:00Z,0.0,0.20384424108910015
2012-12-18T05:00:00Z,0.0,0.2530819804826026
2012-12-18T06:00:00Z,0.0,0.301334965088235
2012-12-18T07:00:00Z,0.0,0.340725156603037
2012-12-18T08:00:00Z,0.007058589269872441,0.35648123320895775
2012-12-18T09:00:00Z,0.023192507601009448,0.4116275013296805
2012-12-18T10:00:00Z,0.0433599055149307,0.41753603005690076
2012-12-18T11:00:00Z,0.05646871415897953,0.3850391220571892
2012-12-18T12:00:00Z,0.05546034426328346,0.35254221405747754
2012-12-18T13:00:00Z,0.031259466766577954,0.32792334436072634
2012-12-18T14:00:00Z,0.001008369895696063,0.3161062869062857
2012-12-18T15:00:00Z,0.0,0.3456489305423872
2012-12-18T16:00:00Z,0.0,0.37716108375422874
2012-12-18T17:00:00Z,0.0,0.39882568908736993
2012-12-18T18:00:00Z,0.0,0.39882568908736993
2012-12-18T19:00:00Z,0.0,0.3830696124814491
2012-12-18T20:00:00Z,0.0,0.36435927151191816
2012-12-18T21:00:00Z,0.0,0.3495879496938674
2012-12-18T22:00:00Z,0.0,0.32989285393646645
2012-12-18T23:00:00Z,0.0,0.32201481563350604
2012-12-19T00:00:00Z,0.0,0.2895179076337944
2012-12-19T01:00:00Z,0.0,0.2491429613311224
2012-12-19T02:00:00Z,0.0,0.21861556290715087
2012-12-19T03:00:00Z,0.0,0.18316439054382913
2012-12-19T04:00:00Z,0.0,0.17528635224086872
2012-12-19T05:00:00Z,0.0,0.18907291927104944
2012-12-19T06:00:00Z,0.0,0.19990522193761998
2012-12-19T07:00:00Z,0.0,0.20876801502845038
2012-12-19T08:00:00Z,0.023192507601009448,0.22156982727076105
2012-12-19T09:00:00Z,0.07663611207290079,0.24520394217964223
2012-12-19T10:00:00Z,0.19663212966073226,0.26785330230065335
2012-12-19T11:00:00Z,0.368055011929063,0.27179232145213356
2012-12-19T12:00:00Z,0.3267118462055244,0.26785330230065335
2012-12-19T13:00:00Z,0.1663810327898504,0.3052739842397152
2012-12-19T14:00:00Z,0.015125548435440945,0.41950553963264087
2012-12-19T15:00:00Z,0.0,0.43723112581430174
2012-12-19T16:00:00Z,0.0,0.40374946302672005
2012-12-19T17:00:00Z,0.0,0.380115348117839
2012-12-19T18:00:00Z,0.0,0.35549647842108767
2012-12-19T19:00:00Z,0.0,0.32201481563350604
2012-12-19T20:00:00Z,0.0,0.28459413369444414
2012-12-19T21:00:00Z,0.0,0.2589905092098229
2012-12-19T22:00:00Z,0.0,0.259975263997693
2012-12-19T23:00:00Z,0.0,0.27179232145213356
2012-12-20T00:00:00Z,0.0,0.2875483980580543
2012-12-20T01:00:00Z,0.0,0.32595383478498624
2012-12-20T02:00:00Z,0.0,0.3673135358755283
2012-12-20T03:00:00Z,0.0,0.2934569267852746
2012-12-20T04:00:00Z,0.0,0.2747465858157437
2012-12-20T05:00:00Z,0.0,0.30822824860332537
2012-12-20T06:00:00Z,0.0,0.29641119114888476
2012-12-20T07:00:00Z,0.0,0.24421918739177217
2012-12-20T08:00:00Z,0.012100438748352755,0.21172227939206056
2012-12-20T09:00:00Z,0.05546034426328346,0.18907291927104944
2012-12-20T10:00:00Z,0.09377840029973386,0.16346929478642813
2012-12-20T11:00:00Z,0.15327222414580158,0.16642355915003829
2012-12-20T12:00:00Z,0.1734396220597228,0.14377419902902716
2012-12-20T13:00:00Z,0.07461937228150865,0.13195714157458657
2012-12-20T14:00:00Z,0.0050418494784803146,0.13195714157458657
2012-12-20T15:00:00Z,0.0,0.14968272775624744
2012-12-20T16:00:00Z,0.0,0.1871034096953093
2012-12-20T17:00:00Z,0.0,0.20876801502845038
2012-12-20T18:00:00Z,0.0,0.21172227939206056
2012-12-20T19:00:00Z,0.0,0.1900576740589195
2012-12-20T20:00:00Z,0.0,0.15165223733198754
2012-12-20T21:00:00Z,0.0,0.13294189636245662
2012-12-20T22:00:00Z,0.0,0.11718581975653584
2012-12-20T23:00:00Z,0.0,0.11226204581718559
2012-12-21T00:00:00Z,0.0,0.1102925362414455
2012-12-21T01:00:00Z,0.0,0.12112483890801604
2012-12-21T02:00:00Z,0.0,0.13195714157458657
2012-12-21T03:00:00Z,0.0,0.13195714157458657
2012-12-21T04:00:00Z,0.0,0.13589616072606678
2012-12-21T05:00:00Z,0.0,0.1506674825441175
2012-12-21T06:00:00Z,0.0,0.1703625783015185
2012-12-21T07:00:00Z,0.0,0.18611865490743926
2012-12-21T08:00:00Z,0.010083698956960629,0.21861556290715087
2012-12-21T09:00:00Z,0.029242726975185825,0.27376183102787366
2012-12-21T10:00:00Z,0.03630131624505826,0.2914874172095345
2012-12-21T11:00:00Z,0.040334795827842516,0.2747465858157437
2012-12-21T12:00:00Z,0.02420087749670551,0.2471734517553823
2012-12-21T13:00:00Z,0.006050219374176377,0.23831065866455187
2012-12-21T14:00:00Z,0.0,0.24618869696751225
2012-12-21T15:00:00Z,0.0,0.2520972256947326
2012-12-21T16:00:00Z,0.0,0.2648990379370432
2012-12-21T17:00:00Z,0.0,0.27671609539148384
2012-12-21T18:00:00Z,0.0,0.27080756666426353
2012-12-21T19:00:00Z,0.0,0.2796703597550939
2012-12-21T20:00:00Z,0.0,0.29050266242166445
2012-12-21T21:00:00Z,0.0,0.2895179076337944
2012-12-21T22:00:00Z,0.0,0.2727770762400036
2012-12-21T23:00:00Z,0.0,0.2471734517553823
2012-12-22T00:00:00Z,0.0,0.21861556290715087
2012-12-22T01:00:00Z,0.0,0.19596620278613974
2012-12-22T02:00:00Z,0.0,0.17233208787725857
2012-12-22T03:00:00Z,0.0,0.1506674825441175
2012-12-22T04:00:00Z,0.0,0.13195714157458657
2012-12-22T05:00:00Z,0.0,0.11324680060505564
2012-12-22T06:00:00Z,0.0,0.09650596921126481
2012-12-22T07:00:00Z,0.0,0.1102925362414455
2012-12-22T08:00:00Z,0.004033479582784252,0.14968272775624744
2012-12-22T09:00:00Z,0.01815065812252913,0.21861556290715087
2012-12-22T10:00:00Z,0.021175767809617323,0.32398432520924614
2012-12-22T11:00:00Z,0.0272259871837937,0.41950553963264087
2012-12-22T12:00:00Z,0.028234357079489764,0.45101769284448245
2012-12-22T13:00:00Z,0.014117178539744882,0.4431396545415221
2012-12-22T14:00:00Z,0.0,0.41458176569329064
2012-12-22T15:00:00Z,0.0,0.39882568908736993
2012-12-22T16:00:00Z,0.0,0.3968561795116298
2012-12-22T17:00:00Z,0.0,0.38996289599653944
2012-12-22T18:00:00Z,0.0,0.41261225611755054
2012-12-22T19:00:00Z,0.0,0.41556652048116066
2012-12-22T20:00:00Z,0.0,0.3968561795116298
2012-12-22T21:00:00Z,0.0,0.40867323696607033
2012-12-22T22:00:00Z,0.0,0.39882568908736993
2012-12-22T23:00:00Z,0.0,0.38799338642079934
2012-12-23T00:00:00Z,0.0,0.39291716036014956
2012-12-23T01:00:00Z,0.0,0.3968561795116298
2012-12-23T02:00:00Z,0.0,0.381100102905709
2012-12-23T03:00:00Z,0.0,0.33284711830007657
2012-12-23T04:00:00Z,0.0,0.3101977581790654
2012-12-23T05:00:00Z,0.0,0.2875483980580543
2012-12-23T06:00:00Z,0.0,0.24520394217964223
2012-12-23T07:00:00Z,0.0,0.24224967781603207
2012-12-23T08:00:00Z,0.006050219374176377,0.2511124709068625
2012-12-23T09:00:00Z,0.028234357079489764,0.2491429613311224
2012-12-23T10:00:00Z,0.05747708405467558,0.2589905092098229
2012-12-23T11:00:00Z,0.15528896393719369,0.24618869696751225
2012-12-23T12:00:00Z,0.11293742831795905,0.19202718363465957
2012-12-23T13:00:00Z,0.033276206557970076,0.17233208787725857
2012-12-23T14:00:00Z,0.0,0.16346929478642813
2012-12-23T15:00:00Z,0.0,0.1467284633926373
2012-12-23T16:00:00Z,0.0,0.14771321818050737
2012-12-23T17:00:00Z,0.0,0.1388504250896769
2012-12-23T18:00:00Z,0.0,0.12900287721097642
2012-12-23T19:00:00Z,0.0,0.11817057454440588
2012-12-23T20:00:00Z,0.0,0.10438400751422519
2012-12-23T21:00:00Z,0.0,0.08370415696895417
2012-12-23T22:00:00Z,0.0,0.05810053248433289
2012-12-23T23:00:00Z,0.0,0.035451172363321765
2012-12-24T00:00:00Z,0.0,0.02264936012101113
2012-12-24T01:00:00Z,0.0,0.01969509575740098
2012-12-24T02:00:00Z,0.0,0.027573134060361375
2012-12-24T03:00:00Z,0.0,0.0423444558784121
2012-12-24T04:00:00Z,0.0,0.056131022908592794
2012-12-24T05:00:00Z,0.0,0.06499381599942325
2012-12-24T06:00:00Z,0.0,0.07287185430238363
2012-12-24T07:00:00Z,0.0,0.08074989260534403
2012-12-24T08:00:00Z,0.0030251096870881886,0.0925669500597846
2012-12-24T09:00:00Z,0.014117178539744882,0.10339925272635514
2012-12-24T10:00:00Z,0.029242726975185825,0.1102925362414455
2012-12-24T11:00:00Z,0.0433599055149307,0.11620106496866578
2012-12-24T12:00:00Z,0.038318056036450394,0.13392665115032668
2012-12-24T13:00:00Z,0.01815065812252913,0.160515030422818
2012-12-24T14:00:00Z,0.0,0.2146765437556707
2012-12-24T15:00:00Z,0.0,0.2589905092098229
2012-12-24T16:00:00Z,0.0,0.27179232145213356
2012-12-24T17:00:00Z,0.0,0.27080756666426353
2012-12-24T18:00:00Z,0.0,0.2747465858157437
2012-12-24T19:00:00Z,0.0,0.29247217199740455
2012-12-24T20:00:00Z,0.0,0.3072434938154553
2012-12-24T21:00:00Z,0.0,0.3289080991485964
2012-12-24T22:00:00Z,0.0,0.381100102905709
2012-12-24T23:00:00Z,0.0,0.4096579917539404
2012-12-25T00:00:00Z,0.0,0.3939019151480196
2012-12-25T01:00:00Z,0.0,0.40374946302672005
2012-12-25T02:00:00Z,0.0,0.39981044387523995
2012-12-25T03:00:00Z,0.0,0.38897814120866936
2012-12-25T04:00:00Z,0.0,0.35549647842108767
2012-12-25T05:00:00Z,0.0,0.3968561795116298
2012-12-25T06:00:00Z,0.0,0.3702678002391384
2012-12-25T07:00:00Z,0.0,0.32201481563350604
2012-12-25T08:00:00Z,0.015125548435440945,0.27179232145213356
2012-12-25T09:00:00Z,0.040334795827842516,0.27080756666426353
2012-12-25T10:00:00Z,0.07461937228150865,0.241264923028162
2012-12-25T11:00:00Z,0.09680350998682204,0.2343716395130717
2012-12-25T12:00:00Z,0.15629733383288977,0.23634114908881176
2012-12-25T13:00:00Z,0.07764448196859684,0.24421918739177217
2012-12-25T14:00:00Z,0.004033479582784252,0.2530819804826026
2012-12-25T15:00:00Z,0.0,0.2353563943009417
2012-12-25T16:00:00Z,0.0,0.18611865490743926
2012-12-25T17:00:00Z,0.0,0.15165223733198754
2012-12-25T18:00:00Z,0.0,0.13786567030180688
2012-12-25T19:00:00Z,0.0,0.1260486128473663
2012-12-25T20:00:00Z,0.0,0.11620106496866578
2012-12-25T21:00:00Z,0.0,0.11620106496866578
2012-12-25T22:00:00Z,0.0,0.1250638580594962
2012-12-25T23:00:00Z,0.0,0.13786567030180688
2012-12-26T00:00:00Z,0.0,0.15756076605920785
2012-12-26T01:00:00Z,0.0,0.18414914533169918
2012-12-26T02:00:00Z,0.0,0.20581375066484026
2012-12-26T03:00:00Z,0.0,0.21861556290715087
2012-12-26T04:00:00Z,0.0,0.2353563943009417
2012-12-26T05:00:00Z,0.0,0.26588379272491325
2012-12-26T06:00:00Z,0.0,0.3052739842397152
2012-12-26T07:00:00Z,0.0,0.3387556470272968
2012-12-26T08:00:00Z,0.05243523457619527,0.340725156603037
2012-12-26T09:00:00Z,0.12100438748352756,0.27671609539148384
2012-12-26T10:00:00Z,0.1492387445630173,0.21861556290715087
2012-12-26T11:00:00Z,0.15730570372858582,0.21270703417993062
2012-12-26T12:00:00Z,0.10991231863087086,0.24028016824029194
2012-12-26T13:00:00Z,0.08470307123846929,0.2648990379370432
2012-12-26T14:00:00Z,0.007058589269872441,0.3141367773305457
2012-12-26T15:00:00Z,0.0,0.340725156603037
2012-12-26T16:00:00Z,0.0,0.32989285393646645
2012-12-26T17:00:00Z,0.0,0.3052739842397152
2012-12-26T18:00:00Z,0.0,0.2727770762400036
2012-12-26T19:00:00Z,0.0,0.2520972256947326
2012-12-26T20:00:00Z,0.0,0.26391428314917315
2012-12-26T21:00:00Z,0.0,0.2895179076337944
2012-12-26T22:00:00Z,0.0,0.3052739842397152
2012-12-26T23:00:00Z,0.0,0.2777008501793538
2012-12-27T00:00:00Z,0.0,0.23240212993733156
2012-12-27T01:00:00Z,0.0,0.20581375066484026
2012-12-27T02:00:00Z,0.0,0.1871034096953093
2012-12-27T03:00:00Z,0.0,0.16346929478642813
2012-12-27T04:00:00Z,0.0,0.14180468945328706
2012-12-27T05:00:00Z,0.0,0.1250638580594962
2012-12-27T06:00:00Z,0.0,0.11324680060505564
2012-12-27T07:00:00Z,0.001008369895696063,0.09749072399913486
2012-12-27T08:00:00Z,0.08369470134277322,0.07385660909025368
2012-12-27T09:00:00Z,0.18554006080807559,0.048252984605632404
2012-12-27T10:00:00Z,0.23797529538427084,0.03446641757545172
2012-12-27T11:00:00Z,0.19764049955642832,0.02954264363610147
2012-12-27T12:00:00Z,0.14419689508453698,0.025603624484621276
2012-12-27T13:00:00Z,0.07764448196859684,0.02264936012101113
2012-12-27T14:00:00Z,0.010083698956960629,0.026588379272491327
2012-12-27T15:00:00Z,0.0,0.03446641757545172
2012-12-27T16:00:00Z,0.0,0.03840543672693191
2012-12-27T17:00:00Z,0.0,0.03742068193906186
2012-12-27T18:00:00Z,0.0,0.03840543672693191
2012-12-27T19:00:00Z,0.0,0.04726822981776236
2012-12-27T20:00:00Z,0.0,0.07385660909025368
2012-12-27T21:00:00Z,0.0,0.11226204581718559
2012-12-27T22:00:00Z,0.0,0.14869797296837742
2012-12-27T23:00:00Z,0.0,0.18021012618021895
2012-12-28T00:00:00Z,0.0,0.2166460533314108
2012-12-28T01:00:00Z,0.0,0.26982281187639345
2012-12-28T02:00:00Z,0.0,0.3052739842397152
2012-12-28T03:00:00Z,0.0,0.29641119114888476
2012-12-28T04:00:00Z,0.0,0.29050266242166445
2012-12-28T05:00:00Z,0.0,0.29739594593675484
2012-12-28T06:00:00Z,0.0,0.29247217199740455
2012-12-28T07:00:00Z,0.002016739791392126,0.2796703597550939
2012-12-28T08:00:00Z,0.10386209925669447,0.2520972256947326
2012-12-28T09:00:00Z,0.1845316909123795,0.23240212993733156
2012-12-28T10:00:00Z,0.17142288226833072,0.2520972256947326
2012-12-28T11:00:00Z,0.07461937228150865,0.28459413369444414
2012-12-28T12:00:00Z,0.038318056036450394,0.2875483980580543
2012-12-28T13:00:00Z,0.014117178539744882,0.3033044746639751
2012-12-28T14:00:00Z,0.0,0.33974040181516685
2012-12-28T15:00:00Z,0.0,0.3653440262997882
2012-12-28T16:00:00Z,0.0,0.3742068193906186
2012-12-28T17:00:00Z,0.0,0.4007951986631099
2012-12-28T18:00:00Z,0.0,0.45200244763235253
2012-12-28T19:00:00Z,0.0,0.4805603364805839
2012-12-28T20:00:00Z,0.0,0.5150267540560356
2012-12-28T21:00:00Z,0.0,0.5435846429042671
2012-12-28T22:00:00Z,0.0,0.583959589206939
2012-12-28T23:00:00Z,0.0,0.6184260067823908
2012-12-29T00:00:00Z,0.0,0.6430448764791421
2012-12-29T01:00:00Z,0.0,0.6686485009637634
2012-12-29T02:00:00Z,0.0,0.6125174780551705
2012-12-29T03:00:00Z,0.0,0.5967614014492497
2012-12-29T04:00:00Z,0.0,0.5987309110249898
2012-12-29T05:00:00Z,0.0,0.6046394397522101
2012-12-29T06:00:00Z,0.0,0.6135022328430405
2012-12-29T07:00:00Z,0.001008369895696063,0.6253192902974812
2012-12-29T08:00:00Z,0.042351535619234645,0.6125174780551705
2012-12-29T09:00:00Z,0.09277003040403779,0.5918376275098994
2012-12-29T10:00:00Z,0.176464731746811,0.5790358152675888
2012-12-29T11:00:00Z,0.36502990224197474,0.5741120413282386
2012-12-29T12:00:00Z,0.3741052313032393,0.5938071370856396
2012-12-29T13:00:00Z,0.21579115767895746,0.6361515929640517
2012-12-29T14:00:00Z,0.033276206557970076,0.681450313206074
2012-12-29T15:00:00Z,0.0,0.6952368802362545
2012-12-29T16:00:00Z,0.0,0.6863740871454241
2012-12-29T17:00:00Z,0.0,0.6794808036303337
2012-12-29T18:00:00Z,0.0,0.6676637461758933
2012-12-29T19:00:00Z,0.0,0.6588009530850629
2012-12-29T20:00:00Z,0.0,0.6499381599942324
2012-12-29T21:00:00Z,0.0,0.6410753669034019
2012-12-29T22:00:00Z,0.0,0.6154717424187807
2012-12-29T23:00:00Z,0.0,0.5859290987826792
2012-12-30T00:00:00Z,0.0,0.5750967961161086
2012-12-30T01:00:00Z,0.0,0.5947918918735097
2012-12-30T02:00:00Z,0.0,0.6725875201152435
2012-12-30T03:00:00Z,0.0,0.7365965813267967
2012-12-30T04:00:00Z,0.0,0.8173464739321407
2012-12-30T05:00:00Z,0.0,0.8271940218108411
2012-12-30T06:00:00Z,0.0,0.8537824010833325
2012-12-30T07:00:00Z,0.0,0.8567366654469427
2012-12-30T08:00:00Z,0.035292946349362204,0.8291635313865813
2012-12-30T09:00:00Z,0.2339418158014866,0.7730325084779885
2012-12-30T10:00:00Z,0.39528099911285663,0.7375813361146667
2012-12-30T11:00:00Z,0.42250698629665034,0.6972063898119947
2012-12-30T12:00:00Z,0.352929463493622,0.6450143860548821
2012-12-30T13:00:00Z,0.20268234903490867,0.5938071370856396
2012-12-30T14:00:00Z,0.031259466766577954,0.5297980758740864
2012-12-30T15:00:00Z,0.0,0.5268438115104762
2012-12-30T16:00:00Z,0.0,0.5169962636317758
2012-12-30T17:00:00Z,0.0,0.47957558169271386
2012-12-30T18:00:00Z,0.0,0.43033784229921146
2012-12-30T19:00:00Z,0.0,0.39882568908736993
2012-12-30T20:00:00Z,0.0,0.35746598799682777
2012-12-30T21:00:00Z,0.0,0.34860319490599734
2012-12-30T22:00:00Z,0.0,0.3101977581790654
2012-12-30T23:00:00Z,0.0,0.29050266242166445
